序號,縣市別代碼,機關代碼,市話,傳真,年,月,日,時,分,縣市,區,死亡數量,受傷數量,2-30,天候,道路照明設備,道路類別,道路速限,道路型態,事故位置,路面鋪裝,路面狀態,路面缺陷,障礙物,視距,號誌種類,號誌動作,分向設施,快車道或一般車道間,快慢車道間,路面邊線,事故類型及型態,受傷程度,主要傷處,保護裝備,行動電話或功能裝置,當事者區分（類別）,車輛用途,當事者行動狀態,駕照狀態,駕照種類,飲酒情形,車輛撞擊部位最初,車輛撞擊部位其他,肇事因素個別,肇事因素主要,肇事逃逸,職業,共享經濟或外送平台,GPS座標X,GPS座標Y,事故類別
228,66000,387130000C,(04)23274275,(04)23288582,2025,04,1,15,20,臺中市,北屯區,0,0,0,7,,,50,,,,,,,,,,,,,,13,,,,,B03,,,1,,1,,,84,84,1,12,4,120.719899,24.163054,3
229,66000,387130000C,(04)23274275,(04)23288582,2025,04,1,15,21,臺中市,南區,0,0,0,7,,,50,,,,,,,,,,,,,,,,,,,B12,,,1,,1,,,50,50,1,6,4,120.645454,24.110147,3
230,66000,387130000C,(04)23274275,(04)23288582,2025,04,1,15,22,臺中市,西屯區,0,2,0,7,2,6,50,4,9,1,5,4,6,6,1,1,5,4,4,2,13,2,9,5,4,C03,7,9,1,10,2,11,,7,7,1,12,4,120.655344,24.178096,2
231,66000,387130000C,(04)23274275,(04)23288582,2025,04,1,15,23,臺中市,西區,0,1,0,7,2,6,50,4,1,1,5,4,6,6,1,1,10,5,5,2,16,3,10,3,1,B03,7,5,1,8,2,5,,47,47,1,13,4,120.672721,24.1359,2
232,66000,387130000C,(04)23274275,(04)23288582,2025,04,1,15,30,臺中市,西屯區,0,1,0,7,2,6,50,3,1,1,5,4,6,6,4,4,10,5,5,2,16,3,10,3,1,B03,7,6,1,8,2,1,,12,12,1,13,4,120.613581,24.192296,2
233,66000,387130000C,(04)23274275,(04)23288582,2025,04,1,15,30,臺中市,西屯區,0,0,0,7,,,50,,,,,,,,,,,,,,,,,,,B03,,,1,,9,,,20,20,1,12,4,120.626466,24.183128,3
234,66000,387130000C,(04)23274275,(04)23288582,2025,04,1,15,30,臺中市,龍井區,0,0,0,7,,,50,,,,,,,,,,,,,,,,,,,B12,,,1,,1,,,7,7,1,12,4,120.584119,24.182609,3
235,66000,387130000C,(04)23274275,(04)23288582,2025,04,1,15,31,臺中市,北區,0,2,0,7,2,6,40,13,8,1,5,4,6,6,4,4,3,4,4,2,13,2,9,1,1,C03,7,9,1,10,2,11,12,7,7,1,13,4,120.680634,24.152289,2
236,66000,387130000C,(04)23274275,(04)23288582,2025,04,1,15,31,臺中市,大里區,0,1,0,7,2,6,50,4,1,1,5,4,6,6,3,1,5,5,4,1,10,2,9,1,1,C03,7,9,3,19,2,12,,24,24,1,13,4,120.696895,24.082925,2
237,66000,387130000C,(04)23274275,(04)23288582,2025,04,1,15,35,臺中市,龍井區,0,0,0,7,,,50,,,,,,,,,,,,,,,,,,,B03,,,1,,2,,,85,85,1,12,4,120.593207,24.190833,3
238,66000,387130000C,(04)23274275,(04)23288582,2025,04,1,15,40,臺中市,西區,0,0,0,7,,,50,,,,,,,,,,,,,,13,,,,,B03,,,1,,1,,,7,7,1,12,4,120.671247,24.145505,3
239,66000,387130000C,(04)23274275,(04)23288582,2025,04,1,15,40,臺中市,北屯區,0,0,0,7,,,40,,,,,,,,,,,,,,17,,,,,C03,,,1,,9,,,84,84,1,12,4,120.700515,24.167018,3
240,66000,387130000C,(04)23274275,(04)23288582,2025,04,1,15,40,臺中市,太平區,0,1,0,6,2,6,50,3,2,1,5,4,6,6,2,1,5,5,5,1,16,3,10,3,1,B12,7,5,1,8,2,6,,85,85,1,6,4,120.724868,24.116196,2
241,66000,387130000C,(04)23274275,(04)23288582,2025,04,1,15,40,臺中市,烏日區,0,0,0,7,,,50,,,,,,,,,,,,,,,,,,,A12,,,1,,1,,,84,84,1,12,4,120.589885,24.113585,3
242,66000,387130000C,(04)23274275,(04)23288582,2025,04,1,15,41,臺中市,西區,0,0,0,7,,,50,,,,,,,,,,,,,,,,,,,B03,,,1,,2,,,84,84,1,6,4,120.656002,24.156031,3
243,66000,387130000C,(04)23274275,(04)23288582,2025,04,1,15,47,臺中市,大里區,0,0,0,7,,,50,,,,,,,,,,,,,,,,,,,C03,,,1,,1,,,7,7,1,6,4,120.701491,24.088703,3
244,66000,387130000C,(04)23274275,(04)23288582,2025,04,1,15,52,臺中市,西屯區,0,2,0,7,2,6,40,5,1,1,5,4,6,6,4,4,10,5,5,2,8,2,7,2,4,C03,7,9,1,10,2,11,,59,59,1,13,4,120.669307,24.177173,2
245,66000,387130000C,(04)23274275,(04)23288582,2025,04,1,15,52,臺中市,烏日區,0,1,0,7,2,6,50,3,1,1,5,4,6,6,4,4,1,4,5,1,14,3,10,3,1,B03,7,2,1,8,2,2,,49,49,1,6,4,120.631758,24.1052,2
246,66000,387130000C,(04)23274275,(04)23288582,2025,04,1,15,53,臺中市,西屯區,0,0,0,7,,,40,,,,,,,,,,,,,,12,,,,,B03,,,1,,1,,,8,8,1,12,4,120.662873,24.169939,4
247,66000,387130000C,(04)23274275,(04)23288582,2025,04,1,15,55,臺中市,沙鹿區,0,0,0,7,,,40,,,,,,,,,,,,,,17,,,,,C03,,,1,,1,,,8,8,1,13,4,120.57989,24.219703,3
248,66000,387130000C,(04)23274275,(04)23288582,2025,04,1,15,56,臺中市,西屯區,0,0,0,7,,,50,,,,,,,,,,,,,,12,,,,,C03,,,1,,1,,,8,8,1,13,4,120.644925,24.180437,4
249,66000,387130000C,(04)23274275,(04)23288582,2025,04,1,16,0,臺中市,太平區,0,0,0,7,2,6,30,,,,,,,,,,,,,,,,,,,B12,,,1,,2,6,,84,84,1,12,4,120.707955,24.112034,3
250,66000,387130000C,(04)23274275,(04)23288582,2025,04,1,16,0,臺中市,清水區,0,0,0,7,2,6,50,13,9,1,5,4,6,6,4,4,8,4,4,2,12,,,,,B03,,,1,,9,,,50,50,1,12,4,120.572829,24.268374,3
251,66000,387130000C,(04)23274275,(04)23288582,2025,04,1,16,2,臺中市,西屯區,0,1,0,7,3,6,50,4,1,1,5,4,6,6,1,1,1,5,5,2,12,3,10,5,4,B03,7,1,1,8,2,6,,51,51,1,12,4,120.618907,24.184707,2
252,66000,387130000C,(04)23274275,(04)23288582,2025,04,1,16,3,臺中市,南區,0,1,0,7,2,6,50,3,2,1,5,4,6,6,4,4,10,5,5,2,13,3,10,3,1,B03,7,7,1,8,2,5,,35,35,1,12,4,120.666825,24.119999,2
253,66000,387130000C,(04)23274275,(04)23288582,2025,04,1,16,6,臺中市,大肚區,0,0,0,7,,,30,,,,,,,,,,,,,,,,,,,B03,,,1,,2,,,12,12,1,6,4,120.545474,24.15594,3
254,66000,387130000C,(04)23274275,(04)23288582,2025,04,1,16,6,臺中市,神岡區,0,0,0,7,,,30,,,,,,,,,,,,,,12,,,,,B12,,,1,,1,,,8,8,1,12,4,120.680915,24.244468,3
255,66000,387130000C,(04)23274275,(04)23288582,2025,04,1,16,8,臺中市,大雅區,0,1,0,7,3,6,40,3,8,1,5,4,6,6,1,1,9,4,4,1,18,2,9,2,1,C03,7,9,1,10,2,16,,82,82,1,13,4,120.641383,24.230225,2
256,66000,387130000C,(04)23274275,(04)23288582,2025,04,1,16,10,臺中市,北屯區,0,0,0,7,,,50,,,,,,,,,,,,,,17,,,,,A05,,,1,,11,,,84,84,1,12,4,120.716587,24.175017,3
257,66000,387130000C,(04)23274275,(04)23288582,2025,04,1,16,10,臺中市,烏日區,0,0,0,7,,,30,,,,,,,,,,,,,,,,,,,B02,,,1,,2,,,51,51,1,13,4,120.626721,24.102033,3
258,66000,387130000C,(04)23274275,(04)23288582,2025,04,1,16,15,臺中市,大肚區,0,0,0,7,,,30,,,,,,,,,,,,,,,,,,,B03,,,1,,2,,,8,8,1,12,4,120.580198,24.171735,3
259,66000,387130000C,(04)23274275,(04)23288582,2025,04,1,16,17,臺中市,中區,0,0,0,7,2,6,50,13,9,1,5,4,6,6,4,4,5,4,5,2,27,,,,,B11,,,1,,2,,,84,84,1,13,4,120.684551,24.138106,3
260,66000,387130000C,(04)23274275,(04)23288582,2025,04,1,16,18,臺中市,梧棲區,0,1,0,7,3,6,30,3,1,1,5,4,6,6,4,4,10,5,5,2,16,3,10,3,1,B03,7,6,1,8,2,2,,14,14,1,6,4,120.52596,24.247211,2
261,66000,387130000C,(04)23274275,(04)23288582,2025,04,1,16,21,臺中市,烏日區,0,0,0,7,,,50,,,,,,,,,,,,,,,,,,,B03,,,1,,1,,,7,7,1,6,4,120.634861,24.097824,3
262,66000,387130000C,(04)23274275,(04)23288582,2025,04,1,16,25,臺中市,南屯區,0,1,0,7,3,6,50,13,9,1,5,4,6,6,4,4,5,4,5,2,17,3,10,3,1,B03,7,11,1,8,2,8,,45,45,1,12,4,120.65014,24.148513,2
263,66000,387130000C,(04)23274275,(04)23288582,2025,04,1,16,26,臺中市,北區,0,0,0,7,,,50,,,,,,,,,,,,,,,,,,,B02,,,1,,2,,,7,7,1,12,4,120.68598,24.146263,3
264,66000,387130000C,(04)23274275,(04)23288582,2025,04,1,16,28,臺中市,豐原區,0,1,0,7,2,6,50,5,1,1,5,4,6,6,2,1,5,4,4,2,17,2,9,1,1,F03,7,6,7,21,2,14,,84,84,1,12,4,120.715434,24.248289,2
265,66000,387130000C,(04)23274275,(04)23288582,2025,04,1,16,29,臺中市,東區,0,1,0,7,3,6,50,5,1,1,5,4,6,6,1,1,10,5,5,2,16,3,10,5,4,B03,7,5,1,8,2,2,,11,11,1,12,4,120.696689,24.140277,2
266,66000,387130000C,(04)23274275,(04)23288582,2025,04,1,16,30,臺中市,北區,0,0,0,7,,,30,,,,,,,,,,,,,,17,,,,,B03,,,1,,2,,,50,50,1,13,4,120.687584,24.15781,3
267,66000,387130000C,(04)23274275,(04)23288582,2025,04,1,16,30,臺中市,西屯區,0,1,0,7,2,6,60,13,8,1,5,4,6,6,4,4,5,5,4,2,12,2,9,1,1,C03,7,9,1,10,2,11,,84,84,1,12,4,120.644138,24.182261,2
268,66000,387130000C,(04)23274275,(04)23288582,2025,04,1,16,37,臺中市,潭子區,0,0,0,7,,,60,,,,,,,,,,,,,,,,,,,B01,,,1,,2,,,42,42,1,13,4,120.708438,24.23046,3
269,66000,387130000C,(04)23274275,(04)23288582,2025,04,1,16,37,臺中市,東區,0,0,0,7,,,50,,,,,,,,,,,,,,13,,,,,B03,,,1,,1,,,84,84,1,13,4,120.699246,24.132815,3
270,66000,387130000C,(04)23274275,(04)23288582,2025,04,1,16,40,臺中市,西屯區,0,0,0,7,,,50,,,,,,,,,,,,,,12,,,,,B03,,,1,,2,,,8,,1,12,4,120.655527,24.199189,3
271,66000,387130000C,(04)23274275,(04)23288582,2025,04,1,16,50,臺中市,大肚區,0,0,0,7,,,30,,,,,,,,,,,,,,,,,,,B03,,,1,,2,,,14,14,1,6,4,120.565718,24.124498,3
272,66000,387130000C,(04)23274275,(04)23288582,2025,04,1,16,52,臺中市,北區,0,0,0,7,,,50,,,,,,,,,,,,,,,,,,,C03,,,1,,1,,,51,51,1,12,4,120.684027,24.148138,3
273,66000,387130000C,(04)23274275,(04)23288582,2025,04,1,16,56,臺中市,西屯區,0,1,0,7,2,6,0,13,9,1,5,4,6,6,4,4,5,4,5,2,17,3,10,5,4,B03,7,15,1,8,2,4,,76,76,1,13,4,120.632896,24.164078,2
274,66000,387130000C,(04)23274275,(04)23288582,2025,04,1,16,57,臺中市,龍井區,0,0,0,7,,,50,,,,,,,,,,,,,,,,,,,B02,,,1,,1,,,7,7,1,12,4,120.582005,24.177112,3
275,66000,387130000C,(04)23274275,(04)23288582,2025,04,1,16,59,臺中市,太平區,0,1,0,6,2,6,50,13,9,1,5,4,6,6,4,4,5,5,5,1,2,2,7,6,5,H01,8,16,7,21,10,17,,109,109,1,12,5,120.725448,24.145416,2
276,66000,387130000C,(04)23274275,(04)23288582,2025,04,1,16,59,臺中市,梧棲區,0,1,0,7,2,6,50,4,1,1,5,4,6,6,1,1,10,5,5,2,16,2,9,1,1,C03,7,9,1,10,2,11,,85,85,1,5,4,120.528932,24.254512,2
277,66000,387130000C,(04)23274275,(04)23288582,2025,04,1,16,59,臺中市,大甲區,0,0,0,7,,,50,,,,,,,,,,,,,,16,,,,,B12,,,1,,1,,,8,8,1,6,4,120.626924,24.349171,3
278,66000,387130000C,(04)23274275,(04)23288582,2025,04,1,17,0,臺中市,北區,0,0,0,7,,,30,,,,,,,,,,,,,,3,,,,,B03,,,2,,9,,,8,8,1,13,4,120.688354,24.157247,3
279,66000,387130000C,(04)23274275,(04)23288582,2025,04,1,17,0,臺中市,大里區,0,2,0,7,2,6,30,4,1,1,5,4,6,6,4,4,10,5,5,2,15,3,10,1,1,C03,7,9,1,10,2,12,,15,15,1,6,4,120.702666,24.090138,2
280,66000,387130000C,(04)23274275,(04)23288582,2025,04,1,17,0,臺中市,沙鹿區,0,0,0,7,,,50,,,,,,,,,,,,,,17,,,,,C03,,,1,,2,,,50,50,1,6,4,120.575631,24.225853,3
281,66000,387130000C,(04)23274275,(04)23288582,2025,04,1,17,2,臺中市,南區,0,2,0,7,3,6,50,13,9,1,5,4,6,6,2,1,3,5,5,2,17,2,9,5,4,C03,7,9,3,19,2,11,,7,7,1,4,4,120.679286,24.119037,2
282,66000,387130000C,(04)23274275,(04)23288582,2025,04,1,17,3,臺中市,東區,0,1,0,7,2,6,50,13,9,1,5,4,6,6,1,1,5,2,5,2,13,2,8,2,1,C03,7,9,1,10,2,11,,7,7,1,13,4,120.684655,24.133655,2
283,66000,387130000C,(04)23274275,(04)23288582,2025,04,1,17,4,臺中市,大里區,0,0,0,7,,,30,,,,,,,,,,,,,,17,,,,,B03,,,1,,2,,,50,50,1,12,4,120.709556,24.083291,3
284,66000,387130000C,(04)23274275,(04)23288582,2025,04,1,17,5,臺中市,南屯區,0,1,0,7,2,6,50,4,2,1,5,4,6,6,2,1,5,4,5,2,12,2,8,2,1,C03,7,15,1,9,2,14,,84,84,1,13,4,120.649944,24.146798,2
285,66000,387130000C,(04)23274275,(04)23288582,2025,04,1,17,5,臺中市,西屯區,0,2,0,7,2,6,50,4,7,1,5,4,6,6,1,1,5,4,4,2,13,2,9,5,4,C03,7,9,1,10,2,11,,7,7,1,12,4,120.605341,24.171266,2
286,66000,387130000C,(04)23274275,(04)23288582,2025,04,1,17,7,臺中市,豐原區,0,1,0,7,2,6,0,13,8,1,5,4,6,6,4,4,1,4,4,2,17,3,10,3,1,B12,7,2,1,8,2,16,,85,85,1,12,4,120.716469,24.263423,2
287,66000,387130000C,(04)23274275,(04)23288582,2025,04,1,17,11,臺中市,沙鹿區,0,2,0,7,2,6,50,13,9,1,5,4,6,6,4,4,5,5,4,2,13,2,9,1,1,C03,7,9,1,10,2,11,,7,7,1,12,4,120.571471,24.216184,2
288,66000,387130000C,(04)23274275,(04)23288582,2025,04,1,17,12,臺中市,神岡區,0,0,0,7,,,50,,,,,,,,,,,,,,13,,,,,C03,,,1,,1,,,59,59,1,13,4,120.654986,24.280079,3
289,66000,387130000C,(04)23274275,(04)23288582,2025,04,1,17,14,臺中市,北區,0,1,0,7,3,6,30,3,1,1,5,4,6,6,4,4,10,5,5,2,17,2,9,1,1,C03,7,5,1,10,2,15,,20,20,1,12,4,120.689211,24.161822,2
290,66000,387130000C,(04)23274275,(04)23288582,2025,04,1,17,17,臺中市,潭子區,0,0,0,7,,,30,,,,,,,,,,,,,,,,,,,B03,,,1,,2,,,11,11,1,12,4,120.72557,24.199818,3
291,66000,387130000C,(04)23274275,(04)23288582,2025,04,1,17,17,臺中市,大雅區,0,0,0,7,,,30,,,,,,,,,,,,,,,,,,,B03,,,1,,1,,,49,49,1,13,4,120.610446,24.221601,3
292,66000,387130000C,(04)23274275,(04)23288582,2025,04,1,17,17,臺中市,西區,0,0,0,7,,,50,,,,,,,,,,,,,,,,,,,C03,,,1,,1,,,7,7,1,6,4,120.657226,24.136778,3
293,66000,387130000C,(04)23274275,(04)23288582,2025,04,1,17,17,臺中市,龍井區,0,0,0,7,,,40,,,,,,,,,,,,,,,,,,,B03,,,1,,1,,,59,59,1,6,4,120.517946,24.223443,3
294,66000,387130000C,(04)23274275,(04)23288582,2025,04,1,17,18,臺中市,北屯區,0,0,0,7,,,50,,,,,,,,,,,,,,17,,,,,B03,,,1,,2,,,51,51,1,12,4,120.672588,24.174931,3
295,66000,387130000C,(04)23274275,(04)23288582,2025,04,1,17,21,臺中市,西區,0,0,0,6,,,50,,,,,,,,,,,,,,,,,,,B03,,,1,,1,,,7,7,1,12,4,120.662675,24.144357,3
296,66000,387130000C,(04)23274275,(04)23288582,2025,04,1,17,21,臺中市,北屯區,0,1,0,7,2,6,50,13,9,1,5,4,6,6,4,4,10,5,5,2,17,2,9,5,4,C03,7,8,1,10,2,11,,40,40,1,12,4,120.733198,24.161724,2
297,66000,387130000C,(04)23274275,(04)23288582,2025,04,1,17,23,臺中市,太平區,0,0,0,6,2,6,50,3,2,1,5,4,6,6,2,1,5,5,5,1,13,3,10,1,1,C03,7,9,1,10,2,11,,7,7,1,6,4,120.722234,24.109775,3
298,66000,387130000C,(04)23274275,(04)23288582,2025,04,1,17,25,臺中市,中區,0,0,0,7,,,50,,,,,,,,,,,,,,13,,,,,C03,,,3,,2,,,84,84,1,12,4,120.685673,24.143173,3
299,66000,387130000C,(04)23274275,(04)23288582,2025,04,1,17,25,臺中市,大里區,0,1,0,7,2,6,50,13,9,1,5,4,6,6,2,1,5,5,5,1,17,3,10,3,1,B03,7,9,3,19,2,16,,7,7,1,6,4,120.695889,24.096698,2
300,66000,387130000C,(04)23274275,(04)23288582,2025,04,1,17,30,臺中市,南屯區,0,1,0,7,3,6,50,13,9,1,5,4,6,6,1,1,5,5,4,2,12,3,10,3,1,B03,7,6,1,8,2,4,,7,7,1,12,4,120.634363,24.155662,2
301,66000,387130000C,(04)23274275,(04)23288582,2025,04,1,17,32,臺中市,大里區,0,0,0,7,,,50,,,,,,,,,,,,,,,,,,,B03,,,1,,1,,,49,49,1,6,4,120.712343,24.084162,3
302,66000,387130000C,(04)23274275,(04)23288582,2025,04,1,17,34,臺中市,大甲區,0,0,0,7,,,50,,,,,,,,,,,,,,,,,,,B03,,,1,,1,,,59,59,1,6,4,120.61553,24.350458,3
303,66000,387130000C,(04)23274275,(04)23288582,2025,04,1,17,37,臺中市,梧棲區,0,1,0,7,3,6,30,3,2,1,5,4,6,6,4,4,10,5,5,2,11,3,10,3,1,B03,7,6,1,4,2,1,,48,48,1,6,4,120.546643,24.228873,2
304,66000,387130000C,(04)23274275,(04)23288582,2025,04,1,17,37,臺中市,豐原區,0,2,0,6,2,6,50,13,9,1,5,4,6,6,4,4,5,5,5,1,17,3,10,3,1,B03,7,1,1,8,2,1,,51,51,1,12,4,120.7353,24.241293,2
305,66000,387130000C,(04)23274275,(04)23288582,2025,04,1,17,40,臺中市,大里區,0,1,0,7,2,6,50,3,2,1,5,4,6,6,1,1,5,5,5,1,13,2,8,1,1,C03,7,6,1,10,2,11,,59,59,1,5,4,120.704302,24.09596,2
306,66000,387130000C,(04)23274275,(04)23288582,2025,04,1,17,41,臺中市,大里區,0,1,0,7,3,6,50,4,1,1,5,4,6,6,2,1,3,4,4,1,16,3,10,5,4,F03,7,6,7,21,2,11,,11,11,1,13,4,120.699055,24.110196,2
307,66000,387130000C,(04)23274275,(04)23288582,2025,04,1,17,44,臺中市,梧棲區,0,0,0,7,,,60,,,,,,,,,,,,,,13,,,,,B03,,,1,,1,,,84,84,1,12,4,120.540072,24.259008,3
308,66000,387130000C,(04)23274275,(04)23288582,2025,04,1,17,45,臺中市,南屯區,0,0,0,7,,,50,,,,,,,,,,,,,,16,,,,,B03,,,3,,2,,,40,40,1,13,4,120.634122,24.157838,3
309,66000,387130000C,(04)23274275,(04)23288582,2025,04,1,17,47,臺中市,潭子區,0,1,0,6,1,6,60,4,1,1,5,4,6,6,2,1,1,4,4,1,15,3,10,2,1,C03,7,9,3,19,2,12,,21,21,1,13,4,120.705749,24.218166,2
310,66000,387130000C,(04)23274275,(04)23288582,2025,04,1,17,47,臺中市,西區,0,0,0,7,,,50,,,,,,,,,,,,,,17,,,,,C03,,,1,,9,,,50,50,1,12,4,120.656546,24.145164,3
311,66000,387130000C,(04)23274275,(04)23288582,2025,04,1,17,48,臺中市,大甲區,0,0,0,7,,,40,,,,,,,,,,,,,,12,,,,,C03,,,1,,1,,,8,8,1,13,4,120.625168,24.339397,3
312,66000,387130000C,(04)23274275,(04)23288582,2025,04,1,17,49,臺中市,豐原區,0,0,0,7,,,30,,,,,,,,,,,,,,17,,,,,C03,,,1,,2,,,85,85,1,12,4,120.709709,24.239425,4
313,66000,387130000C,(04)23274275,(04)23288582,2025,04,1,17,50,臺中市,南區,0,0,0,7,,,50,,,,,,,,,,,,,,12,,,,,B03,,,1,,2,,,40,40,1,12,4,120.666682,24.116613,3
314,66000,387130000C,(04)23274275,(04)23288582,2025,04,1,17,52,臺中市,西屯區,0,0,0,7,,,80,,,,,,,,,,,,,,,,,,,B03,,,1,,1,,,56,56,1,12,4,120.636538,24.18437,3
315,66000,387130000C,(04)23274275,(04)23288582,2025,04,1,17,53,臺中市,龍井區,0,1,0,7,3,6,30,4,1,1,5,4,6,6,4,4,10,5,5,1,15,2,9,1,1,C03,7,9,1,10,2,12,,15,15,1,6,4,120.534579,24.217411,2
316,66000,387130000C,(04)23274275,(04)23288582,2025,04,1,17,56,臺中市,梧棲區,0,1,0,7,3,6,30,5,1,1,5,4,6,6,4,4,10,5,5,2,16,2,9,1,1,C03,7,6,1,10,2,12,,13,13,1,6,4,120.547899,24.252636,2
317,66000,387130000C,(04)23274275,(04)23288582,2025,04,1,17,58,臺中市,西屯區,0,0,0,7,,,50,,,,,,,,,,,,,,16,,,,,C03,,,1,,1,,,84,84,2,12,4,120.63701,24.165691,3
318,66000,387130000C,(04)23274275,(04)23288582,2025,04,1,18,0,臺中市,沙鹿區,0,1,0,7,2,6,50,3,1,1,5,4,6,6,1,1,10,5,5,2,16,2,8,1,1,C03,7,6,1,9,2,11,,11,11,1,12,4,120.573296,24.226217,2
319,66000,387130000C,(04)23274275,(04)23288582,2025,04,1,18,1,臺中市,中區,0,1,0,6,1,6,50,4,1,1,5,4,6,6,1,1,9,4,5,2,12,3,10,5,4,B03,7,9,1,8,2,2,,8,8,1,12,4,120.680295,24.143066,2
320,66000,387130000C,(04)23274275,(04)23288582,2025,04,1,18,1,臺中市,南屯區,0,0,0,7,1,6,50,13,9,1,5,4,6,6,1,1,3,2,5,2,12,,,,,C03,,,1,,2,,,42,42,1,12,4,120.640731,24.146859,3
321,66000,387130000C,(04)23274275,(04)23288582,2025,04,1,18,2,臺中市,南屯區,0,2,0,7,1,6,50,4,1,1,5,4,6,6,1,1,10,5,5,2,17,2,9,2,1,C03,7,6,1,10,2,14,,48,48,1,12,4,120.649917,24.140957,2
322,66000,387130000C,(04)23274275,(04)23288582,2025,04,1,18,4,臺中市,南屯區,0,1,0,7,3,6,50,3,1,1,5,4,6,6,4,4,10,5,5,2,16,3,10,3,1,B03,7,5,1,8,2,2,,20,20,1,12,4,120.643756,24.149499,2
323,66000,387130000C,(04)23274275,(04)23288582,2025,04,1,18,5,臺中市,沙鹿區,0,0,0,7,,,60,,,,,,,,,,,,,,13,,,,,B03,,,1,,1,,,84,84,1,12,4,120.590699,24.25006,3
324,66000,387130000C,(04)23274275,(04)23288582,2025,04,1,18,6,臺中市,西區,0,0,0,7,,,50,,,,,,,,,,,,,,,,,,,B01,,,1,,2,,,34,34,1,6,4,120.655435,24.140284,3
325,66000,387130000C,(04)23274275,(04)23288582,2025,04,1,18,6,臺中市,北屯區,0,0,0,7,,,50,,,,,,,,,,,,,,12,,,,,C03,,,1,,1,,,84,84,1,12,4,120.69521,24.166024,3
326,66000,387130000C,(04)23274275,(04)23288582,2025,04,1,18,7,臺中市,沙鹿區,0,0,0,7,,,50,,,,,,,,,,,,,,12,,,,,C03,,,1,,1,,,40,40,1,13,4,120.569251,24.237061,3
327,66000,387130000C,(04)23274275,(04)23288582,2025,04,1,18,8,臺中市,大甲區,0,0,0,7,,,50,,,,,,,,,,,,,,16,,,,,B03,,,1,,1,,,20,20,1,6,4,120.62067,24.355794,3
328,66000,387130000C,(04)23274275,(04)23288582,2025,04,1,18,9,臺中市,北屯區,0,1,0,7,1,6,50,5,1,1,5,4,6,6,1,1,10,5,5,2,16,3,10,3,1,B03,7,5,1,8,2,5,,11,11,1,12,4,120.676079,24.201318,2
329,66000,387130000C,(04)23274275,(04)23288582,2025,04,1,18,10,臺中市,北屯區,0,1,0,7,1,6,50,4,1,1,5,4,6,6,1,1,10,5,5,2,16,3,10,3,1,B03,7,6,1,8,2,5,,11,11,1,12,4,120.716926,24.180142,2
330,66000,387130000C,(04)23274275,(04)23288582,2025,04,1,18,12,臺中市,南屯區,0,1,0,7,2,6,50,13,8,1,5,4,6,6,4,4,1,4,1,2,13,2,9,2,1,C03,7,9,1,10,2,11,,7,7,1,13,4,120.632358,24.124501,2
331,66000,387130000C,(04)23274275,(04)23288582,2025,04,1,18,15,臺中市,北區,0,0,0,7,,,50,,,,,,,,,,,,,,,,,,,B03,,,1,,1,,,87,87,1,12,4,120.685557,24.15634,3
332,66000,387130000C,(04)23274275,(04)23288582,2025,04,1,18,20,臺中市,北區,0,1,0,7,1,6,50,4,1,1,5,4,6,6,2,1,2,4,5,2,16,2,9,1,1,C03,7,6,1,10,2,14,,48,48,1,13,4,120.682429,24.145896,2
333,66000,387130000C,(04)23274275,(04)23288582,2025,04,1,18,20,臺中市,西屯區,0,0,0,7,,,40,,,,,,,,,,,,,,35,,,,,C03,,,1,,1,,,59,59,1,13,4,120.62273,24.179597,3
334,66000,387130000C,(04)23274275,(04)23288582,2025,04,1,18,21,臺中市,西屯區,0,0,0,7,,,30,,,,,,,,,,,,,,13,,,,,C03,,,1,,1,,,7,7,1,12,4,120.644249,24.190947,3
335,66000,387130000C,(04)23274275,(04)23288582,2025,04,1,18,22,臺中市,南屯區,0,1,0,7,1,6,50,4,1,1,5,4,6,6,4,4,10,5,5,2,15,2,9,2,1,C03,7,9,1,10,2,14,,13,13,1,12,4,120.641685,24.149885,2
336,66000,387130000C,(04)23274275,(04)23288582,2025,04,1,18,23,臺中市,大肚區,0,1,0,7,1,6,30,3,2,1,5,4,6,6,4,4,10,5,5,2,16,3,10,5,4,C03,7,6,1,10,2,15,,14,14,1,12,4,120.580123,24.170421,2
337,66000,387130000C,(04)23274275,(04)23288582,2025,04,1,18,24,臺中市,南屯區,0,1,0,7,1,6,50,13,9,1,5,4,6,6,1,1,1,4,5,2,13,2,9,1,1,C03,7,9,1,10,2,11,,7,7,1,12,4,120.646473,24.129528,2
338,66000,387130000C,(04)23274275,(04)23288582,2025,04,1,18,24,臺中市,西屯區,0,1,0,7,1,6,50,4,1,1,5,4,6,6,2,1,10,5,5,2,16,3,10,3,1,B03,7,6,5,8,2,4,,23,23,1,13,4,120.661043,24.171538,2
339,66000,387130000C,(04)23274275,(04)23288582,2025,04,1,18,25,臺中市,大里區,0,1,0,6,1,6,40,13,8,1,5,4,6,6,4,4,5,5,1,1,13,3,10,1,1,C03,7,9,2,19,2,11,,7,7,1,13,4,120.695578,24.109193,2
340,66000,387130000C,(04)23274275,(04)23288582,2025,04,1,18,27,臺中市,西區,0,0,0,7,,,50,,,,,,,,,,,,,,17,,,,,B12,,,1,,2,,,4,4,1,12,4,120.658845,24.148428,3