序號,縣市別代碼,機關代碼,市話,傳真,年,月,日,時,分,縣市,區,死亡數量,受傷數量,2-30,天候,道路照明設備,道路類別,道路速限,道路型態,事故位置,路面鋪裝,路面狀態,路面缺陷,障礙物,視距,號誌種類,號誌動作,分向設施,快車道或一般車道間,快慢車道間,路面邊線,事故類型及型態,受傷程度,主要傷處,保護裝備,行動電話或功能裝置,當事者區分（類別）,車輛用途,當事者行動狀態,駕照狀態,駕照種類,飲酒情形,車輛撞擊部位最初,車輛撞擊部位其他,肇事因素個別,肇事因素主要,肇事逃逸,職業,共享經濟或外送平台,GPS座標X,GPS座標Y,事故類別
566,66000,387130000C,(04)23274275,(04)23288582,2025,04,2,10,20,臺中市,南屯區,0,0,0,7,,,50,,,,,,,,,,,,,,,,,,,A31,,,1,,1,,,40,40,1,6,4,120.621999,24.150708,3
567,66000,387130000C,(04)23274275,(04)23288582,2025,04,2,10,20,臺中市,東勢區,0,0,0,7,,,30,,,,,,,,,,,,,,14,,,,,B12,,,1,,2,,,84,84,1,12,4,120.833776,24.252747,3
568,66000,387130000C,(04)23274275,(04)23288582,2025,04,2,10,26,臺中市,大雅區,0,2,0,7,3,6,50,3,1,1,5,4,6,6,4,4,10,5,5,2,17,2,8,2,1,C03,7,1,1,10,2,14,,51,51,1,12,4,120.650315,24.220343,2
569,66000,387130000C,(04)23274275,(04)23288582,2025,04,2,10,30,臺中市,北區,0,2,0,7,2,6,50,13,9,1,5,4,6,6,4,4,5,4,5,2,17,2,9,5,1,C03,7,8,1,9,2,13,,40,40,1,13,4,120.680932,24.158522,2
570,66000,387130000C,(04)23274275,(04)23288582,2025,04,2,10,31,臺中市,西區,0,1,0,6,3,6,30,3,1,1,5,4,6,6,4,4,10,5,5,2,16,3,10,3,1,B03,7,6,1,8,1,1,,14,14,1,6,4,120.656556,24.152682,2
571,66000,387130000C,(04)23274275,(04)23288582,2025,04,2,10,35,臺中市,西區,0,1,0,7,2,6,50,3,1,1,5,4,6,6,4,4,10,5,5,2,16,3,10,3,1,B03,7,5,1,8,2,6,,47,47,1,13,4,120.665943,24.128884,2
572,66000,387130000C,(04)23274275,(04)23288582,2025,04,2,10,36,臺中市,清水區,0,0,0,7,,,60,,,,,,,,,,,,,,13,,,,,B03,,,1,,1,,,84,84,1,13,4,120.554584,24.302107,3
573,66000,387130000C,(04)23274275,(04)23288582,2025,04,2,10,45,臺中市,北屯區,0,1,0,6,3,6,50,4,1,1,5,4,6,6,2,1,10,5,5,2,16,3,10,3,1,B03,7,6,4,19,9,1,,11,11,1,6,4,120.711109,24.180117,2
574,66000,387130000C,(04)23274275,(04)23288582,2025,04,2,10,45,臺中市,大里區,0,1,0,6,3,6,40,13,12,1,5,4,6,6,4,4,1,4,4,2,13,2,9,1,1,C03,7,9,1,10,2,11,,7,7,1,6,4,120.662727,24.108541,2
575,66000,387130000C,(04)23274275,(04)23288582,2025,04,2,10,50,臺中市,北屯區,0,1,0,6,2,6,50,13,7,1,5,4,6,6,4,4,8,5,4,2,12,3,10,3,1,B03,7,11,1,8,2,8,,85,85,1,12,4,120.689415,24.172869,2
576,66000,387130000C,(04)23274275,(04)23288582,2025,04,2,10,54,臺中市,西屯區,0,0,0,7,,,50,,,,,,,,,,,,,,14,,,,,B03,,,1,,9,,,49,49,1,12,4,120.608831,24.155502,3
577,66000,387130000C,(04)23274275,(04)23288582,2025,04,2,10,56,臺中市,沙鹿區,0,0,0,7,,,60,,,,,,,,,,,,,,,,,,,B12,,,1,,2,,,59,59,1,13,4,120.581271,24.210128,3
578,66000,387130000C,(04)23274275,(04)23288582,2025,04,2,10,57,臺中市,南屯區,0,0,0,7,,,50,,,,,,,,,,,,,,13,,,,,B12,,,1,,1,,,7,7,1,6,4,120.628518,24.115797,4
579,66000,387130000C,(04)23274275,(04)23288582,2025,04,2,10,58,臺中市,南屯區,0,0,0,7,,,50,,,,,,,,,,,,,,13,,,,,B03,,,1,,1,,,7,7,1,13,4,120.640719,24.146487,3
580,66000,387130000C,(04)23274275,(04)23288582,2025,04,2,11,1,臺中市,西屯區,0,2,0,6,1,6,30,3,1,1,5,4,6,6,4,4,10,5,5,1,17,2,9,1,1,C03,7,6,1,10,2,14,,48,48,1,12,4,120.640378,24.177658,2
581,66000,387130000C,(04)23274275,(04)23288582,2025,04,2,11,1,臺中市,西屯區,0,1,0,7,2,6,50,4,1,1,5,4,6,6,2,1,10,5,5,2,13,3,10,5,1,C03,7,9,1,10,2,12,,7,7,1,12,4,120.651816,24.165933,2
582,66000,387130000C,(04)23274275,(04)23288582,2025,04,2,11,5,臺中市,龍井區,0,1,0,7,1,6,50,5,1,1,5,4,6,6,1,1,10,5,5,2,16,3,10,3,1,B03,7,5,1,8,2,5,,8,8,1,6,4,120.574487,24.183937,2
583,66000,387130000C,(04)23274275,(04)23288582,2025,04,2,11,5,臺中市,大甲區,0,0,0,7,,,50,,,,,,,,,,,,,,,,,,,B03,,,1,,2,,,59,59,1,6,4,120.632218,24.355322,3
584,66000,387130000C,(04)23274275,(04)23288582,2025,04,2,11,9,臺中市,西屯區,0,0,0,7,,,0,,,,,,,,,,,,,,17,,,,,C03,,,1,,2,,,50,50,1,12,4,120.642515,24.171218,3
585,66000,387130000C,(04)23274275,(04)23288582,2025,04,2,11,10,臺中市,西屯區,0,0,0,7,,,50,,,,,,,,,,,,,,13,,,,,C03,,,1,,2,,,7,7,1,12,4,120.665174,24.178325,3
586,66000,387130000C,(04)23274275,(04)23288582,2025,04,2,11,14,臺中市,北區,0,0,0,7,,,50,,,,,,,,,,,,,,12,,,,,B03,,,1,,2,,,35,35,1,13,4,120.684957,24.160314,3
587,66000,387130000C,(04)23274275,(04)23288582,2025,04,2,11,22,臺中市,豐原區,0,0,0,7,3,9,50,3,9,1,5,4,6,6,4,4,8,3,5,1,16,3,10,5,4,C03,7,10,1,10,2,11,,6,6,1,13,4,120.723273,24.25166,3
588,66000,387130000C,(04)23274275,(04)23288582,2025,04,2,11,23,臺中市,北區,0,0,0,7,,,30,,,,,,,,,,,,,,17,,,,,C04,,,7,,10,,,85,85,1,13,4,120.68524,24.164587,3
589,66000,387130000C,(04)23274275,(04)23288582,2025,04,2,11,25,臺中市,南屯區,0,0,0,7,,,50,,,,,,,,,,,,,,,,,,,B03,,,1,,1,,,84,84,1,6,4,120.65222,24.149934,3
590,66000,387130000C,(04)23274275,(04)23288582,2025,04,2,11,26,臺中市,沙鹿區,0,0,0,7,,,50,,,,,,,,,,,,,,13,,,,,B03,,,1,,1,,,7,7,1,6,4,120.559142,24.241778,3
591,66000,387130000C,(04)23274275,(04)23288582,2025,04,2,11,28,臺中市,大里區,0,0,0,7,,,30,,,,,,,,,,,,,,,,,,,A12,,,1,,2,,,71,71,1,6,4,120.705215,24.087685,3
592,66000,387130000C,(04)23274275,(04)23288582,2025,04,2,11,28,臺中市,太平區,0,2,0,7,3,6,50,3,1,1,5,4,6,6,4,4,10,5,5,2,16,3,10,3,1,B03,7,5,1,8,2,5,,65,65,1,12,4,120.710034,24.125414,2
593,66000,387130000C,(04)23274275,(04)23288582,2025,04,2,11,32,臺中市,西屯區,0,0,0,7,,,50,,,,,,,,,,,,,,12,,,,,B02,,,1,,2,,,51,51,1,13,4,120.617734,24.183819,3
594,66000,387130000C,(04)23274275,(04)23288582,2025,04,2,11,32,臺中市,太平區,0,2,0,6,2,6,30,4,1,1,5,4,6,6,4,4,10,5,5,2,15,2,9,2,1,C03,7,9,1,10,2,11,,12,12,1,12,4,120.725095,24.143905,2
595,66000,387130000C,(04)23274275,(04)23288582,2025,04,2,11,35,臺中市,西屯區,0,0,0,7,,,60,,,,,,,,,,,,,,12,,,,,B03,,,1,,1,,,40,40,1,12,4,120.633783,24.173182,3
596,66000,387130000C,(04)23274275,(04)23288582,2025,04,2,11,37,臺中市,大雅區,0,1,0,7,3,6,40,4,1,1,5,4,6,6,1,1,9,4,4,1,15,2,9,2,1,C03,7,9,1,10,2,11,,21,21,1,13,4,120.644266,24.209337,2
597,66000,387130000C,(04)23274275,(04)23288582,2025,04,2,11,39,臺中市,北區,0,0,0,7,,,40,,,,,,,,,,,,,,17,,,,,C03,,,1,,9,,,8,8,1,13,4,120.675211,24.149676,3
598,66000,387130000C,(04)23274275,(04)23288582,2025,04,2,11,39,臺中市,西屯區,0,0,0,7,,,50,,,,,,,,,,,,,,14,,,,,B03,,,1,,1,,,49,49,1,12,4,120.635827,24.171128,3
599,66000,387130000C,(04)23274275,(04)23288582,2025,04,2,11,39,臺中市,霧峰區,0,1,0,7,2,6,50,3,1,1,5,4,6,6,1,1,10,5,5,2,17,2,9,2,1,C01,7,6,1,9,2,14,,84,84,1,8,4,120.691064,24.070461,2
600,66000,387130000C,(04)23274275,(04)23288582,2025,04,2,11,42,臺中市,北屯區,0,0,0,7,,,50,,,,,,,,,,,,,,,,,,,C03,,,1,,1,,,40,40,1,13,4,120.691723,24.162705,3
601,66000,387130000C,(04)23274275,(04)23288582,2025,04,2,11,44,臺中市,西屯區,0,0,0,7,,,50,,,,,,,,,,,,,,14,,,,,B03,,,1,,1,,,49,49,1,12,4,120.641373,24.173123,3
602,66000,387130000C,(04)23274275,(04)23288582,2025,04,2,11,47,臺中市,豐原區,0,0,0,7,,,40,,,,,,,,,,,,,,12,,,,,C03,,,1,,2,,,77,77,1,13,4,120.714939,24.251109,3
603,66000,387130000C,(04)23274275,(04)23288582,2025,04,2,11,50,臺中市,南區,0,1,0,6,2,6,50,4,1,1,5,4,6,6,2,1,10,5,5,2,16,3,10,3,1,B03,7,6,1,8,2,1,,48,48,1,6,4,120.656592,24.119206,2
604,66000,387130000C,(04)23274275,(04)23288582,2025,04,2,11,51,臺中市,北區,0,1,0,7,2,6,50,4,2,1,5,4,6,6,1,1,2,4,4,2,17,3,10,5,1,B12,7,5,1,8,1,6,,84,84,1,13,4,120.685009,24.161559,2
605,66000,387130000C,(04)23274275,(04)23288582,2025,04,2,11,53,臺中市,豐原區,0,1,0,7,2,6,50,3,1,1,5,4,6,6,4,4,10,5,5,2,16,3,10,5,4,B12,7,6,1,8,2,1,,14,14,1,7,4,120.736053,24.267064,2
606,66000,387130000C,(04)23274275,(04)23288582,2025,04,2,11,55,臺中市,北屯區,0,0,0,7,,,50,,,,,,,,,,,,,,12,,,,,B12,,,1,,9,,,45,45,2,12,4,120.713505,24.173085,3
607,66000,387130000C,(04)23274275,(04)23288582,2025,04,2,11,55,臺中市,烏日區,0,0,0,7,,,50,,,,,,,,,,,,,,,,,,,B03,,,1,,1,,,49,49,1,13,4,120.598759,24.111196,3
608,66000,387130000C,(04)23274275,(04)23288582,2025,04,2,11,58,臺中市,西區,0,0,0,7,,,50,,,,,,,,,,,,,,16,,,,,C03,,,1,,1,,,13,13,1,12,4,120.666989,24.129951,3
609,66000,387130000C,(04)23274275,(04)23288582,2025,04,2,11,58,臺中市,南屯區,0,0,0,7,3,6,50,13,9,1,5,4,6,6,4,4,5,4,5,2,12,,,,,C03,,,1,,1,,,35,35,1,12,4,120.641686,24.146869,3
610,66000,387130000C,(04)23274275,(04)23288582,2025,04,2,12,0,臺中市,潭子區,0,0,0,7,,,30,,,,,,,,,,,,,,,,,,,B12,,,1,,2,,,84,84,1,12,4,120.707238,24.228538,3
611,66000,387130000C,(04)23274275,(04)23288582,2025,04,2,12,8,臺中市,梧棲區,0,0,0,7,2,6,50,4,1,1,5,4,6,6,4,4,10,5,5,2,15,3,10,2,1,C02,7,9,3,19,11,11,,12,12,1,6,4,120.539785,24.262727,3
612,66000,387130000C,(04)23274275,(04)23288582,2025,04,2,12,10,臺中市,大雅區,0,1,0,7,2,6,0,4,2,1,5,4,6,6,1,1,10,4,5,1,17,2,9,1,1,C03,7,15,1,10,2,16,,82,82,1,12,4,120.640832,24.230677,2
613,66000,387130000C,(04)23274275,(04)23288582,2025,04,2,12,11,臺中市,大里區,0,1,0,7,3,6,50,3,1,1,5,4,6,6,3,1,10,5,5,1,16,3,10,1,1,C03,7,6,1,10,2,12,,84,84,1,12,4,120.727485,24.08749,2
614,66000,387130000C,(04)23274275,(04)23288582,2025,04,2,12,14,臺中市,潭子區,0,2,0,7,3,6,30,3,1,1,5,4,6,6,4,4,10,5,5,2,17,2,9,2,1,C03,7,5,1,10,2,11,,14,14,1,13,4,120.706195,24.208762,2
615,66000,387130000C,(04)23274275,(04)23288582,2025,04,2,12,15,臺中市,太平區,0,0,0,7,,,50,,,,,,,,,,,,,,,,,,,B12,,,1,,1,,,84,84,1,12,4,120.717815,24.131686,3
616,66000,387130000C,(04)23274275,(04)23288582,2025,04,2,12,16,臺中市,太平區,0,1,0,7,3,6,40,13,7,1,5,4,6,6,4,4,5,5,4,1,12,2,8,1,1,C03,7,8,1,10,2,13,,40,40,1,12,4,120.729281,24.107618,2
617,66000,387130000C,(04)23274275,(04)23288582,2025,04,2,12,17,臺中市,北區,0,0,0,7,,,50,,,,,,,,,,,,,,13,,,,,B03,,,1,,2,,,84,84,1,13,4,120.687488,24.163164,3
618,66000,387130000C,(04)23274275,(04)23288582,2025,04,2,12,27,臺中市,大雅區,0,1,0,7,3,6,30,4,1,1,5,4,6,6,4,4,10,5,5,2,15,3,10,3,1,B03,7,9,1,8,2,2,,15,15,1,13,4,120.654421,24.214194,2
619,66000,387130000C,(04)23274275,(04)23288582,2025,04,2,12,30,臺中市,烏日區,0,1,0,7,3,6,50,11,8,1,5,4,6,6,4,4,1,4,4,1,18,2,8,1,1,C03,7,9,1,10,2,14,,43,43,1,6,4,120.585709,24.11231,2
620,66000,387130000C,(04)23274275,(04)23288582,2025,04,2,12,33,臺中市,豐原區,0,1,0,7,2,6,50,4,1,1,5,4,6,6,2,1,5,4,5,1,16,3,10,3,1,B11,7,5,1,8,2,5,,84,84,1,12,4,120.720217,24.264003,2
621,66000,387130000C,(04)23274275,(04)23288582,2025,04,2,12,36,臺中市,北屯區,0,0,0,7,,,50,,,,,,,,,,,,,,13,,,,,B03,,,1,,1,,,59,59,1,13,4,120.685577,24.174551,3
622,66000,387130000C,(04)23274275,(04)23288582,2025,04,2,12,36,臺中市,東勢區,0,2,0,6,2,6,40,13,9,1,5,4,6,6,4,4,5,5,5,1,13,2,9,5,4,C03,7,9,1,10,2,11,,7,7,1,13,4,120.823364,24.267389,2
623,66000,387130000C,(04)23274275,(04)23288582,2025,04,2,12,47,臺中市,霧峰區,0,1,0,7,2,6,40,3,1,1,5,4,6,6,1,1,10,5,5,1,13,2,9,1,1,C03,7,9,3,19,2,12,,7,7,1,6,4,120.68635,24.023842,2
624,66000,387130000C,(04)23274275,(04)23288582,2025,04,2,12,48,臺中市,沙鹿區,0,0,0,7,,,50,,,,,,,,,,,,,,,,,,,B03,,,1,,2,,,59,59,1,6,4,120.560722,24.241678,3
625,66000,387130000C,(04)23274275,(04)23288582,2025,04,2,12,49,臺中市,西屯區,0,0,0,7,,,50,,,,,,,,,,,,,,17,,,,,B03,,,1,,2,,,82,82,1,12,4,120.637841,24.179891,3
626,66000,387130000C,(04)23274275,(04)23288582,2025,04,2,12,53,臺中市,大里區,0,1,0,7,2,6,50,13,14,1,5,4,6,6,4,4,5,4,5,1,18,2,9,1,1,C03,7,9,1,10,2,11,,84,84,1,12,4,120.674361,24.099961,2
627,66000,387130000C,(04)23274275,(04)23288582,2025,04,2,12,59,臺中市,西區,0,1,0,7,2,6,50,13,8,1,5,4,6,6,4,4,1,4,1,2,17,2,9,1,1,C03,7,9,1,10,2,11,,84,84,1,12,4,120.658489,24.1583,2
628,66000,387130000C,(04)23274275,(04)23288582,2025,04,2,13,4,臺中市,潭子區,0,0,0,6,,,50,,,,,,,,,,,,,,,,,,,B12,,,1,,2,,,11,11,1,13,4,120.706949,24.211374,3
629,66000,387130000C,(04)23274275,(04)23288582,2025,04,2,13,10,臺中市,南屯區,0,0,0,7,,,40,,,,,,,,,,,,,,16,,,,,B03,,,1,,1,,,84,84,1,13,4,120.643054,24.141174,3
630,66000,387130000C,(04)23274275,(04)23288582,2025,04,2,13,10,臺中市,南屯區,0,0,0,7,,,50,,,,,,,,,,,,,,,,,,,C03,,,1,,1,,,87,87,1,6,4,120.650755,24.140328,4
631,66000,387130000C,(04)23274275,(04)23288582,2025,04,2,13,10,臺中市,霧峰區,0,2,0,7,2,6,50,4,1,1,5,4,6,6,1,1,10,5,5,2,16,3,10,3,1,B11,7,5,1,3,2,2,,84,84,1,6,4,120.691951,24.041142,2
632,66000,387130000C,(04)23274275,(04)23288582,2025,04,2,13,10,臺中市,豐原區,0,0,0,7,,,50,,,,,,,,,,,,,,17,,,,,B03,,,1,,2,,,7,7,1,6,4,120.700212,24.249332,3
633,66000,387130000C,(04)23274275,(04)23288582,2025,04,2,13,18,臺中市,潭子區,0,0,0,7,,,50,,,,,,,,,,,,,,,,,,,B03,,,1,,2,,,49,49,1,13,4,120.696685,24.194129,3
634,66000,387130000C,(04)23274275,(04)23288582,2025,04,2,13,19,臺中市,梧棲區,0,0,0,7,,,30,,,,,,,,,,,,,,14,,,,,B03,,,1,,2,,,49,49,1,6,4,120.53681,24.239181,3
635,66000,387130000C,(04)23274275,(04)23288582,2025,04,2,13,21,臺中市,太平區,0,0,0,6,,,50,,,,,,,,,,,,,,12,,,,,C03,,,1,,2,,,8,8,1,12,4,120.726911,24.156964,3
636,66000,387130000C,(04)23274275,(04)23288582,2025,04,2,13,25,臺中市,大甲區,0,1,0,7,2,6,50,13,8,1,5,4,6,6,4,4,5,4,4,2,17,3,10,3,1,B03,7,14,1,8,2,2,,76,76,1,6,4,120.623865,24.344232,2
637,66000,387130000C,(04)23274275,(04)23288582,2025,04,2,13,31,臺中市,西屯區,0,0,0,7,,,30,,,,,,,,,,,,,,17,,,,,B03,,,1,,2,,,84,84,1,13,4,120.624262,24.181629,3
638,66000,387130000C,(04)23274275,(04)23288582,2025,04,2,13,35,臺中市,太平區,0,1,0,7,2,6,30,11,9,1,5,4,6,6,4,4,10,5,5,1,17,2,7,2,1,C03,7,9,2,19,2,13,,84,84,1,12,4,120.738718,24.11626,2
639,66000,387130000C,(04)23274275,(04)23288582,2025,04,2,13,39,臺中市,北屯區,0,1,0,7,3,6,50,4,1,1,5,4,6,6,1,1,10,5,5,2,17,3,10,1,1,C03,7,9,1,10,2,12,,59,59,1,12,4,120.692939,24.180095,2
640,66000,387130000C,(04)23274275,(04)23288582,2025,04,2,13,40,臺中市,中區,0,1,0,7,2,6,50,4,1,1,5,4,6,6,2,1,10,5,5,2,16,3,10,1,1,C03,7,6,1,10,2,14,,26,26,1,6,4,120.678328,24.144765,2
641,66000,387130000C,(04)23274275,(04)23288582,2025,04,2,13,42,臺中市,東區,0,1,0,7,3,6,50,3,1,1,5,4,6,6,1,1,10,5,5,2,16,2,9,1,1,C03,7,8,3,19,2,14,,40,40,1,6,4,120.694333,24.144702,2
642,66000,387130000C,(04)23274275,(04)23288582,2025,04,2,13,42,臺中市,北屯區,0,1,0,7,2,6,40,13,8,1,5,4,6,6,4,4,1,4,4,2,13,3,10,3,1,B12,7,1,1,8,2,7,,51,51,1,6,4,120.686436,24.202645,2
643,66000,387130000C,(04)23274275,(04)23288582,2025,04,2,13,47,臺中市,沙鹿區,0,0,0,7,,,30,,,,,,,,,,,,,,,,,,,B12,,,1,,2,,,50,50,1,12,4,120.579207,24.220897,3
644,66000,387130000C,(04)23274275,(04)23288582,2025,04,2,13,48,臺中市,龍井區,0,1,0,7,3,6,30,4,1,1,5,4,6,6,4,4,10,5,5,2,15,2,6,1,1,C03,7,9,1,10,1,11,,20,20,1,12,4,120.546538,24.217745,2
645,66000,387130000C,(04)23274275,(04)23288582,2025,04,2,13,52,臺中市,大安區,0,1,0,7,3,6,30,3,2,1,5,4,6,6,4,4,10,5,5,2,17,2,9,5,4,C03,7,9,5,19,2,11,,6,6,1,12,4,120.590341,24.357241,2
646,66000,387130000C,(04)23274275,(04)23288582,2025,04,2,13,53,臺中市,霧峰區,0,3,0,7,3,6,50,4,1,1,5,4,6,6,1,1,10,5,5,2,15,2,9,1,1,C03,7,9,1,10,2,12,,21,21,1,12,4,120.694876,24.065974,2
647,66000,387130000C,(04)23274275,(04)23288582,2025,04,2,13,55,臺中市,大雅區,0,0,0,7,,,30,,,,,,,,,,,,,,12,,,,,A12,,,1,,2,,,48,48,1,12,4,120.656071,24.236803,3
648,66000,387130000C,(04)23274275,(04)23288582,2025,04,2,13,57,臺中市,北區,0,0,0,7,,,40,,,,,,,,,,,,,,13,,,,,C03,,,1,,2,,,7,7,1,12,2,120.68282,24.148749,3
649,66000,387130000C,(04)23274275,(04)23288582,2025,04,2,14,0,臺中市,西區,0,2,0,7,3,6,40,13,8,1,5,4,1,6,4,4,5,4,4,2,17,2,8,2,1,C03,7,15,1,10,1,12,,84,84,1,12,4,120.667236,24.14068,2
650,66000,387130000C,(04)23274275,(04)23288582,2025,04,2,14,0,臺中市,霧峰區,0,0,0,7,,,50,,,,,,,,,,,,,,,,,,,A11,,,1,,1,,,40,40,1,6,4,120.695266,24.059106,3
651,66000,387130000C,(04)23274275,(04)23288582,2025,04,2,14,2,臺中市,北區,0,0,0,7,,,50,,,,,,,,,,,,,,17,,,,,B12,,,1,,2,,,8,8,1,13,4,120.678044,24.154014,3
652,66000,387130000C,(04)23274275,(04)23288582,2025,04,2,14,2,臺中市,西屯區,0,0,0,7,,,50,,,,,,,,,,,,,,13,,,,,B03,,,1,,1,,,59,59,1,13,4,120.641255,24.155986,3
653,66000,387130000C,(04)23274275,(04)23288582,2025,04,2,14,3,臺中市,西屯區,0,2,0,7,2,6,50,3,1,1,5,4,6,6,4,4,5,4,5,2,12,2,9,2,1,C03,7,15,1,10,2,12,,42,42,1,5,4,120.618389,24.186721,2
654,66000,387130000C,(04)23274275,(04)23288582,2025,04,2,14,4,臺中市,烏日區,0,1,0,7,2,6,50,4,1,1,5,4,6,6,1,1,10,5,5,2,15,3,10,3,1,B03,7,9,1,8,2,2,,21,21,1,6,4,120.625741,24.110485,2
655,66000,387130000C,(04)23274275,(04)23288582,2025,04,2,14,5,臺中市,西屯區,0,0,0,7,,,30,,,,,,,,,,,,,,14,,,,,A12,,,1,,1,,,49,49,1,12,4,120.595799,24.175923,3
656,66000,387130000C,(04)23274275,(04)23288582,2025,04,2,14,13,臺中市,南區,0,3,0,7,2,6,50,4,1,1,5,4,6,6,4,4,10,5,5,2,17,2,9,1,1,C03,7,9,1,10,2,11,,15,15,1,12,4,120.682499,24.126966,2
657,66000,387130000C,(04)23274275,(04)23288582,2025,04,2,14,13,臺中市,南屯區,0,1,0,7,2,6,50,3,2,1,5,4,6,6,1,1,5,5,5,2,16,3,10,2,1,C03,7,5,1,10,2,13,,84,84,1,13,4,120.611003,24.145837,2
658,66000,387130000C,(04)23274275,(04)23288582,2025,04,2,14,16,臺中市,南屯區,0,1,0,7,2,6,50,3,1,1,5,4,6,6,4,4,10,5,5,2,17,3,10,3,1,B03,7,11,1,8,2,2,,45,45,1,12,4,120.642492,24.138431,2
659,66000,387130000C,(04)23274275,(04)23288582,2025,04,2,14,16,臺中市,大里區,0,0,0,7,,,30,,,,,,,,,,,,,,17,,,,,B03,,,1,,11,,,8,8,1,12,4,120.687223,24.085936,3
660,66000,387130000C,(04)23274275,(04)23288582,2025,04,2,14,16,臺中市,太平區,0,1,0,7,3,6,50,13,12,1,5,4,6,6,4,4,5,5,4,1,12,3,10,3,1,B03,7,7,1,8,2,2,,40,40,1,12,4,120.704701,24.148347,2
661,66000,387130000C,(04)23274275,(04)23288582,2025,04,2,14,25,臺中市,豐原區,0,0,0,7,,,40,,,,,,,,,,,,,,13,,,,,B03,,,1,,2,,,7,7,1,12,4,120.744644,24.264658,3
662,66000,387130000C,(04)23274275,(04)23288582,2025,04,2,14,27,臺中市,北屯區,0,1,0,7,1,6,50,4,2,1,5,4,6,6,4,4,5,5,5,2,12,3,10,3,1,B01,7,1,1,4,2,4,,20,20,1,13,4,120.696368,24.182717,2
663,66000,387130000C,(04)23274275,(04)23288582,2025,04,2,14,28,臺中市,西屯區,0,1,0,7,2,6,50,4,1,1,5,4,6,6,1,1,10,5,5,2,13,3,10,1,4,C03,7,9,1,10,1,11,,7,7,1,12,4,120.635487,24.16728,2
664,66000,387130000C,(04)23274275,(04)23288582,2025,04,2,14,28,臺中市,沙鹿區,0,2,0,7,2,6,50,3,1,1,5,4,6,6,4,4,10,5,5,2,16,2,8,2,1,F03,7,6,7,21,2,12,,20,20,1,6,4,120.568214,24.251364,2
665,66000,387130000C,(04)23274275,(04)23288582,2025,04,2,14,28,臺中市,外埔區,0,1,0,7,2,6,50,4,1,1,5,4,6,6,1,1,1,4,5,1,16,3,10,3,1,B12,7,6,1,8,2,5,,11,11,1,6,4,120.653136,24.320872,2
666,66000,387130000C,(04)23274275,(04)23288582,2025,04,2,14,30,臺中市,北屯區,0,0,0,7,,,50,,,,,,,,,,,,,,12,,,,,B12,,,1,,2,,,8,8,1,6,4,120.711581,24.172191,3
667,66000,387130000C,(04)23274275,(04)23288582,2025,04,2,14,30,臺中市,西屯區,0,0,0,7,,,50,,,,,,,,,,,,,,17,,,,,B03,,,1,,9,,,84,84,1,13,4,120.603643,24.186033,3
668,66000,387130000C,(04)23274275,(04)23288582,2025,04,2,14,36,臺中市,大甲區,0,0,0,7,,,50,,,,,,,,,,,,,,,,,,,C03,,,1,,1,,,11,11,1,6,4,120.62522,24.34896,3
669,66000,387130000C,(04)23274275,(04)23288582,2025,04,2,14,37,臺中市,大里區,0,0,0,7,,,50,,,,,,,,,,,,,,17,,,,,C03,,,1,,2,,,84,84,1,12,4,120.701104,24.088732,3
670,66000,387130000C,(04)23274275,(04)23288582,2025,04,2,14,40,臺中市,北屯區,0,2,0,7,3,6,50,5,1,1,5,4,6,6,1,1,10,5,5,2,16,3,10,3,1,B03,7,5,1,8,2,2,,26,26,1,13,4,120.686313,24.18831,2
671,66000,387130000C,(04)23274275,(04)23288582,2025,04,2,14,43,臺中市,北區,0,1,0,7,2,6,50,4,1,1,5,4,6,6,1,1,10,5,5,2,17,3,10,5,4,B03,7,11,1,8,2,16,,45,45,1,13,4,120.672728,24.167012,2
672,66000,387130000C,(04)23274275,(04)23288582,2025,04,2,14,43,臺中市,北屯區,0,0,0,7,,,50,,,,,,,,,,,,,,,,,,,B03,,,1,,2,,,40,40,1,12,4,120.692794,24.162343,3
673,66000,387130000C,(04)23274275,(04)23288582,2025,04,2,14,44,臺中市,西屯區,0,1,0,7,2,6,50,3,2,1,5,4,6,6,2,1,1,5,5,2,16,3,10,3,1,B03,7,5,1,7,2,2,,47,47,1,12,4,120.647847,24.196114,2
674,66000,387130000C,(04)23274275,(04)23288582,2025,04,2,14,45,臺中市,北區,0,1,0,7,3,6,50,13,9,1,5,4,6,6,4,4,3,2,4,2,17,3,10,5,4,B03,7,7,1,8,2,6,,40,40,1,13,4,120.689527,24.146928,2
675,66000,387130000C,(04)23274275,(04)23288582,2025,04,2,14,45,臺中市,西屯區,0,1,0,7,2,6,50,3,2,1,5,4,6,6,4,4,10,5,5,2,11,2,8,5,2,C03,7,9,1,10,2,11,,61,61,1,13,4,120.645841,24.175116,2
676,66000,387130000C,(04)23274275,(04)23288582,2025,04,2,14,45,臺中市,大甲區,0,2,0,7,3,6,50,4,1,1,5,4,6,6,1,1,10,5,5,2,12,2,9,5,4,C03,7,15,1,10,2,14,,8,8,1,6,4,120.621829,24.353426,2
677,66000,387130000C,(04)23274275,(04)23288582,2025,04,2,14,47,臺中市,龍井區,0,0,0,7,,,60,,,,,,,,,,,,,,13,,,,,B03,,,1,,2,,,7,7,1,6,4,120.530371,24.22108,3
678,66000,387130000C,(04)23274275,(04)23288582,2025,04,2,14,49,臺中市,西屯區,0,0,0,7,,,50,,,,,,,,,,,,,,14,,,,,B03,,,1,,1,,,50,50,1,12,4,120.653608,24.164853,3