序號,縣市別代碼,機關代碼,市話,傳真,年,月,日,時,分,縣市,區,死亡數量,受傷數量,2-30,天候,道路照明設備,道路類別,道路速限,道路型態,事故位置,路面鋪裝,路面狀態,路面缺陷,障礙物,視距,號誌種類,號誌動作,分向設施,快車道或一般車道間,快慢車道間,路面邊線,事故類型及型態,受傷程度,主要傷處,保護裝備,行動電話或功能裝置,當事者區分（類別）,車輛用途,當事者行動狀態,駕照狀態,駕照種類,飲酒情形,車輛撞擊部位最初,車輛撞擊部位其他,肇事因素個別,肇事因素主要,肇事逃逸,職業,共享經濟或外送平台,GPS座標X,GPS座標Y,事故類別
791,66000,387130000C,(04)23274275,(04)23288582,2025,04,2,17,50,臺中市,沙鹿區,0,1,0,6,2,6,50,4,1,1,5,4,6,6,4,4,5,4,4,2,15,3,10,1,1,C03,7,9,1,10,1,12,,20,20,1,12,4,120.558427,24.236761,2
792,66000,387130000C,(04)23274275,(04)23288582,2025,04,2,17,50,臺中市,清水區,0,1,0,7,3,6,50,13,9,1,5,4,6,6,4,4,5,5,5,1,17,3,10,3,1,B03,7,1,1,8,2,8,,51,51,1,12,4,120.567202,24.268364,2
793,66000,387130000C,(04)23274275,(04)23288582,2025,04,2,17,50,臺中市,豐原區,0,0,0,7,,,50,,,,,,,,,,,,,,12,,,,,C03,,,1,,2,,,84,84,1,12,4,120.719113,24.251451,4
794,66000,387130000C,(04)23274275,(04)23288582,2025,04,2,17,51,臺中市,西屯區,0,0,0,7,,,50,,,,,,,,,,,,,,,,,,,B03,,,1,,1,,,51,51,1,12,4,120.659159,24.160628,3
795,66000,387130000C,(04)23274275,(04)23288582,2025,04,2,17,55,臺中市,北屯區,0,1,0,7,2,6,50,4,1,1,5,4,6,6,2,1,10,5,5,2,13,3,10,1,1,C03,7,9,1,10,2,11,,7,7,1,12,4,120.70029,24.165002,2
796,66000,387130000C,(04)23274275,(04)23288582,2025,04,2,17,57,臺中市,北屯區,0,0,0,7,,,50,,,,,,,,,,,,,,13,,,,,C03,,,1,,1,,,7,7,1,6,4,120.694259,24.16491,3
797,66000,387130000C,(04)23274275,(04)23288582,2025,04,2,17,57,臺中市,北屯區,0,1,0,7,1,6,50,5,2,1,5,4,6,6,1,1,5,4,4,2,12,2,8,1,1,C03,7,9,1,10,2,14,,8,8,1,12,4,120.69402,24.166492,2
798,66000,387130000C,(04)23274275,(04)23288582,2025,04,2,17,57,臺中市,沙鹿區,0,0,0,7,,,50,,,,,,,,,,,,,,17,,,,,B03,,,1,,2,,,50,50,1,12,4,120.579178,24.219623,3
799,66000,387130000C,(04)23274275,(04)23288582,2025,04,2,17,58,臺中市,梧棲區,0,0,0,7,,,50,,,,,,,,,,,,,,16,,,,,B01,,,1,,1,,,7,7,1,6,4,120.532312,24.262108,3
800,66000,387130000C,(04)23274275,(04)23288582,2025,04,2,18,0,臺中市,西區,0,0,0,7,,,50,,,,,,,,,,,,,,,,,,,B03,,,1,,1,,,84,84,1,6,4,120.674994,24.138036,3
801,66000,387130000C,(04)23274275,(04)23288582,2025,04,2,18,0,臺中市,西屯區,0,0,0,7,3,6,50,3,1,1,5,4,6,6,1,1,5,4,4,2,13,,,,,B03,,,1,,2,,,7,7,1,12,4,120.653238,24.168726,3
802,66000,387130000C,(04)23274275,(04)23288582,2025,04,2,18,0,臺中市,大里區,0,0,0,7,,,50,,,,,,,,,,,,,,17,,,,,B12,,,1,,2,,,93,93,1,12,4,120.714947,24.095812,3
803,66000,387130000C,(04)23274275,(04)23288582,2025,04,2,18,0,臺中市,烏日區,0,0,0,7,,,50,,,,,,,,,,,,,,13,,,,,B03,,,1,,2,,,7,7,1,6,4,120.646269,24.110783,3
804,66000,387130000C,(04)23274275,(04)23288582,2025,04,2,18,0,臺中市,大甲區,0,0,0,7,,,50,,,,,,,,,,,,,,,,,,,B12,,,1,,3,,,82,82,1,6,4,120.620596,24.349982,3
805,66000,387130000C,(04)23274275,(04)23288582,2025,04,2,18,3,臺中市,大雅區,0,0,0,7,,,50,,,,,,,,,,,,,,,,,,,B03,,,1,,2,,,49,49,1,13,4,120.653429,24.220546,3
806,66000,387130000C,(04)23274275,(04)23288582,2025,04,2,18,3,臺中市,梧棲區,0,2,0,7,3,6,50,3,2,1,5,4,6,6,4,4,5,5,5,1,16,3,10,3,1,B12,7,5,1,8,2,16,,20,20,1,6,4,120.530619,24.23926,2
807,66000,387130000C,(04)23274275,(04)23288582,2025,04,2,18,4,臺中市,大雅區,0,1,0,7,1,6,50,4,1,1,5,4,6,6,4,4,5,5,5,1,16,3,10,3,1,B12,7,5,1,8,2,8,,14,14,1,12,4,120.652743,24.226533,2
808,66000,387130000C,(04)23274275,(04)23288582,2025,04,2,18,5,臺中市,南屯區,0,0,0,7,1,6,30,13,9,1,5,4,6,6,4,4,10,5,5,2,12,,,,,B03,,,1,,1,,,59,59,1,12,4,120.642387,24.139712,3
809,66000,387130000C,(04)23274275,(04)23288582,2025,04,2,18,7,臺中市,北屯區,0,1,0,7,3,6,50,13,9,1,5,4,6,6,4,4,7,5,4,2,17,3,10,1,1,C03,7,11,3,19,1,14,,46,46,1,12,4,120.684604,24.169386,2
810,66000,387130000C,(04)23274275,(04)23288582,2025,04,2,18,10,臺中市,沙鹿區,0,0,0,7,,,40,,,,,,,,,,,,,,,,,,,B03,,,1,,2,,,7,7,1,12,4,120.563781,24.239678,3
811,66000,387130000C,(04)23274275,(04)23288582,2025,04,2,18,12,臺中市,西屯區,0,0,0,7,,,50,,,,,,,,,,,,,,13,,,,,B03,,,1,,1,,,7,7,1,12,4,120.642891,24.19622,3
812,66000,387130000C,(04)23274275,(04)23288582,2025,04,2,18,13,臺中市,太平區,0,1,0,7,1,6,40,13,9,1,5,4,6,6,4,4,5,4,5,1,14,2,7,2,1,C03,7,2,1,10,2,13,,84,84,1,12,4,120.715737,24.147992,2
813,66000,387130000C,(04)23274275,(04)23288582,2025,04,2,18,14,臺中市,龍井區,0,0,0,7,,,0,,,,,,,,,,,,,,14,,,,,B03,,,1,,2,,,49,49,1,6,4,120.542879,24.175109,3
814,66000,387130000C,(04)23274275,(04)23288582,2025,04,2,18,17,臺中市,大里區,0,1,0,7,2,6,60,4,1,1,5,4,6,6,1,1,1,2,4,2,13,3,10,3,1,B03,7,9,1,8,2,5,,7,7,1,13,4,120.674637,24.102845,2
815,66000,387130000C,(04)23274275,(04)23288582,2025,04,2,18,17,臺中市,烏日區,0,0,0,7,,,50,,,,,,,,,,,,,,13,,,,,C02,,,1,,2,,,84,84,1,6,4,120.585002,24.11374,3
816,66000,387130000C,(04)23274275,(04)23288582,2025,04,2,18,18,臺中市,大里區,0,1,0,7,1,6,50,13,9,1,5,4,6,6,4,4,5,4,5,2,19,2,9,1,1,C03,7,9,1,10,2,11,,84,84,1,12,4,120.681393,24.114997,2
817,66000,387130000C,(04)23274275,(04)23288582,2025,04,2,18,19,臺中市,大里區,0,2,0,7,1,6,40,3,2,1,5,4,6,6,4,4,5,5,4,2,12,2,9,6,1,F01,7,9,7,21,2,12,,8,8,1,13,4,120.681098,24.109511,2
818,66000,387130000C,(04)23274275,(04)23288582,2025,04,2,18,21,臺中市,西區,0,0,0,7,,,50,,,,,,,,,,,,,,,,,,,B03,,,1,,1,,,40,40,1,12,4,120.671144,24.145369,3
819,66000,387130000C,(04)23274275,(04)23288582,2025,04,2,18,22,臺中市,北區,0,0,0,7,,,50,,,,,,,,,,,,,,13,,,,,B03,,,1,,2,,,58,58,1,13,4,120.674405,24.162407,3
820,66000,387130000C,(04)23274275,(04)23288582,2025,04,2,18,23,臺中市,北屯區,0,0,0,7,,,50,,,,,,,,,,,,,,9,,,,,,,,,,,,,85,85,1,,,120.6709,24.187868,3
821,66000,387130000C,(04)23274275,(04)23288582,2025,04,2,18,24,臺中市,南區,0,0,0,7,,,50,,,,,,,,,,,,,,14,,,,,C03,,,1,,1,,,49,49,1,13,4,120.658909,24.117818,3
822,66000,387130000C,(04)23274275,(04)23288582,2025,04,2,18,25,臺中市,南屯區,0,0,0,7,,,50,,,,,,,,,,,,,,14,,,,,C03,,,1,,2,,,49,49,1,12,4,120.649819,24.143867,3
823,66000,387130000C,(04)23274275,(04)23288582,2025,04,2,18,25,臺中市,北屯區,0,0,0,7,,,50,,,,,,,,,,,,,,9,,,,,B03,,,1,,1,,,1,1,1,12,4,120.664804,24.186038,3
824,66000,387130000C,(04)23274275,(04)23288582,2025,04,2,18,25,臺中市,西屯區,0,0,0,7,1,6,50,3,1,1,5,4,6,6,1,1,5,4,4,2,17,,,,,B03,,,1,,2,,,59,59,1,12,4,120.653238,24.168726,3
825,66000,387130000C,(04)23274275,(04)23288582,2025,04,2,18,25,臺中市,太平區,0,2,0,7,1,6,50,13,9,1,5,4,6,6,4,4,5,5,4,2,16,3,10,3,1,B03,7,11,3,19,2,8,,45,45,1,6,4,120.703344,24.14965,2
826,66000,387130000C,(04)23274275,(04)23288582,2025,04,2,18,30,臺中市,東區,0,0,0,7,,,30,,,,,,,,,,,,,,16,,,,,B03,,,1,,2,,,59,59,1,12,4,120.705747,24.131229,3
827,66000,387130000C,(04)23274275,(04)23288582,2025,04,2,18,30,臺中市,太平區,0,0,0,7,1,6,50,,,,,,,,,,,,,,,,,,,C03,,,1,,2,11,13,7,7,1,12,4,120.719847,24.133495,3
828,66000,387130000C,(04)23274275,(04)23288582,2025,04,2,18,30,臺中市,豐原區,0,1,0,6,1,6,50,3,2,1,5,4,6,6,4,4,7,4,5,2,17,3,10,3,1,B03,7,7,1,8,2,5,,35,35,1,6,4,120.722954,24.254248,2
829,66000,387130000C,(04)23274275,(04)23288582,2025,04,2,18,31,臺中市,西區,0,1,0,7,1,6,50,4,2,1,5,4,6,6,4,4,5,5,5,1,16,3,10,2,1,C03,7,6,1,10,2,15,,84,84,1,13,4,120.660833,24.135137,2
830,66000,387130000C,(04)23274275,(04)23288582,2025,04,2,18,32,臺中市,南區,0,0,0,7,,,50,,,,,,,,,,,,,,12,,,,,B03,,,1,,1,,,40,40,1,6,4,120.67004,24.112788,3
831,66000,387130000C,(04)23274275,(04)23288582,2025,04,2,18,33,臺中市,潭子區,0,1,0,7,1,6,50,4,2,1,5,4,6,6,1,1,1,4,5,1,16,3,10,2,1,C02,7,7,1,9,2,12,,85,85,1,12,4,120.688108,24.215965,2
832,66000,387130000C,(04)23274275,(04)23288582,2025,04,2,18,33,臺中市,大里區,0,1,0,7,1,6,40,4,1,1,5,4,6,6,1,1,1,2,4,1,17,3,10,1,1,C03,7,15,1,10,2,12,,84,84,1,13,4,120.682193,24.104535,2
833,66000,387130000C,(04)23274275,(04)23288582,2025,04,2,18,33,臺中市,烏日區,0,2,0,7,1,6,80,10,9,1,5,4,6,6,4,4,1,4,5,1,13,2,9,3,1,B03,7,9,1,8,2,1,,7,7,1,6,4,120.615879,24.106608,2
834,66000,387130000C,(04)23274275,(04)23288582,2025,04,2,18,34,臺中市,南區,0,2,0,7,1,6,50,4,1,1,5,4,6,6,1,1,10,5,5,2,13,2,9,1,1,C04,7,9,1,10,2,11,,7,7,1,12,4,120.663909,24.11688,2
835,66000,387130000C,(04)23274275,(04)23288582,2025,04,2,18,34,臺中市,豐原區,0,0,0,7,,,50,,,,,,,,,,,,,,12,,,,,A12,,,1,,3,,,84,84,1,12,4,120.699217,24.248851,3
836,66000,387130000C,(04)23274275,(04)23288582,2025,04,2,18,36,臺中市,大里區,0,0,0,7,,,50,,,,,,,,,,,,,,30,,,,,B03,,,1,,2,,,87,87,1,12,4,120.699526,24.110025,3
837,66000,387130000C,(04)23274275,(04)23288582,2025,04,2,18,38,臺中市,太平區,0,2,0,7,1,6,50,5,1,1,5,4,6,6,1,1,10,5,5,2,16,2,8,2,1,C03,7,6,1,10,2,12,11,11,11,1,12,4,120.71469,24.110367,2
838,66000,387130000C,(04)23274275,(04)23288582,2025,04,2,18,42,臺中市,大雅區,0,0,0,7,,,50,,,,,,,,,,,,,,13,,,,,B03,,,1,,1,,,84,84,1,13,4,120.645429,24.221915,3
839,66000,387130000C,(04)23274275,(04)23288582,2025,04,2,18,43,臺中市,豐原區,0,2,0,7,1,6,50,3,3,1,5,4,6,6,2,1,1,4,4,1,17,2,9,2,4,C03,7,9,1,10,2,11,,56,56,1,12,4,120.754703,24.273962,2
840,66000,387130000C,(04)23274275,(04)23288582,2025,04,2,18,44,臺中市,西屯區,0,0,0,7,,,50,,,,,,,,,,,,,,13,,,,,B03,,,1,,1,,,59,59,1,13,4,120.656054,24.198632,3
841,66000,387130000C,(04)23274275,(04)23288582,2025,04,2,18,45,臺中市,豐原區,0,1,0,7,2,6,50,13,7,1,5,4,6,6,4,4,5,5,4,2,17,3,10,3,1,B03,7,1,1,8,2,8,,84,84,1,13,4,120.714509,24.250488,2
842,66000,387130000C,(04)23274275,(04)23288582,2025,04,2,18,47,臺中市,豐原區,0,0,0,7,,,30,,,,,,,,,,,,,,17,,,,,B03,,,1,,2,,,50,50,1,12,4,120.710721,24.246211,3
843,66000,387130000C,(04)23274275,(04)23288582,2025,04,2,18,48,臺中市,西屯區,0,0,0,7,,,50,,,,,,,,,,,,,,13,,,,,B03,,,1,,1,,,59,59,1,12,4,120.639604,24.165783,3
844,66000,387130000C,(04)23274275,(04)23288582,2025,04,2,18,49,臺中市,大里區,0,0,0,7,,,50,,,,,,,,,,,,,,13,,,,,B03,,,1,,2,,,7,7,1,13,4,120.692385,24.106263,3
845,66000,387130000C,(04)23274275,(04)23288582,2025,04,2,18,50,臺中市,東區,0,0,0,7,,,80,,,,,,,,,,,,,,13,,,,,B03,,,1,,1,,,84,84,1,12,4,120.706017,24.129317,3
846,66000,387130000C,(04)23274275,(04)23288582,2025,04,2,18,59,臺中市,西屯區,0,0,0,7,,,30,,,,,,,,,,,,,,9,,,,,B02,,,1,,1,,,8,8,1,13,4,120.664808,24.165658,3
847,66000,387130000C,(04)23274275,(04)23288582,2025,04,2,19,0,臺中市,潭子區,0,1,0,7,1,6,40,3,1,1,5,4,6,6,1,1,10,5,5,2,18,2,9,1,1,C03,7,9,1,10,2,12,,84,84,1,12,4,120.707238,24.224043,2
848,66000,387130000C,(04)23274275,(04)23288582,2025,04,2,19,0,臺中市,龍井區,0,1,0,7,3,6,30,3,1,1,5,4,6,6,4,4,10,5,5,2,16,2,9,6,1,F01,7,6,7,21,2,11,,48,48,1,6,4,120.528906,24.186893,2
849,66000,387130000C,(04)23274275,(04)23288582,2025,04,2,19,2,臺中市,烏日區,0,0,0,7,,,50,,,,,,,,,,,,,,13,,,,,B01,,,1,,2,,,7,7,1,6,4,120.625105,24.106933,3
850,66000,387130000C,(04)23274275,(04)23288582,2025,04,2,19,3,臺中市,新社區,0,1,0,7,1,6,50,13,9,1,5,4,6,6,4,4,9,5,5,1,17,2,9,5,4,C03,7,9,1,10,2,11,,84,84,1,13,4,120.816176,24.196881,2
851,66000,387130000C,(04)23274275,(04)23288582,2025,04,2,19,6,臺中市,西屯區,0,0,0,7,,,40,,,,,,,,,,,,,,16,,,,,B03,,,1,,1,,,84,84,1,12,4,120.635324,24.167191,3
852,66000,387130000C,(04)23274275,(04)23288582,2025,04,2,19,7,臺中市,北屯區,0,3,0,7,1,6,50,4,19,1,5,4,6,6,1,1,10,5,5,2,3,2,9,1,1,C03,7,9,1,10,2,11,,10,10,1,12,4,120.661944,24.189505,2
853,66000,387130000C,(04)23274275,(04)23288582,2025,04,2,19,7,臺中市,神岡區,0,0,0,7,,,50,,,,,,,,,,,,,,2,,,,,B03,,,1,,2,,,84,84,1,12,4,120.681758,24.249905,3
854,66000,387130000C,(04)23274275,(04)23288582,2025,04,2,19,10,臺中市,西屯區,0,1,0,7,1,6,50,13,9,1,5,4,6,6,1,1,1,4,5,1,13,2,8,2,1,C03,7,9,1,10,2,11,,7,7,1,12,4,120.652193,24.166675,2
855,66000,387130000C,(04)23274275,(04)23288582,2025,04,2,19,13,臺中市,西屯區,0,0,0,7,,,50,,,,,,,,,,,,,,,,,,,B03,,,1,,1,,,59,59,1,13,4,120.649935,24.172377,3
856,66000,387130000C,(04)23274275,(04)23288582,2025,04,2,19,14,臺中市,大雅區,0,2,0,7,1,6,40,13,14,1,5,4,6,6,4,4,1,4,4,1,17,2,9,2,1,C03,7,15,3,19,2,11,,85,85,1,13,4,120.654907,24.220832,2
857,66000,387130000C,(04)23274275,(04)23288582,2025,04,2,19,14,臺中市,中區,0,2,0,7,1,6,50,11,9,1,5,4,6,6,4,4,9,5,5,2,14,3,10,3,1,B03,7,2,1,8,2,3,,49,49,1,12,4,120.676719,24.142788,2
858,66000,387130000C,(04)23274275,(04)23288582,2025,04,2,19,14,臺中市,北區,0,0,0,7,,,50,,,,,,,,,,,,,,17,,,,,,,,,,,,,119,119,1,,,120.678231,24.1729,3
859,66000,387130000C,(04)23274275,(04)23288582,2025,04,2,19,15,臺中市,龍井區,0,1,0,7,1,6,50,4,1,1,5,4,6,6,2,1,10,5,5,2,16,3,10,1,1,C03,7,6,1,10,2,11,,11,11,1,6,4,120.584242,24.181973,2
860,66000,387130000C,(04)23274275,(04)23288582,2025,04,2,19,15,臺中市,豐原區,0,1,0,7,1,6,50,4,1,1,5,4,6,6,1,1,10,5,5,2,16,3,10,3,1,B03,7,5,1,8,2,2,,11,11,1,13,4,120.722303,24.248623,2
861,66000,387130000C,(04)23274275,(04)23288582,2025,04,2,19,16,臺中市,北屯區,0,0,0,7,,,40,,,,,,,,,,,,,,13,,,,,B03,,,5,,1,,,7,7,1,12,4,120.720307,24.164965,3
862,66000,387130000C,(04)23274275,(04)23288582,2025,04,2,19,16,臺中市,太平區,0,0,0,7,,,40,,,,,,,,,,,,,,,,,,,B03,,,1,,1,,,40,40,1,12,4,120.707992,24.133276,3
863,66000,387130000C,(04)23274275,(04)23288582,2025,04,2,19,16,臺中市,烏日區,0,0,0,7,,,50,,,,,,,,,,,,,,12,,,,,B03,,,1,,2,,,40,40,1,6,4,120.587406,24.11323,3
864,66000,387130000C,(04)23274275,(04)23288582,2025,04,2,19,20,臺中市,大安區,0,1,0,7,1,6,30,18,9,1,5,4,6,6,4,4,10,5,5,2,11,3,10,3,1,B03,7,9,1,8,2,8,,59,59,1,6,4,120.567455,24.340578,2
865,66000,387130000C,(04)23274275,(04)23288582,2025,04,2,19,21,臺中市,西屯區,0,0,0,7,,,50,,,,,,,,,,,,,,17,,,,,B03,,,1,,9,,,49,49,1,12,4,120.620493,24.187263,3
866,66000,387130000C,(04)23274275,(04)23288582,2025,04,2,19,22,臺中市,龍井區,0,0,0,7,,,60,,,,,,,,,,,,,,14,,,,,B03,,,1,,1,,,78,78,1,6,4,120.573431,24.185513,3
867,66000,387130000C,(04)23274275,(04)23288582,2025,04,2,19,25,臺中市,南屯區,0,0,0,7,,,50,,,,,,,,,,,,,,,,,,,B03,,,1,,2,,,7,7,1,13,4,120.647359,24.155473,3
868,66000,387130000C,(04)23274275,(04)23288582,2025,04,2,19,29,臺中市,西區,0,1,0,7,1,6,30,4,1,1,5,4,6,6,4,4,10,5,5,2,15,2,9,1,1,C03,7,9,1,10,2,11,,15,15,1,6,4,120.658015,24.145234,2
869,66000,387130000C,(04)23274275,(04)23288582,2025,04,2,19,33,臺中市,西屯區,0,1,0,7,1,6,30,13,9,1,5,4,6,6,4,4,10,5,5,2,13,3,10,2,4,C02,7,9,3,19,2,14,,7,7,1,13,4,120.643949,24.196832,2
870,66000,387130000C,(04)23274275,(04)23288582,2025,04,2,19,39,臺中市,霧峰區,0,2,0,7,1,6,40,3,2,1,5,4,6,6,4,4,5,5,5,1,16,2,1,4,1,F01,7,11,7,21,2,13,,14,14,1,12,4,120.678829,24.0648,2
871,66000,387130000C,(04)23274275,(04)23288582,2025,04,2,19,42,臺中市,南屯區,0,0,0,7,,,50,,,,,,,,,,,,,,,,,,,B03,,,1,,1,,,51,51,1,12,4,120.639417,24.142066,3
872,66000,387130000C,(04)23274275,(04)23288582,2025,04,2,19,52,臺中市,西區,0,1,0,6,1,6,50,4,1,1,5,4,6,6,1,1,10,5,5,2,17,3,10,5,4,B03,7,5,1,8,2,15,,84,84,1,12,4,120.660187,24.140158,2
873,66000,387130000C,(04)23274275,(04)23288582,2025,04,2,19,54,臺中市,大里區,0,1,0,7,1,6,50,13,14,1,5,4,6,6,4,4,3,4,5,1,13,2,9,5,4,C03,7,9,1,10,2,11,,7,7,1,12,4,120.691953,24.09158,2
874,66000,387130000C,(04)23274275,(04)23288582,2025,04,2,19,54,臺中市,清水區,0,0,0,7,1,6,50,4,1,1,5,4,6,6,1,1,1,4,5,1,17,3,10,3,1,B03,7,15,1,8,7,1,,58,58,1,12,4,120.568321,24.276844,3
875,66000,387130000C,(04)23274275,(04)23288582,2025,04,2,19,59,臺中市,太平區,0,0,0,7,1,6,40,,,,,,,,,,,,,,,,,,,C03,,,1,,2,12,,84,84,1,12,4,120.720467,24.15774,3
876,66000,387130000C,(04)23274275,(04)23288582,2025,04,2,20,4,臺中市,豐原區,0,1,0,7,1,6,50,13,8,1,5,4,6,6,4,4,5,4,4,2,17,2,9,1,1,C03,7,9,1,10,2,11,,59,59,1,12,4,120.718401,24.251543,2
877,66000,387130000C,(04)23274275,(04)23288582,2025,04,2,20,10,臺中市,大里區,0,0,0,7,,,50,,,,,,,,,,,,,,17,,,,,B03,,,1,,2,,,8,8,1,12,4,120.709511,24.086306,3
878,66000,387130000C,(04)23274275,(04)23288582,2025,04,2,20,15,臺中市,西屯區,0,3,0,7,1,6,40,3,2,1,5,4,6,6,2,1,5,4,4,2,16,2,9,2,1,F03,7,6,7,21,2,13,,11,11,1,12,4,120.590569,24.175278,2
879,66000,387130000C,(04)23274275,(04)23288582,2025,04,2,20,16,臺中市,西屯區,0,1,0,7,1,6,50,13,7,1,5,4,6,6,4,4,8,4,4,1,17,3,10,5,4,B03,7,11,1,8,1,3,,45,45,1,13,4,120.639961,24.175521,2
880,66000,387130000C,(04)23274275,(04)23288582,2025,04,2,20,17,臺中市,西屯區,0,1,0,7,1,6,50,3,1,1,5,4,6,6,2,1,10,5,5,2,16,3,10,3,1,B03,7,6,1,8,2,8,,11,11,1,12,4,120.606877,24.193803,2
881,66000,387130000C,(04)23274275,(04)23288582,2025,04,2,20,19,臺中市,龍井區,0,1,0,7,1,6,30,13,9,1,5,4,6,6,4,4,10,5,4,2,13,3,10,2,1,C03,7,9,1,10,2,11,,59,59,1,6,4,120.5347,24.194344,2
882,66000,387130000C,(04)23274275,(04)23288582,2025,04,2,20,22,臺中市,北區,0,1,0,7,1,6,50,4,1,1,5,4,6,6,1,1,5,5,4,2,16,3,10,2,1,C03,7,6,1,10,2,11,,11,11,1,12,4,120.676489,24.159195,2
883,66000,387130000C,(04)23274275,(04)23288582,2025,04,2,20,23,臺中市,北屯區,0,0,0,7,,,50,,,,,,,,,,,,,,12,,,,,C03,,,1,,9,,,8,8,1,6,4,120.675283,24.202465,3
884,66000,387130000C,(04)23274275,(04)23288582,2025,04,2,20,27,臺中市,北屯區,0,1,0,7,1,6,50,13,9,1,5,4,6,6,4,4,10,5,5,2,17,3,10,5,4,B03,7,1,1,8,2,8,,51,51,1,12,4,120.705223,24.188118,2
885,66000,387130000C,(04)23274275,(04)23288582,2025,04,2,20,35,臺中市,西區,0,0,0,7,,,50,,,,,,,,,,,,,,13,,,,,B03,,,1,,1,,,7,7,1,13,4,120.676686,24.139744,3
886,66000,387130000C,(04)23274275,(04)23288582,2025,04,2,20,36,臺中市,南區,0,2,0,7,1,6,50,4,1,1,5,4,6,6,1,1,5,4,5,2,3,2,9,6,5,H01,8,16,7,21,10,17,,96,96,1,13,5,120.656316,24.119647,2
887,66000,387130000C,(04)23274275,(04)23288582,2025,04,2,20,39,臺中市,大里區,0,0,0,7,,,50,,,,,,,,,,,,,,30,,,,,A11,,,1,,2,,,84,84,1,12,4,120.696691,24.090402,3
888,66000,387130000C,(04)23274275,(04)23288582,2025,04,2,20,42,臺中市,大肚區,0,2,0,7,1,6,40,13,8,1,5,4,6,6,4,4,1,4,4,1,17,2,7,1,1,C03,7,9,1,10,2,12,,8,8,1,6,4,120.552515,24.136174,2
889,66000,387130000C,(04)23274275,(04)23288582,2025,04,2,20,54,臺中市,北區,0,1,0,7,1,6,50,4,2,1,5,4,6,6,1,1,5,2,4,2,17,2,9,5,4,C03,7,9,1,10,2,11,,84,84,1,13,4,120.694326,24.155623,2
890,66000,387130000C,(04)23274275,(04)23288582,2025,04,2,21,0,臺中市,西屯區,0,2,0,7,1,6,50,4,1,1,5,4,6,6,1,1,10,5,5,2,18,2,9,2,1,C03,7,9,1,10,2,12,,59,59,1,12,4,120.632472,24.182969,2
891,66000,387130000C,(04)23274275,(04)23288582,2025,04,2,21,1,臺中市,大里區,0,0,0,7,,,50,,,,,,,,,,,,,,17,,,,,C03,,,1,,2,,,85,85,1,12,4,120.688641,24.113865,3
892,66000,387130000C,(04)23274275,(04)23288582,2025,04,2,21,1,臺中市,龍井區,0,0,0,7,,,60,,,,,,,,,,,,,,14,,,,,B03,,,1,,1,,,84,84,1,6,4,120.58661,24.192681,3
893,66000,387130000C,(04)23274275,(04)23288582,2025,04,2,21,2,臺中市,西區,0,0,0,7,,,50,,,,,,,,,,,,,,17,,,,,C03,,,1,,2,,,7,7,1,12,4,120.669801,24.150724,3
894,66000,387130000C,(04)23274275,(04)23288582,2025,04,2,21,5,臺中市,南屯區,0,2,0,7,1,6,50,4,1,1,5,4,6,6,2,1,10,5,5,2,16,2,9,2,4,C03,7,9,1,10,2,14,,21,21,1,6,4,120.634752,24.153877,2
895,66000,387130000C,(04)23274275,(04)23288582,2025,04,2,21,19,臺中市,南區,0,2,0,7,1,6,50,3,1,1,5,4,6,6,1,1,10,5,5,2,13,2,9,2,1,C03,7,9,1,10,2,11,14,7,7,1,12,4,120.648129,24.114025,2
896,66000,387130000C,(04)23274275,(04)23288582,2025,04,2,21,20,臺中市,太平區,0,0,0,7,,,30,,,,,,,,,,,,,,14,,,,,B12,,,1,,2,,,49,49,1,13,4,120.738028,24.146621,3
897,66000,387130000C,(04)23274275,(04)23288582,2025,04,2,21,26,臺中市,南屯區,0,1,0,7,1,6,50,3,9,1,5,4,6,6,4,4,9,4,4,2,16,3,10,3,1,B03,7,11,1,8,2,5,,45,45,1,12,4,120.625996,24.113764,2
898,66000,387130000C,(04)23274275,(04)23288582,2025,04,2,21,26,臺中市,西屯區,0,1,0,7,1,6,50,5,1,1,5,4,6,6,2,1,10,5,5,2,13,3,10,2,4,C03,7,9,1,10,1,11,13,7,7,1,13,4,120.651168,24.166874,2
899,66000,387130000C,(04)23274275,(04)23288582,2025,04,2,21,31,臺中市,西屯區,0,2,0,7,1,6,30,3,9,1,5,4,6,6,4,4,10,5,5,2,17,2,9,2,1,C03,7,9,1,10,2,11,,7,7,1,12,4,120.664874,24.165781,2
900,66000,387130000C,(04)23274275,(04)23288582,2025,04,2,21,35,臺中市,西區,0,0,0,7,,,50,,,,,,,,,,,,,,,,,,,B02,,,1,,1,,,14,14,1,12,4,120.659831,24.157645,3
901,66000,387130000C,(04)23274275,(04)23288582,2025,04,2,21,36,臺中市,南屯區,0,0,0,7,,,40,,,,,,,,,,,,,,14,,,,,B03,,,1,,2,,,49,49,1,6,4,120.613098,24.158162,3
902,66000,387130000C,(04)23274275,(04)23288582,2025,04,2,21,40,臺中市,東區,0,1,0,7,1,6,50,4,1,1,5,4,6,6,1,1,10,5,5,2,30,2,9,1,1,C03,7,9,1,10,2,11,,84,84,1,12,4,120.698063,24.142776,2
903,66000,387130000C,(04)23274275,(04)23288582,2025,04,2,21,42,臺中市,北屯區,0,1,0,7,1,6,50,5,1,1,5,4,6,6,2,1,10,5,5,2,18,2,9,2,2,C03,7,9,1,10,2,12,,87,87,1,12,4,120.69773,24.170541,2