序號,縣市別代碼,機關代碼,市話,傳真,年,月,日,時,分,縣市,區,死亡數量,受傷數量,2-30,天候,道路照明設備,道路類別,道路速限,道路型態,事故位置,路面鋪裝,路面狀態,路面缺陷,障礙物,視距,號誌種類,號誌動作,分向設施,快車道或一般車道間,快慢車道間,路面邊線,事故類型及型態,受傷程度,主要傷處,保護裝備,行動電話或功能裝置,當事者區分（類別）,車輛用途,當事者行動狀態,駕照狀態,駕照種類,飲酒情形,車輛撞擊部位最初,車輛撞擊部位其他,肇事因素個別,肇事因素主要,肇事逃逸,職業,共享經濟或外送平台,GPS座標X,GPS座標Y,事故類別
904,66000,387130000C,(04)23274275,(04)23288582,2025,04,2,21,51,臺中市,北區,0,1,0,7,1,6,30,4,1,1,5,4,6,4,4,4,10,5,5,2,15,3,10,1,1,C03,7,9,1,10,2,11,12,15,15,1,13,4,120.683601,24.14677,2
905,66000,387130000C,(04)23274275,(04)23288582,2025,04,2,21,57,臺中市,南屯區,0,0,0,7,,,50,,,,,,,,,,,,,,,,,,,B03,,,1,,1,,,59,59,1,12,4,120.626211,24.145148,3
906,66000,387130000C,(04)23274275,(04)23288582,2025,04,2,22,22,臺中市,大雅區,0,0,0,7,,,0,,,,,,,,,,,,,,9,,,,,B03,,,1,,2,,,51,51,1,13,4,120.652772,24.222322,3
907,66000,387130000C,(04)23274275,(04)23288582,2025,04,2,22,23,臺中市,太平區,0,1,0,7,1,6,50,3,7,1,5,4,6,6,1,1,5,5,4,1,16,3,10,3,1,B03,7,11,1,8,2,4,,39,39,1,12,4,120.726033,24.149527,2
908,66000,387130000C,(04)23274275,(04)23288582,2025,04,2,22,24,臺中市,南屯區,0,0,0,7,,,50,,,,,,,,,,,,,,14,,,,,B03,,,1,,1,,,49,49,1,6,4,120.630016,24.120475,3
909,66000,387130000C,(04)23274275,(04)23288582,2025,04,2,22,24,臺中市,龍井區,0,1,0,7,1,6,30,3,1,1,5,4,6,6,4,4,10,5,5,2,16,3,10,2,1,C03,7,6,1,10,2,11,,14,14,1,5,4,120.59168,24.18127,2
910,66000,387130000C,(04)23274275,(04)23288582,2025,04,2,22,24,臺中市,清水區,0,0,0,7,,,50,,,,,,,,,,,,,,,,,,,B03,,,1,,2,,,49,49,1,12,4,120.54198,24.267936,3
911,66000,387130000C,(04)23274275,(04)23288582,2025,04,2,22,30,臺中市,北屯區,0,1,0,7,1,6,50,4,1,1,5,4,6,6,2,1,10,5,5,2,16,3,10,3,1,B03,7,6,1,8,2,8,,11,11,1,12,4,120.699599,24.1648,2
912,66000,387130000C,(04)23274275,(04)23288582,2025,04,2,22,30,臺中市,西屯區,0,0,0,7,,,50,,,,,,,,,,,,,,12,,,,,B01,,,1,,1,,,59,59,1,13,4,120.622569,24.176316,3
913,66000,387130000C,(04)23274275,(04)23288582,2025,04,2,22,50,臺中市,東區,0,0,0,7,,,50,,,,,,,,,,,,,,13,,,,,A04,,,1,,1,,,84,84,1,12,4,120.693452,24.133073,4
914,66000,387130000C,(04)23274275,(04)23288582,2025,04,2,23,2,臺中市,南屯區,0,0,0,7,,,50,,,,,,,,,,,,,,,,,,,B03,,,1,,2,,,59,59,1,12,4,120.649095,24.12891,3
915,66000,387130000C,(04)23274275,(04)23288582,2025,04,2,23,3,臺中市,南區,0,0,0,7,,,50,,,,,,,,,,,,,,,,,,,B03,,,1,,1,,,7,7,1,6,4,120.679394,24.122376,3
916,66000,387130000C,(04)23274275,(04)23288582,2025,04,2,23,3,臺中市,大肚區,0,1,0,7,1,6,30,4,1,1,5,4,6,6,4,4,10,5,5,2,15,2,9,2,1,C03,7,9,1,10,2,14,,6,6,1,5,4,120.579747,24.173996,2
917,66000,387130000C,(04)23274275,(04)23288582,2025,04,2,23,5,臺中市,南屯區,0,0,0,7,,,50,,,,,,,,,,,,,,,,,,,B03,,,1,,9,,,59,59,1,12,4,120.652791,24.142728,3
918,66000,387130000C,(04)23274275,(04)23288582,2025,04,2,23,6,臺中市,北區,0,2,0,7,2,6,50,5,1,1,5,4,6,6,2,1,2,4,5,2,17,2,7,1,1,C03,7,9,1,10,2,11,,7,7,1,12,4,120.686359,24.154678,2
919,66000,387130000C,(04)23274275,(04)23288582,2025,04,2,23,10,臺中市,南屯區,0,1,0,7,1,6,50,3,1,1,2,4,6,6,2,1,10,5,5,2,18,2,8,2,4,C03,7,6,1,10,2,12,,87,87,1,6,4,120.623533,24.152312,2
920,66000,387130000C,(04)23274275,(04)23288582,2025,04,2,23,29,臺中市,烏日區,0,1,0,7,1,6,30,3,2,1,5,4,6,6,4,4,10,5,5,2,14,3,10,5,4,B01,7,2,1,4,2,3,,49,49,1,13,4,120.605776,24.108062,2
921,66000,387130000C,(04)23274275,(04)23288582,2025,04,2,23,44,臺中市,后里區,0,1,0,7,1,6,50,3,2,1,5,4,6,6,3,1,5,4,4,1,16,3,10,3,1,B03,7,11,1,8,2,7,,45,45,1,6,4,120.694243,24.313576,2
922,66000,387130000C,(04)23274275,(04)23288582,2025,04,2,23,51,臺中市,西屯區,0,1,0,7,1,6,50,13,9,1,5,4,6,6,4,4,5,5,5,2,13,2,9,1,1,C03,7,9,1,10,2,12,,7,7,1,13,4,120.63499,24.182146,2
923,66000,387130000C,(04)23274275,(04)23288582,2025,04,3,0,18,臺中市,北區,0,0,0,7,,,30,,,,,,,,,,,,,,17,,,,,B03,,,1,,9,,,84,84,1,13,4,120.673314,24.172243,3
924,66000,387130000C,(04)23274275,(04)23288582,2025,04,3,0,43,臺中市,西區,0,2,0,7,1,6,50,4,1,1,5,4,6,6,4,4,10,5,5,2,15,2,8,3,1,B01,7,9,1,4,2,2,6,15,15,1,12,4,120.664305,24.149021,2
925,66000,387130000C,(04)23274275,(04)23288582,2025,04,3,0,53,臺中市,西區,0,1,0,7,1,6,50,4,1,1,5,4,6,6,2,1,10,5,5,2,17,3,10,3,1,B03,7,5,1,8,2,6,,11,11,1,13,4,120.669802,24.14732,2
926,66000,387130000C,(04)23274275,(04)23288582,2025,04,3,1,20,臺中市,西屯區,0,2,0,7,1,6,50,4,1,1,5,4,6,6,2,1,10,5,5,2,15,2,9,2,1,C03,7,9,1,10,2,11,,59,59,1,13,4,120.65349,24.16074,2
927,66000,387130000C,(04)23274275,(04)23288582,2025,04,3,2,0,臺中市,大里區,0,1,0,7,1,6,50,3,9,1,5,4,6,6,4,4,9,4,5,2,17,2,9,2,1,C03,7,6,1,10,5,11,,59,59,1,12,4,120.690417,24.123448,2
928,66000,387130000C,(04)23274275,(04)23288582,2025,04,3,2,9,臺中市,西屯區,0,0,0,7,,,50,,,,,,,,,,,,,,13,,,,,B03,,,1,,1,,,59,59,1,13,4,120.636478,24.170613,3
929,66000,387130000C,(04)23274275,(04)23288582,2025,04,3,3,4,臺中市,梧棲區,0,0,0,7,,,60,,,,,,,,,,,,,,17,,,,,B03,,,1,,2,,,59,59,1,6,4,120.53765,24.253963,3
930,66000,387130000C,(04)23274275,(04)23288582,2025,04,3,4,11,臺中市,南區,0,0,0,7,1,6,50,4,1,1,5,4,6,6,2,1,10,5,5,2,30,3,10,3,1,B03,7,9,1,8,7,1,,84,84,1,12,4,120.650285,24.119602,3
931,66000,387130000C,(04)23274275,(04)23288582,2025,04,3,4,25,臺中市,北區,0,0,0,7,,,50,,,,,,,,,,,,,,17,,,,,B03,,,3,,9,,,49,49,1,13,4,120.677384,24.15286,3
932,66000,387130000C,(04)23274275,(04)23288582,2025,04,3,4,36,臺中市,太平區,0,0,0,7,,,40,,,,,,,,,,,,,,18,,,,,B03,,,1,,2,,,84,84,1,13,4,120.808065,24.095749,3
933,66000,387130000C,(04)23274275,(04)23288582,2025,04,3,5,20,臺中市,東區,0,1,0,7,1,6,50,4,9,1,5,4,6,6,2,1,5,5,5,2,16,2,9,5,4,C03,7,6,1,10,2,14,,20,20,1,6,4,120.69601,24.142895,2
934,66000,387130000C,(04)23274275,(04)23288582,2025,04,3,6,18,臺中市,外埔區,0,2,0,7,2,6,50,13,9,1,5,4,6,6,4,4,9,5,5,1,17,2,8,2,1,C03,7,4,1,10,2,12,,84,84,1,12,4,120.694476,24.333783,2
935,66000,387130000C,(04)23274275,(04)23288582,2025,04,3,6,23,臺中市,大里區,0,2,0,7,2,6,50,13,9,1,5,4,6,6,4,4,9,4,5,2,13,2,9,2,1,C03,7,9,3,19,2,11,,7,7,1,12,4,120.700999,24.102324,2
936,66000,387130000C,(04)23274275,(04)23288582,2025,04,3,6,24,臺中市,南屯區,0,1,0,7,2,6,60,13,7,1,5,4,6,6,4,4,3,1,3,1,26,2,9,3,1,B03,7,9,1,1,2,4,,59,59,1,6,4,120.596604,24.155936,2
937,66000,387130000C,(04)23274275,(04)23288582,2025,04,3,6,24,臺中市,霧峰區,0,0,0,7,,,50,,,,,,,,,,,,,,17,,,,,A11,,,1,,1,,,8,8,1,6,4,120.692555,24.065971,3
938,66000,387130000C,(04)23274275,(04)23288582,2025,04,3,6,29,臺中市,大雅區,0,2,0,7,3,6,30,4,9,1,5,4,6,6,1,1,10,5,5,1,15,2,9,1,1,F03,7,9,7,21,2,14,,85,85,1,13,4,120.639198,24.226003,2
939,66000,387130000C,(04)23274275,(04)23288582,2025,04,3,6,35,臺中市,大肚區,0,1,0,7,2,6,50,13,8,1,5,4,6,6,4,4,1,4,4,1,12,3,10,1,1,C03,7,7,1,10,2,12,,40,40,1,6,4,120.555635,24.128707,2
940,66000,387130000C,(04)23274275,(04)23288582,2025,04,3,6,37,臺中市,南屯區,0,2,0,7,3,6,50,4,1,1,5,4,6,6,2,1,10,5,5,2,16,3,10,2,4,C03,7,6,1,10,2,12,,48,48,1,6,4,120.612592,24.138482,2
941,66000,387130000C,(04)23274275,(04)23288582,2025,04,3,7,13,臺中市,中區,0,0,0,7,,,20,,,,,,,,,,,,,,17,,,,,A12,,,1,,11,,,85,85,1,12,4,120.678316,24.146864,3
942,66000,387130000C,(04)23274275,(04)23288582,2025,04,3,7,15,臺中市,霧峰區,0,1,0,7,2,6,50,3,1,1,5,4,6,6,4,4,5,5,5,1,28,2,8,2,1,C03,7,9,1,10,2,11,,87,87,1,13,4,120.697818,24.067166,2
943,66000,387130000C,(04)23274275,(04)23288582,2025,04,3,7,30,臺中市,大肚區,0,1,0,7,3,6,50,11,9,1,5,4,6,6,4,4,4,5,5,2,17,3,10,3,1,A11,7,5,1,1,11,16,,75,75,1,6,4,120.549576,24.157832,2
944,66000,387130000C,(04)23274275,(04)23288582,2025,04,3,7,31,臺中市,北區,0,2,0,7,2,6,50,13,9,1,5,4,6,6,4,4,5,4,5,2,13,2,9,5,4,C03,7,9,1,10,2,11,,84,84,1,12,4,120.687378,24.149477,2
945,66000,387130000C,(04)23274275,(04)23288582,2025,04,3,7,35,臺中市,龍井區,0,1,0,7,2,6,40,4,19,1,5,4,6,6,2,1,3,2,3,2,3,3,10,2,1,C03,7,9,1,10,2,12,,10,10,1,6,4,120.592952,24.182892,2
946,66000,387130000C,(04)23274275,(04)23288582,2025,04,3,7,40,臺中市,烏日區,0,1,0,7,2,6,50,13,9,1,5,4,6,6,4,4,5,4,5,1,12,3,10,1,1,C03,7,3,3,19,2,12,,50,50,1,6,4,120.644169,24.085755,2
947,66000,387130000C,(04)23274275,(04)23288582,2025,04,3,7,44,臺中市,大肚區,0,1,0,7,3,6,50,11,9,1,5,4,6,6,4,4,4,5,5,2,17,3,10,3,1,A11,7,5,1,1,11,16,,75,75,1,6,4,120.549533,24.157793,2
948,66000,387130000C,(04)23274275,(04)23288582,2025,04,3,7,47,臺中市,西屯區,0,0,0,7,,,50,,,,,,,,,,,,,,13,,,,,B03,,,1,,1,,,58,58,1,13,4,120.637282,24.170901,3
949,66000,387130000C,(04)23274275,(04)23288582,2025,04,3,7,51,臺中市,大雅區,0,0,0,7,,,0,,,,,,,,,,,,,,,,,,,B03,,,1,,9,,,49,49,1,13,4,120.643756,24.227912,3
950,66000,387130000C,(04)23274275,(04)23288582,2025,04,3,7,55,臺中市,梧棲區,0,2,0,7,2,6,30,4,1,1,5,4,6,6,4,4,10,5,5,2,15,2,1,1,1,C03,7,9,1,10,2,11,,15,15,1,13,4,120.517946,24.224111,2
951,66000,387130000C,(04)23274275,(04)23288582,2025,04,3,7,56,臺中市,沙鹿區,0,0,0,7,,,30,,,,,,,,,,,,,,,,,,,B03,,,1,,1,,,7,7,1,13,4,120.560163,24.238325,3
952,66000,387130000C,(04)23274275,(04)23288582,2025,04,3,8,0,臺中市,西屯區,0,2,0,7,2,6,50,3,1,1,5,4,6,6,2,1,4,3,5,2,16,2,9,5,4,C03,7,6,1,10,2,12,,11,11,1,13,4,120.633414,24.169917,2
953,66000,387130000C,(04)23274275,(04)23288582,2025,04,3,8,4,臺中市,外埔區,0,1,0,7,2,6,50,4,1,1,5,4,6,6,4,4,5,4,4,1,16,2,1,1,1,C03,7,1,1,10,2,14,,51,51,1,12,4,120.653681,24.331407,2
954,66000,387130000C,(04)23274275,(04)23288582,2025,04,3,8,16,臺中市,霧峰區,0,0,0,7,,,50,,,,,,,,,,,,,,,,,,,B03,,,1,,1,,,84,84,1,6,4,120.696419,24.03051,3
955,66000,387130000C,(04)23274275,(04)23288582,2025,04,3,8,19,臺中市,后里區,0,0,0,7,2,6,50,3,2,1,5,4,6,6,4,4,4,5,4,1,14,3,10,3,1,B03,7,2,1,8,1,6,,49,49,1,12,4,120.715989,24.309882,3
956,66000,387130000C,(04)23274275,(04)23288582,2025,04,3,8,20,臺中市,太平區,0,2,0,7,3,6,50,13,12,1,5,4,6,6,4,4,5,2,4,1,13,2,8,1,1,C03,7,9,1,10,2,11,,7,7,1,12,4,120.731978,24.11396,2
957,66000,387130000C,(04)23274275,(04)23288582,2025,04,3,8,22,臺中市,北區,0,2,0,7,2,6,40,13,8,1,5,4,6,6,1,1,1,2,4,2,12,2,9,1,1,C03,7,10,1,10,2,12,,20,20,1,13,4,120.674999,24.148771,2
958,66000,387130000C,(04)23274275,(04)23288582,2025,04,3,8,29,臺中市,西屯區,0,2,0,7,1,6,50,4,1,1,5,4,6,6,2,1,10,5,5,2,15,2,9,1,1,C01,7,9,3,19,2,12,,21,21,1,12,4,120.656488,24.200222,2
959,66000,387130000C,(04)23274275,(04)23288582,2025,04,3,8,31,臺中市,大里區,0,1,0,7,2,6,50,3,2,1,5,4,6,6,4,4,5,5,4,1,17,2,9,1,1,C03,7,9,3,19,2,12,,84,84,1,12,4,120.687727,24.101144,2
960,66000,387130000C,(04)23274275,(04)23288582,2025,04,3,8,39,臺中市,北區,0,1,0,7,2,6,50,13,9,1,5,4,6,6,4,4,1,5,5,2,17,3,10,1,1,C03,7,1,1,10,2,15,,51,51,1,12,4,120.674164,24.165314,2
961,66000,387130000C,(04)23274275,(04)23288582,2025,04,3,8,40,臺中市,豐原區,0,2,0,7,1,6,50,3,1,1,5,4,6,6,1,1,1,4,5,1,17,2,9,1,1,C03,7,9,1,10,2,11,,84,84,1,6,4,120.732684,24.259083,2
962,66000,387130000C,(04)23274275,(04)23288582,2025,04,3,8,44,臺中市,北屯區,0,0,0,7,,,50,,,,,,,,,,,,,,17,,,,,,,,,,,,,119,119,1,,,120.720873,24.162005,3
963,66000,387130000C,(04)23274275,(04)23288582,2025,04,3,8,48,臺中市,南屯區,0,0,0,7,,,50,,,,,,,,,,,,,,,,,,,C04,,,1,,2,,,7,7,1,12,4,120.637983,24.147022,3
964,66000,387130000C,(04)23274275,(04)23288582,2025,04,3,8,52,臺中市,南屯區,0,0,0,7,,,50,,,,,,,,,,,,,,13,,,,,B03,,,1,,1,,,7,7,1,13,4,120.596357,24.153268,3
965,66000,387130000C,(04)23274275,(04)23288582,2025,04,3,8,55,臺中市,東區,0,1,0,7,2,6,50,4,1,1,5,4,6,6,1,1,9,5,4,2,17,3,10,1,1,C03,7,9,1,10,2,11,,7,7,1,12,4,120.689988,24.131836,2
966,66000,387130000C,(04)23274275,(04)23288582,2025,04,3,8,59,臺中市,北屯區,0,1,0,7,1,6,50,13,9,1,5,4,6,6,4,4,3,4,5,2,13,3,10,3,1,B03,7,9,1,8,2,1,,84,84,1,13,4,120.721596,24.182362,2
967,66000,387130000C,(04)23274275,(04)23288582,2025,04,3,9,0,臺中市,南屯區,0,0,0,7,,,30,,,,,,,,,,,,,,,,,,,B03,,,1,,1,,,7,7,1,6,4,120.585987,24.163457,3
968,66000,387130000C,(04)23274275,(04)23288582,2025,04,3,9,1,臺中市,龍井區,0,0,0,7,,,90,,,,,,,,,,,,,,13,,,,,B13,,,1,,2,,,7,7,1,6,4,120.52278,24.218628,3
969,66000,387130000C,(04)23274275,(04)23288582,2025,04,3,9,5,臺中市,太平區,0,1,0,7,3,6,30,4,1,1,5,4,6,6,4,4,10,5,5,2,15,2,8,1,1,F03,7,9,7,21,2,12,,12,12,1,6,4,120.723897,24.134711,2
970,66000,387130000C,(04)23274275,(04)23288582,2025,04,3,9,12,臺中市,清水區,0,2,0,7,2,6,50,4,1,1,5,4,6,6,4,4,5,2,5,1,15,2,7,2,1,C03,7,9,1,10,2,11,,20,20,1,13,4,120.56919,24.266951,2
971,66000,387130000C,(04)23274275,(04)23288582,2025,04,3,9,13,臺中市,外埔區,0,2,0,7,2,6,40,13,7,1,5,4,6,6,4,4,4,4,4,1,16,2,9,1,1,C03,7,11,1,10,2,14,,39,39,1,12,4,120.634516,24.344378,2
972,66000,387130000C,(04)23274275,(04)23288582,2025,04,3,9,14,臺中市,梧棲區,0,1,0,7,3,6,50,3,1,1,5,4,6,6,4,4,10,5,5,2,16,3,10,3,1,B03,7,6,1,8,2,8,,59,59,1,6,4,120.532978,24.252129,2
973,66000,387130000C,(04)23274275,(04)23288582,2025,04,3,9,27,臺中市,潭子區,0,3,0,7,3,6,50,5,1,1,5,4,6,6,1,1,1,4,5,1,17,2,9,2,1,C03,7,9,1,10,2,14,,85,85,1,13,4,120.709422,24.200329,2
974,66000,387130000C,(04)23274275,(04)23288582,2025,04,3,9,28,臺中市,霧峰區,0,0,0,7,,,30,,,,,,,,,,,,,,17,,,,,B03,,,1,,1,,,84,84,1,12,4,120.700541,24.070126,3
975,66000,387130000C,(04)23274275,(04)23288582,2025,04,3,9,31,臺中市,清水區,0,2,0,7,2,6,40,5,1,1,5,4,6,6,1,1,8,4,4,1,17,2,9,1,1,C03,7,9,1,10,2,11,,84,84,1,12,4,120.573097,24.276977,2
976,66000,387130000C,(04)23274275,(04)23288582,2025,04,3,9,32,臺中市,大雅區,0,1,0,7,3,6,0,13,9,1,5,4,6,6,4,4,10,5,5,2,3,2,9,6,5,H01,8,16,7,21,10,17,,98,98,1,13,5,120.648528,24.23229,2
977,66000,387130000C,(04)23274275,(04)23288582,2025,04,3,9,38,臺中市,梧棲區,0,1,0,7,2,6,70,13,12,1,5,4,6,6,4,4,9,4,4,1,17,3,10,3,1,B03,7,1,1,8,2,8,,51,51,1,12,4,120.558401,24.255728,2
978,66000,387130000C,(04)23274275,(04)23288582,2025,04,3,9,38,臺中市,豐原區,0,0,0,7,,,50,,,,,,,,,,,,,,30,,,,,B03,,,1,,2,,,8,8,1,6,4,120.715722,24.248911,3
979,66000,387130000C,(04)23274275,(04)23288582,2025,04,3,9,40,臺中市,北屯區,0,0,0,7,,,50,,,,,,,,,,,,,,23,,,,,B03,,,1,,2,,,59,59,1,6,4,120.693368,24.195156,4
980,66000,387130000C,(04)23274275,(04)23288582,2025,04,3,9,43,臺中市,烏日區,0,0,0,7,,,40,,,,,,,,,,,,,,,,,,,C03,,,1,,2,,,40,40,1,6,4,120.616692,24.113903,3
981,66000,387130000C,(04)23274275,(04)23288582,2025,04,3,9,51,臺中市,北屯區,0,1,0,7,3,6,40,13,8,1,5,4,6,6,4,4,1,4,4,2,12,3,10,3,1,B03,7,1,1,8,2,8,,51,51,1,12,4,120.669167,24.177806,2
982,66000,387130000C,(04)23274275,(04)23288582,2025,04,3,9,52,臺中市,霧峰區,0,1,0,7,2,6,50,5,12,1,5,4,6,6,1,1,5,5,4,1,13,2,7,1,1,C03,7,7,1,10,2,11,,7,7,1,6,4,120.699276,24.068459,2
983,66000,387130000C,(04)23274275,(04)23288582,2025,04,3,9,54,臺中市,大里區,0,0,0,7,,,50,,,,,,,,,,,,,,14,,,,,B03,,,1,,1,,,50,50,1,6,4,120.680706,24.107251,3
984,66000,387130000C,(04)23274275,(04)23288582,2025,04,3,9,55,臺中市,東區,0,1,0,7,3,6,40,3,2,1,5,4,6,6,2,1,10,5,5,2,18,2,9,1,1,C03,7,15,1,10,2,12,,82,82,1,13,4,120.687838,24.140098,2
985,66000,387130000C,(04)23274275,(04)23288582,2025,04,3,9,56,臺中市,東區,0,0,0,7,,,30,,,,,,,,,,,,,,17,,,,,,,,,,,,,86,86,1,,,120.6891,24.135186,3
986,66000,387130000C,(04)23274275,(04)23288582,2025,04,3,9,56,臺中市,清水區,0,1,0,7,2,6,30,13,9,1,5,4,6,6,4,4,10,5,5,1,11,3,10,3,1,B03,7,9,1,8,1,4,,8,8,1,13,4,120.596749,24.287089,2
987,66000,387130000C,(04)23274275,(04)23288582,2025,04,3,9,57,臺中市,北區,0,0,0,7,,,50,,,,,,,,,,,,,,15,,,,,C03,,,1,,2,,,7,7,1,13,4,120.684215,24.154598,3
988,66000,387130000C,(04)23274275,(04)23288582,2025,04,3,9,58,臺中市,北屯區,0,0,0,7,,,50,,,,,,,,,,,,,,13,,,,,B03,,,1,,2,,,59,59,1,13,4,120.665396,24.184269,3
989,66000,387130000C,(04)23274275,(04)23288582,2025,04,3,10,1,臺中市,南屯區,0,0,0,7,,,40,,,,,,,,,,,,,,17,,,,,B03,,,1,,1,,,59,59,1,6,4,120.652188,24.143442,3
990,66000,387130000C,(04)23274275,(04)23288582,2025,04,3,10,3,臺中市,沙鹿區,0,2,0,7,2,6,50,13,7,1,5,4,6,6,4,4,8,3,4,1,17,3,10,5,4,B03,7,6,1,8,2,4,,20,20,1,13,4,120.571164,24.238222,2
991,66000,387130000C,(04)23274275,(04)23288582,2025,04,3,10,5,臺中市,北區,0,0,0,7,,,50,,,,,,,,,,,,,,13,,,,,C04,,,3,,1,,,84,84,1,12,4,120.691724,24.160224,3
992,66000,387130000C,(04)23274275,(04)23288582,2025,04,3,10,5,臺中市,太平區,0,0,0,7,,,50,,,,,,,,,,,,,,13,,,,,B03,,,1,,2,,,59,59,1,12,4,120.721609,24.149116,3
993,66000,387130000C,(04)23274275,(04)23288582,2025,04,3,10,10,臺中市,北屯區,0,0,0,7,,,50,,,,,,,,,,,,,,12,,,,,C03,,,1,,2,,,51,51,1,6,4,120.704597,24.171323,4
994,66000,387130000C,(04)23274275,(04)23288582,2025,04,3,10,14,臺中市,清水區,0,1,0,7,2,6,50,3,2,1,5,4,6,6,1,1,9,3,5,1,17,3,10,3,1,B03,7,1,1,8,2,4,,51,51,1,12,4,120.55498,24.265881,2
995,66000,387130000C,(04)23274275,(04)23288582,2025,04,3,10,15,臺中市,大雅區,0,0,0,7,,,50,,,,,,,,,,,,,,,,,,,B03,,,1,,2,,,8,8,1,13,4,120.649617,24.223776,3
996,66000,387130000C,(04)23274275,(04)23288582,2025,04,3,10,16,臺中市,大里區,0,1,0,7,3,6,50,4,1,1,5,4,6,6,1,1,1,4,4,1,16,3,10,1,1,C03,7,5,1,10,2,12,,84,84,1,13,4,120.695582,24.099581,2
997,66000,387130000C,(04)23274275,(04)23288582,2025,04,3,10,18,臺中市,沙鹿區,0,1,0,7,2,6,50,11,9,1,5,4,6,6,4,4,5,5,5,2,11,3,10,3,1,B03,7,9,1,8,2,4,,8,8,1,6,4,120.565527,24.246488,2
998,66000,387130000C,(04)23274275,(04)23288582,2025,04,3,10,23,臺中市,北屯區,0,1,0,7,2,6,50,4,1,1,5,4,6,6,4,4,4,3,5,2,13,2,9,1,1,C03,7,9,1,10,2,11,,7,7,1,12,4,120.735769,24.177877,2
999,66000,387130000C,(04)23274275,(04)23288582,2025,04,3,10,24,臺中市,南屯區,0,1,0,7,2,6,50,4,1,1,5,4,6,6,4,4,10,5,5,2,16,3,10,3,1,B03,7,5,1,8,1,2,,20,20,1,13,4,120.650892,24.130931,2
1000,66000,387130000C,(04)23274275,(04)23288582,2025,04,3,10,24,臺中市,大里區,0,1,0,7,2,6,50,3,1,1,5,4,6,6,4,4,10,5,5,2,16,3,10,3,1,B03,7,6,1,8,2,8,,13,13,1,12,4,120.679644,24.112484,2
1001,66000,387130000C,(04)23274275,(04)23288582,2025,04,3,10,29,臺中市,沙鹿區,0,1,0,7,3,6,50,13,7,1,5,4,6,6,4,4,4,5,4,2,17,4,11,2,1,C03,7,3,1,10,2,11,,50,50,1,12,4,120.567134,24.236739,2
1002,66000,387130000C,(04)23274275,(04)23288582,2025,04,3,10,36,臺中市,大里區,0,0,0,7,,,30,,,,,,,,,,,,,,,,,,,B03,,,1,,2,,,7,7,1,13,4,120.732415,24.088565,3
1003,66000,387130000C,(04)23274275,(04)23288582,2025,04,3,10,36,臺中市,沙鹿區,0,2,0,7,2,6,50,4,1,1,5,4,6,6,1,1,3,4,4,2,15,2,9,1,1,C03,7,9,1,10,2,12,,21,21,1,13,4,120.571046,24.258903,2
1004,66000,387130000C,(04)23274275,(04)23288582,2025,04,3,10,38,臺中市,西區,0,0,0,7,,,50,,,,,,,,,,,,,,,,,,,B01,,,1,,1,,,7,7,1,6,4,120.666537,24.136564,3
1005,66000,387130000C,(04)23274275,(04)23288582,2025,04,3,10,41,臺中市,大甲區,0,2,0,7,3,6,50,13,9,1,5,4,6,6,4,4,4,5,5,1,3,2,9,6,5,H01,8,16,7,21,10,17,,95,95,1,12,5,120.623782,24.345123,2
1006,66000,387130000C,(04)23274275,(04)23288582,2025,04,3,10,45,臺中市,東區,0,1,0,7,3,6,50,4,1,1,5,4,6,6,1,1,1,2,5,2,12,3,10,2,1,C03,7,9,1,10,2,14,,1,1,1,6,2,120.690381,24.131551,2
1007,66000,387130000C,(04)23274275,(04)23288582,2025,04,3,10,45,臺中市,霧峰區,0,0,0,7,,,50,,,,,,,,,,,,,,,,,,,B03,,,1,,1,,,84,84,1,13,4,120.718559,24.078466,3
1008,66000,387130000C,(04)23274275,(04)23288582,2025,04,3,10,46,臺中市,沙鹿區,0,2,0,7,1,6,30,7,9,2,5,4,6,6,4,4,10,5,5,2,17,2,9,5,4,C03,7,9,1,10,2,14,,8,8,1,13,4,120.559437,24.241626,2
1009,66000,387130000C,(04)23274275,(04)23288582,2025,04,3,10,58,臺中市,北屯區,0,1,0,7,1,6,50,4,2,1,5,4,6,6,1,1,3,4,5,2,12,2,9,3,1,B03,7,9,1,8,2,2,,43,43,1,13,4,120.720961,24.170505,2
1010,66000,387130000C,(04)23274275,(04)23288582,2025,04,3,10,59,臺中市,北屯區,0,2,0,7,3,6,50,4,1,1,5,4,6,6,1,1,10,5,5,2,16,2,8,1,1,C03,7,9,1,10,2,11,,21,21,1,12,4,120.682216,24.169587,2
1011,66000,387130000C,(04)23274275,(04)23288582,2025,04,3,11,0,臺中市,神岡區,0,0,0,7,,,50,,,,,,,,,,,,,,20,,,,,B03,,,1,,3,,,59,59,1,12,4,120.697609,24.25127,3
1012,66000,387130000C,(04)23274275,(04)23288582,2025,04,3,11,3,臺中市,大雅區,0,2,0,7,1,6,50,5,1,1,5,4,6,6,1,1,10,5,5,2,13,2,8,1,1,C03,7,12,1,10,2,11,,7,7,1,12,4,120.650161,24.227115,2
1013,66000,387130000C,(04)23274275,(04)23288582,2025,04,3,11,5,臺中市,清水區,0,2,0,7,2,6,50,13,9,1,5,4,6,6,4,4,5,2,5,2,12,2,8,2,1,C03,7,1,3,19,2,11,,51,51,1,13,4,120.571849,24.272158,2
1014,66000,387130000C,(04)23274275,(04)23288582,2025,04,3,11,8,臺中市,北屯區,0,0,0,7,,,50,,,,,,,,,,,,,,16,,,,,B03,,,1,,2,,,14,14,1,13,4,120.695321,24.168251,3