序號,縣市別代碼,機關代碼,市話,傳真,年,月,日,時,分,縣市,區,死亡數量,受傷數量,2-30,天候,道路照明設備,道路類別,道路速限,道路型態,事故位置,路面鋪裝,路面狀態,路面缺陷,障礙物,視距,號誌種類,號誌動作,分向設施,快車道或一般車道間,快慢車道間,路面邊線,事故類型及型態,受傷程度,主要傷處,保護裝備,行動電話或功能裝置,當事者區分（類別）,車輛用途,當事者行動狀態,駕照狀態,駕照種類,飲酒情形,車輛撞擊部位最初,車輛撞擊部位其他,肇事因素個別,肇事因素主要,肇事逃逸,職業,共享經濟或外送平台,GPS座標X,GPS座標Y,事故類別
1463,66000,387130000C,(04)23274275,(04)23288582,2025,04,4,18,40,臺中市,東區,0,0,0,7,,,50,,,,,,,,,,,,,,,,,,,C03,,,1,,1,,,7,7,1,12,4,120.703674,24.131436,3
1464,66000,387130000C,(04)23274275,(04)23288582,2025,04,4,18,46,臺中市,大里區,0,1,0,7,1,6,50,3,1,1,5,4,6,6,1,1,5,2,5,2,16,2,8,1,1,C03,7,6,1,10,2,14,,48,48,1,13,2,120.695702,24.104226,2
1465,66000,387130000C,(04)23274275,(04)23288582,2025,04,4,18,48,臺中市,霧峰區,0,0,0,7,,,50,,,,,,,,,,,,,,,,,,,F03,,,7,,1,,,78,78,1,4,4,120.698732,24.063815,3
1466,66000,387130000C,(04)23274275,(04)23288582,2025,04,4,18,50,臺中市,烏日區,0,0,0,7,,,40,,,,,,,,,,,,,,9,,,,,B03,,,1,,2,,,76,76,1,6,4,120.639387,24.108018,3
1467,66000,387130000C,(04)23274275,(04)23288582,2025,04,4,19,8,臺中市,西屯區,0,0,0,7,,,40,,,,,,,,,,,,,,17,,,,,F01,,,7,,1,,,82,82,1,13,4,120.664547,24.179485,4
1468,66000,387130000C,(04)23274275,(04)23288582,2025,04,4,19,15,臺中市,西區,0,0,0,6,,,50,,,,,,,,,,,,,,,,,,,B03,,,1,,1,,,84,84,1,12,4,120.657478,24.156999,3
1469,66000,387130000C,(04)23274275,(04)23288582,2025,04,4,19,15,臺中市,西區,0,1,0,7,2,6,50,13,9,1,5,4,6,6,4,4,5,4,5,2,17,3,10,3,1,B03,7,1,1,8,2,8,,51,51,1,12,4,120.661582,24.136771,2
1470,66000,387130000C,(04)23274275,(04)23288582,2025,04,4,19,22,臺中市,北屯區,0,0,0,7,,,50,,,,,,,,,,,,,,16,,,,,C03,,,1,,1,,,14,14,1,13,4,120.689467,24.175702,3
1471,66000,387130000C,(04)23274275,(04)23288582,2025,04,4,19,24,臺中市,北屯區,0,2,0,7,1,6,50,13,7,1,5,4,6,6,4,4,5,5,4,2,17,3,10,3,1,B03,7,11,1,8,2,8,,45,45,1,13,4,120.659399,24.190369,2
1472,66000,387130000C,(04)23274275,(04)23288582,2025,04,4,19,27,臺中市,太平區,0,2,0,7,1,6,50,3,1,1,5,4,6,6,4,4,10,5,5,2,16,2,9,2,1,C03,7,6,1,10,2,14,,13,13,1,12,4,120.712128,24.149957,2
1473,66000,387130000C,(04)23274275,(04)23288582,2025,04,4,19,34,臺中市,北區,0,1,0,7,1,6,50,4,1,1,5,4,6,6,2,1,10,5,5,2,17,3,10,5,4,C03,7,9,1,10,2,13,,42,42,1,13,4,120.676567,24.160407,2
1474,66000,387130000C,(04)23274275,(04)23288582,2025,04,4,19,38,臺中市,東區,0,0,0,7,,,50,,,,,,,,,,,,,,12,,,,,B03,,,1,,1,,,51,51,1,12,4,120.687321,24.13694,3
1475,66000,387130000C,(04)23274275,(04)23288582,2025,04,4,19,48,臺中市,西區,0,0,0,7,,,50,,,,,,,,,,,,,,14,,,,,B03,,,1,,9,,,49,49,1,12,4,120.655889,24.155551,3
1476,66000,387130000C,(04)23274275,(04)23288582,2025,04,4,20,1,臺中市,大肚區,0,0,0,7,,,50,,,,,,,,,,,,,,,,,,,A12,,,1,,1,,,84,84,1,6,4,120.544726,24.153164,3
1477,66000,387130000C,(04)23274275,(04)23288582,2025,04,4,20,5,臺中市,西區,0,2,0,7,1,6,50,4,1,1,5,4,6,6,2,1,10,5,5,2,17,2,9,1,1,C03,7,9,1,10,2,11,,21,21,1,12,4,120.663128,24.14306,2
1478,66000,387130000C,(04)23274275,(04)23288582,2025,04,4,20,5,臺中市,龍井區,0,0,0,7,,,40,,,,,,,,,,,,,,,,,,,B03,,,1,,1,,,51,51,1,13,4,120.545902,24.193601,3
1479,66000,387130000C,(04)23274275,(04)23288582,2025,04,4,20,6,臺中市,南屯區,0,0,0,7,,,40,,,,,,,,,,,,,,15,,,,,C03,,,1,,1,,,21,21,1,6,4,120.642056,24.140336,3
1480,66000,387130000C,(04)23274275,(04)23288582,2025,04,4,20,9,臺中市,霧峰區,0,0,0,7,,,80,,,,,,,,,,,,,,13,,,,,B03,,,1,,2,,,7,7,1,12,4,120.684995,24.075295,3
1481,66000,387130000C,(04)23274275,(04)23288582,2025,04,4,20,27,臺中市,北屯區,0,1,0,7,1,6,50,13,9,1,5,4,6,6,4,4,1,4,5,2,13,3,10,1,1,C03,7,9,2,19,2,11,,84,84,1,12,4,120.699627,24.161165,2
1482,66000,387130000C,(04)23274275,(04)23288582,2025,04,4,20,50,臺中市,西屯區,0,0,0,7,,,40,,,,,,,,,,,,,,17,,,,,B03,,,1,,2,,,50,50,1,12,4,120.659493,24.165428,3
1483,66000,387130000C,(04)23274275,(04)23288582,2025,04,4,20,57,臺中市,龍井區,0,1,0,7,1,6,40,13,8,1,5,4,6,6,2,1,1,4,1,2,12,3,10,3,1,B01,7,9,1,4,2,1,,84,84,1,6,4,120.581973,24.176009,2
1484,66000,387130000C,(04)23274275,(04)23288582,2025,04,4,21,0,臺中市,大里區,0,0,0,7,,,30,,,,,,,,,,,,,,17,,,,,C03,,,1,10,2,,,12,12,1,13,4,120.699264,24.092276,3
1485,66000,387130000C,(04)23274275,(04)23288582,2025,04,4,21,4,臺中市,北屯區,0,0,0,7,,,40,,,,,,,,,,,,,,14,,,,,B03,,,1,,1,,,49,49,1,13,4,120.704803,24.186729,3
1486,66000,387130000C,(04)23274275,(04)23288582,2025,04,4,21,11,臺中市,西區,0,1,0,7,1,6,40,3,1,1,5,4,6,6,2,1,10,5,5,2,18,2,9,1,1,C03,7,9,1,10,2,14,,84,84,1,13,4,120.661853,24.160193,2
1487,66000,387130000C,(04)23274275,(04)23288582,2025,04,4,21,26,臺中市,中區,0,1,0,7,1,6,50,4,1,1,5,4,6,6,4,4,10,5,5,2,15,2,9,1,1,C03,7,9,1,10,2,12,,15,15,1,13,4,120.678537,24.145667,2
1488,66000,387130000C,(04)23274275,(04)23288582,2025,04,4,21,26,臺中市,南屯區,0,0,0,7,,,50,,,,,,,,,,,,,,17,,,,,B03,,,1,,1,,,11,11,1,12,4,120.653021,24.153588,3
1489,66000,387130000C,(04)23274275,(04)23288582,2025,04,4,21,35,臺中市,西屯區,0,1,0,7,1,6,50,4,1,1,5,4,6,6,1,1,8,4,4,1,13,3,10,5,4,B03,7,9,1,8,1,1,,84,84,1,13,4,120.657374,24.163185,2
1490,66000,387130000C,(04)23274275,(04)23288582,2025,04,4,21,39,臺中市,西區,0,1,0,7,1,6,50,18,24,1,5,4,6,6,4,4,1,4,5,2,18,2,9,2,1,C03,7,9,1,10,2,14,,84,84,1,12,4,120.673302,24.147327,2
1491,66000,387130000C,(04)23274275,(04)23288582,2025,04,4,22,4,臺中市,沙鹿區,0,2,0,7,1,6,40,13,8,1,5,4,6,6,4,4,1,5,5,2,13,3,10,2,1,C03,7,9,1,10,2,11,,7,7,1,6,4,120.567327,24.238395,2
1492,66000,387130000C,(04)23274275,(04)23288582,2025,04,4,22,15,臺中市,北區,0,0,0,7,,,0,,,,,,,,,,,,,,17,,,,,B03,,,1,,1,,,20,20,1,13,4,120.682824,24.145679,3
1493,66000,387130000C,(04)23274275,(04)23288582,2025,04,4,22,18,臺中市,東區,0,1,0,7,1,6,50,4,1,1,5,4,6,6,1,1,10,5,5,2,16,3,10,3,1,B03,7,5,1,8,2,2,,11,11,1,12,4,120.697296,24.147958,2
1494,66000,387130000C,(04)23274275,(04)23288582,2025,04,4,22,24,臺中市,大里區,0,1,0,7,1,6,50,4,1,1,5,4,6,6,1,1,10,5,5,2,17,3,10,3,1,B03,7,5,1,8,2,5,,20,20,1,6,4,120.686256,24.071598,2
1495,66000,387130000C,(04)23274275,(04)23288582,2025,04,4,22,30,臺中市,大里區,0,0,0,7,,,,,,,,,,,,,,,,,17,,,,,,,,,,,,,119,119,1,,,120.675109,24.107402,3
1496,66000,387130000C,(04)23274275,(04)23288582,2025,04,4,22,54,臺中市,太平區,0,2,0,7,1,6,50,4,2,1,5,4,6,6,3,1,5,4,4,1,16,2,7,2,1,C03,7,11,1,10,2,14,,34,34,1,13,4,120.727626,24.150011,2
1497,66000,387130000C,(04)23274275,(04)23288582,2025,04,4,22,58,臺中市,北區,0,1,0,7,1,6,50,13,9,1,5,4,6,6,4,4,2,4,5,2,17,3,10,5,4,B03,7,1,1,8,2,8,,51,51,1,13,4,120.684022,24.16323,2
1498,66000,387130000C,(04)23274275,(04)23288582,2025,04,4,23,0,臺中市,北屯區,0,1,0,7,3,6,50,4,1,1,5,4,6,6,1,1,10,5,5,2,16,3,10,3,1,B03,7,6,1,8,2,1,,11,11,1,6,4,120.702272,24.184487,2
1499,66000,387130000C,(04)23274275,(04)23288582,2025,04,4,23,1,臺中市,南屯區,0,2,0,7,1,6,50,13,7,1,5,4,6,6,4,4,9,4,4,2,12,2,9,5,4,C03,7,9,1,10,2,13,,65,65,1,13,4,120.649239,24.130796,2
1500,66000,387130000C,(04)23274275,(04)23288582,2025,04,4,23,5,臺中市,西區,0,0,0,7,,,50,,,,,,,,,,,,,,,,,,,,,,,,,,,86,86,1,,,120.667487,24.133817,3
1501,66000,387130000C,(04)23274275,(04)23288582,2025,04,4,23,17,臺中市,大安區,0,2,0,7,1,6,30,4,9,1,5,4,6,6,3,1,5,4,5,1,17,2,9,1,1,C03,7,9,3,19,2,11,,24,24,1,12,4,120.584242,24.350155,2
1502,66000,387130000C,(04)23274275,(04)23288582,2025,04,4,23,30,臺中市,大雅區,0,1,0,6,1,6,30,13,9,1,5,4,6,6,4,4,10,5,5,2,27,2,9,1,1,C03,7,9,1,10,2,11,14,82,82,1,13,4,120.638175,24.226575,2
1503,66000,387130000C,(04)23274275,(04)23288582,2025,04,4,23,48,臺中市,清水區,0,2,0,7,1,6,50,4,1,1,5,4,6,6,3,1,5,5,4,1,15,2,9,1,1,C03,7,9,1,10,2,12,,24,24,1,12,4,120.565412,24.274088,2
1504,66000,387130000C,(04)23274275,(04)23288582,2025,04,4,23,50,臺中市,北屯區,0,2,0,7,1,6,50,4,1,1,5,4,6,6,1,1,10,5,5,2,17,2,9,1,1,C03,7,6,1,10,2,11,,34,34,1,12,4,120.690354,24.175458,2
1505,66000,387130000C,(04)23274275,(04)23288582,2025,04,4,23,55,臺中市,南區,0,1,0,7,1,6,50,4,2,1,4,4,6,6,2,1,1,2,5,2,18,2,9,2,1,C03,7,9,1,10,2,16,,84,84,1,6,4,120.655165,24.115179,2
1506,66000,387130000C,(04)23274275,(04)23288582,2025,04,4,23,55,臺中市,梧棲區,0,1,0,7,1,6,50,13,9,1,5,4,6,6,4,4,5,5,5,2,17,2,7,1,1,C03,7,9,1,10,2,12,,54,54,1,6,4,120.539313,24.249826,2
1507,66000,387130000C,(04)23274275,(04)23288582,2025,04,5,0,5,臺中市,西區,0,0,0,7,,,50,,,,,,,,,,,,,,,,,,,F01,,,7,,1,,,84,84,1,12,4,120.679721,24.134838,3
1508,66000,387130000C,(04)23274275,(04)23288582,2025,04,5,0,7,臺中市,清水區,0,0,0,7,1,6,40,13,14,1,5,4,6,6,3,1,1,5,4,1,12,3,10,3,1,A12,7,1,1,3,11,6,,8,8,1,12,4,120.576412,24.275727,3
1509,66000,387130000C,(04)23274275,(04)23288582,2025,04,5,0,14,臺中市,烏日區,0,0,0,7,,,50,,,,,,,,,,,,,,12,,,,,B01,,,1,,2,,,51,51,1,13,4,120.616684,24.113986,3
1510,66000,387130000C,(04)23274275,(04)23288582,2025,04,5,0,15,臺中市,龍井區,0,0,0,7,,,30,,,,,,,,,,,,,,,,,,,B03,,,1,,2,,,49,49,1,12,4,120.593485,24.188197,3
1511,66000,387130000C,(04)23274275,(04)23288582,2025,04,5,0,30,臺中市,清水區,0,0,0,7,,,30,,,,,,,,,,,,,,,,,,,B03,,,1,,1,,,87,87,1,12,4,120.6101,24.307604,3
1512,66000,387130000C,(04)23274275,(04)23288582,2025,04,5,1,5,臺中市,外埔區,0,0,0,7,1,6,50,4,2,1,5,4,6,6,1,1,4,4,4,1,13,3,10,3,1,B12,7,9,1,8,2,1,,7,7,1,12,4,120.634971,24.344107,3
1513,66000,387130000C,(04)23274275,(04)23288582,2025,04,5,1,20,臺中市,北屯區,0,0,0,7,,,50,,,,,,,,,,,,,,9,,,,,B03,,,1,,1,,,84,84,1,6,4,120.726882,24.175916,3
1514,66000,387130000C,(04)23274275,(04)23288582,2025,04,5,2,3,臺中市,清水區,0,0,0,7,,,30,,,,,,,,,,,,,,,,,,,B03,,,1,,2,,,84,84,1,12,4,120.570139,24.265097,3
1515,66000,387130000C,(04)23274275,(04)23288582,2025,04,5,3,10,臺中市,大肚區,0,0,0,7,,,50,,,,,,,,,,,,,,28,,,,,B03,,,1,,2,,,84,84,1,5,4,120.543996,24.15719,3
1516,66000,387130000C,(04)23274275,(04)23288582,2025,04,5,4,58,臺中市,西屯區,0,0,0,5,,,50,,,,,,,,,,,,,,11,,,,,B03,,,1,,2,,,8,8,1,12,4,120.654942,24.157494,3
1517,66000,387130000C,(04)23274275,(04)23288582,2025,04,5,5,14,臺中市,中區,0,1,0,5,1,6,30,4,1,4,4,4,6,6,2,1,10,5,5,2,18,2,9,1,1,C03,7,9,1,10,2,12,,4,4,1,13,4,120.683005,24.13938,2
1518,66000,387130000C,(04)23274275,(04)23288582,2025,04,5,5,20,臺中市,西屯區,0,2,0,5,2,6,40,4,1,1,4,4,6,6,2,1,5,4,4,2,16,2,9,5,4,C03,7,9,3,19,2,11,,21,21,1,12,4,120.608563,24.169594,2
1519,66000,387130000C,(04)23274275,(04)23288582,2025,04,5,6,5,臺中市,清水區,0,0,0,7,3,6,30,13,9,1,5,4,6,6,4,4,10,5,5,2,27,,,,,B03,,,1,,11,,,59,59,1,6,4,120.611749,24.293589,3
1520,66000,387130000C,(04)23274275,(04)23288582,2025,04,5,6,14,臺中市,西區,0,0,0,7,,,50,,,,,,,,,,,,,,,,,,,B03,,,1,,1,,,84,84,1,13,4,120.677064,24.140026,3
1521,66000,387130000C,(04)23274275,(04)23288582,2025,04,5,6,44,臺中市,西屯區,0,0,0,5,,,50,,,,,,,,,,,,,,15,,,,,B03,,,5,,2,,,21,21,1,12,4,120.653478,24.195259,3
1522,66000,387130000C,(04)23274275,(04)23288582,2025,04,5,6,45,臺中市,龍井區,0,0,0,6,,,50,,,,,,,,,,,,,,,,,,,B03,,,1,,2,,,7,7,1,12,4,120.545629,24.192674,3
1523,66000,387130000C,(04)23274275,(04)23288582,2025,04,5,7,0,臺中市,烏日區,0,0,0,7,,,40,,,,,,,,,,,,,,14,,,,,B03,,,1,,1,,,49,49,1,6,4,120.620366,24.105564,4
1524,66000,387130000C,(04)23274275,(04)23288582,2025,04,5,7,13,臺中市,西屯區,0,1,0,6,2,6,70,13,7,1,5,4,6,6,1,1,1,3,1,2,13,2,9,3,1,B03,7,9,1,8,6,1,,7,7,1,12,4,120.614159,24.183749,2
1525,66000,387130000C,(04)23274275,(04)23288582,2025,04,5,7,25,臺中市,霧峰區,0,0,0,7,,,50,,,,,,,,,,,,,,,,,,,C03,,,1,,2,,,8,8,1,12,4,120.682491,24.069039,3
1526,66000,387130000C,(04)23274275,(04)23288582,2025,04,5,7,26,臺中市,大里區,0,1,0,6,3,6,50,4,1,1,5,4,6,6,2,1,5,4,4,1,17,2,9,5,4,C03,7,9,1,10,2,14,,84,84,1,13,4,120.676191,24.114929,2
1527,66000,387130000C,(04)23274275,(04)23288582,2025,04,5,7,28,臺中市,龍井區,0,0,0,6,2,6,50,3,2,1,5,4,6,6,4,4,10,5,5,2,17,3,10,3,1,A12,7,5,1,3,1,7,,84,84,1,8,4,120.595346,24.188007,3
1528,66000,387130000C,(04)23274275,(04)23288582,2025,04,5,7,35,臺中市,南區,0,1,0,5,3,6,50,3,2,1,4,4,6,6,1,1,5,2,5,2,17,3,10,3,1,B03,7,9,1,8,2,6,,7,7,1,13,4,120.682566,24.11899,2
1529,66000,387130000C,(04)23274275,(04)23288582,2025,04,5,7,35,臺中市,沙鹿區,0,1,0,5,2,6,50,4,1,1,4,4,6,6,4,4,5,5,5,2,15,3,10,1,1,C03,7,9,1,10,2,12,,12,12,1,13,4,120.560785,24.237033,2
1530,66000,387130000C,(04)23274275,(04)23288582,2025,04,5,7,35,臺中市,清水區,0,0,0,7,,,50,,,,,,,,,,,,,,11,,,,,B03,,,1,,1,,,8,8,1,13,4,120.574468,24.284974,3
1531,66000,387130000C,(04)23274275,(04)23288582,2025,04,5,7,50,臺中市,沙鹿區,0,1,0,6,2,6,50,3,1,1,5,4,6,6,1,1,10,5,5,2,18,2,9,1,1,C03,7,9,1,10,2,14,,82,82,1,12,4,120.565563,24.232393,2
1532,66000,387130000C,(04)23274275,(04)23288582,2025,04,5,8,1,臺中市,大肚區,0,2,0,7,3,6,50,13,7,1,5,4,6,6,4,4,2,4,4,1,11,2,9,2,1,C03,7,9,1,10,2,12,,85,85,1,6,4,120.56028,24.126082,2
1533,66000,387130000C,(04)23274275,(04)23288582,2025,04,5,8,1,臺中市,烏日區,0,0,0,7,,,40,,,,,,,,,,,,,,12,,,,,B03,,,1,,1,,,43,43,1,12,4,120.649217,24.103511,3
1534,66000,387130000C,(04)23274275,(04)23288582,2025,04,5,8,10,臺中市,南屯區,0,2,0,7,3,6,40,13,8,1,5,4,6,6,1,1,5,5,4,2,12,2,9,1,1,C03,7,9,1,10,2,14,,85,85,1,12,4,120.610001,24.131042,2
1535,66000,387130000C,(04)23274275,(04)23288582,2025,04,5,8,10,臺中市,大里區,0,0,0,6,3,6,50,4,1,1,4,4,6,6,1,1,10,5,5,2,24,,,,,A12,,,1,,2,,,87,87,1,12,4,120.676371,24.112056,3
1536,66000,387130000C,(04)23274275,(04)23288582,2025,04,5,8,10,臺中市,豐原區,0,0,0,5,,,50,,,,,,,,,,,,,,13,,,,,B03,,,1,,2,,,84,84,1,12,4,120.72032,24.253713,3
1537,66000,387130000C,(04)23274275,(04)23288582,2025,04,5,8,27,臺中市,潭子區,0,0,0,6,,,50,,,,,,,,,,,,,,,,,,,B03,,,1,,2,,,7,7,1,13,4,120.706031,24.200805,3
1538,66000,387130000C,(04)23274275,(04)23288582,2025,04,5,8,31,臺中市,烏日區,0,2,0,6,2,6,40,13,12,1,5,4,6,6,4,4,1,4,4,1,2,2,7,6,1,F01,7,9,7,21,2,13,,84,84,1,6,4,120.583839,24.11113,2
1539,66000,387130000C,(04)23274275,(04)23288582,2025,04,5,8,43,臺中市,豐原區,0,1,0,6,3,6,50,3,1,1,4,4,6,6,4,4,5,5,4,2,16,3,10,5,4,B03,7,6,1,8,2,5,,14,14,1,12,4,120.720244,24.251731,2
1540,66000,387130000C,(04)23274275,(04)23288582,2025,04,5,8,44,臺中市,龍井區,0,1,0,6,2,6,50,3,9,1,5,4,6,6,4,4,5,5,5,2,2,3,10,3,1,B03,7,9,1,8,7,5,,59,59,1,6,4,120.595441,24.186751,2
1541,66000,387130000C,(04)23274275,(04)23288582,2025,04,5,9,12,臺中市,北屯區,0,0,0,7,,,50,,,,,,,,,,,,,,13,,,,,B03,,,1,,1,,,84,84,1,13,4,120.720118,24.163077,3
1542,66000,387130000C,(04)23274275,(04)23288582,2025,04,5,9,20,臺中市,大里區,0,2,0,7,2,6,50,4,1,1,5,4,6,6,4,4,5,5,5,2,16,3,10,1,1,C03,7,9,1,10,2,12,,58,58,1,6,4,120.67626,24.102545,2
1543,66000,387130000C,(04)23274275,(04)23288582,2025,04,5,9,23,臺中市,新社區,0,1,0,6,2,6,30,13,9,1,5,4,6,6,4,4,10,5,5,2,27,2,9,5,4,C03,7,9,1,10,2,11,,59,59,1,13,4,120.823185,24.199422,2
1544,66000,387130000C,(04)23274275,(04)23288582,2025,04,5,9,25,臺中市,南屯區,0,1,0,7,3,6,30,13,9,1,5,4,6,6,4,4,10,5,5,2,28,,,,,,,,,,,,,118,118,1,,,120.602652,24.137912,2
1545,66000,387130000C,(04)23274275,(04)23288582,2025,04,5,9,29,臺中市,大雅區,0,1,0,6,2,6,40,13,8,1,5,4,6,6,4,4,1,4,4,1,17,2,9,6,1,F01,7,9,7,21,2,11,,8,8,1,13,4,120.638808,24.2323,2
1546,66000,387130000C,(04)23274275,(04)23288582,2025,04,5,9,43,臺中市,北區,0,1,0,6,2,6,50,4,1,1,5,4,6,6,2,1,10,5,5,2,16,2,8,1,1,C03,7,6,1,10,2,14,,84,84,1,12,4,120.682583,24.153366,2
1547,66000,387130000C,(04)23274275,(04)23288582,2025,04,5,9,50,臺中市,西屯區,0,0,0,7,,,50,,,,,,,,,,,,,,13,,,,,C03,,,1,,1,,,7,7,1,13,4,120.655372,24.163991,3
1548,66000,387130000C,(04)23274275,(04)23288582,2025,04,5,9,55,臺中市,太平區,0,0,0,7,,,40,,,,,,,,,,,,,,13,,,,,B03,,,1,,2,,,7,7,1,9,4,120.757152,24.118783,3
1549,66000,387130000C,(04)23274275,(04)23288582,2025,04,5,9,56,臺中市,大雅區,0,0,0,5,,,30,,,,,,,,,,,,,,,,,,,B03,,,1,,2,,,51,51,1,12,4,120.632707,24.227828,3
1550,66000,387130000C,(04)23274275,(04)23288582,2025,04,5,10,1,臺中市,南區,0,1,0,7,2,6,50,4,1,1,5,4,6,6,1,1,10,5,5,2,15,2,9,2,1,C03,7,9,1,10,2,11,,21,21,1,12,4,120.681591,24.129434,2
1551,66000,387130000C,(04)23274275,(04)23288582,2025,04,5,10,1,臺中市,大甲區,0,1,0,5,3,6,50,5,1,1,4,4,6,6,1,1,10,5,5,2,17,3,10,5,4,A05,7,5,1,2,2,5,,29,29,1,6,4,120.629406,24.345021,2
1552,66000,387130000C,(04)23274275,(04)23288582,2025,04,5,10,5,臺中市,后里區,0,2,0,7,2,6,50,13,7,1,5,4,6,6,4,4,9,4,4,2,3,2,8,1,1,C03,7,9,1,10,2,11,,20,20,1,12,4,120.726479,24.309078,2
1553,66000,387130000C,(04)23274275,(04)23288582,2025,04,5,10,11,臺中市,大肚區,0,0,0,7,,,50,,,,,,,,,,,,,,,,,,,B03,,,1,,1,,,40,40,1,6,4,120.578734,24.117992,4
1554,66000,387130000C,(04)23274275,(04)23288582,2025,04,5,10,14,臺中市,北屯區,0,1,0,7,2,6,50,13,9,1,5,4,6,6,4,4,3,4,5,2,18,2,8,1,1,C03,7,9,1,10,2,12,,82,82,1,12,4,120.681691,24.177626,2
1555,66000,387130000C,(04)23274275,(04)23288582,2025,04,5,10,16,臺中市,南區,0,0,0,7,,,50,,,,,,,,,,,,,,,,,,,B03,,,1,,1,,,84,84,1,13,4,120.656507,24.130499,3
1556,66000,387130000C,(04)23274275,(04)23288582,2025,04,5,10,16,臺中市,大里區,0,0,0,7,,,30,,,,,,,,,,,,,,11,,,,,B03,,,1,,2,,,8,8,1,13,4,120.717789,24.084841,3
1557,66000,387130000C,(04)23274275,(04)23288582,2025,04,5,10,21,臺中市,東區,0,2,0,7,2,6,30,4,1,1,5,4,6,6,4,4,10,5,5,2,17,2,9,1,1,C03,7,9,1,10,2,11,,15,15,1,12,4,120.683559,24.133991,2
1558,66000,387130000C,(04)23274275,(04)23288582,2025,04,5,10,23,臺中市,大甲區,0,1,0,5,3,6,50,4,1,1,4,4,6,6,1,1,5,5,5,1,17,3,10,3,1,B12,7,9,1,8,2,16,,21,21,1,6,4,120.61823,24.348904,2
1559,66000,387130000C,(04)23274275,(04)23288582,2025,04,5,10,26,臺中市,北屯區,0,0,0,7,,,50,,,,,,,,,,,,,,15,,,,,B03,,,1,,1,,,21,21,1,6,4,120.693454,24.186879,3
1560,66000,387130000C,(04)23274275,(04)23288582,2025,04,5,10,27,臺中市,沙鹿區,0,0,0,7,,,50,,,,,,,,,,,,,,17,,,,,B01,,,1,,2,,,76,76,1,13,4,120.560846,24.208806,3
1561,66000,387130000C,(04)23274275,(04)23288582,2025,04,5,10,30,臺中市,沙鹿區,0,0,0,6,,,40,,,,,,,,,,,,,,,,,,,B03,,,1,,9,,,51,51,2,13,4,120.565889,24.243398,3
1562,66000,387130000C,(04)23274275,(04)23288582,2025,04,5,10,32,臺中市,西屯區,0,1,0,7,2,6,50,4,2,1,5,4,6,6,2,1,4,3,5,2,13,2,8,5,4,C03,7,9,1,10,2,11,,7,7,1,13,4,120.624804,24.185127,2
1563,66000,387130000C,(04)23274275,(04)23288582,2025,04,5,10,33,臺中市,大里區,0,0,0,7,,,50,,,,,,,,,,,,,,28,,,,,B03,,,1,,2,,,58,58,1,13,4,120.696327,24.119964,3
1564,66000,387130000C,(04)23274275,(04)23288582,2025,04,5,10,33,臺中市,沙鹿區,0,0,0,7,,,50,,,,,,,,,,,,,,,,,,,B03,,,1,,1,,,50,50,1,12,4,120.559696,24.23666,3
1565,66000,387130000C,(04)23274275,(04)23288582,2025,04,5,10,37,臺中市,大里區,0,0,0,7,3,6,30,13,9,1,5,4,6,6,4,4,10,5,5,2,14,,,,,B03,,,1,,2,,,49,49,1,12,4,120.667236,24.107698,3
1566,66000,387130000C,(04)23274275,(04)23288582,2025,04,5,10,39,臺中市,東區,0,1,0,7,3,6,50,4,1,1,5,4,6,6,4,4,10,5,5,2,15,2,9,2,1,C03,7,9,1,10,2,11,,15,15,1,13,4,120.690982,24.140689,2
1567,66000,387130000C,(04)23274275,(04)23288582,2025,04,5,10,40,臺中市,清水區,0,0,0,7,2,6,50,3,1,1,5,4,6,6,4,4,8,3,5,1,15,,,,,B03,,,1,,1,,,14,14,1,12,4,120.565164,24.292015,3
1568,66000,387130000C,(04)23274275,(04)23288582,2025,04,5,10,45,臺中市,南區,0,2,0,7,2,6,50,4,1,1,5,4,6,6,2,1,10,5,5,2,16,2,5,2,1,C03,7,6,1,10,2,12,,36,36,1,12,4,120.662653,24.127009,2
1569,66000,387130000C,(04)23274275,(04)23288582,2025,04,5,10,55,臺中市,南屯區,0,1,0,7,3,6,50,4,1,1,5,4,6,6,4,4,5,5,5,2,17,2,9,1,1,C03,7,5,1,10,2,14,,12,12,1,12,4,120.64537,24.142737,2
1570,66000,387130000C,(04)23274275,(04)23288582,2025,04,5,10,57,臺中市,北屯區,0,0,0,7,,,50,,,,,,,,,,,,,,,,,,,B03,,,1,,1,,,84,84,1,13,4,120.718008,24.175515,3
1571,66000,387130000C,(04)23274275,(04)23288582,2025,04,5,10,58,臺中市,太平區,0,2,0,6,3,6,50,13,9,1,5,4,6,6,4,4,5,5,5,2,16,2,9,2,1,C03,7,9,1,10,2,12,,5,5,1,12,4,120.701936,24.153788,2
1572,66000,387130000C,(04)23274275,(04)23288582,2025,04,5,11,0,臺中市,潭子區,0,1,0,6,2,6,50,3,2,1,5,4,6,6,4,4,10,5,5,2,13,2,9,2,1,C03,7,9,1,10,2,11,,84,84,1,12,4,120.673698,24.208465,2
1573,66000,387130000C,(04)23274275,(04)23288582,2025,04,5,11,0,臺中市,豐原區,0,0,0,7,,,60,,,,,,,,,,,,,,17,,,,,B03,,,1,,2,,,84,84,1,13,4,120.737522,24.250778,3
1574,66000,387130000C,(04)23274275,(04)23288582,2025,04,5,11,1,臺中市,西區,0,1,0,7,3,6,50,4,2,1,5,4,6,6,1,1,1,4,4,2,17,2,9,1,1,C03,7,7,1,10,2,12,,84,84,1,12,4,120.674235,24.148654,2