序號,縣市別代碼,機關代碼,市話,傳真,年,月,日,時,分,縣市,區,死亡數量,受傷數量,2-30,天候,道路照明設備,道路類別,道路速限,道路型態,事故位置,路面鋪裝,路面狀態,路面缺陷,障礙物,視距,號誌種類,號誌動作,分向設施,快車道或一般車道間,快慢車道間,路面邊線,事故類型及型態,受傷程度,主要傷處,保護裝備,行動電話或功能裝置,當事者區分（類別）,車輛用途,當事者行動狀態,駕照狀態,駕照種類,飲酒情形,車輛撞擊部位最初,車輛撞擊部位其他,肇事因素個別,肇事因素主要,肇事逃逸,職業,共享經濟或外送平台,GPS座標X,GPS座標Y,事故類別
1575,66000,387130000C,(04)23274275,(04)23288582,2025,04,5,11,2,臺中市,豐原區,0,0,0,7,,,50,,,,,,,,,,,,,,13,,,,,B03,,,1,,2,,,58,58,1,12,4,120.725754,24.252235,3
1576,66000,387130000C,(04)23274275,(04)23288582,2025,04,5,11,6,臺中市,龍井區,0,1,0,6,2,6,50,13,9,1,5,4,6,6,4,4,10,5,5,2,14,3,10,3,1,B03,7,2,1,8,2,3,,49,49,1,6,4,120.56905,24.177344,2
1577,66000,387130000C,(04)23274275,(04)23288582,2025,04,5,11,10,臺中市,南屯區,0,0,0,7,,,50,,,,,,,,,,,,,,14,,,,,B03,,,1,,1,,,49,49,1,13,4,120.612392,24.138266,3
1578,66000,387130000C,(04)23274275,(04)23288582,2025,04,5,11,15,臺中市,西屯區,0,1,0,6,2,6,30,8,9,1,5,4,6,6,4,4,10,5,5,2,11,3,10,3,1,B03,7,6,1,8,2,8,,48,48,1,12,4,120.620022,24.1595,2
1579,66000,387130000C,(04)23274275,(04)23288582,2025,04,5,11,18,臺中市,西區,0,0,0,7,,,50,,,,,,,,,,,,,,13,,,,,B03,,,1,,1,,,7,7,1,12,4,120.666736,24.141067,3
1580,66000,387130000C,(04)23274275,(04)23288582,2025,04,5,11,27,臺中市,西屯區,0,0,0,7,,,50,,,,,,,,,,,,,,12,,,,,B12,,,1,,2,,,59,59,1,13,4,120.608248,24.188992,3
1581,66000,387130000C,(04)23274275,(04)23288582,2025,04,5,11,33,臺中市,豐原區,0,3,0,7,3,6,50,13,9,1,5,4,6,6,4,4,1,4,5,2,13,2,9,1,4,C03,7,9,1,10,2,11,,7,7,1,12,4,120.70145,24.249033,2
1582,66000,387130000C,(04)23274275,(04)23288582,2025,04,5,11,40,臺中市,烏日區,0,0,0,7,,,50,,,,,,,,,,,,,,2,,,,,B03,,,1,,2,,,84,84,1,6,4,120.616219,24.110055,3
1583,66000,387130000C,(04)23274275,(04)23288582,2025,04,5,11,41,臺中市,西屯區,0,0,0,7,,,50,,,,,,,,,,,,,,,,,,,A12,,,1,,2,,,50,50,1,13,4,120.655901,24.171651,3
1584,66000,387130000C,(04)23274275,(04)23288582,2025,04,5,11,50,臺中市,豐原區,0,0,0,7,,,50,,,,,,,,,,,,,,13,,,,,B03,,,1,,2,,,7,7,1,13,4,120.718872,24.249641,3
1585,66000,387130000C,(04)23274275,(04)23288582,2025,04,5,11,52,臺中市,西屯區,0,2,0,6,3,6,40,4,1,1,5,4,6,6,1,1,1,4,1,2,13,2,8,1,1,C03,7,9,1,10,2,12,,7,7,1,12,4,120.633717,24.161286,2
1586,66000,387130000C,(04)23274275,(04)23288582,2025,04,5,11,54,臺中市,大里區,0,1,0,6,2,6,50,3,1,1,5,4,6,6,4,4,10,5,5,2,13,2,9,1,1,C03,7,9,1,10,2,11,,7,7,1,12,4,120.701196,24.08874,2
1587,66000,387130000C,(04)23274275,(04)23288582,2025,04,5,12,0,臺中市,大甲區,0,2,0,5,2,6,50,13,9,1,4,4,6,6,4,4,9,5,5,1,17,3,10,3,1,B03,7,5,1,8,2,2,,20,20,1,6,4,120.643165,24.426044,2
1588,66000,387130000C,(04)23274275,(04)23288582,2025,04,5,12,2,臺中市,北屯區,0,0,0,6,,,50,,,,,,,,,,,,,,12,,,,,B03,,,1,,2,,,8,8,1,12,4,120.661587,24.190901,3
1589,66000,387130000C,(04)23274275,(04)23288582,2025,04,5,12,5,臺中市,太平區,0,0,0,7,,,40,,,,,,,,,,,,,,1,,,,,B03,,,1,,2,,,8,8,1,6,4,120.718349,24.124208,3
1590,66000,387130000C,(04)23274275,(04)23288582,2025,04,5,12,6,臺中市,霧峰區,0,2,0,6,2,6,50,11,9,1,4,4,5,6,4,4,10,5,5,2,11,2,9,1,1,C03,7,9,1,10,2,11,,85,85,1,12,4,120.708806,24.074516,2
1591,66000,387130000C,(04)23274275,(04)23288582,2025,04,5,12,7,臺中市,南區,0,0,0,6,,,50,,,,,,,,,,,,,,,,,,,B03,,,1,,2,,,40,40,1,12,4,120.657882,24.11706,3
1592,66000,387130000C,(04)23274275,(04)23288582,2025,04,5,12,8,臺中市,北區,0,1,0,7,3,6,50,13,9,1,5,4,6,6,4,4,5,5,5,2,16,3,10,3,1,B03,7,5,1,8,2,2,,20,20,1,12,4,120.672957,24.160593,2
1593,66000,387130000C,(04)23274275,(04)23288582,2025,04,5,12,14,臺中市,北屯區,0,2,0,6,2,6,30,3,1,1,5,4,6,6,4,4,10,5,5,2,11,2,9,1,1,C03,7,9,1,10,2,14,,41,41,1,6,4,120.703839,24.166199,2
1594,66000,387130000C,(04)23274275,(04)23288582,2025,04,5,12,18,臺中市,北屯區,0,0,0,7,,,40,,,,,,,,,,,,,,14,,,,,C03,,,1,,1,,,84,84,1,6,4,120.681518,24.192232,3
1595,66000,387130000C,(04)23274275,(04)23288582,2025,04,5,12,19,臺中市,西區,0,1,0,6,2,6,50,13,9,1,5,4,6,6,4,4,5,4,5,2,17,3,10,3,1,B03,7,1,1,8,2,8,,51,51,1,12,4,120.654759,24.146914,2
1596,66000,387130000C,(04)23274275,(04)23288582,2025,04,5,12,23,臺中市,后里區,0,1,0,5,2,6,50,13,9,1,4,4,6,6,4,4,5,5,5,2,22,2,9,1,1,C03,7,9,1,10,9,11,12,59,59,1,12,4,120.715507,24.333091,2
1597,66000,387130000C,(04)23274275,(04)23288582,2025,04,5,12,31,臺中市,大里區,0,0,0,6,3,6,30,13,9,1,5,4,6,6,4,4,10,5,5,2,14,,,,,B03,,,1,,2,,,84,84,1,12,4,120.700701,24.104191,3
1598,66000,387130000C,(04)23274275,(04)23288582,2025,04,5,12,36,臺中市,東勢區,0,0,0,6,,,70,,,,,,,,,,,,,,,,,,,B03,,,1,,1,,,14,14,1,13,4,120.82871,24.250129,3
1599,66000,387130000C,(04)23274275,(04)23288582,2025,04,5,12,41,臺中市,清水區,0,2,0,6,2,6,50,3,1,1,5,4,6,6,4,4,5,2,5,1,16,2,8,2,1,C04,7,5,3,19,2,12,,47,47,1,13,4,120.572143,24.269544,2
1600,66000,387130000C,(04)23274275,(04)23288582,2025,04,5,12,48,臺中市,西屯區,0,1,0,7,2,6,40,4,1,1,5,4,6,6,1,1,10,5,5,2,18,2,9,1,4,C04,7,9,1,11,2,12,,84,84,1,13,4,120.63457,24.179411,2
1601,66000,387130000C,(04)23274275,(04)23288582,2025,04,5,12,49,臺中市,東區,0,2,0,7,2,6,50,5,1,1,5,4,6,6,1,1,9,5,4,2,17,2,8,1,1,C03,7,9,1,10,2,11,,7,7,1,12,4,120.703264,24.13213,2
1602,66000,387130000C,(04)23274275,(04)23288582,2025,04,5,12,51,臺中市,大里區,0,0,0,7,,,50,,,,,,,,,,,,,,16,,,,,B03,,,1,,2,,,40,40,1,6,4,120.691832,24.100922,3
1603,66000,387130000C,(04)23274275,(04)23288582,2025,04,5,12,53,臺中市,北屯區,0,0,0,7,,,50,,,,,,,,,,,,,,14,,,,,B03,,,1,,2,,,50,50,1,13,4,120.733589,24.176102,3
1604,66000,387130000C,(04)23274275,(04)23288582,2025,04,5,12,59,臺中市,南屯區,0,0,0,6,3,6,50,13,9,1,5,4,6,6,1,1,5,2,5,2,12,,,,,B03,,,1,,1,,,40,40,1,12,4,120.6437,24.134677,3
1605,66000,387130000C,(04)23274275,(04)23288582,2025,04,5,13,0,臺中市,西區,0,0,0,6,,,,,,,,,,,,,,,,,17,,,,,,,,,,,,,119,119,1,,,120.674025,24.150021,3
1606,66000,387130000C,(04)23274275,(04)23288582,2025,04,5,13,2,臺中市,北屯區,0,0,0,7,,,50,,,,,,,,,,,,,,17,,,,,B03,,,1,,2,,,50,50,1,12,4,120.728828,24.176057,4
1607,66000,387130000C,(04)23274275,(04)23288582,2025,04,5,13,5,臺中市,太平區,0,0,0,6,,,40,,,,,,,,,,,,,,13,,,,,B03,,,1,,2,,,59,59,1,6,4,120.715732,24.135433,3
1608,66000,387130000C,(04)23274275,(04)23288582,2025,04,5,13,7,臺中市,霧峰區,0,0,0,7,,,50,,,,,,,,,,,,,,12,,,,,A12,,,1,,2,,,7,7,1,13,4,120.696202,24.055945,3
1609,66000,387130000C,(04)23274275,(04)23288582,2025,04,5,13,12,臺中市,東區,0,1,0,6,2,6,50,4,4,1,5,4,6,6,1,1,5,2,5,2,17,3,10,3,1,B03,7,9,1,8,2,5,,7,7,1,13,4,120.70128,24.142716,2
1610,66000,387130000C,(04)23274275,(04)23288582,2025,04,5,13,14,臺中市,南屯區,0,0,0,6,,,50,,,,,,,,,,,,,,13,,,,,B03,,,1,,2,,,59,59,1,12,4,120.624407,24.145188,3
1611,66000,387130000C,(04)23274275,(04)23288582,2025,04,5,13,20,臺中市,南屯區,0,1,0,7,2,6,50,4,1,1,5,4,6,6,2,1,5,5,5,2,13,2,9,1,1,C03,7,9,1,10,2,11,,7,7,1,6,4,120.638185,24.139825,2
1612,66000,387130000C,(04)23274275,(04)23288582,2025,04,5,13,23,臺中市,南區,0,1,0,7,2,6,50,3,1,1,5,4,6,6,2,1,10,5,5,2,17,3,10,3,1,B12,7,4,1,8,2,6,,1,1,1,12,4,120.651831,24.121659,2
1613,66000,387130000C,(04)23274275,(04)23288582,2025,04,5,13,23,臺中市,沙鹿區,0,0,0,7,,,40,,,,,,,,,,,,,,14,,,,,B03,,,1,,2,,,49,49,1,6,4,120.562144,24.244876,3
1614,66000,387130000C,(04)23274275,(04)23288582,2025,04,5,13,27,臺中市,大肚區,0,1,0,7,3,6,50,4,1,1,5,4,6,6,2,1,10,5,5,2,12,2,9,2,1,C03,7,6,1,10,2,14,,48,48,1,6,4,120.547745,24.155704,2
1615,66000,387130000C,(04)23274275,(04)23288582,2025,04,5,13,28,臺中市,南屯區,0,0,0,7,,,50,,,,,,,,,,,,,,12,,,,,B03,,,1,,1,,,84,84,1,12,4,120.650513,24.155395,3
1616,66000,387130000C,(04)23274275,(04)23288582,2025,04,5,13,42,臺中市,北區,0,3,0,6,3,6,50,4,2,1,5,4,6,6,1,1,3,2,3,2,13,2,9,5,4,C03,7,9,1,10,2,12,,7,7,1,13,4,120.676421,24.157514,2
1617,66000,387130000C,(04)23274275,(04)23288582,2025,04,5,13,43,臺中市,北屯區,0,0,0,7,,,80,,,,,,,,,,,,,,13,,,,,B03,,,1,,1,,,59,59,1,6,4,120.671279,24.200852,3
1618,66000,387130000C,(04)23274275,(04)23288582,2025,04,5,13,43,臺中市,大肚區,0,0,0,7,,,50,,,,,,,,,,,,,,,,,,,B03,,,1,,1,,,7,7,1,6,4,120.576428,24.118864,3
1619,66000,387130000C,(04)23274275,(04)23288582,2025,04,5,13,48,臺中市,南屯區,0,1,0,7,3,6,50,13,9,1,5,4,6,6,1,1,1,4,5,2,12,3,10,3,1,B03,7,5,1,8,2,2,,84,84,1,12,4,120.640363,24.11713,2
1620,66000,387130000C,(04)23274275,(04)23288582,2025,04,5,13,48,臺中市,豐原區,0,0,0,6,,,50,,,,,,,,,,,,,,13,,,,,B03,,,3,,2,,,84,84,1,13,4,120.710175,24.236263,3
1621,66000,387130000C,(04)23274275,(04)23288582,2025,04,5,13,49,臺中市,北屯區,0,0,0,6,,,50,,,,,,,,,,,,,,13,,,,,B03,,,1,,1,,,40,40,1,6,4,120.730715,24.177303,3
1622,66000,387130000C,(04)23274275,(04)23288582,2025,04,5,13,50,臺中市,西區,0,1,0,7,2,6,50,4,1,1,5,4,6,6,1,1,10,5,5,2,17,2,9,1,1,C03,7,6,1,10,2,11,,23,23,1,12,4,120.663773,24.13527,2
1623,66000,387130000C,(04)23274275,(04)23288582,2025,04,5,13,54,臺中市,大里區,0,0,0,7,,,50,,,,,,,,,,,,,,,,,,,B03,,,1,,2,,,48,48,1,12,4,120.682434,24.082101,3
1624,66000,387130000C,(04)23274275,(04)23288582,2025,04,5,13,55,臺中市,北屯區,0,1,0,6,2,6,50,4,1,1,5,4,6,6,4,4,10,5,5,2,15,2,9,1,1,C03,7,9,1,10,2,11,,15,15,1,6,2,120.681379,24.188874,2
1625,66000,387130000C,(04)23274275,(04)23288582,2025,04,5,14,14,臺中市,沙鹿區,0,1,0,5,1,6,50,3,1,1,4,4,6,6,4,4,10,5,4,2,17,2,9,2,1,C03,7,9,1,10,2,14,,7,7,1,13,4,120.566488,24.235569,2
1626,66000,387130000C,(04)23274275,(04)23288582,2025,04,5,14,16,臺中市,沙鹿區,0,0,0,5,,,50,,,,,,,,,,,,,,,,,,,C03,,,1,,1,,,8,8,1,13,4,120.564943,24.230349,3
1627,66000,387130000C,(04)23274275,(04)23288582,2025,04,5,14,18,臺中市,北屯區,0,2,0,6,2,6,50,13,8,1,5,4,6,6,3,1,1,4,3,2,13,2,9,1,1,C03,7,9,1,10,2,11,,7,7,1,12,4,120.722551,24.162359,2
1628,66000,387130000C,(04)23274275,(04)23288582,2025,04,5,14,28,臺中市,北屯區,0,2,0,6,3,6,50,3,1,1,5,4,6,6,4,4,5,4,5,2,15,2,9,2,1,C03,7,11,1,10,2,14,,46,46,1,13,4,120.707468,24.169753,2
1629,66000,387130000C,(04)23274275,(04)23288582,2025,04,5,14,32,臺中市,潭子區,0,1,0,6,2,6,50,4,1,1,5,4,6,6,4,4,10,5,5,2,18,2,8,2,1,C03,7,9,1,10,2,12,,58,58,1,12,4,120.703611,24.194312,2
1630,66000,387130000C,(04)23274275,(04)23288582,2025,04,5,14,35,臺中市,南屯區,0,0,0,6,3,6,50,13,9,1,5,4,6,6,4,4,5,5,5,2,25,,,,,B03,,,1,,2,,,59,59,1,12,4,120.651249,24.136018,3
1631,66000,387130000C,(04)23274275,(04)23288582,2025,04,5,14,37,臺中市,豐原區,0,0,0,6,,,50,,,,,,,,,,,,,,,,,,,C03,,,1,,2,,,58,58,1,13,4,120.720837,24.250632,3
1632,66000,387130000C,(04)23274275,(04)23288582,2025,04,5,14,44,臺中市,石岡區,0,1,0,5,3,6,50,5,1,1,4,4,6,6,4,4,9,5,5,1,12,2,9,5,4,C03,7,10,1,10,2,14,,12,12,1,12,4,120.779918,24.276053,2
1633,66000,387130000C,(04)23274275,(04)23288582,2025,04,5,14,52,臺中市,大安區,0,0,0,5,,,30,,,,,,,,,,,,,,,,,,,B02,,,1,,2,,,8,8,1,6,4,120.577807,24.340632,3
1634,66000,387130000C,(04)23274275,(04)23288582,2025,04,5,14,54,臺中市,南屯區,0,0,0,7,,,50,,,,,,,,,,,,,,13,,,,,C03,,,1,,1,,,7,7,1,12,4,120.646273,24.129535,3
1635,66000,387130000C,(04)23274275,(04)23288582,2025,04,5,15,1,臺中市,西區,0,2,0,7,2,6,50,13,9,1,5,4,6,6,4,4,3,4,5,2,17,2,9,1,1,C03,7,9,1,10,2,12,,84,84,1,6,4,120.679812,24.134872,2
1636,66000,387130000C,(04)23274275,(04)23288582,2025,04,5,15,3,臺中市,沙鹿區,0,0,0,7,,,40,,,,,,,,,,,,,,17,,,,,B03,,,1,,2,,,8,8,1,6,4,120.569035,24.209493,3
1637,66000,387130000C,(04)23274275,(04)23288582,2025,04,5,15,5,臺中市,清水區,0,0,0,7,2,6,60,13,7,1,5,4,6,6,4,,8,3,2,1,13,,,,,B03,,,1,,1,,,56,56,1,12,4,120.551383,24.293255,3
1638,66000,387130000C,(04)23274275,(04)23288582,2025,04,5,15,13,臺中市,太平區,0,1,0,6,2,6,50,4,1,1,5,4,6,6,2,1,10,5,5,2,16,3,10,3,1,B03,7,6,1,8,2,5,,11,11,1,6,4,120.716532,24.158744,2
1639,66000,387130000C,(04)23274275,(04)23288582,2025,04,5,15,15,臺中市,清水區,0,0,0,6,,,30,,,,,,,,,,,,,,,,,,,B12,,,1,,2,,,8,8,1,12,4,120.589158,24.29766,3
1640,66000,387130000C,(04)23274275,(04)23288582,2025,04,5,15,16,臺中市,西區,0,2,0,7,2,6,40,5,1,1,5,4,6,6,2,1,10,5,5,2,17,2,9,2,1,C03,7,6,1,10,2,14,,48,48,1,12,4,120.668448,24.132124,2
1641,66000,387130000C,(04)23274275,(04)23288582,2025,04,5,15,17,臺中市,大里區,0,1,0,7,2,6,50,13,9,1,5,4,6,6,4,4,5,5,5,1,12,3,10,3,1,B03,7,9,1,8,2,1,,84,84,1,13,4,120.701466,24.099847,2
1642,66000,387130000C,(04)23274275,(04)23288582,2025,04,5,15,17,臺中市,豐原區,0,0,0,7,,,50,,,,,,,,,,,,,,13,,,,,B03,,,1,,2,,,59,59,1,12,4,120.720821,24.240105,4
1643,66000,387130000C,(04)23274275,(04)23288582,2025,04,5,15,18,臺中市,太平區,0,0,0,7,,,50,,,,,,,,,,,,,,13,,,,,B03,,,1,,2,,,84,84,1,6,4,120.712193,24.144456,3
1644,66000,387130000C,(04)23274275,(04)23288582,2025,04,5,15,19,臺中市,太平區,0,1,0,7,3,6,50,3,2,1,5,4,6,6,4,4,10,5,5,2,12,3,10,3,1,B02,7,9,1,8,3,5,,7,7,1,6,4,120.715355,24.137527,2
1645,66000,387130000C,(04)23274275,(04)23288582,2025,04,5,15,21,臺中市,大甲區,0,2,0,6,3,6,50,4,1,1,5,4,6,6,1,1,5,5,5,1,16,2,9,4,1,F01,7,6,7,21,2,12,,11,11,1,3,1,120.623789,24.349456,2
1646,66000,387130000C,(04)23274275,(04)23288582,2025,04,5,15,24,臺中市,龍井區,0,0,0,7,,,30,,,,,,,,,,,,,,30,,,,,B12,,,1,,2,,,84,84,1,6,4,120.585068,24.181159,3
1647,66000,387130000C,(04)23274275,(04)23288582,2025,04,5,15,25,臺中市,中區,0,0,0,7,,,50,,,,,,,,,,,,,,30,,,,,B12,,,1,,2,,,38,38,1,12,4,120.684316,24.139349,3
1648,66000,387130000C,(04)23274275,(04)23288582,2025,04,5,15,26,臺中市,太平區,0,0,0,7,,,50,,,,,,,,,,,,,,30,,,,,B03,,,1,,2,,,84,84,1,6,4,120.700816,24.149927,3
1649,66000,387130000C,(04)23274275,(04)23288582,2025,04,5,15,27,臺中市,太平區,0,1,0,7,2,6,50,4,1,1,5,4,6,6,1,1,10,5,5,2,16,3,10,3,1,B03,7,6,1,8,2,5,1,11,11,1,12,4,120.725538,24.14593,2
1650,66000,387130000C,(04)23274275,(04)23288582,2025,04,5,15,28,臺中市,西區,0,0,0,7,,,50,,,,,,,,,,,,,,,,,,,B03,,,1,,1,,,7,7,1,12,4,120.661502,24.147389,3
1651,66000,387130000C,(04)23274275,(04)23288582,2025,04,5,15,28,臺中市,霧峰區,0,2,0,6,2,6,50,13,9,1,5,4,6,6,4,4,5,4,4,1,17,2,9,1,1,C03,7,1,1,10,2,11,,51,51,1,13,4,120.698885,24.069506,2
1652,66000,387130000C,(04)23274275,(04)23288582,2025,04,5,15,32,臺中市,北屯區,0,0,0,7,,,30,,,,,,,,,,,,,,17,,,,,B03,,,1,,1,,,51,51,1,13,4,120.680046,24.170433,3
1653,66000,387130000C,(04)23274275,(04)23288582,2025,04,5,15,33,臺中市,南屯區,0,1,0,7,2,6,50,13,8,1,5,4,6,6,4,4,9,4,4,2,17,3,10,3,1,B03,7,7,1,8,2,5,,40,40,1,6,4,120.651289,24.13183,2
1654,66000,387130000C,(04)23274275,(04)23288582,2025,04,5,15,37,臺中市,西屯區,0,0,0,7,,,60,,,,,,,,,,,,,,,,,,,C03,,,3,,2,,,7,7,1,12,4,120.659237,24.164738,3
1655,66000,387130000C,(04)23274275,(04)23288582,2025,04,5,15,40,臺中市,清水區,0,0,0,7,2,6,60,13,7,1,5,4,6,6,4,4,8,3,2,1,30,,,,,H03,,,7,,10,,,112,112,1,12,5,120.545147,24.270174,3
1656,66000,387130000C,(04)23274275,(04)23288582,2025,04,5,15,45,臺中市,龍井區,0,0,0,6,,,50,,,,,,,,,,,,,,13,,,,,C03,,,3,,1,,,7,7,1,6,4,120.585628,24.181767,3
1657,66000,387130000C,(04)23274275,(04)23288582,2025,04,5,15,46,臺中市,大雅區,0,3,0,6,1,6,60,4,2,1,5,4,6,6,1,1,1,5,5,1,17,2,9,1,1,F03,7,9,7,21,2,11,,21,21,1,13,4,120.665987,24.234751,2
1658,66000,387130000C,(04)23274275,(04)23288582,2025,04,5,15,48,臺中市,西區,0,0,0,7,,,50,,,,,,,,,,,,,,14,,,,,B03,,,1,,9,,,49,49,1,11,4,120.660626,24.146638,3
1659,66000,387130000C,(04)23274275,(04)23288582,2025,04,5,15,48,臺中市,南屯區,0,0,0,7,,,50,,,,,,,,,,,,,,13,,,,,B03,,,1,,1,,,7,7,1,12,4,120.61524,24.147704,3
1660,66000,387130000C,(04)23274275,(04)23288582,2025,04,5,15,49,臺中市,大里區,0,0,0,7,,,50,,,,,,,,,,,,,,,,,,,B03,,,1,,2,,,51,51,1,13,4,120.702697,24.091465,3
1661,66000,387130000C,(04)23274275,(04)23288582,2025,04,5,15,51,臺中市,北屯區,0,0,0,7,,,50,,,,,,,,,,,,,,13,,,,,B03,,,1,,1,,,7,7,1,13,4,120.694221,24.161299,3
1662,66000,387130000C,(04)23274275,(04)23288582,2025,04,5,16,0,臺中市,太平區,0,1,0,7,3,6,50,3,1,1,5,4,6,6,4,4,10,5,5,2,16,3,10,1,1,C03,7,6,1,10,2,13,,48,48,1,6,4,120.726198,24.137081,2
1663,66000,387130000C,(04)23274275,(04)23288582,2025,04,5,16,1,臺中市,西屯區,0,2,0,7,2,6,40,4,1,1,5,4,6,6,1,1,3,4,3,2,17,2,9,1,1,C03,7,9,1,10,1,14,,7,7,1,12,4,120.621549,24.180068,2
1664,66000,387130000C,(04)23274275,(04)23288582,2025,04,5,16,1,臺中市,后里區,0,0,0,6,2,6,30,3,1,1,5,4,6,6,4,4,10,5,5,2,13,3,10,3,1,B03,7,5,1,8,1,5,,7,7,1,12,4,120.703242,24.322829,3
1665,66000,387130000C,(04)23274275,(04)23288582,2025,04,5,16,8,臺中市,太平區,0,2,0,7,2,6,50,3,1,1,5,4,6,6,4,4,10,5,5,2,16,2,9,2,1,C03,7,6,1,10,2,12,,14,14,1,12,4,120.720227,24.123863,2
1666,66000,387130000C,(04)23274275,(04)23288582,2025,04,5,16,23,臺中市,大里區,0,1,0,6,2,6,30,13,9,1,5,4,6,6,4,4,10,4,5,2,18,2,9,1,1,C03,7,9,1,10,2,12,,84,84,1,13,4,120.709193,24.094947,2
1667,66000,387130000C,(04)23274275,(04)23288582,2025,04,5,16,24,臺中市,清水區,0,0,0,7,2,6,30,13,9,1,5,4,6,6,4,4,10,5,5,2,12,,,,,B03,,,1,,1,,,84,84,1,12,4,120.556483,24.272365,3
1668,66000,387130000C,(04)23274275,(04)23288582,2025,04,5,16,25,臺中市,南屯區,0,1,0,7,3,6,50,13,9,1,5,4,6,6,1,1,5,5,4,2,17,3,10,3,1,B02,7,11,1,8,2,5,,45,45,1,12,4,120.634095,24.158268,2
1669,66000,387130000C,(04)23274275,(04)23288582,2025,04,5,16,30,臺中市,大里區,0,0,0,7,,,30,,,,,,,,,,,,,,,,,,,B03,,,1,,2,,,7,7,1,13,4,120.706301,24.097968,3
1670,66000,387130000C,(04)23274275,(04)23288582,2025,04,5,16,35,臺中市,南屯區,0,2,0,7,3,6,50,13,9,1,5,4,6,6,1,1,3,2,5,2,13,2,9,3,1,B03,7,9,1,8,2,1,,84,84,1,12,4,120.640739,24.148775,2
1671,66000,387130000C,(04)23274275,(04)23288582,2025,04,5,16,54,臺中市,烏日區,0,0,0,7,,,40,,,,,,,,,,,,,,16,,,,,B01,,,1,,2,,,38,38,1,6,4,120.640411,24.116672,3
1672,66000,387130000C,(04)23274275,(04)23288582,2025,04,5,17,4,臺中市,南屯區,0,1,0,7,2,6,50,13,9,1,5,4,6,6,4,4,1,5,5,2,16,3,10,4,1,F01,7,6,7,21,2,14,,48,48,1,6,1,120.64372,24.135628,2
1673,66000,387130000C,(04)23274275,(04)23288582,2025,04,5,17,10,臺中市,大雅區,0,1,0,6,1,6,50,3,1,1,5,4,6,6,1,1,5,5,4,1,17,3,10,3,1,B03,7,9,1,8,2,1,,84,84,1,13,4,120.649814,24.222539,2
1674,66000,387130000C,(04)23274275,(04)23288582,2025,04,5,17,10,臺中市,北屯區,0,0,0,7,,,30,,,,,,,,,,,,,,17,,,,,B03,,,1,8,1,,,8,8,1,12,4,120.705053,24.168115,3
1675,66000,387130000C,(04)23274275,(04)23288582,2025,04,5,17,12,臺中市,大里區,0,0,0,7,,,50,,,,,,,,,,,,,,17,,,,,C03,,,1,,1,,,8,8,1,12,4,120.700826,24.102446,3
1676,66000,387130000C,(04)23274275,(04)23288582,2025,04,5,17,15,臺中市,龍井區,0,1,0,7,2,6,50,11,9,1,5,4,6,6,4,4,9,5,5,1,18,2,9,2,1,C03,7,9,1,10,9,14,,85,85,1,6,4,120.574289,24.19602,2
1677,66000,387130000C,(04)23274275,(04)23288582,2025,04,5,17,16,臺中市,西區,0,1,0,7,2,6,50,5,1,1,5,4,6,6,2,1,10,5,5,2,16,3,10,3,1,B03,7,6,1,8,2,1,8,11,11,1,12,4,120.665763,24.135294,2
1678,66000,387130000C,(04)23274275,(04)23288582,2025,04,5,17,16,臺中市,沙鹿區,0,0,0,7,,,50,,,,,,,,,,,,,,17,,,,,B03,,,1,,2,,,51,51,1,6,4,120.568555,24.238269,3
1679,66000,387130000C,(04)23274275,(04)23288582,2025,04,5,17,17,臺中市,南屯區,0,0,0,7,,,50,,,,,,,,,,,,,,12,,,,,B03,,,1,,1,,,8,8,1,12,4,120.646887,24.151816,3
1680,66000,387130000C,(04)23274275,(04)23288582,2025,04,5,17,21,臺中市,大雅區,0,0,0,7,,,60,,,,,,,,,,,,,,,,,,,B03,,,1,,1,,,7,7,1,12,4,120.649993,24.213281,3
1681,66000,387130000C,(04)23274275,(04)23288582,2025,04,5,17,26,臺中市,中區,0,1,0,7,2,6,50,4,1,1,5,4,6,6,2,1,10,5,5,2,17,3,10,3,1,B03,7,5,1,8,2,2,,65,65,1,12,4,120.676016,24.145499,2
1682,66000,387130000C,(04)23274275,(04)23288582,2025,04,5,17,28,臺中市,西區,0,0,0,7,,,50,,,,,,,,,,,,,,17,,,,,B03,,,1,,2,,,50,50,1,12,4,120.660096,24.144462,3
1683,66000,387130000C,(04)23274275,(04)23288582,2025,04,5,17,29,臺中市,豐原區,0,0,0,7,,,50,,,,,,,,,,,,,,15,,,,,C03,,,1,,2,,,21,21,1,6,4,120.722571,24.255914,4
1684,66000,387130000C,(04)23274275,(04)23288582,2025,04,5,17,30,臺中市,西區,0,0,0,7,,,50,,,,,,,,,,,,,,,,,,,B03,,,1,,1,,,8,8,1,12,4,120.664095,24.146289,3
1685,66000,387130000C,(04)23274275,(04)23288582,2025,04,5,17,30,臺中市,北區,0,2,0,7,2,6,50,5,1,1,5,4,6,6,2,1,3,4,5,2,17,3,10,3,1,A04,7,9,1,2,2,6,,42,42,1,12,4,120.683521,24.153597,2
1686,66000,387130000C,(04)23274275,(04)23288582,2025,04,5,17,30,臺中市,霧峰區,0,0,0,6,,,50,,,,,,,,,,,,,,17,,,,,B03,,,1,,2,,,84,84,1,13,4,120.692158,24.04427,3