序號,縣市別代碼,機關代碼,市話,傳真,年,月,日,時,分,縣市,區,死亡數量,受傷數量,2-30,天候,道路照明設備,道路類別,道路速限,道路型態,事故位置,路面鋪裝,路面狀態,路面缺陷,障礙物,視距,號誌種類,號誌動作,分向設施,快車道或一般車道間,快慢車道間,路面邊線,事故類型及型態,受傷程度,主要傷處,保護裝備,行動電話或功能裝置,當事者區分（類別）,車輛用途,當事者行動狀態,駕照狀態,駕照種類,飲酒情形,車輛撞擊部位最初,車輛撞擊部位其他,肇事因素個別,肇事因素主要,肇事逃逸,職業,共享經濟或外送平台,GPS座標X,GPS座標Y,事故類別
1912,66000,387130000C,(04)23274275,(04)23288582,2025,04,6,17,29,臺中市,西區,0,0,0,7,,,50,,,,,,,,,,,,,,13,,,,,B03,,,1,,2,,,7,7,1,13,4,120.653003,24.14497,3
1913,66000,387130000C,(04)23274275,(04)23288582,2025,04,6,17,45,臺中市,南區,0,0,0,7,,,50,,,,,,,,,,,,,,13,,,,,B03,,,1,,2,,,7,7,1,12,4,120.682629,24.129878,3
1914,66000,387130000C,(04)23274275,(04)23288582,2025,04,6,17,47,臺中市,西區,0,1,0,7,2,6,40,13,8,1,5,4,6,6,4,4,1,4,5,2,17,3,10,3,1,B03,7,5,1,8,2,2,,84,84,1,12,4,120.658482,24.157359,2
1915,66000,387130000C,(04)23274275,(04)23288582,2025,04,6,17,49,臺中市,東區,0,0,0,7,,,50,,,,,,,,,,,,,,,,,,,B03,,,1,,2,,,84,84,1,12,4,120.698515,24.144662,3
1916,66000,387130000C,(04)23274275,(04)23288582,2025,04,6,17,54,臺中市,南屯區,0,0,0,7,,,50,,,,,,,,,,,,,,14,,,,,B03,,,1,,1,,,49,49,1,6,4,120.63423,24.144422,3
1917,66000,387130000C,(04)23274275,(04)23288582,2025,04,6,17,55,臺中市,北屯區,0,1,0,7,2,6,50,3,1,1,5,4,6,6,4,4,1,3,5,2,16,3,10,2,1,C03,7,5,1,10,2,13,14,14,14,1,13,4,120.70977,24.18233,2
1918,66000,387130000C,(04)23274275,(04)23288582,2025,04,6,17,58,臺中市,北屯區,0,2,0,6,3,6,50,4,1,1,5,4,6,6,2,1,10,5,5,2,12,3,10,2,1,C03,7,9,1,10,2,13,,84,84,1,6,4,120.704722,24.169437,2
1919,66000,387130000C,(04)23274275,(04)23288582,2025,04,6,18,0,臺中市,后里區,0,1,0,7,1,6,40,3,1,1,5,4,6,6,4,4,9,5,5,1,12,3,10,3,1,B03,7,9,1,8,2,2,,84,84,1,12,4,120.729334,24.30731,2
1920,66000,387130000C,(04)23274275,(04)23288582,2025,04,6,18,1,臺中市,大肚區,0,0,0,7,,,50,,,,,,,,,,,,,,,,,,,B03,,,1,,2,,,78,78,1,13,4,120.57904,24.118266,3
1921,66000,387130000C,(04)23274275,(04)23288582,2025,04,6,18,4,臺中市,大里區,0,0,0,7,,,50,,,,,,,,,,,,,,,,,,,C03,,,1,,2,,,7,7,1,6,4,120.699119,24.089421,3
1922,66000,387130000C,(04)23274275,(04)23288582,2025,04,6,18,5,臺中市,清水區,0,0,0,7,1,6,50,3,2,1,5,4,6,6,1,1,8,5,5,2,19,,,,,B03,,,1,,1,,,88,88,1,12,4,120.614671,24.288191,3
1923,66000,387130000C,(04)23274275,(04)23288582,2025,04,6,18,8,臺中市,南屯區,0,0,0,7,,,30,,,,,,,,,,,,,,14,,,,,B03,,,1,,1,,,82,82,1,12,4,120.641731,24.1413,3
1924,66000,387130000C,(04)23274275,(04)23288582,2025,04,6,18,9,臺中市,烏日區,0,1,0,7,1,6,50,3,2,1,5,4,6,6,4,4,5,4,5,2,12,3,10,3,1,B03,7,5,1,8,2,6,,42,42,1,12,4,120.598022,24.110753,2
1925,66000,387130000C,(04)23274275,(04)23288582,2025,04,6,18,10,臺中市,大雅區,0,1,0,6,1,6,30,4,1,1,5,4,6,6,4,4,10,5,5,2,17,3,10,3,1,B03,7,9,1,8,2,5,,15,15,1,13,4,120.653938,24.218078,2
1926,66000,387130000C,(04)23274275,(04)23288582,2025,04,6,18,12,臺中市,北屯區,0,0,0,7,,,,,,,,,,,,,,,,,14,,,,,,,,,,,,,49,49,1,,,120.704973,24.188504,3
1927,66000,387130000C,(04)23274275,(04)23288582,2025,04,6,18,15,臺中市,北區,0,0,0,7,,,50,,,,,,,,,,,,,,17,,,,,C03,,,1,,2,,,7,7,1,13,4,120.673695,24.162711,3
1928,66000,387130000C,(04)23274275,(04)23288582,2025,04,6,18,17,臺中市,西屯區,0,0,0,7,,,50,,,,,,,,,,,,,,,,,,,C03,,,1,,1,,,7,7,1,12,4,120.660864,24.172447,3
1929,66000,387130000C,(04)23274275,(04)23288582,2025,04,6,18,20,臺中市,南屯區,0,1,0,7,1,6,50,4,1,1,5,4,6,6,2,1,5,4,4,2,16,3,10,3,1,B03,7,6,1,8,2,5,,11,11,1,12,4,120.632356,24.145477,2
1930,66000,387130000C,(04)23274275,(04)23288582,2025,04,6,18,24,臺中市,龍井區,0,2,0,7,1,6,50,4,1,1,5,4,6,6,4,4,10,5,5,2,15,2,9,1,1,C03,7,9,1,10,2,11,,15,15,1,6,4,120.545495,24.201861,2
1931,66000,387130000C,(04)23274275,(04)23288582,2025,04,6,18,28,臺中市,烏日區,0,1,0,7,1,6,60,13,12,1,5,4,6,6,4,4,1,4,4,1,13,3,10,1,1,C03,7,9,1,10,2,11,12,7,7,1,6,4,120.637151,24.107604,2
1932,66000,387130000C,(04)23274275,(04)23288582,2025,04,6,18,34,臺中市,北屯區,0,0,0,7,,,50,,,,,,,,,,,,,,,,,,,B03,,,1,,2,,,11,11,1,12,4,120.697047,24.169516,4
1933,66000,387130000C,(04)23274275,(04)23288582,2025,04,6,18,34,臺中市,豐原區,0,0,0,7,,,50,,,,,,,,,,,,,,,,,,,B03,,,5,,2,,,84,84,1,13,4,120.719406,24.252845,3
1934,66000,387130000C,(04)23274275,(04)23288582,2025,04,6,18,35,臺中市,北區,0,3,0,7,1,6,50,4,1,1,5,4,6,6,1,1,5,4,4,2,17,2,9,5,1,C03,7,9,5,19,2,12,,4,4,1,13,4,120.682617,24.153271,2
1935,66000,387130000C,(04)23274275,(04)23288582,2025,04,6,18,40,臺中市,大甲區,0,0,0,7,,,50,,,,,,,,,,,,,,,,,,,B03,,,1,,2,,,50,50,1,6,4,120.620732,24.345668,3
1936,66000,387130000C,(04)23274275,(04)23288582,2025,04,6,18,45,臺中市,烏日區,0,0,0,7,,,40,,,,,,,,,,,,,,,,,,,B03,,,1,,1,,,7,7,1,6,4,120.617333,24.118684,3
1937,66000,387130000C,(04)23274275,(04)23288582,2025,04,6,18,47,臺中市,西區,0,1,0,7,1,6,50,3,2,1,5,4,6,6,4,4,5,5,5,2,17,2,9,2,1,C03,7,15,1,10,2,12,,14,14,1,12,4,120.667645,24.145066,2
1938,66000,387130000C,(04)23274275,(04)23288582,2025,04,6,18,50,臺中市,南屯區,0,3,0,7,1,6,60,4,1,1,5,4,6,6,2,1,1,1,1,2,16,3,10,3,1,B03,7,5,1,8,1,2,,38,38,1,12,4,120.623125,24.135555,2
1939,66000,387130000C,(04)23274275,(04)23288582,2025,04,6,18,50,臺中市,后里區,0,2,0,7,1,6,50,4,1,1,5,4,6,6,1,1,10,5,5,2,16,2,9,1,1,F01,7,11,7,21,2,11,,46,46,1,2,4,120.721756,24.304716,2
1940,66000,387130000C,(04)23274275,(04)23288582,2025,04,6,18,51,臺中市,西屯區,0,1,0,7,1,6,50,13,7,1,5,4,6,6,4,4,5,4,4,2,30,2,9,5,4,C03,7,12,1,10,2,15,,84,84,1,13,4,120.648656,24.170363,2
1941,66000,387130000C,(04)23274275,(04)23288582,2025,04,6,18,57,臺中市,東區,0,1,0,7,1,6,50,13,9,1,5,4,6,6,4,4,9,4,5,2,12,3,10,1,1,C03,7,1,1,10,2,11,,51,51,1,12,4,120.687713,24.137065,2
1942,66000,387130000C,(04)23274275,(04)23288582,2025,04,6,19,4,臺中市,大里區,0,1,0,7,1,6,50,3,2,1,5,4,6,6,4,4,10,5,5,2,16,2,9,1,1,C03,7,1,1,10,2,11,,51,51,1,13,4,120.675893,24.096334,2
1943,66000,387130000C,(04)23274275,(04)23288582,2025,04,6,19,4,臺中市,太平區,0,1,0,7,1,6,50,3,1,1,5,4,6,6,3,1,10,5,5,1,13,2,8,1,1,C03,7,9,1,10,2,11,,7,7,1,5,4,120.734296,24.143958,2
1944,66000,387130000C,(04)23274275,(04)23288582,2025,04,6,19,6,臺中市,北區,0,0,0,7,,,50,,,,,,,,,,,,,,13,,,,,B03,,,1,,1,,,7,7,1,13,4,120.671639,24.173359,3
1945,66000,387130000C,(04)23274275,(04)23288582,2025,04,6,19,7,臺中市,北區,0,0,0,7,,,50,,,,,,,,,,,,,,23,,,,,B01,,,1,,2,,,84,84,1,13,4,120.698716,24.152233,3
1946,66000,387130000C,(04)23274275,(04)23288582,2025,04,6,19,18,臺中市,豐原區,0,0,0,7,,,50,,,,,,,,,,,,,,14,,,,,B03,,,1,,2,,,49,49,1,6,4,120.72934,24.255053,3
1947,66000,387130000C,(04)23274275,(04)23288582,2025,04,6,19,20,臺中市,外埔區,0,0,0,7,1,6,30,13,9,4,5,4,6,6,4,4,10,5,5,2,14,3,10,3,1,B03,7,2,1,8,2,7,,49,49,1,12,4,120.640779,24.342428,3
1948,66000,387130000C,(04)23274275,(04)23288582,2025,04,6,19,31,臺中市,西屯區,0,1,0,7,1,6,50,3,1,1,5,4,6,6,4,4,10,4,5,2,17,3,10,5,4,B03,7,1,1,8,2,5,,51,51,1,13,4,120.64499,24.180336,2
1949,66000,387130000C,(04)23274275,(04)23288582,2025,04,6,19,33,臺中市,大里區,0,1,0,7,1,6,40,4,2,1,5,4,6,6,2,1,5,5,4,1,18,2,9,1,1,F03,7,9,7,21,2,12,,84,84,1,13,4,120.683435,24.110259,2
1950,66000,387130000C,(04)23274275,(04)23288582,2025,04,6,19,35,臺中市,沙鹿區,0,0,0,7,,,60,,,,,,,,,,,,,,17,,,,,B03,,,1,,1,,,40,40,1,12,4,120.566913,24.203712,3
1951,66000,387130000C,(04)23274275,(04)23288582,2025,04,6,19,49,臺中市,北屯區,0,0,0,7,,,50,,,,,,,,,,,,,,17,,,,,C03,,,1,,1,,,43,43,1,13,4,120.731176,24.173091,3
1952,66000,387130000C,(04)23274275,(04)23288582,2025,04,6,19,50,臺中市,西屯區,0,0,0,6,,,50,,,,,,,,,,,,,,,,,,,C03,,,1,,1,,,48,48,1,13,4,120.637023,24.172144,4
1953,66000,387130000C,(04)23274275,(04)23288582,2025,04,6,20,7,臺中市,西屯區,0,0,0,7,,,50,,,,,,,,,,,,,,3,,,,,B02,,,1,,2,,,59,59,1,12,4,120.644929,24.170168,3
1954,66000,387130000C,(04)23274275,(04)23288582,2025,04,6,20,12,臺中市,南屯區,0,1,0,7,1,6,50,13,9,1,5,4,6,6,4,4,5,4,5,2,17,3,10,3,1,B03,7,2,1,8,2,7,,49,49,1,6,4,120.632843,24.138131,2
1955,66000,387130000C,(04)23274275,(04)23288582,2025,04,6,20,13,臺中市,大里區,0,3,0,7,1,6,50,3,1,1,5,4,6,6,3,1,10,5,5,2,16,2,8,1,1,C03,7,6,1,10,2,11,,11,11,1,6,2,120.684319,24.117089,2
1956,66000,387130000C,(04)23274275,(04)23288582,2025,04,6,20,16,臺中市,大雅區,0,0,0,6,,,30,,,,,,,,,,,,,,,,,,,C03,,,1,,1,,,41,41,1,13,4,120.619585,24.222764,3
1957,66000,387130000C,(04)23274275,(04)23288582,2025,04,6,20,16,臺中市,沙鹿區,0,2,0,7,1,6,50,3,1,1,5,4,6,6,4,4,10,5,5,2,18,2,9,2,1,C03,7,9,3,19,2,14,,59,59,1,6,4,120.565808,24.236344,2
1958,66000,387130000C,(04)23274275,(04)23288582,2025,04,6,20,20,臺中市,南屯區,0,0,0,7,,,50,,,,,,,,,,,,,,14,,,,,B12,,,1,,1,,,49,49,1,6,4,120.654534,24.130834,3
1959,66000,387130000C,(04)23274275,(04)23288582,2025,04,6,20,21,臺中市,西區,0,0,0,7,,,50,,,,,,,,,,,,,,23,,,,,B03,,,1,,2,,,84,84,1,12,4,120.667033,24.132418,3
1960,66000,387130000C,(04)23274275,(04)23288582,2025,04,6,20,23,臺中市,北屯區,0,0,0,7,,,30,,,,,,,,,,,,,,30,,,,,B03,,,1,,2,,,59,59,1,13,4,120.741901,24.178458,3
1961,66000,387130000C,(04)23274275,(04)23288582,2025,04,6,20,30,臺中市,西區,0,1,0,7,2,6,50,13,7,1,5,4,6,6,4,4,5,4,4,2,17,3,10,3,1,B03,7,2,1,8,2,8,,49,49,1,12,4,120.675195,24.142488,2
1962,66000,387130000C,(04)23274275,(04)23288582,2025,04,6,20,40,臺中市,東區,0,1,0,7,1,6,50,3,1,1,5,4,6,6,1,1,10,5,5,2,16,3,10,3,1,B03,7,5,1,8,2,2,,84,84,1,12,4,120.686281,24.144579,2
1963,66000,387130000C,(04)23274275,(04)23288582,2025,04,6,20,45,臺中市,潭子區,0,1,0,7,1,6,40,11,14,1,5,4,6,6,4,4,5,5,5,1,21,2,1,2,1,C03,7,9,1,10,8,11,,8,8,1,13,4,120.699195,24.192015,2
1964,66000,387130000C,(04)23274275,(04)23288582,2025,04,6,20,47,臺中市,南屯區,0,0,0,7,,,50,,,,,,,,,,,,,,,,,,,B03,,,1,,2,,,59,59,1,13,4,120.642638,24.146872,3
1965,66000,387130000C,(04)23274275,(04)23288582,2025,04,6,21,5,臺中市,西區,0,1,0,7,1,6,50,3,1,1,5,4,6,6,4,4,5,4,4,2,18,2,9,2,1,C03,7,9,1,10,2,14,,84,84,1,12,4,120.659248,24.133511,2
1966,66000,387130000C,(04)23274275,(04)23288582,2025,04,6,21,6,臺中市,南區,0,0,0,7,,,50,,,,,,,,,,,,,,,,,,,B03,,,1,,1,,,7,7,1,12,4,120.679384,24.122246,3
1967,66000,387130000C,(04)23274275,(04)23288582,2025,04,6,21,6,臺中市,南屯區,0,2,0,7,1,6,50,3,1,1,5,4,6,6,4,4,10,5,5,2,16,3,10,3,1,B03,7,6,1,8,2,8,,14,14,1,12,4,120.645633,24.133428,2
1968,66000,387130000C,(04)23274275,(04)23288582,2025,04,6,21,10,臺中市,大甲區,0,1,0,7,1,6,50,4,9,1,5,4,6,6,4,4,5,3,5,1,17,2,9,1,1,C03,7,9,1,10,2,11,,15,15,1,12,4,120.62388,24.345332,2
1969,66000,387130000C,(04)23274275,(04)23288582,2025,04,6,21,12,臺中市,北屯區,0,3,0,6,1,6,50,3,1,1,5,4,6,6,2,1,10,5,5,2,16,2,9,2,1,C04,7,6,1,11,2,12,,48,48,1,6,4,120.678255,24.193254,2
1970,66000,387130000C,(04)23274275,(04)23288582,2025,04,6,21,19,臺中市,南區,0,1,0,7,1,6,40,4,1,1,5,4,6,6,4,4,10,5,5,2,16,2,9,2,1,C03,7,6,1,10,2,11,,14,14,1,5,4,120.664231,24.120787,2
1971,66000,387130000C,(04)23274275,(04)23288582,2025,04,6,21,22,臺中市,東區,0,1,0,7,1,6,50,13,9,1,5,4,6,6,4,4,9,4,5,2,14,3,10,3,1,B03,7,2,1,8,2,4,,49,49,1,12,4,120.696502,24.137195,2
1972,66000,387130000C,(04)23274275,(04)23288582,2025,04,6,21,30,臺中市,東區,0,0,0,7,,,50,,,,,,,,,,,,,,,,,,,B03,,,1,,2,,,84,84,1,12,4,120.689976,24.132866,3
1973,66000,387130000C,(04)23274275,(04)23288582,2025,04,6,21,38,臺中市,太平區,0,1,0,7,1,6,50,13,9,1,5,4,6,6,1,1,5,5,5,2,30,2,9,1,1,C03,7,9,1,10,2,12,,84,84,1,12,4,120.717182,24.156905,2
1974,66000,387130000C,(04)23274275,(04)23288582,2025,04,6,21,41,臺中市,東區,0,1,0,7,1,6,50,4,1,1,5,4,6,6,2,1,5,4,4,2,11,3,10,3,1,B03,7,6,1,8,2,2,,11,11,1,12,4,120.701456,24.138879,2
1975,66000,387130000C,(04)23274275,(04)23288582,2025,04,6,21,41,臺中市,霧峰區,0,2,0,7,1,6,30,4,2,1,5,4,6,6,4,4,10,5,5,1,11,2,9,1,1,C03,7,6,1,10,2,11,,12,12,1,13,4,120.679482,24.062778,2
1976,66000,387130000C,(04)23274275,(04)23288582,2025,04,6,21,48,臺中市,南屯區,0,0,0,7,,,50,,,,,,,,,,,,,,,,,,,B02,,,1,,1,,,2,2,1,13,4,120.622284,24.150142,3
1977,66000,387130000C,(04)23274275,(04)23288582,2025,04,6,21,54,臺中市,烏日區,0,1,0,7,1,6,70,13,8,1,5,4,6,6,4,4,1,4,4,1,12,2,9,1,1,C03,7,9,1,10,9,11,,84,84,1,6,4,120.598638,24.111187,2
1978,66000,387130000C,(04)23274275,(04)23288582,2025,04,6,22,2,臺中市,北區,0,0,0,7,1,6,50,3,2,1,5,4,6,6,2,1,3,4,5,2,17,,,,,C03,,,5,,2,,,51,51,1,13,4,120.693922,24.161053,3
1979,66000,387130000C,(04)23274275,(04)23288582,2025,04,6,22,3,臺中市,清水區,0,0,0,7,,,40,,,,,,,,,,,,,,,,,,,,,,,,,,,119,119,1,,,120.571028,24.259173,3
1980,66000,387130000C,(04)23274275,(04)23288582,2025,04,6,22,5,臺中市,西區,0,0,0,7,,,0,,,,,,,,,,,,,,,,,,,B03,,,1,8,1,,,84,84,2,13,4,120.657558,24.147026,3
1981,66000,387130000C,(04)23274275,(04)23288582,2025,04,6,22,15,臺中市,南屯區,0,0,0,7,,,50,,,,,,,,,,,,,,17,,,,,B12,,,1,,1,,,84,84,1,6,4,120.622918,24.135534,3
1982,66000,387130000C,(04)23274275,(04)23288582,2025,04,6,22,35,臺中市,南屯區,0,1,0,7,1,6,50,13,9,1,5,4,6,6,4,4,9,5,5,2,17,3,10,3,1,B03,7,11,1,8,2,4,,39,39,1,13,4,120.61099,24.145261,2
1983,66000,387130000C,(04)23274275,(04)23288582,2025,04,6,22,44,臺中市,南屯區,0,1,0,7,1,6,50,4,1,1,5,4,6,6,2,1,1,4,4,2,11,3,10,5,4,B03,7,6,5,19,2,2,,11,11,1,13,4,120.646681,24.153613,2
1984,66000,387130000C,(04)23274275,(04)23288582,2025,04,6,22,52,臺中市,南區,0,1,0,7,1,6,50,13,9,1,5,4,6,6,4,4,9,4,5,2,12,2,8,1,1,F02,7,11,7,21,2,14,,45,45,1,12,4,120.67334,24.130464,2
1985,66000,387130000C,(04)23274275,(04)23288582,2025,04,6,23,18,臺中市,豐原區,0,1,0,7,1,6,50,4,2,1,5,4,6,6,4,4,10,5,5,2,12,2,9,1,1,C03,7,9,1,10,2,11,,56,56,1,12,4,120.700334,24.249568,2
1986,66000,387130000C,(04)23274275,(04)23288582,2025,04,6,23,19,臺中市,西區,0,1,0,7,1,6,50,13,7,1,5,4,6,6,4,4,5,4,4,2,12,2,9,2,1,C03,7,8,1,10,2,14,,40,40,1,12,4,120.653266,24.149562,2
1987,66000,387130000C,(04)23274275,(04)23288582,2025,04,7,5,8,臺中市,西屯區,0,1,0,7,1,6,50,3,1,1,5,4,6,6,1,1,9,3,5,2,18,2,9,5,4,C03,7,9,1,10,2,14,,59,59,1,13,4,120.592737,24.179114,2
1988,66000,387130000C,(04)23274275,(04)23288582,2025,04,7,5,39,臺中市,中區,0,0,0,7,,,40,,,,,,,,,,,,,,,,,,,B03,,,1,8,2,,,84,84,1,13,4,120.679826,24.146488,3
1989,66000,387130000C,(04)23274275,(04)23288582,2025,04,7,6,32,臺中市,西屯區,0,3,0,7,2,6,50,4,1,1,5,4,6,6,1,1,10,5,5,2,15,2,9,5,4,F03,7,9,7,21,2,12,,21,21,1,12,4,120.613992,24.174798,2
1990,66000,387130000C,(04)23274275,(04)23288582,2025,04,7,6,32,臺中市,大里區,0,0,0,7,,,50,,,,,,,,,,,,,,17,,,,,B03,,,1,,2,,,84,84,1,12,4,120.687806,24.100325,3
1991,66000,387130000C,(04)23274275,(04)23288582,2025,04,7,6,36,臺中市,西屯區,0,0,0,7,2,6,50,3,1,1,5,4,6,6,1,1,9,4,4,2,12,,,,,B03,,,1,,1,,,8,8,1,13,4,120.613133,24.171558,3
1992,66000,387130000C,(04)23274275,(04)23288582,2025,04,7,6,44,臺中市,西屯區,0,0,0,7,,,40,,,,,,,,,,,,,,13,,,,,C03,,,1,,1,,,7,7,1,12,4,120.642941,24.166036,4
1993,66000,387130000C,(04)23274275,(04)23288582,2025,04,7,6,50,臺中市,梧棲區,0,1,0,7,2,6,50,13,8,1,5,4,6,6,4,4,5,4,4,2,16,3,10,3,1,B03,7,7,1,8,2,16,,40,40,1,12,4,120.529879,24.253432,2
1994,66000,387130000C,(04)23274275,(04)23288582,2025,04,7,6,58,臺中市,大里區,0,0,0,6,,,50,,,,,,,,,,,,,,17,,,,,B03,,,1,,2,,,40,40,1,13,4,120.69879,24.079979,3
1995,66000,387130000C,(04)23274275,(04)23288582,2025,04,7,6,59,臺中市,豐原區,0,0,0,7,2,6,50,13,9,1,5,4,6,6,1,1,1,5,5,1,13,3,10,5,4,A12,7,9,1,2,4,1,,7,7,1,12,4,120.740308,24.271662,3
1996,66000,387130000C,(04)23274275,(04)23288582,2025,04,7,7,0,臺中市,大雅區,0,1,0,7,1,6,0,13,9,1,5,4,6,6,4,4,5,5,5,1,17,2,9,1,1,C03,7,8,1,10,2,14,12,84,84,1,13,4,120.64447,24.220971,2
1997,66000,387130000C,(04)23274275,(04)23288582,2025,04,7,7,4,臺中市,豐原區,0,2,0,6,2,6,50,3,1,1,5,4,6,6,2,1,5,4,4,2,13,2,9,1,1,C01,7,9,1,9,2,11,,7,7,1,12,4,120.71595,24.23952,2
1998,66000,387130000C,(04)23274275,(04)23288582,2025,04,7,7,5,臺中市,大里區,0,0,0,7,,,50,,,,,,,,,,,,,,17,,,,,C03,,,1,10,2,,,84,84,1,13,4,120.70235,24.100795,3
1999,66000,387130000C,(04)23274275,(04)23288582,2025,04,7,7,10,臺中市,后里區,0,0,0,7,,,50,,,,,,,,,,,,,,14,,,,,B03,,,1,,1,,,49,49,1,12,4,120.679871,24.315928,3
2000,66000,387130000C,(04)23274275,(04)23288582,2025,04,7,7,11,臺中市,西屯區,0,0,0,7,,,50,,,,,,,,,,,,,,13,,,,,B03,,,1,,1,,,56,56,1,12,4,120.61959,24.180928,3
2001,66000,387130000C,(04)23274275,(04)23288582,2025,04,7,7,12,臺中市,南區,0,1,0,7,3,6,50,4,1,1,5,4,6,6,1,1,10,5,5,2,16,3,10,5,4,B03,7,6,1,8,2,1,,11,11,1,12,4,120.657269,24.116791,2
2002,66000,387130000C,(04)23274275,(04)23288582,2025,04,7,7,15,臺中市,神岡區,0,1,0,7,2,6,30,3,1,1,5,4,6,6,4,4,10,5,5,2,17,3,10,5,4,B03,7,9,1,8,2,8,,84,84,1,13,4,120.654331,24.279282,2
2003,66000,387130000C,(04)23274275,(04)23288582,2025,04,7,7,16,臺中市,北屯區,0,1,0,7,2,6,50,4,1,1,5,4,6,6,4,4,10,5,5,2,18,2,9,1,1,C03,7,6,1,10,2,14,,48,48,1,6,4,120.677639,24.176059,2
2004,66000,387130000C,(04)23274275,(04)23288582,2025,04,7,7,16,臺中市,霧峰區,0,1,0,7,2,6,30,3,1,1,5,4,6,6,4,4,10,5,5,2,17,2,9,2,1,C03,7,6,1,10,2,11,,12,12,1,6,4,120.679145,24.064681,2
2005,66000,387130000C,(04)23274275,(04)23288582,2025,04,7,7,16,臺中市,烏日區,0,2,0,7,3,6,30,3,1,1,5,4,6,6,4,4,10,5,5,1,16,3,10,3,1,B03,7,5,1,8,2,8,,14,14,1,9,4,120.648681,24.078917,2
2006,66000,387130000C,(04)23274275,(04)23288582,2025,04,7,7,17,臺中市,北屯區,0,0,0,7,,,50,,,,,,,,,,,,,,,,,,,B03,,,1,,9,,,49,49,1,12,4,120.703494,24.171283,3
2007,66000,387130000C,(04)23274275,(04)23288582,2025,04,7,7,19,臺中市,西屯區,0,0,0,7,,,50,,,,,,,,,,,,,,,,,,,B03,,,1,,2,,,50,50,1,12,4,120.630011,24.183267,3
2008,66000,387130000C,(04)23274275,(04)23288582,2025,04,7,7,19,臺中市,霧峰區,0,0,0,7,,,30,,,,,,,,,,,,,,17,,,,,B03,,,1,8,2,,,84,84,1,13,4,120.660422,24.07181,3
2009,66000,387130000C,(04)23274275,(04)23288582,2025,04,7,7,21,臺中市,北屯區,0,1,0,7,3,6,40,13,8,1,5,4,6,6,4,4,5,5,4,2,17,2,9,6,1,F01,7,9,7,21,2,11,,59,59,1,13,4,120.72432,24.172258,2
2010,66000,387130000C,(04)23274275,(04)23288582,2025,04,7,7,25,臺中市,北屯區,0,1,0,7,2,6,50,3,1,1,5,4,6,6,3,1,10,5,5,2,16,3,10,3,1,B03,7,5,1,8,2,8,,24,24,1,12,4,120.738145,24.178367,2
2011,66000,387130000C,(04)23274275,(04)23288582,2025,04,7,7,26,臺中市,潭子區,0,2,0,7,3,6,50,3,1,1,5,4,6,6,3,1,5,4,4,2,17,3,10,2,1,C03,7,9,1,10,2,12,,4,4,1,13,4,120.705874,24.215408,2
2012,66000,387130000C,(04)23274275,(04)23288582,2025,04,7,7,30,臺中市,南屯區,0,0,0,7,,,50,,,,,,,,,,,,,,,,,,,B03,,,1,,1,,,7,7,1,12,4,120.592008,24.158253,3
2013,66000,387130000C,(04)23274275,(04)23288582,2025,04,7,7,30,臺中市,大里區,0,1,0,7,3,6,50,4,2,1,5,4,6,6,4,4,5,4,4,1,16,3,10,5,4,A05,7,6,1,2,2,4,,8,8,1,13,4,120.685057,24.105352,2
2014,66000,387130000C,(04)23274275,(04)23288582,2025,04,7,7,30,臺中市,后里區,0,0,0,7,,,50,,,,,,,,,,,,,,12,,,,,,,,,,,,,86,86,2,,4,120.721568,24.305433,3
2015,66000,387130000C,(04)23274275,(04)23288582,2025,04,7,7,31,臺中市,大雅區,0,0,0,7,,,30,,,,,,,,,,,,,,,,,,,B03,,,1,,2,,,24,24,1,12,4,120.623916,24.233921,3
2016,66000,387130000C,(04)23274275,(04)23288582,2025,04,7,7,31,臺中市,太平區,0,3,0,7,3,6,30,4,1,1,5,4,6,6,4,4,10,5,5,2,15,2,9,1,1,C03,7,9,1,10,2,11,,15,15,1,12,4,120.719886,24.116111,2
2017,66000,387130000C,(04)23274275,(04)23288582,2025,04,7,7,32,臺中市,南區,0,0,0,7,,,50,,,,,,,,,,,,,,12,,,,,B03,,,1,,1,,,40,40,1,12,4,120.657413,24.129681,3
2018,66000,387130000C,(04)23274275,(04)23288582,2025,04,7,7,35,臺中市,北屯區,0,0,0,7,,,50,,,,,,,,,,,,,,17,,,,,B03,,,1,,1,,,58,58,1,12,4,120.738145,24.178367,3
2019,66000,387130000C,(04)23274275,(04)23288582,2025,04,7,7,36,臺中市,西屯區,0,2,0,7,3,6,50,3,1,1,5,4,6,6,1,1,1,4,4,2,16,3,10,3,1,B03,7,11,1,8,2,5,2,45,45,1,12,4,120.636762,24.155797,2
2020,66000,387130000C,(04)23274275,(04)23288582,2025,04,7,7,38,臺中市,沙鹿區,0,0,0,7,,,50,,,,,,,,,,,,,,,,,,,B03,,,1,,2,,,8,8,1,13,4,120.554269,24.231995,3
2021,66000,387130000C,(04)23274275,(04)23288582,2025,04,7,7,38,臺中市,大甲區,0,0,0,7,,,60,,,,,,,,,,,,,,13,,,,,B03,,,1,,2,,,84,84,1,6,4,120.617487,24.343671,3
2022,66000,387130000C,(04)23274275,(04)23288582,2025,04,7,7,41,臺中市,豐原區,0,1,0,7,2,6,0,11,9,1,5,4,6,6,4,4,10,5,5,1,14,3,10,5,4,B03,7,2,1,8,2,3,,49,49,1,12,4,120.749266,24.265449,2