序號,縣市別代碼,機關代碼,市話,傳真,年,月,日,時,分,縣市,區,死亡數量,受傷數量,2-30,天候,道路照明設備,道路類別,道路速限,道路型態,事故位置,路面鋪裝,路面狀態,路面缺陷,障礙物,視距,號誌種類,號誌動作,分向設施,快車道或一般車道間,快慢車道間,路面邊線,事故類型及型態,受傷程度,主要傷處,保護裝備,行動電話或功能裝置,當事者區分（類別）,車輛用途,當事者行動狀態,駕照狀態,駕照種類,飲酒情形,車輛撞擊部位最初,車輛撞擊部位其他,肇事因素個別,肇事因素主要,肇事逃逸,職業,共享經濟或外送平台,GPS座標X,GPS座標Y,事故類別
2023,66000,387130000C,(04)23274275,(04)23288582,2025,04,7,7,43,臺中市,南屯區,0,0,0,7,,,50,,,,,,,,,,,,,,,,,,,B03,,,1,,1,,,7,7,1,12,4,120.586088,24.164021,3
2024,66000,387130000C,(04)23274275,(04)23288582,2025,04,7,7,44,臺中市,北區,0,1,0,7,2,6,50,13,9,1,5,4,6,6,4,4,5,5,5,2,12,3,10,3,1,B03,7,4,1,8,2,2,,8,8,1,13,4,120.696179,24.156794,2
2025,66000,387130000C,(04)23274275,(04)23288582,2025,04,7,7,44,臺中市,西屯區,0,1,0,7,2,6,50,13,7,1,5,4,6,6,4,4,1,4,4,2,13,3,10,3,1,B03,7,9,1,8,2,2,,58,58,1,12,4,120.653737,24.203083,2
2026,66000,387130000C,(04)23274275,(04)23288582,2025,04,7,7,44,臺中市,大里區,0,0,0,7,,,50,,,,,,,,,,,,,,,,,,,C03,,,1,,2,,,7,7,1,12,4,120.696949,24.111675,3
2027,66000,387130000C,(04)23274275,(04)23288582,2025,04,7,7,45,臺中市,南屯區,0,1,0,7,3,6,40,13,8,1,5,4,6,6,4,4,3,5,3,2,17,2,9,1,1,C03,7,9,3,19,2,12,,7,7,1,12,4,120.596604,24.155936,2
2028,66000,387130000C,(04)23274275,(04)23288582,2025,04,7,7,45,臺中市,西屯區,0,1,0,7,2,6,50,4,1,1,5,4,6,6,1,1,10,5,5,2,16,2,9,5,1,C03,7,6,1,10,2,16,,11,11,1,12,4,120.6519,24.167604,2
2029,66000,387130000C,(04)23274275,(04)23288582,2025,04,7,7,45,臺中市,霧峰區,0,2,0,7,2,6,50,13,9,1,5,4,6,6,4,4,5,5,5,1,17,3,10,2,1,C03,7,9,1,10,2,11,,7,7,1,6,4,120.70766,24.073793,2
2030,66000,387130000C,(04)23274275,(04)23288582,2025,04,7,7,47,臺中市,梧棲區,0,0,0,7,,,40,,,,,,,,,,,,,,17,,,,,B03,,,1,,1,,,59,59,1,6,4,120.538924,24.255703,3
2031,66000,387130000C,(04)23274275,(04)23288582,2025,04,7,7,47,臺中市,清水區,0,1,0,7,2,6,50,4,2,1,5,4,6,6,1,1,8,3,4,1,17,2,9,1,1,C03,7,9,1,10,1,14,,84,84,1,12,4,120.55498,24.265881,2
2032,66000,387130000C,(04)23274275,(04)23288582,2025,04,7,7,47,臺中市,外埔區,0,0,0,7,3,6,50,4,2,1,5,4,6,6,4,4,5,4,4,1,15,3,10,1,1,C03,7,9,1,8,2,11,,12,12,1,6,4,120.65374,24.331364,3
2033,66000,387130000C,(04)23274275,(04)23288582,2025,04,7,7,48,臺中市,南區,0,2,0,7,2,6,50,4,1,1,5,4,6,6,1,1,9,4,4,2,16,3,10,3,1,B03,7,6,1,8,2,5,,11,11,1,13,4,120.660534,24.116903,2
2034,66000,387130000C,(04)23274275,(04)23288582,2025,04,7,7,48,臺中市,北屯區,0,0,0,7,,,50,,,,,,,,,,,,,,12,,,,,C03,,,1,,1,,,1,1,1,12,4,120.732065,24.15977,3
2035,66000,387130000C,(04)23274275,(04)23288582,2025,04,7,7,50,臺中市,梧棲區,0,1,0,7,2,6,50,5,1,1,5,4,6,6,4,4,10,5,5,2,16,3,10,3,1,B03,7,6,1,8,2,8,,14,14,1,12,4,120.545248,24.242308,2
2036,66000,387130000C,(04)23274275,(04)23288582,2025,04,7,7,52,臺中市,潭子區,0,0,0,7,,,50,,,,,,,,,,,,,,,,,,,B03,,,1,,2,,,39,39,1,13,4,120.694731,24.224515,3
2037,66000,387130000C,(04)23274275,(04)23288582,2025,04,7,7,53,臺中市,北屯區,0,0,0,7,,,40,,,,,,,,,,,,,,12,,,,,C03,,,1,,1,,,84,84,1,12,4,120.715489,24.16394,3
2038,66000,387130000C,(04)23274275,(04)23288582,2025,04,7,7,53,臺中市,龍井區,0,0,0,7,,,30,,,,,,,,,,,,,,13,,,,,C03,,,1,,1,,,8,8,1,6,4,120.57323,24.18042,3
2039,66000,387130000C,(04)23274275,(04)23288582,2025,04,7,7,53,臺中市,外埔區,0,0,0,7,,,50,,,,,,,,,,,,,,11,,,,,B03,,,1,,2,,,8,8,1,6,4,120.659277,24.322209,3
2040,66000,387130000C,(04)23274275,(04)23288582,2025,04,7,7,55,臺中市,東區,0,1,0,7,2,6,50,4,1,1,5,4,6,6,4,4,10,5,5,2,15,2,9,2,1,C03,7,9,1,10,2,11,,13,13,1,12,4,120.692944,24.130333,2
2041,66000,387130000C,(04)23274275,(04)23288582,2025,04,7,7,56,臺中市,潭子區,0,1,0,7,3,6,60,13,7,1,5,4,6,6,1,1,3,4,4,1,13,2,9,1,1,C03,7,9,1,10,2,11,,7,7,1,12,4,120.705553,24.218211,2
2042,66000,387130000C,(04)23274275,(04)23288582,2025,04,7,7,56,臺中市,大雅區,0,1,0,7,1,6,50,13,9,1,5,4,6,6,4,4,5,5,5,1,13,2,8,1,1,C03,7,9,1,10,2,11,,7,7,1,13,4,120.672998,24.210932,2
2043,66000,387130000C,(04)23274275,(04)23288582,2025,04,7,7,56,臺中市,后里區,0,2,0,7,3,6,40,4,2,1,5,4,6,6,1,1,10,4,4,2,16,2,9,1,1,C03,7,6,5,10,2,14,,85,85,1,6,4,120.728986,24.313288,2
2044,66000,387130000C,(04)23274275,(04)23288582,2025,04,7,7,58,臺中市,潭子區,0,0,0,7,,,50,,,,,,,,,,,,,,,,,,,C03,,,1,,2,,,84,84,1,12,4,120.709422,24.200329,3
2045,66000,387130000C,(04)23274275,(04)23288582,2025,04,7,7,59,臺中市,西區,0,1,0,7,2,6,50,4,7,1,5,4,6,6,2,1,5,5,5,2,16,2,9,1,1,C03,7,8,1,10,2,14,,40,40,1,4,4,120.663182,24.156542,2
2046,66000,387130000C,(04)23274275,(04)23288582,2025,04,7,8,0,臺中市,西屯區,0,0,0,7,,,50,,,,,,,,,,,,,,13,,,,,C03,,,1,,1,,,7,7,1,12,4,120.650414,24.166796,4
2047,66000,387130000C,(04)23274275,(04)23288582,2025,04,7,8,2,臺中市,潭子區,0,1,0,7,3,6,50,4,2,1,5,4,6,6,3,1,5,4,4,2,17,2,9,2,1,C03,7,11,5,19,2,12,,39,39,1,13,4,120.705676,24.226106,2
2048,66000,387130000C,(04)23274275,(04)23288582,2025,04,7,8,2,臺中市,北屯區,0,0,0,7,,,80,,,,,,,,,,,,,,13,,,,,B03,,,1,,1,,,7,7,1,6,4,120.667733,24.200989,3
2049,66000,387130000C,(04)23274275,(04)23288582,2025,04,7,8,3,臺中市,大肚區,0,0,0,7,,,50,,,,,,,,,,,,,,12,,,,,B03,,,1,,2,,,45,45,1,6,4,120.574774,24.169843,4
2050,66000,387130000C,(04)23274275,(04)23288582,2025,04,7,8,3,臺中市,大甲區,0,0,0,7,,,50,,,,,,,,,,,,,,,,,,,B03,,,1,,2,,,50,50,1,12,4,120.621963,24.344644,3
2051,66000,387130000C,(04)23274275,(04)23288582,2025,04,7,8,5,臺中市,南屯區,0,0,0,7,,,40,,,,,,,,,,,,,,12,,,,,B03,,,1,,1,,,8,8,1,12,4,120.623447,24.151137,3
2052,66000,387130000C,(04)23274275,(04)23288582,2025,04,7,8,5,臺中市,大里區,0,1,0,7,2,6,40,4,2,1,5,4,6,6,1,1,5,5,4,2,17,2,8,5,4,C03,7,5,1,10,2,11,,84,84,1,13,4,120.703742,24.093107,2
2053,66000,387130000C,(04)23274275,(04)23288582,2025,04,7,8,7,臺中市,東勢區,0,1,0,7,2,6,40,4,1,1,5,4,6,6,4,4,10,5,5,2,12,2,9,1,1,C03,7,1,1,10,2,14,,51,51,1,12,4,120.834234,24.251111,2
2054,66000,387130000C,(04)23274275,(04)23288582,2025,04,7,8,9,臺中市,北屯區,0,2,0,7,3,6,50,4,1,1,5,4,6,6,2,1,10,5,5,2,16,3,10,3,1,B03,7,6,1,8,2,2,5,11,11,1,12,4,120.694594,24.174574,2
2055,66000,387130000C,(04)23274275,(04)23288582,2025,04,7,8,11,臺中市,西屯區,0,0,0,7,,,50,,,,,,,,,,,,,,13,,,,,B03,,,1,,1,,,58,58,1,12,4,120.654709,24.199447,3
2056,66000,387130000C,(04)23274275,(04)23288582,2025,04,7,8,13,臺中市,北屯區,0,2,0,7,3,6,50,13,9,1,5,4,6,6,4,4,1,4,5,2,12,2,9,2,1,C03,7,9,1,10,2,14,,84,84,1,13,4,120.671279,24.174775,2
2057,66000,387130000C,(04)23274275,(04)23288582,2025,04,7,8,18,臺中市,神岡區,0,1,0,7,1,6,1,3,2,1,5,4,6,6,1,1,1,4,5,1,9,2,9,6,5,H04,8,20,7,21,10,17,,109,109,1,12,5,120.69034,24.247664,2
2058,66000,387130000C,(04)23274275,(04)23288582,2025,04,7,8,22,臺中市,太平區,0,2,0,7,3,6,50,4,1,1,5,4,6,6,1,1,10,5,5,2,15,2,9,1,1,C03,7,9,1,10,2,11,,21,21,1,12,4,120.719142,24.11584,2
2059,66000,387130000C,(04)23274275,(04)23288582,2025,04,7,8,27,臺中市,北屯區,0,0,0,7,,,50,,,,,,,,,,,,,,13,,,,,C03,,,1,,1,,,7,7,1,12,4,120.679717,24.172969,3
2060,66000,387130000C,(04)23274275,(04)23288582,2025,04,7,8,27,臺中市,北屯區,0,1,0,7,2,6,50,13,9,1,5,4,6,6,4,4,1,4,5,2,13,2,9,1,1,C03,7,9,1,10,2,11,,7,7,1,12,4,120.685643,24.176836,2
2061,66000,387130000C,(04)23274275,(04)23288582,2025,04,7,8,34,臺中市,南屯區,0,0,0,7,3,6,50,13,9,1,5,4,6,6,4,4,5,5,5,2,14,,,,,B03,,,1,,2,,,49,49,1,12,4,120.625018,24.137162,3
2062,66000,387130000C,(04)23274275,(04)23288582,2025,04,7,8,35,臺中市,南屯區,0,0,0,7,,,80,,,,,,,,,,,,,,30,,,,,,,,,,,,,119,119,1,,,120.620019,24.13074,3
2063,66000,387130000C,(04)23274275,(04)23288582,2025,04,7,8,39,臺中市,西屯區,0,0,0,7,,,50,,,,,,,,,,,,,,13,,,,,B03,,,1,,2,,,59,59,1,12,4,120.639323,24.171719,3
2064,66000,387130000C,(04)23274275,(04)23288582,2025,04,7,8,40,臺中市,太平區,0,1,0,7,3,6,40,3,2,1,5,4,6,6,1,1,5,5,4,2,13,2,7,1,1,C03,7,5,1,10,1,11,,7,7,1,12,4,120.715936,24.134722,2
2065,66000,387130000C,(04)23274275,(04)23288582,2025,04,7,8,41,臺中市,北區,0,1,0,7,3,6,30,5,1,1,5,4,6,6,1,1,1,5,5,2,17,3,10,3,1,B03,7,5,1,8,2,2,,47,47,1,12,4,120.68513,24.165334,2
2066,66000,387130000C,(04)23274275,(04)23288582,2025,04,7,8,44,臺中市,西屯區,0,0,0,7,,,30,,,,,,,,,,,,,,15,,,,,B03,,,1,,2,,,6,6,1,12,4,120.614461,24.181428,3
2067,66000,387130000C,(04)23274275,(04)23288582,2025,04,7,8,49,臺中市,豐原區,0,1,0,7,2,6,50,4,1,1,5,4,6,6,1,1,1,4,5,2,15,2,8,1,1,C03,7,9,3,19,2,12,,84,84,1,12,4,120.699346,24.24881,2
2068,66000,387130000C,(04)23274275,(04)23288582,2025,04,7,8,54,臺中市,神岡區,0,0,0,7,,,50,,,,,,,,,,,,,,17,,,,,C03,,,1,,2,,,51,51,1,13,4,120.657161,24.258781,3
2069,66000,387130000C,(04)23274275,(04)23288582,2025,04,7,8,55,臺中市,東區,0,0,0,7,,,50,,,,,,,,,,,,,,17,,,,,B03,,,1,,2,,,84,84,1,12,4,120.708595,24.140009,3
2070,66000,387130000C,(04)23274275,(04)23288582,2025,04,7,8,56,臺中市,西屯區,0,2,0,7,3,6,40,3,1,1,5,4,6,6,4,4,5,4,4,2,13,2,7,1,4,C03,7,9,1,10,2,11,,7,7,1,12,4,120.647888,24.172215,2
2071,66000,387130000C,(04)23274275,(04)23288582,2025,04,7,8,57,臺中市,西區,0,0,0,7,,,50,,,,,,,,,,,,,,,,,,,B03,,,1,,1,,,49,49,1,12,4,120.66375,24.153532,3
2072,66000,387130000C,(04)23274275,(04)23288582,2025,04,7,8,59,臺中市,西區,0,0,0,7,,,50,,,,,,,,,,,,,,13,,,,,B03,,,1,,10,,,84,84,1,12,4,120.665076,24.150595,3
2073,66000,387130000C,(04)23274275,(04)23288582,2025,04,7,9,5,臺中市,南區,0,0,0,7,,,50,,,,,,,,,,,,,,12,,,,,C03,,,1,,2,,,84,84,1,13,4,120.652402,24.10763,3
2074,66000,387130000C,(04)23274275,(04)23288582,2025,04,7,9,6,臺中市,北屯區,0,0,0,7,,,50,,,,,,,,,,,,,,13,,,,,C03,,,1,,2,,,84,84,1,5,4,120.733805,24.158547,3
2075,66000,387130000C,(04)23274275,(04)23288582,2025,04,7,9,6,臺中市,后里區,0,1,0,7,2,6,50,5,1,1,5,4,6,6,2,1,9,4,5,1,16,3,10,3,1,B03,7,6,1,8,2,2,,48,48,1,12,4,120.679122,24.311422,2
2076,66000,387130000C,(04)23274275,(04)23288582,2025,04,7,9,7,臺中市,北屯區,0,1,0,7,3,6,40,4,1,1,5,4,6,6,1,1,10,5,5,2,18,2,9,1,1,C03,7,9,1,10,2,12,,84,84,1,12,4,120.724519,24.169472,2
2077,66000,387130000C,(04)23274275,(04)23288582,2025,04,7,9,8,臺中市,神岡區,0,0,0,7,,,50,,,,,,,,,,,,,,17,,,,,B03,,,1,,2,,,59,59,1,13,4,120.656996,24.258602,3
2078,66000,387130000C,(04)23274275,(04)23288582,2025,04,7,9,9,臺中市,西屯區,0,0,0,7,,,50,,,,,,,,,,,,,,12,,,,,B12,,,1,,1,,,50,50,1,12,4,120.642662,24.184235,3
2079,66000,387130000C,(04)23274275,(04)23288582,2025,04,7,9,12,臺中市,南屯區,0,0,0,7,,,50,,,,,,,,,,,,,,14,,,,,B03,,,1,,1,,,49,49,1,6,4,120.645285,24.137721,4
2080,66000,387130000C,(04)23274275,(04)23288582,2025,04,7,9,16,臺中市,北屯區,0,1,0,7,3,6,50,13,7,1,5,4,6,6,4,4,5,4,4,2,18,2,9,2,1,C03,7,9,1,10,2,14,,87,87,1,12,4,120.691845,24.167015,2
2081,66000,387130000C,(04)23274275,(04)23288582,2025,04,7,9,17,臺中市,南屯區,0,0,0,7,,,50,,,,,,,,,,,,,,,,,,,C03,,,1,,3,,,12,12,1,12,4,120.632613,24.149629,3
2082,66000,387130000C,(04)23274275,(04)23288582,2025,04,7,9,21,臺中市,南區,0,1,0,7,2,6,50,13,7,1,5,4,6,6,4,4,9,4,4,1,17,2,9,2,1,C03,7,9,1,10,2,12,,84,84,1,13,4,120.649492,24.120225,2
2083,66000,387130000C,(04)23274275,(04)23288582,2025,04,7,9,21,臺中市,南區,0,1,0,7,2,6,50,4,1,1,5,4,6,6,2,1,10,5,5,2,16,3,10,3,1,B03,7,5,1,8,2,5,,84,84,1,12,4,120.676521,24.131854,2
2084,66000,387130000C,(04)23274275,(04)23288582,2025,04,7,9,21,臺中市,霧峰區,0,2,0,7,2,6,25,3,1,1,5,4,6,6,4,4,10,5,5,1,16,2,9,2,1,C03,7,6,1,10,2,14,,29,29,1,6,4,120.682665,24.053192,2
2085,66000,387130000C,(04)23274275,(04)23288582,2025,04,7,9,25,臺中市,西屯區,0,0,0,7,,,50,,,,,,,,,,,,,,13,,,,,B03,,,1,,1,,,50,50,1,12,4,120.63309,24.169684,3
2086,66000,387130000C,(04)23274275,(04)23288582,2025,04,7,9,27,臺中市,龍井區,0,2,0,7,3,6,70,4,2,1,5,4,6,6,1,1,1,4,4,1,17,3,10,2,1,C03,7,5,1,10,2,13,,47,47,1,13,4,120.537491,24.19992,2
2087,66000,387130000C,(04)23274275,(04)23288582,2025,04,7,9,33,臺中市,東區,0,0,0,7,,,50,,,,,,,,,,,,,,14,,,,,B03,,,1,,2,,,84,84,1,12,4,120.695243,24.142434,3
2088,66000,387130000C,(04)23274275,(04)23288582,2025,04,7,9,34,臺中市,北屯區,0,2,0,7,3,6,50,3,1,1,5,4,6,6,4,4,10,5,5,2,17,3,10,3,1,B03,7,1,1,8,2,8,,51,51,1,13,4,120.690362,24.184227,2
2089,66000,387130000C,(04)23274275,(04)23288582,2025,04,7,9,37,臺中市,外埔區,0,3,0,7,3,6,40,4,2,1,5,4,6,6,2,1,5,4,4,1,16,2,9,1,1,C03,7,1,1,10,2,11,,51,51,1,6,4,120.653344,24.331714,2
2090,66000,387130000C,(04)23274275,(04)23288582,2025,04,7,9,40,臺中市,太平區,0,2,0,7,3,6,50,13,9,1,5,4,6,6,4,4,5,5,5,1,16,2,9,4,1,F01,7,6,7,21,1,11,,48,48,2,13,4,120.718311,24.122336,2
2091,66000,387130000C,(04)23274275,(04)23288582,2025,04,7,9,40,臺中市,新社區,0,0,0,7,,,30,,,,,,,,,,,,,,,,,,,B03,,,1,,1,,,8,8,1,12,4,120.821007,24.184251,3
2092,66000,387130000C,(04)23274275,(04)23288582,2025,04,7,9,41,臺中市,西屯區,0,0,0,7,,,60,,,,,,,,,,,,,,11,,,,,B03,,,1,,1,,,40,40,1,12,4,120.639251,24.168949,3
2093,66000,387130000C,(04)23274275,(04)23288582,2025,04,7,9,43,臺中市,東區,0,2,0,7,2,6,50,4,1,1,5,4,6,6,1,1,5,5,4,2,15,2,9,2,1,C03,7,9,1,10,2,11,,21,21,1,13,4,120.706347,24.136694,2
2094,66000,387130000C,(04)23274275,(04)23288582,2025,04,7,9,45,臺中市,南屯區,0,1,0,7,3,6,40,13,8,1,5,4,6,6,4,4,3,5,5,2,18,2,9,1,1,C03,7,9,1,10,2,14,,59,59,1,12,4,120.596604,24.155936,2
2095,66000,387130000C,(04)23274275,(04)23288582,2025,04,7,9,45,臺中市,沙鹿區,0,0,0,7,1,6,60,4,7,1,5,4,6,6,1,1,4,3,1,2,13,,,,,B03,,,1,,2,,,7,7,1,12,4,120.580226,24.21966,3
2096,66000,387130000C,(04)23274275,(04)23288582,2025,04,7,9,48,臺中市,豐原區,0,1,0,7,2,6,50,4,1,1,5,4,6,6,2,1,5,4,4,1,17,3,10,2,1,C03,7,6,1,10,2,12,,48,48,1,12,4,120.729799,24.255062,2
2097,66000,387130000C,(04)23274275,(04)23288582,2025,04,7,9,51,臺中市,太平區,0,0,0,7,,,50,,,,,,,,,,,,,,13,,,,,A12,,,1,,9,,,84,84,2,12,4,120.707368,24.111768,3
2098,66000,387130000C,(04)23274275,(04)23288582,2025,04,7,9,55,臺中市,北區,0,1,0,7,2,6,50,13,9,1,5,4,6,6,4,4,1,4,5,2,13,2,9,1,1,C03,7,9,1,10,2,11,,7,7,1,12,4,120.684792,24.165524,2
2099,66000,387130000C,(04)23274275,(04)23288582,2025,04,7,9,58,臺中市,潭子區,0,2,0,7,3,6,60,4,1,1,5,4,6,6,1,1,1,4,4,1,17,3,10,3,1,B12,7,6,1,8,2,5,,11,11,1,13,4,120.705107,24.216,2
2100,66000,387130000C,(04)23274275,(04)23288582,2025,04,7,9,58,臺中市,豐原區,0,0,0,7,,,50,,,,,,,,,,,,,,13,,,,,B03,,,1,,2,,,7,7,1,12,4,120.722501,24.253527,4
2101,66000,387130000C,(04)23274275,(04)23288582,2025,04,7,10,0,臺中市,南屯區,0,0,0,7,,,50,,,,,,,,,,,,,,14,,,,,B03,,,1,,1,,,49,49,1,12,4,120.611278,24.137232,3
2102,66000,387130000C,(04)23274275,(04)23288582,2025,04,7,10,0,臺中市,西屯區,0,2,0,7,2,6,50,13,9,1,5,4,6,6,2,1,9,4,5,2,13,2,9,1,1,C03,7,9,1,10,2,11,,54,54,1,12,4,120.617496,24.185318,2
2103,66000,387130000C,(04)23274275,(04)23288582,2025,04,7,10,1,臺中市,沙鹿區,0,1,0,7,2,6,50,4,1,1,5,4,6,6,1,1,3,4,4,2,17,3,10,1,1,C03,7,5,1,10,2,12,,47,47,1,13,4,120.559596,24.23723,2
2104,66000,387130000C,(04)23274275,(04)23288582,2025,04,7,10,4,臺中市,南區,0,1,0,7,2,6,50,4,2,1,5,4,6,6,1,1,9,4,4,2,12,2,7,2,1,C03,7,8,1,10,2,14,,40,40,1,13,4,120.67929,24.119414,2
2105,66000,387130000C,(04)23274275,(04)23288582,2025,04,7,10,5,臺中市,東區,0,0,0,7,,,40,,,,,,,,,,,,,,14,,,,,B12,,,1,,1,,,49,49,1,12,4,120.70014,24.13205,3
2106,66000,387130000C,(04)23274275,(04)23288582,2025,04,7,10,8,臺中市,梧棲區,0,1,0,7,3,6,30,13,9,5,5,2,1,6,4,4,10,5,5,2,9,2,8,1,1,C03,7,9,1,10,2,16,,59,59,1,6,4,120.546914,24.25081,2
2107,66000,387130000C,(04)23274275,(04)23288582,2025,04,7,10,10,臺中市,東區,0,2,0,7,3,6,40,13,8,1,5,4,6,6,4,4,5,4,4,2,17,3,10,5,4,B12,7,9,1,8,2,4,,76,76,1,12,4,120.699554,24.142598,2
2108,66000,387130000C,(04)23274275,(04)23288582,2025,04,7,10,20,臺中市,清水區,0,0,0,7,,,70,,,,,,,,,,,,,,,,,,,A12,,,1,,1,,,49,49,1,12,4,120.586462,24.28877,3
2109,66000,387130000C,(04)23274275,(04)23288582,2025,04,7,10,23,臺中市,豐原區,0,0,0,7,,,50,,,,,,,,,,,,,,13,,,,,B03,,,1,,2,,,7,7,1,12,4,120.722475,24.236954,3
2110,66000,387130000C,(04)23274275,(04)23288582,2025,04,7,10,24,臺中市,潭子區,0,0,0,7,,,0,,,,,,,,,,,,,,,,,,,,,,,,,,,86,86,1,,,120.708526,24.210592,3
2111,66000,387130000C,(04)23274275,(04)23288582,2025,04,7,10,25,臺中市,北屯區,0,0,0,7,,,50,,,,,,,,,,,,,,14,,,,,B12,,,1,,1,,,49,49,1,12,4,120.724842,24.159638,3
2112,66000,387130000C,(04)23274275,(04)23288582,2025,04,7,10,27,臺中市,龍井區,0,0,0,7,,,30,,,,,,,,,,,,,,12,,,,,A12,,,1,,2,,,8,8,1,6,4,120.584779,24.183403,3
2113,66000,387130000C,(04)23274275,(04)23288582,2025,04,7,10,28,臺中市,南屯區,0,1,0,7,3,6,50,13,8,1,5,4,6,6,4,4,5,4,4,2,17,3,10,5,4,B03,7,6,1,8,2,1,,34,34,1,6,4,120.625326,24.146934,2
2114,66000,387130000C,(04)23274275,(04)23288582,2025,04,7,10,28,臺中市,烏日區,0,0,0,7,,,70,,,,,,,,,,,,,,,,,,,A11,,,1,,9,,,45,45,1,6,4,120.5982,24.111377,3
2115,66000,387130000C,(04)23274275,(04)23288582,2025,04,7,10,30,臺中市,北屯區,0,0,0,7,,,50,,,,,,,,,,,,,,13,,,,,B03,,,1,,1,,,59,59,1,6,4,120.665606,24.201024,3
2116,66000,387130000C,(04)23274275,(04)23288582,2025,04,7,10,31,臺中市,豐原區,0,0,0,7,,,50,,,,,,,,,,,,,,14,,,,,B03,,,1,,9,,,49,49,1,12,4,120.724222,24.247325,3
2117,66000,387130000C,(04)23274275,(04)23288582,2025,04,7,10,32,臺中市,大里區,0,0,0,7,,,30,,,,,,,,,,,,,,,,,,,B13,,,1,,1,,,49,49,1,6,4,120.713487,24.094084,3
2118,66000,387130000C,(04)23274275,(04)23288582,2025,04,7,10,35,臺中市,北區,0,0,0,7,,,50,,,,,,,,,,,,,,13,,,,,B12,,,1,,1,,,7,7,1,13,4,120.671934,24.163333,3
2119,66000,387130000C,(04)23274275,(04)23288582,2025,04,7,10,35,臺中市,清水區,0,1,0,7,3,6,40,3,1,1,5,4,6,6,1,1,1,4,4,1,17,2,9,1,1,F03,7,11,7,21,2,14,,48,48,1,12,4,120.585594,24.287694,2
2120,66000,387130000C,(04)23274275,(04)23288582,2025,04,7,10,36,臺中市,南區,0,1,0,7,2,6,50,3,1,1,5,4,6,6,4,4,5,5,4,2,12,3,10,3,1,B03,7,5,1,10,2,2,,14,14,1,13,4,120.65606,24.113672,2
2121,66000,387130000C,(04)23274275,(04)23288582,2025,04,7,10,41,臺中市,南區,0,2,0,7,2,6,50,4,2,1,5,4,6,6,1,1,9,4,4,2,13,2,8,2,1,C03,7,9,1,10,2,11,,7,7,1,13,4,120.656603,24.119318,2
2122,66000,387130000C,(04)23274275,(04)23288582,2025,04,7,10,42,臺中市,西屯區,0,1,0,7,2,6,50,13,9,1,5,4,6,6,1,1,5,5,5,2,12,3,10,3,1,B03,7,9,1,8,2,5,,7,7,1,12,4,120.663744,24.172806,2
2123,66000,387130000C,(04)23274275,(04)23288582,2025,04,7,10,45,臺中市,大甲區,0,0,0,7,,,30,,,,,,,,,,,,,,,,,,,B12,,,1,,1,,,49,49,1,6,4,120.632697,24.356575,3
2124,66000,387130000C,(04)23274275,(04)23288582,2025,04,7,10,50,臺中市,梧棲區,0,2,0,7,2,6,50,3,1,1,5,4,6,6,4,4,10,5,5,2,16,2,9,1,1,C03,7,6,1,10,2,11,,14,14,1,12,4,120.529477,24.254187,2
2125,66000,387130000C,(04)23274275,(04)23288582,2025,04,7,10,51,臺中市,太平區,0,0,0,7,,,30,,,,,,,,,,,,,,,,,,,A12,,,1,,1,,,58,58,1,12,4,120.72033,24.126327,3
2126,66000,387130000C,(04)23274275,(04)23288582,2025,04,7,10,54,臺中市,北區,0,0,0,7,,,50,,,,,,,,,,,,,,13,,,,,C03,,,1,,2,,,7,7,1,13,4,120.675841,24.158523,3
2127,66000,387130000C,(04)23274275,(04)23288582,2025,04,7,11,3,臺中市,西屯區,0,1,0,7,2,6,50,4,1,1,5,4,6,6,1,1,10,5,5,2,13,3,10,5,1,B03,7,9,1,8,2,1,,7,7,1,12,4,120.618907,24.184707,2
2128,66000,387130000C,(04)23274275,(04)23288582,2025,04,7,11,4,臺中市,沙鹿區,0,1,0,7,2,6,50,13,9,1,5,4,6,6,4,4,5,4,5,2,17,3,10,1,1,C03,7,9,1,10,2,11,,39,39,1,13,4,120.560722,24.241678,2
2129,66000,387130000C,(04)23274275,(04)23288582,2025,04,7,11,10,臺中市,清水區,0,0,0,7,,,60,,,,,,,,,,,,,,,,,,,A41,,,1,,2,,,58,58,1,12,4,120.555279,24.294758,3
2130,66000,387130000C,(04)23274275,(04)23288582,2025,04,7,11,10,臺中市,豐原區,0,0,0,7,,,30,,,,,,,,,,,,,,24,,,,,A31,,,1,,2,,,85,85,1,12,4,120.747628,24.270181,3
2131,66000,387130000C,(04)23274275,(04)23288582,2025,04,7,11,12,臺中市,西區,0,0,0,7,,,50,,,,,,,,,,,,,,,,,,,B03,,,1,,2,,,85,85,1,12,4,120.653694,24.149218,3
2132,66000,387130000C,(04)23274275,(04)23288582,2025,04,7,11,14,臺中市,太平區,0,1,0,7,2,6,50,13,9,1,5,4,6,6,4,4,5,5,5,2,12,3,10,5,4,B12,7,9,1,8,2,2,,8,8,1,6,4,120.724189,24.110966,2
2133,66000,387130000C,(04)23274275,(04)23288582,2025,04,7,11,20,臺中市,南屯區,0,1,0,7,2,6,50,4,1,1,5,4,6,6,4,4,10,5,5,2,15,3,10,3,1,B03,7,9,1,8,2,8,,12,12,1,12,4,120.647775,24.1426,2
2134,66000,387130000C,(04)23274275,(04)23288582,2025,04,7,11,20,臺中市,北屯區,0,0,0,7,,,50,,,,,,,,,,,,,,17,,,,,B12,,,1,,2,,,84,84,1,6,4,120.68627,24.185439,3
2135,66000,387130000C,(04)23274275,(04)23288582,2025,04,7,11,20,臺中市,大里區,0,0,0,7,,,50,,,,,,,,,,,,,,30,,,,,B13,,,1,,1,,,84,84,1,13,4,120.678057,24.097322,3