序號,縣市別代碼,機關代碼,市話,傳真,年,月,日,時,分,縣市,區,死亡數量,受傷數量,2-30,天候,道路照明設備,道路類別,道路速限,道路型態,事故位置,路面鋪裝,路面狀態,路面缺陷,障礙物,視距,號誌種類,號誌動作,分向設施,快車道或一般車道間,快慢車道間,路面邊線,事故類型及型態,受傷程度,主要傷處,保護裝備,行動電話或功能裝置,當事者區分（類別）,車輛用途,當事者行動狀態,駕照狀態,駕照種類,飲酒情形,車輛撞擊部位最初,車輛撞擊部位其他,肇事因素個別,肇事因素主要,肇事逃逸,職業,共享經濟或外送平台,GPS座標X,GPS座標Y,事故類別
2136,66000,387130000C,(04)23274275,(04)23288582,2025,04,7,11,30,臺中市,沙鹿區,0,0,0,7,,,40,,,,,,,,,,,,,,12,,,,,B03,,,1,,1,,,8,8,1,12,4,120.561357,24.234066,4
2137,66000,387130000C,(04)23274275,(04)23288582,2025,04,7,11,35,臺中市,霧峰區,0,1,0,7,2,6,30,18,24,1,5,4,6,6,4,4,10,5,5,1,17,2,8,5,4,B03,7,9,1,8,2,5,,84,84,1,13,4,120.674843,24.054467,2
2138,66000,387130000C,(04)23274275,(04)23288582,2025,04,7,11,36,臺中市,南區,0,2,0,7,2,6,40,13,8,1,5,4,6,6,4,4,1,4,1,2,17,2,9,2,1,C03,7,1,1,10,2,12,,51,51,1,12,4,120.658543,24.127381,2
2139,66000,387130000C,(04)23274275,(04)23288582,2025,04,7,11,37,臺中市,北區,0,2,0,7,2,6,50,13,8,1,5,4,6,6,4,4,1,4,4,2,13,2,9,1,1,C04,7,9,1,10,2,11,,59,59,1,12,4,120.674692,24.162029,2
2140,66000,387130000C,(04)23274275,(04)23288582,2025,04,7,11,39,臺中市,大里區,0,2,0,7,2,6,50,3,2,1,5,4,6,6,4,4,5,5,5,1,17,2,9,2,1,C03,7,4,1,10,2,12,,1,1,1,6,4,120.707382,24.087117,2
2141,66000,387130000C,(04)23274275,(04)23288582,2025,04,7,11,40,臺中市,大雅區,0,0,0,7,,,60,,,,,,,,,,,,,,,,,,,B12,,,1,,1,,,40,40,1,12,4,120.649169,24.215702,3
2142,66000,387130000C,(04)23274275,(04)23288582,2025,04,7,11,40,臺中市,南屯區,0,0,0,7,3,6,30,13,9,1,5,4,6,6,4,4,10,5,5,2,17,,,,,B03,,,1,,2,,,82,82,1,12,4,120.608604,24.147384,3
2143,66000,387130000C,(04)23274275,(04)23288582,2025,04,7,11,40,臺中市,西屯區,0,1,0,7,2,6,30,4,1,1,5,4,6,6,4,4,10,5,5,2,16,2,8,1,1,C03,7,5,1,3,2,14,,12,12,1,12,4,120.656527,24.16649,2
2144,66000,387130000C,(04)23274275,(04)23288582,2025,04,7,11,40,臺中市,梧棲區,0,0,0,7,,,60,,,,,,,,,,,,,,12,,,,,B03,,,5,,1,,,40,40,1,12,4,120.537375,24.252904,3
2145,66000,387130000C,(04)23274275,(04)23288582,2025,04,7,11,40,臺中市,大甲區,0,0,0,7,,,50,,,,,,,,,,,,,,35,,,,,B03,,,1,,1,,,87,87,1,12,4,120.626004,24.344699,3
2146,66000,387130000C,(04)23274275,(04)23288582,2025,04,7,11,43,臺中市,北區,0,0,0,7,,,50,,,,,,,,,,,,,,13,,,,,B03,,,1,,1,,,84,84,1,13,4,120.674201,24.16464,3
2147,66000,387130000C,(04)23274275,(04)23288582,2025,04,7,11,50,臺中市,神岡區,0,0,0,7,,,50,,,,,,,,,,,,,,9,,,,,B12,,,1,,2,,,84,84,1,12,4,120.683288,24.276244,3
2148,66000,387130000C,(04)23274275,(04)23288582,2025,04,7,11,51,臺中市,東區,0,2,0,7,3,6,30,4,1,1,5,4,6,6,4,4,10,5,5,2,15,2,9,5,4,C03,7,9,1,10,2,11,,15,15,1,12,4,120.693126,24.143188,2
2149,66000,387130000C,(04)23274275,(04)23288582,2025,04,7,11,53,臺中市,龍井區,0,0,0,7,,,30,,,,,,,,,,,,,,,,,,,A41,,,1,,2,,,71,71,1,6,4,120.512016,24.203206,3
2150,66000,387130000C,(04)23274275,(04)23288582,2025,04,7,11,54,臺中市,霧峰區,0,0,0,7,,,50,,,,,,,,,,,,,,17,,,,,B12,,,1,8,2,,,49,49,1,13,4,120.675949,24.063994,3
2151,66000,387130000C,(04)23274275,(04)23288582,2025,04,7,11,54,臺中市,霧峰區,0,0,0,7,,,50,,,,,,,,,,,,,,,,,,,B03,,,1,,2,,,59,59,1,6,4,120.699296,24.068223,3
2152,66000,387130000C,(04)23274275,(04)23288582,2025,04,7,11,54,臺中市,烏日區,0,0,0,7,,,40,,,,,,,,,,,,,,12,,,,,B03,,,1,,2,,,49,49,1,13,4,120.640111,24.108578,3
2153,66000,387130000C,(04)23274275,(04)23288582,2025,04,7,11,58,臺中市,北屯區,0,1,0,7,3,6,50,3,1,1,5,4,6,6,1,1,10,5,5,2,16,2,8,2,1,C03,7,6,1,10,2,12,,20,20,1,12,4,120.661978,24.17906,2
2154,66000,387130000C,(04)23274275,(04)23288582,2025,04,7,12,3,臺中市,大里區,0,0,0,7,,,50,,,,,,,,,,,,,,,,,,,C03,,,1,,2,,,7,7,1,12,4,120.688184,24.094496,3
2155,66000,387130000C,(04)23274275,(04)23288582,2025,04,7,12,3,臺中市,豐原區,0,0,0,7,,,30,,,,,,,,,,,,,,10,,,,,C04,,,1,,1,,,7,7,1,6,2,120.71398,24.24012,3
2156,66000,387130000C,(04)23274275,(04)23288582,2025,04,7,12,7,臺中市,大雅區,0,2,0,7,3,6,50,4,9,1,5,4,6,6,4,4,5,2,5,1,17,2,8,1,1,C03,7,4,1,10,2,16,,8,8,1,12,4,120.644609,24.221421,2
2157,66000,387130000C,(04)23274275,(04)23288582,2025,04,7,12,8,臺中市,大肚區,0,2,0,7,2,6,50,4,1,1,5,4,6,6,4,4,9,5,5,2,16,2,9,1,1,C03,7,4,3,19,2,12,,1,1,1,6,4,120.563102,24.127341,2
2158,66000,387130000C,(04)23274275,(04)23288582,2025,04,7,12,10,臺中市,龍井區,0,0,0,7,,,50,,,,,,,,,,,,,,13,,,,,B03,,,1,,2,,,58,58,1,6,4,120.592363,24.181563,3
2159,66000,387130000C,(04)23274275,(04)23288582,2025,04,7,12,12,臺中市,西屯區,0,1,0,7,2,6,50,3,2,1,5,4,6,6,2,1,9,4,4,2,16,3,10,3,1,B03,7,5,1,8,2,2,,11,11,1,12,4,120.650691,24.175853,2
2160,66000,387130000C,(04)23274275,(04)23288582,2025,04,7,12,13,臺中市,大里區,0,0,0,7,,,50,,,,,,,,,,,,,,14,,,,,B12,,,1,,2,,,49,49,1,6,4,120.71366,24.094267,3
2161,66000,387130000C,(04)23274275,(04)23288582,2025,04,7,12,14,臺中市,大里區,0,2,0,7,3,6,50,4,1,1,5,4,6,6,4,4,5,4,5,1,16,3,10,5,4,B03,7,5,1,8,2,2,,84,84,1,13,4,120.67922,24.113989,2
2162,66000,387130000C,(04)23274275,(04)23288582,2025,04,7,12,14,臺中市,龍井區,0,1,0,7,3,6,50,4,1,1,5,4,6,6,4,4,5,5,5,1,17,3,10,3,1,B03,7,6,1,8,2,8,,20,20,1,13,4,120.53824,24.210798,2
2163,66000,387130000C,(04)23274275,(04)23288582,2025,04,7,12,20,臺中市,南區,0,0,0,7,,,50,,,,,,,,,,,,,,13,,,,,C03,,,1,,2,,,7,7,1,13,4,120.664605,24.124464,3
2164,66000,387130000C,(04)23274275,(04)23288582,2025,04,7,12,20,臺中市,北屯區,0,1,0,7,3,6,50,13,9,1,5,4,6,6,4,4,1,4,4,2,13,3,10,3,1,A02,7,7,1,2,2,1,,7,7,1,13,4,120.665849,24.182669,2
2165,66000,387130000C,(04)23274275,(04)23288582,2025,04,7,12,24,臺中市,西屯區,0,1,0,7,2,6,50,5,2,1,5,4,6,6,1,1,10,5,5,2,12,3,10,3,1,B03,7,6,1,8,4,8,,8,8,1,12,4,120.660533,24.164481,2
2166,66000,387130000C,(04)23274275,(04)23288582,2025,04,7,12,27,臺中市,西屯區,0,1,0,7,2,6,50,13,9,1,5,4,6,6,4,4,5,5,5,2,16,3,10,3,1,B12,7,6,1,8,2,4,,20,20,1,12,4,120.616538,24.17616,2
2167,66000,387130000C,(04)23274275,(04)23288582,2025,04,7,12,27,臺中市,梧棲區,0,2,0,7,3,6,50,3,1,1,5,4,6,6,1,1,10,5,5,2,16,2,1,3,1,B03,7,6,1,8,2,5,,48,48,1,6,4,120.552469,24.257,2
2168,66000,387130000C,(04)23274275,(04)23288582,2025,04,7,12,30,臺中市,北區,0,0,0,7,,,50,,,,,,,,,,,,,,13,,,,,B03,,,1,,2,,,7,7,1,13,4,120.67445,24.163827,3
2169,66000,387130000C,(04)23274275,(04)23288582,2025,04,7,12,30,臺中市,北屯區,0,0,0,7,,,50,,,,,,,,,,,,,,14,,,,,B03,,,1,,1,,,49,49,1,12,4,120.717873,24.172133,3
2170,66000,387130000C,(04)23274275,(04)23288582,2025,04,7,12,31,臺中市,大甲區,0,1,0,7,2,6,50,13,9,1,5,4,6,6,4,4,5,5,5,1,16,2,9,4,1,C03,7,4,5,19,2,12,,85,85,1,6,4,120.630743,24.340193,2
2171,66000,387130000C,(04)23274275,(04)23288582,2025,04,7,12,32,臺中市,大甲區,0,1,0,7,2,6,50,13,9,1,5,4,6,6,4,4,5,4,4,1,16,3,10,3,1,B03,7,1,1,8,2,8,,51,51,1,12,4,120.61707,24.345876,2
2172,66000,387130000C,(04)23274275,(04)23288582,2025,04,7,12,33,臺中市,太平區,0,1,0,7,3,6,50,4,1,1,5,4,6,6,2,1,10,5,5,2,16,3,10,3,1,B03,7,11,1,8,2,4,,45,45,1,12,4,120.730163,24.150408,2
2173,66000,387130000C,(04)23274275,(04)23288582,2025,04,7,12,38,臺中市,新社區,0,1,0,7,2,6,50,13,9,1,5,4,6,6,4,4,5,5,5,1,30,2,9,5,4,C03,7,9,1,10,2,11,,84,84,1,12,4,120.801957,24.197844,2
2174,66000,387130000C,(04)23274275,(04)23288582,2025,04,7,12,39,臺中市,霧峰區,0,2,0,7,2,6,40,4,1,1,5,4,6,6,4,4,5,5,5,1,16,2,9,1,1,C03,7,6,3,19,2,12,,14,14,1,6,4,120.683,24.065358,2
2175,66000,387130000C,(04)23274275,(04)23288582,2025,04,7,12,40,臺中市,西屯區,0,0,0,7,3,6,40,13,8,1,5,4,6,6,4,1,1,4,1,2,13,,,,,B03,,,1,,1,,,7,7,1,12,4,120.632229,24.170112,3
2176,66000,387130000C,(04)23274275,(04)23288582,2025,04,7,12,42,臺中市,東區,0,0,0,7,,,50,,,,,,,,,,,,,,14,,,,,B03,,,1,,2,,,49,49,1,13,4,120.707757,24.142739,3
2177,66000,387130000C,(04)23274275,(04)23288582,2025,04,7,12,45,臺中市,大雅區,0,0,0,7,,,50,,,,,,,,,,,,,,,,,,,B12,,,1,,2,,,49,49,1,12,4,120.648132,24.221824,3
2178,66000,387130000C,(04)23274275,(04)23288582,2025,04,7,12,48,臺中市,沙鹿區,0,0,0,7,,,50,,,,,,,,,,,,,,,,,,,B03,,,1,,1,,,85,85,1,13,4,120.565174,24.235781,3
2179,66000,387130000C,(04)23274275,(04)23288582,2025,04,7,12,50,臺中市,北屯區,0,1,0,7,2,6,50,4,19,1,5,4,6,6,2,1,10,5,5,2,3,3,10,3,1,B03,7,6,1,8,9,8,,10,10,2,12,4,120.693245,24.183019,2
2180,66000,387130000C,(04)23274275,(04)23288582,2025,04,7,12,51,臺中市,大里區,0,1,0,7,2,6,50,3,1,1,5,4,6,6,4,4,10,5,5,1,16,3,10,3,1,B12,7,5,1,8,2,2,,47,47,1,12,4,120.694885,24.0991,2
2181,66000,387130000C,(04)23274275,(04)23288582,2025,04,7,12,52,臺中市,北區,0,1,0,7,3,6,40,18,9,1,5,4,6,6,4,4,1,4,4,2,17,2,9,1,1,C03,7,8,1,10,2,14,,40,40,1,12,4,120.688804,24.146836,2
2182,66000,387130000C,(04)23274275,(04)23288582,2025,04,7,12,54,臺中市,南區,0,1,0,7,2,6,40,13,8,1,5,4,6,6,4,4,5,4,4,2,13,2,9,2,1,C03,7,9,1,10,2,11,,84,84,1,12,4,120.682747,24.129995,2
2183,66000,387130000C,(04)23274275,(04)23288582,2025,04,7,12,57,臺中市,南區,0,3,0,7,2,6,40,4,2,1,5,4,6,6,2,1,1,2,4,2,13,3,10,3,1,B12,7,9,5,8,2,5,,59,59,1,12,4,120.653625,24.113711,2
2184,66000,387130000C,(04)23274275,(04)23288582,2025,04,7,12,57,臺中市,北屯區,0,0,0,7,,,50,,,,,,,,,,,,,,13,,,,,C03,,,1,,1,,,7,7,1,6,4,120.715149,24.164191,3
2185,66000,387130000C,(04)23274275,(04)23288582,2025,04,7,13,3,臺中市,豐原區,0,0,0,7,,,50,,,,,,,,,,,,,,14,,,,,B03,,,1,,2,,,49,49,1,12,4,120.712872,24.239694,3
2186,66000,387130000C,(04)23274275,(04)23288582,2025,04,7,13,8,臺中市,太平區,0,0,0,7,,,50,,,,,,,,,,,,,,13,,,,,B03,,,1,,2,,,58,58,1,6,4,120.711876,24.148212,3
2187,66000,387130000C,(04)23274275,(04)23288582,2025,04,7,13,9,臺中市,西屯區,0,0,0,7,,,40,,,,,,,,,,,,,,13,,,,,B03,,,1,,1,,,55,55,1,12,4,120.629316,24.163574,3
2188,66000,387130000C,(04)23274275,(04)23288582,2025,04,7,13,12,臺中市,烏日區,0,0,0,7,,,50,,,,,,,,,,,,,,13,,,,,B03,,,1,,2,,,7,7,1,6,4,120.616906,24.11616,3
2189,66000,387130000C,(04)23274275,(04)23288582,2025,04,7,13,15,臺中市,北區,0,2,0,7,2,6,50,3,2,1,5,4,6,6,4,4,10,5,5,2,17,2,9,1,1,C03,7,6,1,10,2,14,,12,12,1,13,4,120.698465,24.156603,2
2190,66000,387130000C,(04)23274275,(04)23288582,2025,04,7,13,17,臺中市,霧峰區,0,1,0,7,3,6,40,13,8,1,5,4,6,6,4,4,3,4,3,1,18,2,9,5,4,C03,7,9,1,10,2,12,,84,84,1,13,4,120.660051,24.084977,2
2191,66000,387130000C,(04)23274275,(04)23288582,2025,04,7,13,17,臺中市,烏日區,0,0,0,7,,,50,,,,,,,,,,,,,,13,,,,,A11,,,1,,1,,,59,59,1,13,4,120.607112,24.110163,3
2192,66000,387130000C,(04)23274275,(04)23288582,2025,04,7,13,18,臺中市,梧棲區,0,0,0,7,,,50,,,,,,,,,,,,,,13,,,,,B01,,,1,,2,,,84,84,1,6,4,120.536182,24.258988,3
2193,66000,387130000C,(04)23274275,(04)23288582,2025,04,7,13,20,臺中市,南屯區,0,0,0,7,,,0,,,,,,,,,,,,,,17,,,,,B02,,,1,,2,,,59,59,1,12,4,120.637804,24.149328,3
2194,66000,387130000C,(04)23274275,(04)23288582,2025,04,7,13,20,臺中市,烏日區,0,1,0,7,3,6,50,4,2,1,5,4,6,6,2,1,1,4,4,1,13,3,10,3,1,B12,7,9,1,8,2,1,,84,84,1,6,4,120.606792,24.108527,2
2195,66000,387130000C,(04)23274275,(04)23288582,2025,04,7,13,22,臺中市,南屯區,0,1,0,7,3,6,40,13,9,1,5,4,6,6,4,4,10,5,5,2,18,2,8,2,4,C03,7,9,1,10,2,14,,87,87,1,6,4,120.648214,24.149516,2
2196,66000,387130000C,(04)23274275,(04)23288582,2025,04,7,13,35,臺中市,南區,0,0,0,7,,,50,,,,,,,,,,,,,,12,,,,,B03,,,1,,1,,,84,84,1,12,4,120.670102,24.114024,3
2197,66000,387130000C,(04)23274275,(04)23288582,2025,04,7,13,37,臺中市,南屯區,0,2,0,7,2,6,50,13,9,1,5,4,6,6,4,4,9,5,5,2,13,2,2,3,1,B03,7,9,1,8,2,5,,84,84,1,6,4,120.639131,24.139373,2
2198,66000,387130000C,(04)23274275,(04)23288582,2025,04,7,13,43,臺中市,大里區,0,1,0,7,2,6,40,13,9,1,5,4,6,6,4,4,1,4,4,1,13,2,9,1,1,C03,7,9,1,10,2,11,,59,59,1,12,4,120.693844,24.10018,2
2199,66000,387130000C,(04)23274275,(04)23288582,2025,04,7,13,44,臺中市,北屯區,0,0,0,7,,,40,,,,,,,,,,,,,,17,,,,,B03,,,5,,9,,,59,59,1,13,4,120.665531,24.183533,3
2200,66000,387130000C,(04)23274275,(04)23288582,2025,04,7,13,45,臺中市,北屯區,0,1,0,7,2,6,50,13,9,1,5,4,6,6,4,4,5,4,5,2,17,2,9,1,1,C03,7,9,1,9,2,11,,59,59,1,12,4,120.710386,24.171832,2
2201,66000,387130000C,(04)23274275,(04)23288582,2025,04,7,13,48,臺中市,沙鹿區,0,0,0,7,,,60,,,,,,,,,,,,,,,,,,,B12,,,1,,2,,,7,7,1,6,4,120.578477,24.223393,3
2202,66000,387130000C,(04)23274275,(04)23288582,2025,04,7,13,50,臺中市,南屯區,0,0,0,7,,,50,,,,,,,,,,,,,,16,,,,,C03,,,1,,1,,,45,45,1,6,4,120.652982,24.141008,4
2203,66000,387130000C,(04)23274275,(04)23288582,2025,04,7,13,50,臺中市,太平區,0,1,0,7,2,6,50,13,9,1,5,4,6,6,4,4,5,5,5,1,17,3,10,5,4,C03,7,12,1,8,2,13,,39,39,1,6,4,120.720336,24.120958,2
2204,66000,387130000C,(04)23274275,(04)23288582,2025,04,7,13,50,臺中市,沙鹿區,0,0,0,7,,,50,,,,,,,,,,,,,,,,,,,B12,,,1,,2,,,84,84,1,13,4,120.575425,24.223042,3
2205,66000,387130000C,(04)23274275,(04)23288582,2025,04,7,13,54,臺中市,東區,0,1,0,7,2,6,50,4,1,1,5,4,6,6,1,1,5,2,5,2,13,3,10,2,1,C03,7,9,1,10,2,11,,84,84,1,13,4,120.711268,24.144465,2
2206,66000,387130000C,(04)23274275,(04)23288582,2025,04,7,14,1,臺中市,東區,0,1,0,7,2,6,50,4,1,1,5,4,6,6,1,1,10,5,5,2,16,3,10,3,1,B03,7,5,1,8,2,6,,11,11,1,13,4,120.705847,24.135151,2
2207,66000,387130000C,(04)23274275,(04)23288582,2025,04,7,14,1,臺中市,西屯區,0,0,0,7,3,6,50,13,9,1,5,4,6,6,4,4,5,4,5,2,17,,,,,B03,,,1,,1,,,50,50,1,12,4,120.627328,24.201239,3
2208,66000,387130000C,(04)23274275,(04)23288582,2025,04,7,14,3,臺中市,西區,0,1,0,7,2,6,50,4,1,1,5,4,6,6,2,1,10,5,5,2,16,3,10,3,1,B03,7,5,1,4,2,5,2,84,84,1,12,4,120.672565,24.135831,2
2209,66000,387130000C,(04)23274275,(04)23288582,2025,04,7,14,10,臺中市,西屯區,0,0,0,7,,,60,,,,,,,,,,,,,,13,,,,,B03,,,1,,1,,,59,59,1,12,4,120.655666,24.15923,3
2210,66000,387130000C,(04)23274275,(04)23288582,2025,04,7,14,12,臺中市,東區,0,0,0,7,,,30,,,,,,,,,,,,,,17,,,,,B03,,,1,,11,,,84,84,2,12,4,120.696474,24.125193,3
2211,66000,387130000C,(04)23274275,(04)23288582,2025,04,7,14,15,臺中市,霧峰區,0,0,0,7,,,50,,,,,,,,,,,,,,30,,,,,A42,,,1,,2,,,73,73,1,6,4,120.654543,24.084791,3
2212,66000,387130000C,(04)23274275,(04)23288582,2025,04,7,14,30,臺中市,梧棲區,0,1,0,7,3,6,50,4,1,1,5,4,6,6,1,1,10,5,5,2,16,3,10,3,1,B03,7,9,1,8,2,5,,59,59,1,6,4,120.539327,24.257777,2
2213,66000,387130000C,(04)23274275,(04)23288582,2025,04,7,14,31,臺中市,南區,0,0,0,7,,,50,,,,,,,,,,,,,,16,,,,,C03,,,1,,2,,,14,14,1,12,4,120.651733,24.114892,3
2214,66000,387130000C,(04)23274275,(04)23288582,2025,04,7,14,34,臺中市,潭子區,0,0,0,7,,,60,,,,,,,,,,,,,,,,,,,B03,,,1,,2,,,7,7,1,13,4,120.70535,24.214878,3
2215,66000,387130000C,(04)23274275,(04)23288582,2025,04,7,14,36,臺中市,太平區,0,0,0,7,,,50,,,,,,,,,,,,,,16,,,,,B03,,,1,,2,,,11,11,1,6,4,120.722378,24.112677,3
2216,66000,387130000C,(04)23274275,(04)23288582,2025,04,7,14,36,臺中市,太平區,0,1,0,7,3,6,40,4,14,1,5,4,6,6,4,4,5,5,5,1,17,2,5,3,1,B03,7,15,1,8,8,5,,59,59,1,12,4,120.712813,24.128608,2
2217,66000,387130000C,(04)23274275,(04)23288582,2025,04,7,14,39,臺中市,西區,0,1,0,6,1,6,50,4,1,1,5,4,6,6,4,4,10,5,5,2,17,2,9,5,4,C03,7,9,1,10,2,14,,84,84,1,11,4,120.677111,24.144534,2
2218,66000,387130000C,(04)23274275,(04)23288582,2025,04,7,14,41,臺中市,霧峰區,0,1,0,7,2,6,50,3,1,1,5,4,6,6,4,4,3,4,4,1,17,3,10,3,1,B03,7,5,1,8,2,3,,14,14,1,6,4,120.696733,24.024724,2
2219,66000,387130000C,(04)23274275,(04)23288582,2025,04,7,14,42,臺中市,太平區,0,0,0,7,,,50,,,,,,,,,,,,,,,,,,,B03,,,1,,2,,,58,58,1,6,4,120.713397,24.124625,3
2220,66000,387130000C,(04)23274275,(04)23288582,2025,04,7,14,50,臺中市,沙鹿區,0,0,0,7,,,40,,,,,,,,,,,,,,14,,,,,B03,,,1,,2,,,51,51,1,6,4,120.562172,24.207514,3
2221,66000,387130000C,(04)23274275,(04)23288582,2025,04,7,14,53,臺中市,神岡區,0,0,0,7,1,6,50,4,1,1,5,4,6,6,1,1,1,4,5,2,13,,,,,B03,,,1,,1,,,7,7,1,12,4,120.699065,24.248807,3
2222,66000,387130000C,(04)23274275,(04)23288582,2025,04,7,15,0,臺中市,大里區,0,1,0,7,3,6,30,3,2,1,5,4,6,6,4,4,10,5,5,1,10,3,10,3,1,B03,7,9,1,8,2,8,,41,41,1,13,4,120.678498,24.089696,2
2223,66000,387130000C,(04)23274275,(04)23288582,2025,04,7,15,13,臺中市,潭子區,0,2,0,7,2,6,50,13,7,1,5,4,6,3,4,4,5,5,4,2,17,3,10,1,1,C03,7,1,1,10,2,13,,39,39,1,13,4,120.712869,24.229585,2
2224,66000,387130000C,(04)23274275,(04)23288582,2025,04,7,15,14,臺中市,西區,0,0,0,7,,,50,,,,,,,,,,,,,,,,,,,B01,,,1,,2,,,39,39,1,12,4,120.666609,24.136178,3
2225,66000,387130000C,(04)23274275,(04)23288582,2025,04,7,15,15,臺中市,霧峰區,0,1,0,7,2,6,50,3,1,1,5,4,6,6,4,4,10,5,5,2,16,2,9,1,1,C03,7,11,1,10,2,14,,45,45,1,12,4,120.700028,24.069412,2
2226,66000,387130000C,(04)23274275,(04)23288582,2025,04,7,15,18,臺中市,北屯區,0,0,0,7,,,50,,,,,,,,,,,,,,,,,,,B12,,,1,,1,,,58,58,1,6,4,120.695109,24.171205,3
2227,66000,387130000C,(04)23274275,(04)23288582,2025,04,7,15,20,臺中市,北屯區,0,0,0,7,,,40,,,,,,,,,,,,,,14,,,,,B03,,,1,,1,,,49,49,1,12,4,120.681213,24.191038,3
2228,66000,387130000C,(04)23274275,(04)23288582,2025,04,7,15,20,臺中市,太平區,0,0,0,7,,,40,,,,,,,,,,,,,,13,,,,,B03,,,1,,1,,,7,7,1,6,4,120.708789,24.134195,3
2229,66000,387130000C,(04)23274275,(04)23288582,2025,04,7,15,20,臺中市,太平區,0,0,0,7,,,50,,,,,,,,,,,,,,,,,,,C03,,,1,,2,,,7,7,1,12,4,120.711752,24.126455,3
2230,66000,387130000C,(04)23274275,(04)23288582,2025,04,7,15,23,臺中市,南屯區,0,0,0,7,,,50,,,,,,,,,,,,,,16,,,,,B03,,,1,,1,,,11,11,1,6,4,120.638185,24.139825,3
2231,66000,387130000C,(04)23274275,(04)23288582,2025,04,7,15,23,臺中市,大里區,0,1,0,7,2,6,50,3,2,1,5,4,6,6,4,4,10,4,4,2,12,3,10,3,1,B03,7,5,1,8,2,2,,14,14,1,12,4,120.671232,24.101167,2
2232,66000,387130000C,(04)23274275,(04)23288582,2025,04,7,15,23,臺中市,沙鹿區,0,0,0,7,,,50,,,,,,,,,,,,,,,,,,,B03,,,1,,2,,,59,59,1,6,4,120.571395,24.199217,3
2233,66000,387130000C,(04)23274275,(04)23288582,2025,04,7,15,24,臺中市,神岡區,0,0,0,7,,,50,,,,,,,,,,,,,,17,,,,,B12,,,1,,2,,,39,39,1,13,4,120.704988,24.279175,3
2234,66000,387130000C,(04)23274275,(04)23288582,2025,04,7,15,25,臺中市,東區,0,0,0,7,,,50,,,,,,,,,,,,,,,,,,,B01,,,1,,2,,,40,40,1,12,4,120.687713,24.137065,3
2235,66000,387130000C,(04)23274275,(04)23288582,2025,04,7,15,25,臺中市,太平區,0,0,0,7,,,40,,,,,,,,,,,,,,,,,,,B03,,,1,,9,,,50,50,1,12,4,120.726691,24.105311,3
2236,66000,387130000C,(04)23274275,(04)23288582,2025,04,7,15,27,臺中市,霧峰區,0,0,0,7,,,40,,,,,,,,,,,,,,13,,,,,B03,,,1,,2,,,51,51,1,13,4,120.662644,24.060291,3
2237,66000,387130000C,(04)23274275,(04)23288582,2025,04,7,15,28,臺中市,南屯區,0,0,0,7,,,50,,,,,,,,,,,,,,,,,,,B03,,,1,,2,,,59,59,1,12,4,120.623065,24.140373,3
2238,66000,387130000C,(04)23274275,(04)23288582,2025,04,7,15,32,臺中市,南區,0,1,0,7,2,6,50,4,1,1,5,4,6,6,2,1,10,5,5,2,13,2,9,1,1,C03,7,9,1,10,2,11,,7,7,1,12,4,120.650576,24.120293,2
2239,66000,387130000C,(04)23274275,(04)23288582,2025,04,7,15,38,臺中市,西屯區,0,1,0,7,2,6,60,5,1,1,5,4,6,6,2,1,5,4,5,2,16,3,10,3,1,B02,7,11,1,8,2,5,,11,11,1,12,4,120.613992,24.174798,2
2240,66000,387130000C,(04)23274275,(04)23288582,2025,04,7,15,38,臺中市,大里區,0,0,0,7,,,30,,,,,,,,,,,,,,,,,,,B03,,,1,,2,,,12,12,1,6,4,120.7078,24.091264,3
2241,66000,387130000C,(04)23274275,(04)23288582,2025,04,7,15,42,臺中市,北屯區,0,0,0,7,,,80,,,,,,,,,,,,,,,,,,,B03,,,1,,1,,,40,40,1,12,4,120.720769,24.169088,3
2242,66000,387130000C,(04)23274275,(04)23288582,2025,04,7,15,44,臺中市,大里區,0,1,0,7,3,6,50,13,7,1,5,4,6,6,4,4,9,5,4,2,16,2,9,1,1,C03,7,4,1,10,2,12,,1,1,1,6,4,120.693398,24.114305,2
2243,66000,387130000C,(04)23274275,(04)23288582,2025,04,7,15,46,臺中市,北屯區,0,0,0,7,,,60,,,,,,,,,,,,,,,,,,,B12,,,1,,1,,,42,42,1,6,4,120.723162,24.162697,3
2244,66000,387130000C,(04)23274275,(04)23288582,2025,04,7,15,47,臺中市,中區,0,3,0,7,2,6,50,3,2,1,5,4,6,6,4,4,10,5,5,1,16,2,9,2,1,C03,7,5,1,10,2,14,,14,14,1,13,4,120.677742,24.146931,2
2245,66000,387130000C,(04)23274275,(04)23288582,2025,04,7,15,47,臺中市,北屯區,0,0,0,7,,,50,,,,,,,,,,,,,,13,,,,,B12,,,1,,1,,,7,7,1,13,4,120.675649,24.173812,3
2246,66000,387130000C,(04)23274275,(04)23288582,2025,04,7,15,47,臺中市,太平區,0,1,0,7,2,6,30,11,9,1,5,4,6,6,4,4,5,5,5,1,18,2,9,5,4,C03,7,9,1,10,2,14,,5,5,1,6,4,120.819922,24.083395,2
2247,66000,387130000C,(04)23274275,(04)23288582,2025,04,7,15,47,臺中市,烏日區,0,1,0,7,3,6,70,13,8,1,5,4,6,6,4,4,1,4,4,1,16,3,10,3,1,A31,7,5,1,1,2,2,,84,84,1,6,4,120.601106,24.110419,2