序號,縣市別代碼,機關代碼,市話,傳真,年,月,日,時,分,縣市,區,死亡數量,受傷數量,2-30,天候,道路照明設備,道路類別,道路速限,道路型態,事故位置,路面鋪裝,路面狀態,路面缺陷,障礙物,視距,號誌種類,號誌動作,分向設施,快車道或一般車道間,快慢車道間,路面邊線,事故類型及型態,受傷程度,主要傷處,保護裝備,行動電話或功能裝置,當事者區分（類別）,車輛用途,當事者行動狀態,駕照狀態,駕照種類,飲酒情形,車輛撞擊部位最初,車輛撞擊部位其他,肇事因素個別,肇事因素主要,肇事逃逸,職業,共享經濟或外送平台,GPS座標X,GPS座標Y,事故類別
2248,66000,387130000C,(04)23274275,(04)23288582,2025,04,7,15,49,臺中市,大雅區,0,0,0,7,1,6,60,13,2,1,5,4,6,6,1,1,1,4,5,1,17,,,,,B03,,,1,,8,,,84,84,1,13,4,120.647249,24.221247,3
2249,66000,387130000C,(04)23274275,(04)23288582,2025,04,7,15,49,臺中市,潭子區,0,1,0,7,3,6,40,4,1,1,5,4,6,6,3,1,10,5,5,2,12,3,10,2,1,C03,7,9,1,10,2,14,,7,7,1,13,4,120.701946,24.193407,2
2250,66000,387130000C,(04)23274275,(04)23288582,2025,04,7,15,53,臺中市,大甲區,0,0,0,7,,,50,,,,,,,,,,,,,,,,,,,A12,,,1,,2,,,49,49,1,6,4,120.66229,24.402601,3
2251,66000,387130000C,(04)23274275,(04)23288582,2025,04,7,16,0,臺中市,南區,0,0,0,7,,,50,,,,,,,,,,,,,,,,,,,,,,,,,,,86,86,1,,,120.653503,24.113441,3
2252,66000,387130000C,(04)23274275,(04)23288582,2025,04,7,16,0,臺中市,北屯區,0,0,0,7,,,50,,,,,,,,,,,,,,12,,,,,B03,,,1,,2,,,40,40,1,12,4,120.669954,24.176559,3
2253,66000,387130000C,(04)23274275,(04)23288582,2025,04,7,16,0,臺中市,西屯區,0,0,0,7,,,50,,,,,,,,,,,,,,,,,,,B03,,,1,,1,,,7,7,1,12,4,120.615513,24.174981,3
2254,66000,387130000C,(04)23274275,(04)23288582,2025,04,7,16,2,臺中市,南屯區,0,1,0,7,2,6,50,13,8,1,5,4,6,6,4,4,5,4,4,2,13,2,1,3,1,B03,7,9,1,10,2,1,,56,56,1,12,4,120.646111,24.146772,2
2255,66000,387130000C,(04)23274275,(04)23288582,2025,04,7,16,2,臺中市,西屯區,0,0,0,7,,,80,,,,,,,,,,,,,,,,,,,B03,,,1,,1,,,87,87,1,12,4,120.654788,24.199322,3
2256,66000,387130000C,(04)23274275,(04)23288582,2025,04,7,16,4,臺中市,南屯區,0,2,0,7,2,6,50,4,1,1,5,4,6,6,4,4,5,5,5,2,15,2,9,1,1,C03,7,9,1,10,2,14,,12,12,1,6,4,120.647775,24.1426,2
2257,66000,387130000C,(04)23274275,(04)23288582,2025,04,7,16,8,臺中市,大里區,0,0,0,7,,,50,,,,,,,,,,,,,,,,,,,B12,,,1,,2,,,40,40,1,12,4,120.695467,24.096819,3
2258,66000,387130000C,(04)23274275,(04)23288582,2025,04,7,16,10,臺中市,西屯區,0,0,0,7,,,50,,,,,,,,,,,,,,17,,,,,B03,,,1,,1,,,50,50,1,13,4,120.611822,24.19315,3
2259,66000,387130000C,(04)23274275,(04)23288582,2025,04,7,16,14,臺中市,豐原區,0,1,0,7,2,6,50,3,1,1,5,4,6,6,3,1,10,5,5,2,16,2,9,6,1,F01,7,6,7,21,2,12,,24,24,1,12,4,120.724867,24.260329,2
2260,66000,387130000C,(04)23274275,(04)23288582,2025,04,7,16,16,臺中市,南屯區,0,0,0,7,,,50,,,,,,,,,,,,,,17,,,,,A42,,,1,,2,,,20,20,1,6,4,120.653026,24.134897,4
2261,66000,387130000C,(04)23274275,(04)23288582,2025,04,7,16,16,臺中市,西屯區,0,1,0,7,2,6,30,4,1,1,5,4,6,6,4,4,10,5,5,2,15,2,9,2,4,C03,7,9,1,10,2,11,,12,12,1,12,4,120.605422,24.186557,2
2262,66000,387130000C,(04)23274275,(04)23288582,2025,04,7,16,18,臺中市,西區,0,1,0,7,2,6,40,4,1,1,5,4,5,6,2,1,10,5,5,2,17,3,10,3,1,B03,7,1,1,8,2,4,,51,51,1,12,4,120.657262,24.152532,2
2263,66000,387130000C,(04)23274275,(04)23288582,2025,04,7,16,22,臺中市,西屯區,0,0,0,7,,,30,,,,,,,,,,,,,,17,,,,,B03,,,1,,1,,,8,8,1,13,4,120.620135,24.185363,3
2264,66000,387130000C,(04)23274275,(04)23288582,2025,04,7,16,25,臺中市,神岡區,0,0,0,7,1,6,50,13,9,1,5,4,6,6,4,4,5,5,5,1,11,,,,,B03,,,1,,2,,,8,8,1,12,4,120.684821,24.242532,3
2265,66000,387130000C,(04)23274275,(04)23288582,2025,04,7,16,26,臺中市,后里區,0,0,0,7,,,50,,,,,,,,,,,,,,12,,,,,B03,,,1,,1,,,40,40,1,12,4,120.728384,24.326763,3
2266,66000,387130000C,(04)23274275,(04)23288582,2025,04,7,16,29,臺中市,大里區,0,1,0,7,2,6,50,4,1,1,5,4,6,6,1,1,10,5,5,2,16,3,10,3,1,B02,7,6,1,8,2,1,,11,11,1,13,4,120.698356,24.080595,2
2267,66000,387130000C,(04)23274275,(04)23288582,2025,04,7,16,30,臺中市,中區,0,2,0,7,1,6,50,13,9,1,5,4,6,6,4,4,9,4,5,2,16,2,9,1,1,C03,7,7,1,10,2,13,,40,40,1,6,4,120.683155,24.140634,2
2268,66000,387130000C,(04)23274275,(04)23288582,2025,04,7,16,34,臺中市,豐原區,0,1,0,7,2,6,50,13,8,1,5,4,6,6,4,4,5,5,4,2,13,2,9,1,1,C03,7,12,1,10,2,11,,7,7,1,12,4,120.721328,24.252466,2
2269,66000,387130000C,(04)23274275,(04)23288582,2025,04,7,16,39,臺中市,西區,0,0,0,7,,,50,,,,,,,,,,,,,,,,,,,B03,,,1,,2,,,49,49,1,12,4,120.669167,24.147828,3
2270,66000,387130000C,(04)23274275,(04)23288582,2025,04,7,16,45,臺中市,北區,0,0,0,7,,,50,,,,,,,,,,,,,,13,,,,,B03,,,1,,1,,,7,7,1,13,4,120.676304,24.150176,3
2271,66000,387130000C,(04)23274275,(04)23288582,2025,04,7,16,45,臺中市,烏日區,0,0,0,7,,,50,,,,,,,,,,,,,,14,,,,,B03,,,1,,1,,,49,49,1,13,4,120.628683,24.10991,3
2272,66000,387130000C,(04)23274275,(04)23288582,2025,04,7,16,46,臺中市,太平區,0,1,0,7,2,6,50,4,1,1,5,4,6,6,1,1,10,5,5,2,17,2,9,5,4,C03,7,9,1,10,2,16,,59,59,1,6,4,120.736207,24.133137,2
2273,66000,387130000C,(04)23274275,(04)23288582,2025,04,7,16,51,臺中市,大里區,0,0,0,7,,,50,,,,,,,,,,,,,,14,,,,,A12,,,1,,2,,,49,49,1,13,4,120.691425,24.106741,3
2274,66000,387130000C,(04)23274275,(04)23288582,2025,04,7,16,52,臺中市,神岡區,0,1,0,7,2,6,50,3,2,1,5,4,6,6,4,4,5,5,5,1,16,2,9,1,1,C03,7,5,1,10,2,13,,14,14,1,12,4,120.699095,24.249391,2
2275,66000,387130000C,(04)23274275,(04)23288582,2025,04,7,16,55,臺中市,大雅區,0,0,0,7,,,50,,,,,,,,,,,,,,,,,,,B12,,,1,,1,,,49,49,1,12,4,120.653711,24.223371,3
2276,66000,387130000C,(04)23274275,(04)23288582,2025,04,7,16,55,臺中市,東區,0,0,0,7,,,40,,,,,,,,,,,,,,13,,,,,C03,,,1,,2,,,7,7,1,12,4,120.699756,24.144689,3
2277,66000,387130000C,(04)23274275,(04)23288582,2025,04,7,16,55,臺中市,西屯區,0,0,0,7,,,30,,,,,,,,,,,,,,14,,,,,B02,,,1,,2,,,49,49,1,12,4,120.660712,24.162887,3
2278,66000,387130000C,(04)23274275,(04)23288582,2025,04,7,17,0,臺中市,沙鹿區,0,0,0,7,,,50,,,,,,,,,,,,,,13,,,,,A12,,,1,,2,,,84,84,1,6,4,120.60221,24.258842,3
2279,66000,387130000C,(04)23274275,(04)23288582,2025,04,7,17,0,臺中市,后里區,0,1,0,7,2,6,40,13,7,1,5,4,6,6,4,4,1,4,4,1,12,2,9,1,1,C03,7,9,1,10,2,12,,59,59,1,6,4,120.722581,24.310452,2
2280,66000,387130000C,(04)23274275,(04)23288582,2025,04,7,17,6,臺中市,大雅區,0,1,0,7,1,6,50,3,1,1,5,4,6,6,4,4,5,5,5,1,17,3,10,3,1,B03,7,6,1,8,2,1,,15,15,1,13,4,120.648421,24.226271,2
2281,66000,387130000C,(04)23274275,(04)23288582,2025,04,7,17,8,臺中市,北屯區,0,1,0,7,2,6,40,4,1,1,5,4,6,6,2,1,5,5,4,2,13,2,8,2,1,C03,7,9,1,10,2,11,,7,7,1,12,4,120.69338,24.180048,2
2282,66000,387130000C,(04)23274275,(04)23288582,2025,04,7,17,10,臺中市,潭子區,0,0,0,7,,,50,,,,,,,,,,,,,,,,,,,B03,,,1,,1,,,8,8,1,13,4,120.691609,24.217276,3
2283,66000,387130000C,(04)23274275,(04)23288582,2025,04,7,17,10,臺中市,大雅區,0,2,0,7,3,6,40,4,2,1,5,4,6,6,1,1,4,3,4,1,17,2,9,1,1,C03,7,9,1,10,2,12,,21,21,1,13,4,120.644329,24.209355,2
2284,66000,387130000C,(04)23274275,(04)23288582,2025,04,7,17,10,臺中市,西區,0,1,0,7,2,6,50,4,2,1,5,4,6,6,2,1,5,4,5,1,16,3,10,2,1,C04,7,5,1,11,2,13,,11,11,1,13,4,120.661699,24.150845,2
2285,66000,387130000C,(04)23274275,(04)23288582,2025,04,7,17,12,臺中市,西區,0,1,0,7,1,6,50,5,1,1,5,4,6,6,1,1,10,5,5,2,17,2,9,5,4,C03,7,9,1,8,2,14,,85,85,1,12,4,120.669801,24.150724,2
2286,66000,387130000C,(04)23274275,(04)23288582,2025,04,7,17,12,臺中市,大里區,0,2,0,7,3,6,50,13,9,1,5,4,6,6,3,1,1,4,5,1,12,2,8,1,1,C03,7,7,1,10,2,12,,84,84,1,6,4,120.684354,24.097313,2
2287,66000,387130000C,(04)23274275,(04)23288582,2025,04,7,17,14,臺中市,西區,0,1,0,7,2,6,50,13,9,1,5,4,6,6,4,4,5,5,5,2,17,2,9,2,1,C03,7,15,5,19,2,14,11,84,84,1,12,4,120.659116,24.159807,2
2288,66000,387130000C,(04)23274275,(04)23288582,2025,04,7,17,15,臺中市,大雅區,0,1,0,7,2,6,30,5,1,1,5,4,6,6,4,4,10,5,5,2,17,3,10,3,1,B03,7,6,1,8,4,8,,41,41,1,12,4,120.645474,24.230133,2
2289,66000,387130000C,(04)23274275,(04)23288582,2025,04,7,17,15,臺中市,北屯區,0,0,0,7,,,50,,,,,,,,,,,,,,13,,,,,C03,,,1,,1,,,7,7,1,12,4,120.69315,24.171119,4
2290,66000,387130000C,(04)23274275,(04)23288582,2025,04,7,17,15,臺中市,太平區,0,1,0,7,2,6,50,4,1,1,5,4,6,6,3,1,5,5,4,1,16,3,10,1,1,C03,7,1,1,10,2,11,14,20,20,1,6,4,120.727626,24.150011,2
2291,66000,387130000C,(04)23274275,(04)23288582,2025,04,7,17,20,臺中市,西屯區,0,0,0,7,,,50,,,,,,,,,,,,,,14,,,,,B03,,,1,,1,,,59,59,1,12,4,120.58988,24.174106,3
2292,66000,387130000C,(04)23274275,(04)23288582,2025,04,7,17,23,臺中市,西屯區,0,0,0,7,,,50,,,,,,,,,,,,,,,,,,,B11,,,1,,9,,,51,51,1,12,4,120.654648,24.200716,3
2293,66000,387130000C,(04)23274275,(04)23288582,2025,04,7,17,25,臺中市,南區,0,0,0,7,,,50,,,,,,,,,,,,,,,,,,,B12,,,1,,9,,,43,43,2,6,4,120.660754,24.121883,3
2294,66000,387130000C,(04)23274275,(04)23288582,2025,04,7,17,28,臺中市,大雅區,0,0,0,7,,,40,,,,,,,,,,,,,,,,,,,B03,,,1,,1,,,84,84,1,13,4,120.646884,24.22198,3
2295,66000,387130000C,(04)23274275,(04)23288582,2025,04,7,17,29,臺中市,大里區,0,0,0,7,,,30,,,,,,,,,,,,,,,,,,,B03,,,1,,2,,,49,49,1,6,4,120.676738,24.080907,3
2296,66000,387130000C,(04)23274275,(04)23288582,2025,04,7,17,30,臺中市,北屯區,0,1,0,7,2,6,30,13,9,1,5,3,1,6,4,4,10,5,5,2,29,2,9,1,1,C03,7,9,1,10,2,11,,43,43,1,13,4,120.674419,24.178609,2
2297,66000,387130000C,(04)23274275,(04)23288582,2025,04,7,17,30,臺中市,沙鹿區,0,1,0,7,2,6,50,13,9,1,5,4,6,6,4,4,5,5,5,2,13,3,10,3,1,B03,7,9,1,8,2,1,,84,84,1,6,4,120.557209,24.232654,2
2298,66000,387130000C,(04)23274275,(04)23288582,2025,04,7,17,30,臺中市,梧棲區,0,0,0,7,,,50,,,,,,,,,,,,,,16,,,,,B03,,,1,,2,,,12,12,1,6,4,120.536339,24.252547,3
2299,66000,387130000C,(04)23274275,(04)23288582,2025,04,7,17,32,臺中市,北區,0,1,0,7,2,6,50,4,1,1,5,4,6,6,2,1,10,5,5,2,12,3,10,1,1,C03,7,6,1,10,2,13,,48,48,1,13,4,120.678798,24.168567,2
2300,66000,387130000C,(04)23274275,(04)23288582,2025,04,7,17,33,臺中市,龍井區,0,0,0,7,,,50,,,,,,,,,,,,,,,,,,,B03,,,1,,1,,,7,7,1,12,4,120.533755,24.178448,3
2301,66000,387130000C,(04)23274275,(04)23288582,2025,04,7,17,34,臺中市,西屯區,0,1,0,7,2,6,50,13,9,1,5,4,6,6,1,1,1,4,5,2,16,2,9,5,4,B03,7,7,1,8,2,8,,59,59,1,12,4,120.648242,24.167713,2
2302,66000,387130000C,(04)23274275,(04)23288582,2025,04,7,17,36,臺中市,西區,0,1,0,7,1,6,50,4,1,1,5,4,6,6,1,1,10,5,5,2,17,2,9,2,1,C03,7,4,1,10,2,14,,84,84,1,12,4,120.664294,24.150807,2
2303,66000,387130000C,(04)23274275,(04)23288582,2025,04,7,17,38,臺中市,西屯區,0,0,0,7,,,50,,,,,,,,,,,,,,14,,,,,B03,,,5,,2,,,49,49,1,12,4,120.650999,24.16707,3
2304,66000,387130000C,(04)23274275,(04)23288582,2025,04,7,17,38,臺中市,太平區,0,0,0,7,,,50,,,,,,,,,,,,,,,,,,,B03,,,1,,1,,,59,59,1,6,4,120.725032,24.142014,3
2305,66000,387130000C,(04)23274275,(04)23288582,2025,04,7,17,38,臺中市,沙鹿區,0,1,0,7,2,6,50,4,1,1,5,4,6,6,1,1,10,5,5,2,16,2,8,2,1,C03,7,6,1,10,2,14,,48,48,1,6,4,120.559324,24.236441,2
2306,66000,387130000C,(04)23274275,(04)23288582,2025,04,7,17,39,臺中市,大里區,0,2,0,7,2,6,50,4,1,1,5,4,6,6,4,4,10,5,5,2,16,2,4,1,1,C03,7,6,1,10,2,14,,12,12,1,12,4,120.695629,24.090997,2
2307,66000,387130000C,(04)23274275,(04)23288582,2025,04,7,17,40,臺中市,西區,0,1,0,7,1,6,50,5,1,1,5,4,6,6,1,1,10,5,5,1,17,3,10,5,4,C03,7,9,1,10,2,11,,7,7,1,12,4,120.669801,24.150724,2
2308,66000,387130000C,(04)23274275,(04)23288582,2025,04,7,17,40,臺中市,北屯區,0,0,0,7,,,80,,,,,,,,,,,,,,13,,,,,B02,,,1,,1,,,84,84,1,6,4,120.720973,24.170959,3
2309,66000,387130000C,(04)23274275,(04)23288582,2025,04,7,17,42,臺中市,烏日區,0,2,0,7,2,6,50,5,1,1,5,4,6,6,1,1,10,5,5,2,17,2,8,5,4,C03,7,6,1,10,2,14,,84,84,1,12,4,120.62734,24.10404,2
2310,66000,387130000C,(04)23274275,(04)23288582,2025,04,7,17,44,臺中市,西屯區,0,1,0,7,1,6,50,5,1,1,5,4,6,6,2,1,3,4,5,2,12,3,10,5,4,C03,7,9,1,10,2,13,,59,59,1,13,4,120.606473,24.192739,2
2311,66000,387130000C,(04)23274275,(04)23288582,2025,04,7,17,45,臺中市,大里區,0,2,0,6,2,6,50,4,1,1,5,4,6,6,4,4,10,5,5,2,16,3,10,2,1,C03,7,5,1,10,2,11,,14,14,1,13,4,120.698702,24.095808,2
2312,66000,387130000C,(04)23274275,(04)23288582,2025,04,7,17,45,臺中市,烏日區,0,2,0,7,3,6,30,3,2,1,5,4,6,6,4,4,10,5,5,1,16,2,8,1,1,C03,7,6,1,10,2,14,,12,12,1,12,4,120.641628,24.098127,2
2313,66000,387130000C,(04)23274275,(04)23288582,2025,04,7,17,45,臺中市,后里區,0,0,0,7,,,50,,,,,,,,,,,,,,14,,,,,B03,,,1,,1,,,49,49,1,12,4,120.718695,24.306951,3
2314,66000,387130000C,(04)23274275,(04)23288582,2025,04,7,17,47,臺中市,梧棲區,0,0,0,7,,,50,,,,,,,,,,,,,,14,,,,,B03,,,1,,2,,,49,49,1,6,4,120.538261,24.248566,3
2315,66000,387130000C,(04)23274275,(04)23288582,2025,04,7,17,48,臺中市,北屯區,0,0,0,7,,,80,,,,,,,,,,,,,,13,,,,,B03,,,5,,1,,,7,7,1,12,4,120.722339,24.188261,3
2316,66000,387130000C,(04)23274275,(04)23288582,2025,04,7,17,53,臺中市,北屯區,0,1,0,7,1,6,40,13,8,1,5,4,6,6,4,4,9,5,4,2,14,3,10,3,1,B12,7,2,1,8,2,6,,49,49,1,6,4,120.697519,24.189854,2
2317,66000,387130000C,(04)23274275,(04)23288582,2025,04,7,17,53,臺中市,龍井區,0,0,0,7,,,30,,,,,,,,,,,,,,,,,,,B03,,,2,,2,,,84,84,1,13,4,120.549461,24.193882,3
2318,66000,387130000C,(04)23274275,(04)23288582,2025,04,7,17,55,臺中市,梧棲區,0,2,0,7,2,6,50,13,9,1,5,4,6,6,4,4,5,5,5,2,17,2,9,1,1,C03,7,9,1,10,2,11,,59,59,1,6,4,120.548633,24.253036,2
2319,66000,387130000C,(04)23274275,(04)23288582,2025,04,7,18,3,臺中市,西屯區,0,0,0,7,,,50,,,,,,,,,,,,,,13,,,,,B03,,,1,,1,,,7,7,1,13,4,120.648294,24.167899,3
2320,66000,387130000C,(04)23274275,(04)23288582,2025,04,7,18,3,臺中市,梧棲區,0,0,0,7,,,50,,,,,,,,,,,,,,16,,,,,B03,,,1,,1,,,14,14,1,6,4,120.532978,24.252129,3
2321,66000,387130000C,(04)23274275,(04)23288582,2025,04,7,18,4,臺中市,西屯區,0,0,0,7,,,50,,,,,,,,,,,,,,,,,,,B03,,,3,,1,,,7,7,1,12,4,120.635418,24.182433,3
2322,66000,387130000C,(04)23274275,(04)23288582,2025,04,7,18,4,臺中市,大里區,0,0,0,7,,,60,,,,,,,,,,,,,,17,,,,,C03,,,1,,2,,,51,51,1,13,4,120.688521,24.102073,3
2323,66000,387130000C,(04)23274275,(04)23288582,2025,04,7,18,9,臺中市,霧峰區,0,0,0,7,,,50,,,,,,,,,,,,,,,,,,,B03,,,1,,1,,,58,58,1,6,4,120.677809,24.04943,3
2324,66000,387130000C,(04)23274275,(04)23288582,2025,04,7,18,10,臺中市,大雅區,0,0,0,6,,,30,,,,,,,,,,,,,,,,,,,B03,,,1,,2,,,58,58,1,13,4,120.666566,24.206235,3
2325,66000,387130000C,(04)23274275,(04)23288582,2025,04,7,18,11,臺中市,南屯區,0,1,0,7,3,6,40,13,9,1,5,4,6,6,4,4,9,5,5,2,12,3,10,5,4,B03,7,1,1,8,2,8,,51,51,1,6,4,120.636171,24.152331,2
2326,66000,387130000C,(04)23274275,(04)23288582,2025,04,7,18,12,臺中市,龍井區,0,0,0,7,,,50,,,,,,,,,,,,,,,,,,,B03,,,1,,2,,,7,7,1,12,4,120.59194,24.181321,3
2327,66000,387130000C,(04)23274275,(04)23288582,2025,04,7,18,13,臺中市,南區,0,2,0,7,2,6,50,13,9,1,5,4,6,6,4,4,9,5,5,2,17,2,7,3,1,B03,7,11,1,8,2,4,,45,45,1,12,4,120.65547,24.124058,2
2328,66000,387130000C,(04)23274275,(04)23288582,2025,04,7,18,20,臺中市,龍井區,0,1,0,7,3,6,40,4,2,1,5,4,6,6,1,1,1,4,4,1,13,3,10,2,1,C03,7,9,1,10,2,11,,7,7,1,12,4,120.542327,24.218781,2
2329,66000,387130000C,(04)23274275,(04)23288582,2025,04,7,18,24,臺中市,北區,0,0,0,7,,,50,,,,,,,,,,,,,,17,,,,,B03,,,1,,1,,,87,87,1,13,4,120.684855,24.159941,3
2330,66000,387130000C,(04)23274275,(04)23288582,2025,04,7,18,25,臺中市,豐原區,0,0,0,7,,,50,,,,,,,,,,,,,,12,,,,,B03,,,1,,2,,,8,8,1,13,4,120.714345,24.244955,3
2331,66000,387130000C,(04)23274275,(04)23288582,2025,04,7,18,27,臺中市,南屯區,0,0,0,7,,,50,,,,,,,,,,,,,,,,,,,C03,,,1,,1,,,7,7,1,12,4,120.645372,24.139902,3
2332,66000,387130000C,(04)23274275,(04)23288582,2025,04,7,18,27,臺中市,龍井區,0,1,0,7,1,6,30,13,9,1,5,4,6,6,4,4,10,5,5,2,11,2,9,5,4,C03,7,9,1,10,2,11,,59,59,1,6,4,120.597776,24.189208,2
2333,66000,387130000C,(04)23274275,(04)23288582,2025,04,7,18,31,臺中市,西屯區,0,0,0,7,,,50,,,,,,,,,,,,,,,,,,,C03,,,1,,1,,,7,7,1,12,4,120.605804,24.188453,3
2334,66000,387130000C,(04)23274275,(04)23288582,2025,04,7,18,33,臺中市,南屯區,0,0,0,7,,,50,,,,,,,,,,,,,,13,,,,,B03,,,1,,1,,,7,7,1,12,4,120.630637,24.133633,3
2335,66000,387130000C,(04)23274275,(04)23288582,2025,04,7,18,36,臺中市,南區,0,1,0,7,1,6,50,3,1,1,5,4,6,6,2,1,10,5,5,2,17,3,10,3,1,B03,7,5,1,8,2,5,,11,11,1,12,4,120.652279,24.112742,2
2336,66000,387130000C,(04)23274275,(04)23288582,2025,04,7,18,36,臺中市,北屯區,0,0,0,7,,,60,,,,,,,,,,,,,,13,,,,,B03,,,1,,1,,,7,7,1,12,4,120.719816,24.162968,3
2337,66000,387130000C,(04)23274275,(04)23288582,2025,04,7,18,36,臺中市,豐原區,0,0,0,7,,,50,,,,,,,,,,,,,,13,,,,,B03,,,1,,1,,,7,7,1,6,4,120.716165,24.252698,3
2338,66000,387130000C,(04)23274275,(04)23288582,2025,04,7,18,40,臺中市,潭子區,0,0,0,6,,,50,,,,,,,,,,,,,,,,,,,,,,,,,,,86,86,1,,,120.726361,24.20394,3
2339,66000,387130000C,(04)23274275,(04)23288582,2025,04,7,18,45,臺中市,南屯區,0,2,0,7,1,6,50,4,1,1,5,4,6,6,2,1,1,5,5,2,16,2,9,1,1,C03,7,5,1,10,2,12,,85,85,1,6,4,120.644912,24.140091,2
2340,66000,387130000C,(04)23274275,(04)23288582,2025,04,7,18,45,臺中市,外埔區,0,2,0,7,1,6,50,13,9,1,5,4,6,6,4,4,9,4,5,1,13,2,9,1,1,C03,7,9,2,19,2,11,,7,7,1,12,4,120.651436,24.328162,2
2341,66000,387130000C,(04)23274275,(04)23288582,2025,04,7,18,48,臺中市,北屯區,0,1,0,7,1,6,50,4,2,1,5,4,6,6,2,1,10,5,5,2,20,3,10,2,1,C03,7,9,1,10,2,16,,87,87,1,12,4,120.710992,24.174791,2
2342,66000,387130000C,(04)23274275,(04)23288582,2025,04,7,18,50,臺中市,烏日區,0,0,0,7,,,50,,,,,,,,,,,,,,,,,,,B03,,,1,,1,,,7,7,1,6,4,120.610886,24.113888,3
2343,66000,387130000C,(04)23274275,(04)23288582,2025,04,7,18,51,臺中市,豐原區,0,0,0,7,,,50,,,,,,,,,,,,,,13,,,,,B03,,,1,,2,,,59,59,1,12,4,120.722269,24.236493,3
2344,66000,387130000C,(04)23274275,(04)23288582,2025,04,7,18,52,臺中市,潭子區,0,0,0,7,,,40,,,,,,,,,,,,,,,,,,,B12,,,1,,2,,,49,49,1,6,4,120.695619,24.223494,3
2345,66000,387130000C,(04)23274275,(04)23288582,2025,04,7,18,55,臺中市,西屯區,0,1,0,7,1,6,50,13,8,1,5,4,6,6,4,4,10,4,5,2,17,2,9,5,4,C03,7,9,1,10,2,12,,59,59,1,12,4,120.635479,24.180331,2
2346,66000,387130000C,(04)23274275,(04)23288582,2025,04,7,18,58,臺中市,南屯區,0,0,0,7,,,40,,,,,,,,,,,,,,16,,,,,C03,,,1,,2,,,45,45,1,6,4,120.610923,24.135675,3
2347,66000,387130000C,(04)23274275,(04)23288582,2025,04,7,18,59,臺中市,北屯區,0,0,0,7,,,50,,,,,,,,,,,,,,17,,,,,C03,,,1,,1,,,40,40,1,13,4,120.721169,24.176108,3
2348,66000,387130000C,(04)23274275,(04)23288582,2025,04,7,19,2,臺中市,大里區,0,2,0,7,1,6,50,5,2,1,5,4,6,6,4,4,5,5,4,2,17,2,9,1,1,C03,7,9,3,19,2,14,,59,59,1,13,4,120.675803,24.097931,2
2349,66000,387130000C,(04)23274275,(04)23288582,2025,04,7,19,4,臺中市,西區,0,1,0,7,2,6,50,4,2,1,5,4,6,6,2,1,5,5,4,1,17,3,10,2,1,C03,7,11,1,10,2,15,,39,39,1,13,4,120.672776,24.141288,2
2350,66000,387130000C,(04)23274275,(04)23288582,2025,04,7,19,7,臺中市,北屯區,0,0,0,7,,,50,,,,,,,,,,,,,,12,,,,,B03,,,1,,2,,,8,8,1,6,4,120.696308,24.170162,3
2351,66000,387130000C,(04)23274275,(04)23288582,2025,04,7,19,8,臺中市,豐原區,0,0,0,7,,,50,,,,,,,,,,,,,,13,,,,,B03,,,1,,2,,,7,7,1,6,4,120.729061,24.24638,3
2352,66000,387130000C,(04)23274275,(04)23288582,2025,04,7,19,12,臺中市,東區,0,1,0,7,1,6,50,13,9,1,5,4,6,6,4,4,5,5,5,2,16,3,10,3,1,B03,7,1,1,8,2,1,,51,51,1,10,4,120.685692,24.131123,2
2353,66000,387130000C,(04)23274275,(04)23288582,2025,04,7,19,12,臺中市,西屯區,0,0,0,7,,,50,,,,,,,,,,,,,,13,,,,,C03,,,1,,2,,,59,59,1,12,4,120.658356,24.16833,3
2354,66000,387130000C,(04)23274275,(04)23288582,2025,04,7,19,12,臺中市,沙鹿區,0,0,0,7,,,50,,,,,,,,,,,,,,14,,,,,B03,,,1,,2,,,49,49,1,12,4,120.576227,24.212057,3
2355,66000,387130000C,(04)23274275,(04)23288582,2025,04,7,19,13,臺中市,北屯區,0,0,0,7,,,40,,,,,,,,,,,,,,,,,,,B03,,,5,,1,,,58,58,1,6,4,120.687249,24.201207,3
2356,66000,387130000C,(04)23274275,(04)23288582,2025,04,7,19,14,臺中市,清水區,0,1,0,7,1,6,50,5,2,1,5,4,6,6,1,1,8,3,5,1,12,3,10,1,1,C03,7,9,1,10,2,12,,7,7,1,12,4,120.55682,24.266343,2
2357,66000,387130000C,(04)23274275,(04)23288582,2025,04,7,19,15,臺中市,大雅區,0,1,0,7,1,6,50,4,1,1,5,4,6,6,3,1,1,3,5,1,17,2,9,1,1,C03,7,8,1,10,2,13,,40,40,1,13,4,120.659902,24.231784,2
2358,66000,387130000C,(04)23274275,(04)23288582,2025,04,7,19,15,臺中市,神岡區,0,1,0,7,1,6,50,3,1,1,5,4,6,6,4,4,10,5,5,2,16,3,10,3,1,B03,7,6,1,8,2,8,,14,14,1,12,4,120.658423,24.257234,2
2359,66000,387130000C,(04)23274275,(04)23288582,2025,04,7,19,16,臺中市,霧峰區,0,0,0,7,,,50,,,,,,,,,,,,,,,,,,,C03,,,1,,2,,,51,51,1,12,4,120.697166,24.064622,3
2360,66000,387130000C,(04)23274275,(04)23288582,2025,04,7,19,25,臺中市,東勢區,0,0,0,7,1,8,50,13,9,1,5,4,6,6,4,4,9,5,5,1,12,3,10,5,4,C03,7,3,1,10,1,12,,50,50,1,13,4,120.829105,24.256775,3