序號,縣市別代碼,機關代碼,市話,傳真,年,月,日,時,分,縣市,區,死亡數量,受傷數量,2-30,天候,道路照明設備,道路類別,道路速限,道路型態,事故位置,路面鋪裝,路面狀態,路面缺陷,障礙物,視距,號誌種類,號誌動作,分向設施,快車道或一般車道間,快慢車道間,路面邊線,事故類型及型態,受傷程度,主要傷處,保護裝備,行動電話或功能裝置,當事者區分（類別）,車輛用途,當事者行動狀態,駕照狀態,駕照種類,飲酒情形,車輛撞擊部位最初,車輛撞擊部位其他,肇事因素個別,肇事因素主要,肇事逃逸,職業,共享經濟或外送平台,GPS座標X,GPS座標Y,事故類別
2471,66000,387130000C,(04)23274275,(04)23288582,2025,04,8,8,15,臺中市,大里區,0,0,0,7,2,6,40,13,8,1,5,4,6,6,1,1,1,4,4,2,17,,,,,A11,,,1,,1,,,51,51,1,13,4,120.690405,24.123266,3
2472,66000,387130000C,(04)23274275,(04)23288582,2025,04,8,8,17,臺中市,后里區,0,1,0,7,3,6,60,4,2,1,5,4,6,6,1,1,1,4,4,1,13,3,10,3,1,B03,7,5,1,8,2,6,,47,47,1,6,4,120.72282,24.284068,2
2473,66000,387130000C,(04)23274275,(04)23288582,2025,04,8,8,21,臺中市,西屯區,0,0,0,7,,,50,,,,,,,,,,,,,,13,,,,,B12,,,1,,1,,,7,7,1,12,4,120.646686,24.164245,3
2474,66000,387130000C,(04)23274275,(04)23288582,2025,04,8,8,24,臺中市,豐原區,0,1,0,7,2,6,30,13,9,1,5,4,6,6,4,4,10,5,5,1,30,2,9,5,4,C03,7,21,3,19,2,15,,85,85,1,11,4,120.755371,24.245897,2
2475,66000,387130000C,(04)23274275,(04)23288582,2025,04,8,8,25,臺中市,西區,0,1,0,7,2,6,50,13,9,1,5,4,6,6,4,4,5,4,5,2,13,2,9,2,1,C03,7,9,1,10,2,11,,7,7,1,12,4,120.653158,24.150058,2
2476,66000,387130000C,(04)23274275,(04)23288582,2025,04,8,8,26,臺中市,豐原區,0,0,0,7,,,50,,,,,,,,,,,,,,12,,,,,C03,,,1,,2,,,8,8,1,13,4,120.713125,24.255477,3
2477,66000,387130000C,(04)23274275,(04)23288582,2025,04,8,8,29,臺中市,大里區,0,0,0,7,,,50,,,,,,,,,,,,,,17,,,,,B12,,,1,,1,,,8,8,1,12,4,120.693545,24.123483,3
2478,66000,387130000C,(04)23274275,(04)23288582,2025,04,8,8,30,臺中市,西區,0,0,0,7,,,50,,,,,,,,,,,,,,,,,,,B03,,,1,,1,,,84,84,1,6,4,120.674401,24.148634,3
2479,66000,387130000C,(04)23274275,(04)23288582,2025,04,8,8,30,臺中市,南屯區,0,2,0,7,3,6,50,13,9,1,5,4,6,6,4,4,1,4,5,2,17,2,9,2,1,C03,7,9,1,10,2,13,,87,87,1,12,4,120.646791,24.14735,2
2480,66000,387130000C,(04)23274275,(04)23288582,2025,04,8,8,31,臺中市,大雅區,0,1,0,7,2,6,60,3,1,1,5,4,6,6,4,4,1,4,4,1,16,3,10,3,1,B03,7,6,1,8,2,5,,14,14,1,13,4,120.649362,24.214602,2
2481,66000,387130000C,(04)23274275,(04)23288582,2025,04,8,8,32,臺中市,西屯區,0,1,0,6,2,6,50,13,9,1,5,4,6,6,4,4,9,4,5,2,16,3,10,3,1,B03,7,5,1,8,1,2,,47,47,1,12,4,120.629075,24.205167,2
2482,66000,387130000C,(04)23274275,(04)23288582,2025,04,8,8,34,臺中市,大里區,0,1,0,7,2,6,30,13,9,1,5,4,6,6,4,4,10,5,5,2,18,2,9,2,1,C04,7,1,1,11,2,14,,51,51,1,6,4,120.6834,24.083788,2
2483,66000,387130000C,(04)23274275,(04)23288582,2025,04,8,8,34,臺中市,太平區,0,0,0,7,2,6,30,,,,,,,,,,,,,,,,,,,B03,,,1,,1,3,,49,49,1,12,4,120.712441,24.143646,3
2484,66000,387130000C,(04)23274275,(04)23288582,2025,04,8,8,35,臺中市,太平區,0,2,0,7,3,6,50,4,1,1,5,4,6,6,1,1,10,5,5,2,16,2,9,1,1,C03,7,4,1,10,2,11,,39,39,1,6,4,120.718348,24.153782,2
2485,66000,387130000C,(04)23274275,(04)23288582,2025,04,8,8,35,臺中市,豐原區,0,0,0,7,,,50,,,,,,,,,,,,,,13,,,,,B03,,,1,,2,,,7,7,1,12,4,120.750385,24.269135,3
2486,66000,387130000C,(04)23274275,(04)23288582,2025,04,8,8,36,臺中市,西區,0,2,0,7,1,6,50,4,1,1,4,4,6,6,1,1,10,5,5,2,17,2,9,5,4,C03,7,9,1,10,2,14,,21,21,1,12,4,120.65564,24.154776,2
2487,66000,387130000C,(04)23274275,(04)23288582,2025,04,8,8,36,臺中市,西屯區,0,0,0,7,,,50,,,,,,,,,,,,,,17,,,,,B03,,,1,,2,,,59,59,1,12,4,120.656544,24.169041,3
2488,66000,387130000C,(04)23274275,(04)23288582,2025,04,8,8,37,臺中市,烏日區,0,0,0,7,,,50,,,,,,,,,,,,,,12,,,,,B03,,,1,,2,,,50,50,1,13,4,120.611009,24.110424,3
2489,66000,387130000C,(04)23274275,(04)23288582,2025,04,8,8,43,臺中市,霧峰區,0,1,0,7,3,6,40,13,9,1,5,4,6,6,4,4,9,5,5,1,12,3,10,1,1,C03,7,4,1,10,2,12,,43,43,1,5,4,120.715058,24.073572,2
2490,66000,387130000C,(04)23274275,(04)23288582,2025,04,8,8,45,臺中市,西屯區,0,0,0,7,,,30,,,,,,,,,,,,,,17,,,,,B03,,,1,,2,,,8,8,1,12,4,120.658477,24.160252,3
2491,66000,387130000C,(04)23274275,(04)23288582,2025,04,8,8,47,臺中市,豐原區,0,1,0,7,2,6,50,13,9,1,5,4,6,6,4,4,5,5,5,2,17,2,9,2,1,C03,7,9,3,19,2,11,,84,84,1,13,4,120.723677,24.252517,2
2492,66000,387130000C,(04)23274275,(04)23288582,2025,04,8,8,48,臺中市,南區,0,0,0,7,,,50,,,,,,,,,,,,,,13,,,,,C03,,,1,,1,,,7,7,1,13,4,120.663298,24.125382,3
2493,66000,387130000C,(04)23274275,(04)23288582,2025,04,8,8,48,臺中市,北屯區,0,1,0,7,2,6,50,4,9,1,5,4,6,6,2,1,1,4,5,2,12,2,9,1,1,F02,7,6,7,21,2,12,,48,48,1,12,4,120.70973,24.174555,2
2494,66000,387130000C,(04)23274275,(04)23288582,2025,04,8,8,50,臺中市,北屯區,0,1,0,7,2,6,50,13,9,1,5,4,6,6,4,4,1,3,5,2,12,3,10,3,1,B03,7,8,1,8,2,3,,40,40,1,12,4,120.672648,24.174234,2
2495,66000,387130000C,(04)23274275,(04)23288582,2025,04,8,8,51,臺中市,潭子區,0,0,0,7,,,30,,,,,,,,,,,,,,,,,,,B03,,,1,,9,,,59,59,2,13,4,120.679882,24.218211,3
2496,66000,387130000C,(04)23274275,(04)23288582,2025,04,8,8,52,臺中市,北區,0,2,0,7,2,6,40,13,8,1,5,4,6,6,4,4,5,4,4,2,12,2,9,1,1,C03,7,9,1,10,9,12,,8,8,1,13,4,120.682047,24.152692,2
2497,66000,387130000C,(04)23274275,(04)23288582,2025,04,8,8,52,臺中市,南屯區,0,1,0,7,3,6,50,3,1,1,5,4,6,6,4,4,10,5,5,2,13,2,9,5,4,C03,7,9,1,10,1,11,12,7,7,1,6,4,120.634133,24.136809,2
2498,66000,387130000C,(04)23274275,(04)23288582,2025,04,8,8,52,臺中市,龍井區,0,0,0,7,,,50,,,,,,,,,,,,,,13,,,,,B03,,,1,,1,,,61,61,1,12,4,120.592881,24.182178,3
2499,66000,387130000C,(04)23274275,(04)23288582,2025,04,8,8,53,臺中市,西屯區,0,1,0,7,2,6,30,13,9,1,5,4,6,6,4,4,10,5,5,2,18,2,9,2,1,C03,7,9,1,10,2,12,,59,59,1,12,4,120.652115,24.203854,2
2500,66000,387130000C,(04)23274275,(04)23288582,2025,04,8,8,54,臺中市,大里區,0,0,0,7,,,40,,,,,,,,,,,,,,,,,,,B02,,,1,,2,,,8,8,1,12,4,120.692124,24.102087,3
2501,66000,387130000C,(04)23274275,(04)23288582,2025,04,8,8,56,臺中市,西區,0,0,0,7,,,50,,,,,,,,,,,,,,17,,,,,C03,,,1,,1,,,7,7,1,12,4,120.66155,24.153225,3
2502,66000,387130000C,(04)23274275,(04)23288582,2025,04,8,8,56,臺中市,太平區,0,1,0,7,2,6,50,11,9,1,5,4,6,6,4,4,5,2,5,2,12,3,10,3,1,B03,7,7,1,8,2,2,,40,40,1,12,4,120.7342,24.150383,2
2503,66000,387130000C,(04)23274275,(04)23288582,2025,04,8,9,4,臺中市,北屯區,0,1,0,7,3,6,30,4,1,1,5,4,1,6,1,1,10,5,5,2,16,3,10,3,1,B03,7,6,1,8,2,5,,11,11,1,6,4,120.727801,24.159716,2
2504,66000,387130000C,(04)23274275,(04)23288582,2025,04,8,9,5,臺中市,大雅區,0,1,0,7,2,6,50,3,9,1,5,4,6,6,1,1,10,4,5,1,17,3,10,3,1,A41,7,5,1,1,2,16,,73,73,1,12,4,120.612956,24.236369,2
2505,66000,387130000C,(04)23274275,(04)23288582,2025,04,8,9,6,臺中市,北區,0,2,0,7,2,6,50,3,1,1,5,4,6,6,4,4,5,4,5,2,17,2,9,5,1,F01,7,1,7,21,2,14,,51,51,1,13,4,120.686721,24.147858,2
2506,66000,387130000C,(04)23274275,(04)23288582,2025,04,8,9,7,臺中市,北屯區,0,1,0,7,2,6,30,4,1,1,5,4,6,6,4,4,10,5,5,2,15,3,10,1,1,C03,7,9,1,10,2,11,,15,15,1,6,4,120.695103,24.161867,2
2507,66000,387130000C,(04)23274275,(04)23288582,2025,04,8,9,11,臺中市,豐原區,0,0,0,7,,,30,,,,,,,,,,,,,,14,,,,,B12,,,1,,2,,,49,49,1,12,4,120.741693,24.258879,3
2508,66000,387130000C,(04)23274275,(04)23288582,2025,04,8,9,13,臺中市,烏日區,0,1,0,7,2,6,50,3,2,1,5,4,6,6,4,4,5,4,5,1,16,3,10,3,1,B03,7,5,1,8,2,4,,12,12,1,6,4,120.64216,24.068051,2
2509,66000,387130000C,(04)23274275,(04)23288582,2025,04,8,9,16,臺中市,北屯區,0,0,0,7,,,50,,,,,,,,,,,,,,,,,,,A12,,,1,,2,,,8,8,1,12,4,120.681796,24.192969,3
2510,66000,387130000C,(04)23274275,(04)23288582,2025,04,8,9,16,臺中市,大安區,0,0,0,7,,,50,,,,,,,,,,,,,,,,,,,B03,,,1,,2,,,49,49,1,12,4,120.589788,24.371797,3
2511,66000,387130000C,(04)23274275,(04)23288582,2025,04,8,9,19,臺中市,沙鹿區,0,0,0,7,,,50,,,,,,,,,,,,,,16,,,,,C03,,,1,,2,,,14,14,1,6,4,120.579321,24.223833,3
2512,66000,387130000C,(04)23274275,(04)23288582,2025,04,8,9,22,臺中市,北區,0,0,0,7,,,50,,,,,,,,,,,,,,,,,,,B03,,,1,,1,,,51,51,1,12,4,120.684582,24.153921,3
2513,66000,387130000C,(04)23274275,(04)23288582,2025,04,8,9,24,臺中市,龍井區,0,0,0,7,,,6,,,,,,,,,,,,,,,,,,,B03,,,1,,9,,,40,40,1,6,4,120.532384,24.220409,3
2514,66000,387130000C,(04)23274275,(04)23288582,2025,04,8,9,27,臺中市,大里區,0,0,0,6,,,50,,,,,,,,,,,,,,17,,,,,C03,,,2,,1,,,71,71,1,12,4,120.70378,24.109996,3
2515,66000,387130000C,(04)23274275,(04)23288582,2025,04,8,9,29,臺中市,豐原區,0,1,0,7,2,6,60,13,7,1,5,4,6,6,2,1,1,4,4,1,13,3,10,3,1,A11,7,9,1,1,2,1,,84,84,1,12,4,120.704187,24.25421,2
2516,66000,387130000C,(04)23274275,(04)23288582,2025,04,8,9,34,臺中市,西區,0,0,0,7,,,50,,,,,,,,,,,,,,13,,,,,B03,,,1,,1,,,84,84,1,12,4,120.67115,24.145477,3
2517,66000,387130000C,(04)23274275,(04)23288582,2025,04,8,9,36,臺中市,西區,0,2,0,7,2,6,50,5,1,1,5,4,6,6,2,1,10,5,5,2,16,2,9,1,1,C03,7,6,1,10,2,11,,11,11,1,6,4,120.671987,24.140726,2
2518,66000,387130000C,(04)23274275,(04)23288582,2025,04,8,9,38,臺中市,西區,0,1,0,7,1,6,50,4,1,1,5,4,6,6,1,1,10,5,5,2,13,2,9,5,4,C03,7,9,1,10,2,11,,7,7,1,12,4,120.661695,24.14553,2
2519,66000,387130000C,(04)23274275,(04)23288582,2025,04,8,9,44,臺中市,西區,0,1,0,7,2,6,50,3,1,1,5,4,6,6,1,1,10,5,5,2,17,3,10,3,1,B03,7,9,1,8,3,1,,7,7,1,12,4,120.674223,24.137324,2
2520,66000,387130000C,(04)23274275,(04)23288582,2025,04,8,9,46,臺中市,西區,0,2,0,7,2,6,50,4,1,1,5,4,6,6,1,1,10,5,5,2,13,2,8,1,1,C03,7,9,1,10,2,11,,7,7,1,12,4,120.652997,24.146726,2
2521,66000,387130000C,(04)23274275,(04)23288582,2025,04,8,9,46,臺中市,南區,0,0,0,7,,,50,,,,,,,,,,,,,,17,,,,,G03,,,7,,1,,,50,50,1,12,4,120.651139,24.162144,3
2522,66000,387130000C,(04)23274275,(04)23288582,2025,04,8,9,47,臺中市,西區,0,1,0,7,2,6,50,4,1,1,5,4,6,6,1,1,10,5,5,2,13,3,10,3,1,B03,7,9,1,8,2,5,,84,84,1,12,4,120.652997,24.146726,2
2523,66000,387130000C,(04)23274275,(04)23288582,2025,04,8,9,49,臺中市,北屯區,0,0,0,7,,,50,,,,,,,,,,,,,,17,,,,,B03,,,1,,1,,,84,84,1,13,4,120.68594,24.200982,4
2524,66000,387130000C,(04)23274275,(04)23288582,2025,04,8,9,59,臺中市,霧峰區,0,0,0,7,,,50,,,,,,,,,,,,,,17,,,,,B03,,,5,19,2,,,84,84,1,13,4,120.696704,24.065076,3
2525,66000,387130000C,(04)23274275,(04)23288582,2025,04,8,10,0,臺中市,清水區,0,0,0,7,,,40,,,,,,,,,,,,,,,,,,,B03,,,1,,1,,,49,49,1,12,4,120.568146,24.271531,3
2526,66000,387130000C,(04)23274275,(04)23288582,2025,04,8,10,8,臺中市,西區,0,2,0,7,2,6,50,4,1,1,5,4,6,6,2,1,10,5,5,2,16,2,9,1,1,C03,7,6,1,10,2,14,,11,11,1,5,4,120.671816,24.136692,2
2527,66000,387130000C,(04)23274275,(04)23288582,2025,04,8,10,9,臺中市,霧峰區,0,0,0,7,,,30,,,,,,,,,,,,,,,,,,,B12,,,1,,2,,,49,49,1,6,4,120.654266,24.066236,3
2528,66000,387130000C,(04)23274275,(04)23288582,2025,04,8,10,12,臺中市,西區,0,2,0,7,1,6,50,4,1,1,5,4,6,6,4,4,10,5,5,2,17,2,9,5,4,C03,7,9,1,10,2,12,,12,12,1,12,4,120.655134,24.149786,2
2529,66000,387130000C,(04)23274275,(04)23288582,2025,04,8,10,15,臺中市,北屯區,0,1,0,7,2,6,50,4,1,1,5,4,6,6,2,1,10,5,5,2,13,3,10,1,1,C03,7,9,1,10,2,11,,84,84,1,12,4,120.681685,24.17266,2
2530,66000,387130000C,(04)23274275,(04)23288582,2025,04,8,10,26,臺中市,北屯區,0,0,0,7,,,50,,,,,,,,,,,,,,13,,,,,A12,,,1,,1,,,7,7,1,6,4,120.668182,24.188012,3
2531,66000,387130000C,(04)23274275,(04)23288582,2025,04,8,10,29,臺中市,梧棲區,0,2,0,7,3,6,70,4,1,1,5,4,6,6,1,1,10,5,5,2,14,3,10,3,1,B03,7,2,1,8,2,3,,49,49,1,6,4,120.555795,24.251236,2
2532,66000,387130000C,(04)23274275,(04)23288582,2025,04,8,10,33,臺中市,西屯區,0,1,0,7,2,6,50,13,8,1,5,4,6,6,4,4,9,5,4,2,3,2,9,6,5,H01,8,16,7,21,10,17,,119,119,1,12,5,120.610043,24.192526,2
2533,66000,387130000C,(04)23274275,(04)23288582,2025,04,8,10,39,臺中市,東勢區,0,1,0,7,3,6,50,13,9,1,5,4,6,6,4,4,9,5,5,2,13,2,9,5,4,F01,7,9,7,21,2,11,,7,7,1,12,4,120.828218,24.255794,2
2534,66000,387130000C,(04)23274275,(04)23288582,2025,04,8,10,48,臺中市,北區,0,0,0,7,,,50,,,,,,,,,,,,,,13,,,,,C03,,,1,,1,,,7,7,1,13,4,120.686497,24.155216,3
2535,66000,387130000C,(04)23274275,(04)23288582,2025,04,8,10,49,臺中市,北屯區,0,1,0,7,2,6,50,4,1,1,5,4,6,6,1,1,10,5,5,2,16,3,10,3,1,B03,7,1,1,8,2,8,,51,51,1,6,4,120.717359,24.1672,2
2536,66000,387130000C,(04)23274275,(04)23288582,2025,04,8,10,49,臺中市,霧峰區,0,1,0,7,3,6,60,13,9,1,5,4,6,6,4,4,3,4,4,1,30,2,9,2,1,C03,7,9,1,10,2,11,,87,87,1,6,4,120.696328,24.066235,2
2537,66000,387130000C,(04)23274275,(04)23288582,2025,04,8,10,52,臺中市,西屯區,0,0,0,7,,,40,,,,,,,,,,,,,,17,,,,,B03,,,1,,2,,,85,85,1,12,4,120.589376,24.17221,3
2538,66000,387130000C,(04)23274275,(04)23288582,2025,04,8,10,53,臺中市,南屯區,0,0,0,7,,,50,,,,,,,,,,,,,,,,,,,B03,,,1,,1,,,49,49,1,12,4,120.640752,24.146262,3
2539,66000,387130000C,(04)23274275,(04)23288582,2025,04,8,10,57,臺中市,烏日區,0,0,0,6,,,70,,,,,,,,,,,,,,,,,,,A31,,,1,,2,,,8,8,1,6,4,120.600506,24.110773,3
2540,66000,387130000C,(04)23274275,(04)23288582,2025,04,8,11,0,臺中市,南屯區,0,2,0,7,3,6,50,13,9,1,5,4,6,6,1,1,5,4,5,2,17,2,7,2,1,C03,7,7,1,10,1,12,,40,40,1,12,4,120.614408,24.139215,2
2541,66000,387130000C,(04)23274275,(04)23288582,2025,04,8,11,5,臺中市,龍井區,0,0,0,7,,,60,,,,,,,,,,,,,,13,,,,,B12,,,1,,1,,,78,78,1,6,4,120.573783,24.185172,3
2542,66000,387130000C,(04)23274275,(04)23288582,2025,04,8,11,10,臺中市,南屯區,0,0,0,7,3,6,50,13,9,1,5,4,6,6,4,4,3,4,5,2,12,,,,,B03,,,1,,2,,,8,8,1,12,4,120.641715,24.140815,3
2543,66000,387130000C,(04)23274275,(04)23288582,2025,04,8,11,10,臺中市,北屯區,0,1,0,7,3,6,30,3,1,1,5,4,6,6,4,4,10,5,5,2,16,3,10,3,1,B03,7,6,1,8,2,5,,14,14,1,12,4,120.683195,24.191046,2
2544,66000,387130000C,(04)23274275,(04)23288582,2025,04,8,11,15,臺中市,西屯區,0,0,0,7,,,30,,,,,,,,,,,,,,30,,,,,A11,,,1,,1,,,59,59,1,12,4,120.646211,24.182385,3
2545,66000,387130000C,(04)23274275,(04)23288582,2025,04,8,11,24,臺中市,大甲區,0,0,0,7,,,50,,,,,,,,,,,,,,13,,,,,B03,,,1,,1,,,84,84,1,12,4,120.657786,24.396061,3
2546,66000,387130000C,(04)23274275,(04)23288582,2025,04,8,11,31,臺中市,北區,0,2,0,7,3,6,30,3,1,1,5,4,6,6,4,4,10,5,5,2,17,2,9,1,1,C04,7,5,1,10,2,11,,14,14,1,12,4,120.67669,24.165943,2
2547,66000,387130000C,(04)23274275,(04)23288582,2025,04,8,11,40,臺中市,北屯區,0,1,0,7,3,6,50,4,1,1,5,4,6,6,1,1,10,5,5,2,16,3,10,3,1,B12,7,5,1,8,1,2,,84,84,1,13,4,120.683786,24.177708,2
2548,66000,387130000C,(04)23274275,(04)23288582,2025,04,8,11,43,臺中市,梧棲區,0,1,0,7,3,6,50,3,2,1,5,4,6,6,4,4,5,5,5,1,17,2,9,1,1,C03,7,9,1,10,2,16,,59,59,1,6,4,120.532978,24.252129,2
2549,66000,387130000C,(04)23274275,(04)23288582,2025,04,8,11,45,臺中市,西屯區,0,0,0,7,,,50,,,,,,,,,,,,,,13,,,,,C03,,,1,,1,,,7,7,1,12,4,120.639024,24.177308,3
2550,66000,387130000C,(04)23274275,(04)23288582,2025,04,8,11,46,臺中市,清水區,0,0,0,7,,,50,,,,,,,,,,,,,,,,,,,B03,,,1,,2,,,40,40,1,12,4,120.573147,24.263366,3
2551,66000,387130000C,(04)23274275,(04)23288582,2025,04,8,11,48,臺中市,南屯區,0,1,0,7,3,6,50,4,1,1,5,4,6,6,4,4,10,5,5,2,15,3,10,3,1,B03,7,9,1,8,2,2,,13,13,1,12,4,120.642983,24.13715,2
2552,66000,387130000C,(04)23274275,(04)23288582,2025,04,8,11,54,臺中市,北屯區,0,1,0,7,2,6,50,4,2,1,5,4,6,6,1,1,10,5,5,2,18,2,9,1,1,C03,7,9,1,10,2,12,,21,21,1,6,4,120.740939,24.17832,2
2553,66000,387130000C,(04)23274275,(04)23288582,2025,04,8,11,58,臺中市,神岡區,0,1,0,7,2,6,50,3,1,1,5,4,6,6,1,1,10,5,5,2,16,4,11,5,4,F03,7,6,7,21,2,13,,48,48,1,12,4,120.660661,24.254872,2
2554,66000,387130000C,(04)23274275,(04)23288582,2025,04,8,11,59,臺中市,大雅區,0,0,0,7,,,30,,,,,,,,,,,,,,,,,,,B12,,,1,,2,,,84,84,1,13,4,120.667387,24.240895,3
2555,66000,387130000C,(04)23274275,(04)23288582,2025,04,8,11,59,臺中市,神岡區,0,0,0,7,,,50,,,,,,,,,,,,,,17,,,,,C03,,,1,,2,,,51,51,1,13,4,120.657491,24.270957,3
2556,66000,387130000C,(04)23274275,(04)23288582,2025,04,8,12,3,臺中市,霧峰區,0,1,0,7,2,6,50,4,1,1,5,4,6,6,1,1,10,5,5,2,17,2,7,5,4,C03,7,5,1,10,2,12,,84,84,1,13,4,120.702958,24.070521,2
2557,66000,387130000C,(04)23274275,(04)23288582,2025,04,8,12,11,臺中市,北屯區,0,0,0,7,,,50,,,,,,,,,,,,,,14,,,,,B03,,,1,,1,,,49,49,1,6,4,120.721811,24.181854,3
2558,66000,387130000C,(04)23274275,(04)23288582,2025,04,8,12,16,臺中市,南屯區,0,0,0,7,,,40,,,,,,,,,,,,,,,,,,,B03,,,1,,1,,,76,76,1,13,4,120.643455,24.145167,3
2559,66000,387130000C,(04)23274275,(04)23288582,2025,04,8,12,22,臺中市,潭子區,0,2,0,7,2,6,40,13,9,1,5,4,6,6,4,4,9,5,5,1,12,2,9,2,1,C03,7,9,1,10,2,14,,84,84,1,13,4,120.697257,24.204887,2
2560,66000,387130000C,(04)23274275,(04)23288582,2025,04,8,12,24,臺中市,西屯區,0,1,0,7,2,6,50,13,9,1,5,4,6,6,4,4,9,5,5,2,13,2,8,5,4,C03,7,9,1,10,1,11,14,84,84,1,12,4,120.638047,24.180771,2
2561,66000,387130000C,(04)23274275,(04)23288582,2025,04,8,12,25,臺中市,南屯區,0,2,0,7,3,6,50,4,1,1,5,4,6,6,2,1,10,5,5,2,16,2,7,5,4,C03,7,6,1,10,2,11,14,11,11,1,6,4,120.650627,24.149942,2
2562,66000,387130000C,(04)23274275,(04)23288582,2025,04,8,12,28,臺中市,南區,0,2,0,7,3,6,50,4,2,1,5,4,6,6,3,1,10,5,5,2,17,2,9,5,4,C03,7,21,1,10,2,15,,84,84,1,12,4,120.666618,24.115695,2
2563,66000,387130000C,(04)23274275,(04)23288582,2025,04,8,12,30,臺中市,西屯區,0,0,0,7,,,60,,,,,,,,,,,,,,13,,,,,B03,,,1,,1,,,7,7,1,10,4,120.647717,24.163718,3
2564,66000,387130000C,(04)23274275,(04)23288582,2025,04,8,12,36,臺中市,北區,0,2,0,7,3,6,50,3,1,1,5,4,6,6,4,4,5,4,5,2,15,2,9,5,4,C03,7,1,1,10,2,12,,20,20,1,13,4,120.688697,24.152433,2
2565,66000,387130000C,(04)23274275,(04)23288582,2025,04,8,12,36,臺中市,太平區,0,1,0,7,3,6,40,13,9,1,5,4,6,6,4,4,10,5,5,1,13,3,10,3,1,B02,7,9,1,4,2,1,,7,7,1,6,4,120.718183,24.159707,2
2566,66000,387130000C,(04)23274275,(04)23288582,2025,04,8,12,39,臺中市,大甲區,0,0,0,7,,,50,,,,,,,,,,,,,,13,,,,,B12,,,1,,2,,,58,58,1,6,4,120.623646,24.343306,3
2567,66000,387130000C,(04)23274275,(04)23288582,2025,04,8,12,43,臺中市,北屯區,0,0,0,7,,,50,,,,,,,,,,,,,,13,,,,,B03,,,1,,1,,,58,58,1,6,4,120.685332,24.190003,3
2568,66000,387130000C,(04)23274275,(04)23288582,2025,04,8,12,47,臺中市,豐原區,0,1,0,7,2,6,50,13,9,1,5,4,6,6,4,4,5,5,5,1,12,2,1,3,1,B03,7,9,1,8,2,2,,84,84,1,12,4,120.721255,24.27012,2
2569,66000,387130000C,(04)23274275,(04)23288582,2025,04,8,12,49,臺中市,北屯區,0,0,0,7,,,40,,,,,,,,,,,,,,,,,,,B01,,,1,,2,,,84,84,1,12,4,120.720895,24.177576,3
2570,66000,387130000C,(04)23274275,(04)23288582,2025,04,8,12,51,臺中市,霧峰區,0,1,0,7,2,6,50,18,9,1,5,4,6,6,4,4,5,5,4,2,16,3,10,3,1,B03,7,5,1,8,2,5,,84,84,1,6,4,120.68758,24.046428,2
2571,66000,387130000C,(04)23274275,(04)23288582,2025,04,8,12,54,臺中市,西屯區,0,0,0,7,,,30,,,,,,,,,,,,,,17,,,,,B02,,,1,,2,,,50,50,1,12,4,120.668587,24.176928,3
2572,66000,387130000C,(04)23274275,(04)23288582,2025,04,8,12,58,臺中市,神岡區,0,0,0,7,,,50,,,,,,,,,,,,,,11,,,,,B03,,,1,,2,,,39,39,1,12,4,120.700186,24.269458,3
2573,66000,387130000C,(04)23274275,(04)23288582,2025,04,8,13,5,臺中市,西屯區,0,0,0,7,,,30,,,,,,,,,,,,,,30,,,,,A41,,,1,,2,,,8,8,1,12,4,120.638103,24.177,3
2574,66000,387130000C,(04)23274275,(04)23288582,2025,04,8,13,8,臺中市,北屯區,0,0,0,7,,,30,,,,,,,,,,,,,,9,,,,,,,,,,,,,85,85,1,,,120.690318,24.162368,4
2575,66000,387130000C,(04)23274275,(04)23288582,2025,04,8,13,10,臺中市,西屯區,0,1,0,7,2,6,40,3,1,1,5,4,6,6,1,1,1,4,1,2,18,2,9,2,1,C03,7,5,1,10,2,12,,84,84,1,5,4,120.614593,24.183081,2
2576,66000,387130000C,(04)23274275,(04)23288582,2025,04,8,13,10,臺中市,大里區,0,0,0,6,,,50,,,,,,,,,,,,,,17,,,,,B03,,,1,,2,,,85,85,1,12,4,120.670137,24.110296,3
2577,66000,387130000C,(04)23274275,(04)23288582,2025,04,8,13,10,臺中市,沙鹿區,0,0,0,7,,,70,,,,,,,,,,,,,,,,,,,B03,,,1,,1,,,59,59,1,6,4,120.606244,24.247281,3
2578,66000,387130000C,(04)23274275,(04)23288582,2025,04,8,13,18,臺中市,南區,0,1,0,7,2,6,50,4,1,1,5,4,6,6,1,1,5,5,5,2,12,2,9,2,1,C03,7,9,1,10,2,12,,84,84,1,13,4,120.681121,24.127813,2
2579,66000,387130000C,(04)23274275,(04)23288582,2025,04,8,13,20,臺中市,北區,0,0,0,7,,,,,,,,,,,,,,,,,17,,,,,,,,,,,,,119,119,1,,,120.684837,24.167096,3
2580,66000,387130000C,(04)23274275,(04)23288582,2025,04,8,13,20,臺中市,西屯區,0,0,0,7,,,30,,,,,,,,,,,,,,14,,,,,B13,,,1,,1,,,49,49,1,12,4,120.656154,24.175219,3
2581,66000,387130000C,(04)23274275,(04)23288582,2025,04,8,13,27,臺中市,烏日區,0,0,0,7,,,50,,,,,,,,,,,,,,17,,,,,B03,,,1,,1,,,85,85,1,13,4,120.650053,24.107892,3
2582,66000,387130000C,(04)23274275,(04)23288582,2025,04,8,13,29,臺中市,西區,0,2,0,7,2,6,50,4,4,1,5,4,6,6,2,1,5,2,5,2,13,2,7,1,1,C03,7,9,1,10,2,14,,84,84,1,6,4,120.661684,24.146757,2