序號,縣市別代碼,機關代碼,市話,傳真,年,月,日,時,分,縣市,區,死亡數量,受傷數量,2-30,天候,道路照明設備,道路類別,道路速限,道路型態,事故位置,路面鋪裝,路面狀態,路面缺陷,障礙物,視距,號誌種類,號誌動作,分向設施,快車道或一般車道間,快慢車道間,路面邊線,事故類型及型態,受傷程度,主要傷處,保護裝備,行動電話或功能裝置,當事者區分（類別）,車輛用途,當事者行動狀態,駕照狀態,駕照種類,飲酒情形,車輛撞擊部位最初,車輛撞擊部位其他,肇事因素個別,肇事因素主要,肇事逃逸,職業,共享經濟或外送平台,GPS座標X,GPS座標Y,事故類別
2583,66000,387130000C,(04)23274275,(04)23288582,2025,04,8,13,29,臺中市,南屯區,0,0,0,7,,,50,,,,,,,,,,,,,,,,,,,B03,,,1,,1,,,59,59,1,12,4,120.626981,24.148491,3
2584,66000,387130000C,(04)23274275,(04)23288582,2025,04,8,13,30,臺中市,西屯區,0,0,0,7,,,50,,,,,,,,,,,,,,,,,,,B03,,,1,,2,,,48,48,1,12,4,120.654767,24.196177,3
2585,66000,387130000C,(04)23274275,(04)23288582,2025,04,8,13,33,臺中市,西屯區,0,0,0,7,,,40,,,,,,,,,,,,,,14,,,,,B12,,,1,,1,,,49,49,1,12,4,120.644877,24.155544,3
2586,66000,387130000C,(04)23274275,(04)23288582,2025,04,8,13,35,臺中市,神岡區,0,1,0,7,2,6,50,13,9,1,5,4,6,6,4,4,9,5,5,2,16,3,10,5,4,C03,7,5,1,10,2,13,,42,42,1,12,4,120.660314,24.257541,2
2587,66000,387130000C,(04)23274275,(04)23288582,2025,04,8,13,47,臺中市,大里區,0,0,0,7,,,50,,,,,,,,,,,,,,,,,,,B03,,,1,,2,,,84,84,1,6,4,120.705215,24.087685,3
2588,66000,387130000C,(04)23274275,(04)23288582,2025,04,8,13,47,臺中市,烏日區,0,1,0,7,3,6,50,3,1,1,5,4,6,6,4,4,1,5,5,2,16,3,10,3,1,B01,7,5,1,4,2,2,,14,14,1,6,4,120.631707,24.1097,2
2589,66000,387130000C,(04)23274275,(04)23288582,2025,04,8,13,55,臺中市,東區,0,1,0,7,3,6,50,4,1,1,5,4,6,6,1,1,10,5,5,2,13,2,8,5,4,C03,7,9,1,10,1,12,,84,84,1,12,4,120.682929,24.134431,2
2590,66000,387130000C,(04)23274275,(04)23288582,2025,04,8,13,56,臺中市,南屯區,0,0,0,7,,,60,,,,,,,,,,,,,,13,,,,,B03,,,1,,1,,,59,59,1,12,4,120.647173,24.150741,3
2591,66000,387130000C,(04)23274275,(04)23288582,2025,04,8,13,57,臺中市,西屯區,0,0,0,7,,,50,,,,,,,,,,,,,,13,,,,,A11,,,1,,2,,,7,7,1,12,4,120.623734,24.182471,3
2592,66000,387130000C,(04)23274275,(04)23288582,2025,04,8,14,0,臺中市,北屯區,0,0,0,7,,,50,,,,,,,,,,,,,,9,,,,,B12,,,1,8,9,,,91,91,1,13,4,120.727316,24.168987,3
2593,66000,387130000C,(04)23274275,(04)23288582,2025,04,8,14,0,臺中市,沙鹿區,0,1,0,7,2,6,50,3,9,1,5,4,6,6,1,1,4,3,5,1,18,2,1,2,1,C03,7,14,1,10,2,12,,54,54,1,12,4,120.55599,24.21257,2
2594,66000,387130000C,(04)23274275,(04)23288582,2025,04,8,14,5,臺中市,南區,0,1,0,7,2,6,50,13,9,1,5,4,6,6,4,4,1,4,5,2,12,2,9,2,1,C03,7,8,1,10,2,14,,40,40,1,13,4,120.657066,24.131007,2
2595,66000,387130000C,(04)23274275,(04)23288582,2025,04,8,14,5,臺中市,烏日區,0,0,0,7,,,40,,,,,,,,,,,,,,,,,,,B12,,,1,,2,,,7,7,1,6,4,120.652195,24.094355,3
2596,66000,387130000C,(04)23274275,(04)23288582,2025,04,8,14,16,臺中市,豐原區,0,2,0,7,2,6,50,3,2,1,5,4,6,6,4,4,5,5,5,2,16,2,9,1,1,C03,7,6,3,19,2,13,,85,85,1,6,4,120.716842,24.232997,2
2597,66000,387130000C,(04)23274275,(04)23288582,2025,04,8,14,17,臺中市,西區,0,0,0,7,,,60,,,,,,,,,,,,,,16,,,,,B03,,,1,,2,,,38,38,1,12,4,120.669801,24.150724,3
2598,66000,387130000C,(04)23274275,(04)23288582,2025,04,8,14,18,臺中市,西屯區,0,0,0,7,,,50,,,,,,,,,,,,,,13,,,,,B12,,,1,,1,,,7,7,1,12,4,120.656109,24.169599,3
2599,66000,387130000C,(04)23274275,(04)23288582,2025,04,8,14,22,臺中市,西區,0,1,0,7,1,6,50,3,1,1,5,4,6,6,4,4,10,5,5,1,17,3,10,5,4,C03,7,11,1,10,2,11,,45,45,1,12,4,120.668811,24.139278,2
2600,66000,387130000C,(04)23274275,(04)23288582,2025,04,8,14,22,臺中市,北屯區,0,0,0,7,,,50,,,,,,,,,,,,,,,,,,,B03,,,1,,2,,,7,7,1,12,4,120.711881,24.182277,3
2601,66000,387130000C,(04)23274275,(04)23288582,2025,04,8,14,22,臺中市,大肚區,0,1,0,7,2,6,50,4,2,1,5,4,6,6,1,1,5,5,5,1,2,2,9,5,4,C03,7,9,1,10,2,15,,8,8,1,12,4,120.577183,24.164904,2
2602,66000,387130000C,(04)23274275,(04)23288582,2025,04,8,14,23,臺中市,南屯區,0,0,0,7,,,50,,,,,,,,,,,,,,13,,,,,B12,,,1,,2,,,59,59,2,6,4,120.612785,24.138919,3
2603,66000,387130000C,(04)23274275,(04)23288582,2025,04,8,14,24,臺中市,西區,0,0,0,7,,,50,,,,,,,,,,,,,,,,,,,B03,,,1,,9,,,50,50,1,12,4,120.652835,24.146281,3
2604,66000,387130000C,(04)23274275,(04)23288582,2025,04,8,14,24,臺中市,西屯區,0,0,0,7,,,50,,,,,,,,,,,,,,14,,,,,B12,,,1,,1,,,49,49,1,12,4,120.658132,24.166846,3
2605,66000,387130000C,(04)23274275,(04)23288582,2025,04,8,14,26,臺中市,大里區,0,1,0,7,2,6,50,4,1,1,5,4,6,6,1,1,10,5,5,2,16,2,9,2,1,C03,7,6,1,10,2,14,,36,36,1,6,4,120.691294,24.092192,2
2606,66000,387130000C,(04)23274275,(04)23288582,2025,04,8,14,30,臺中市,后里區,0,1,0,7,2,6,30,4,1,1,5,4,6,6,4,4,10,5,5,2,12,2,9,3,1,B03,7,6,1,8,2,5,,12,12,1,6,4,120.716877,24.333974,2
2607,66000,387130000C,(04)23274275,(04)23288582,2025,04,8,14,34,臺中市,神岡區,0,1,0,7,2,6,30,4,2,1,5,4,6,6,4,4,10,5,5,2,17,3,10,1,1,C03,7,7,1,10,2,11,,20,20,1,12,4,120.709307,24.260438,2
2608,66000,387130000C,(04)23274275,(04)23288582,2025,04,8,14,35,臺中市,潭子區,0,1,0,7,2,6,50,13,9,1,5,2,6,6,4,4,9,5,5,2,18,2,9,2,1,C03,7,9,1,10,2,16,,84,84,1,13,4,120.719897,24.212028,2
2609,66000,387130000C,(04)23274275,(04)23288582,2025,04,8,14,46,臺中市,北區,0,0,0,6,,,0,,,,,,,,,,,,,,17,,,,,C03,,,1,,1,,,51,51,1,13,4,120.684632,24.162759,3
2610,66000,387130000C,(04)23274275,(04)23288582,2025,04,8,14,46,臺中市,大里區,0,0,0,7,,,30,,,,,,,,,,,,,,,,,,,B03,,,3,,2,,,49,49,1,12,4,120.707196,24.109111,3
2611,66000,387130000C,(04)23274275,(04)23288582,2025,04,8,14,50,臺中市,大里區,0,0,0,7,,,30,,,,,,,,,,,,,,,,,,,B03,,,1,,2,,,49,49,1,6,4,120.709693,24.101072,3
2612,66000,387130000C,(04)23274275,(04)23288582,2025,04,8,14,53,臺中市,北屯區,0,1,0,7,3,6,50,3,1,1,5,4,6,6,4,4,1,5,5,2,17,3,10,3,1,B03,7,14,1,8,2,2,,77,77,1,13,4,120.683999,24.181566,2
2613,66000,387130000C,(04)23274275,(04)23288582,2025,04,8,14,55,臺中市,豐原區,0,1,0,7,2,6,50,4,1,1,5,4,6,6,1,1,1,2,5,1,16,2,9,1,1,C03,7,6,1,10,2,13,,26,26,1,13,4,120.720133,24.262822,2
2614,66000,387130000C,(04)23274275,(04)23288582,2025,04,8,14,56,臺中市,潭子區,0,0,0,7,,,40,,,,,,,,,,,,,,,,,,,B03,,,1,,2,,,8,8,1,13,4,120.706315,24.207298,3
2615,66000,387130000C,(04)23274275,(04)23288582,2025,04,8,14,57,臺中市,西屯區,0,1,0,7,2,6,40,4,2,1,5,4,6,6,1,1,10,5,5,2,16,3,10,1,1,C03,7,6,5,19,2,11,12,23,23,1,12,4,120.649033,24.174798,2
2616,66000,387130000C,(04)23274275,(04)23288582,2025,04,8,14,58,臺中市,北屯區,0,0,0,7,,,50,,,,,,,,,,,,,,9,,,,,B03,,,1,,2,,,50,50,1,6,4,120.673867,24.196563,3
2617,66000,387130000C,(04)23274275,(04)23288582,2025,04,8,15,1,臺中市,潭子區,0,1,0,7,3,9,30,13,9,1,5,4,6,6,4,4,10,5,5,1,17,3,10,3,1,B03,7,1,1,8,2,8,,51,51,1,13,4,120.674542,24.208866,2
2618,66000,387130000C,(04)23274275,(04)23288582,2025,04,8,15,3,臺中市,北屯區,0,0,0,7,,,50,,,,,,,,,,,,,,17,,,,,B01,,,1,,2,,,45,45,1,12,4,120.667722,24.187547,3
2619,66000,387130000C,(04)23274275,(04)23288582,2025,04,8,15,3,臺中市,太平區,0,1,0,7,2,6,30,5,1,1,5,4,6,6,3,1,10,5,5,2,15,3,10,3,1,B12,7,9,1,8,2,8,,24,24,1,12,4,120.721091,24.122225,2
2620,66000,387130000C,(04)23274275,(04)23288582,2025,04,8,15,4,臺中市,太平區,0,1,0,7,2,6,50,3,1,1,5,4,6,6,4,4,10,5,5,2,16,2,9,1,1,C03,7,6,1,10,2,11,14,14,14,1,12,4,120.720692,24.120695,2
2621,66000,387130000C,(04)23274275,(04)23288582,2025,04,8,15,6,臺中市,南屯區,0,2,0,7,2,6,50,4,1,1,5,4,6,6,1,1,5,4,4,2,16,3,10,3,1,B03,7,6,1,8,2,4,,84,84,1,12,4,120.650607,24.153604,2
2622,66000,387130000C,(04)23274275,(04)23288582,2025,04,8,15,15,臺中市,大里區,0,2,0,7,3,6,50,3,2,1,5,4,6,6,4,4,5,5,4,2,16,2,8,1,1,C03,7,6,1,10,2,14,,48,48,1,13,4,120.6839,24.115851,2
2623,66000,387130000C,(04)23274275,(04)23288582,2025,04,8,15,17,臺中市,東區,0,1,0,7,3,6,50,5,9,1,5,4,6,6,2,1,5,5,5,2,17,3,10,5,4,B01,7,9,1,8,2,2,,84,84,1,12,4,120.686877,24.136117,2
2624,66000,387130000C,(04)23274275,(04)23288582,2025,04,8,15,17,臺中市,南區,0,0,0,7,,,50,,,,,,,,,,,,,,13,,,,,B03,,,1,,1,,,7,7,1,6,4,120.6702,24.118393,3
2625,66000,387130000C,(04)23274275,(04)23288582,2025,04,8,15,17,臺中市,西屯區,0,1,0,7,2,6,30,3,1,1,5,4,6,6,4,4,10,5,5,2,16,3,10,1,4,C04,7,6,1,10,2,11,,14,14,1,12,4,120.6427,24.177225,2
2626,66000,387130000C,(04)23274275,(04)23288582,2025,04,8,15,19,臺中市,北區,0,0,0,7,,,50,,,,,,,,,,,,,,13,,,,,B03,,,1,,1,,,59,59,1,12,4,120.676166,24.172634,3
2627,66000,387130000C,(04)23274275,(04)23288582,2025,04,8,15,30,臺中市,霧峰區,0,1,0,7,2,6,50,13,9,1,5,4,6,6,4,4,4,1,5,1,17,3,10,2,1,C03,7,6,1,10,2,12,,39,39,1,6,4,120.715277,24.0738,2
2628,66000,387130000C,(04)23274275,(04)23288582,2025,04,8,15,32,臺中市,霧峰區,0,1,0,7,2,6,50,4,2,1,5,4,6,6,1,1,5,4,4,1,16,3,10,3,1,B03,7,11,1,8,2,4,,87,87,1,12,4,120.698729,24.064784,2
2629,66000,387130000C,(04)23274275,(04)23288582,2025,04,8,15,34,臺中市,豐原區,0,1,0,7,2,6,50,3,1,1,5,4,6,6,4,4,9,5,5,2,14,3,10,3,1,B03,7,2,1,8,2,3,,49,49,1,12,4,120.731837,24.25032,2
2630,66000,387130000C,(04)23274275,(04)23288582,2025,04,8,15,38,臺中市,西區,0,0,0,7,,,50,,,,,,,,,,,,,,13,,,,,B03,,,1,,1,,,7,7,1,13,4,120.657375,24.146713,3
2631,66000,387130000C,(04)23274275,(04)23288582,2025,04,8,15,39,臺中市,南屯區,0,0,0,7,,,50,,,,,,,,,,,,,,13,,,,,A41,,,1,,1,,,59,59,1,12,4,120.646557,24.126215,3
2632,66000,387130000C,(04)23274275,(04)23288582,2025,04,8,15,39,臺中市,太平區,0,2,0,7,3,6,50,4,2,1,5,4,6,6,1,1,5,4,4,1,17,2,9,1,1,C03,7,1,1,10,2,14,,51,51,1,6,4,120.730847,24.112122,2
2633,66000,387130000C,(04)23274275,(04)23288582,2025,04,8,15,39,臺中市,大甲區,0,0,0,7,,,50,,,,,,,,,,,,,,9,,,,,B03,,,1,,1,,,84,84,1,12,4,120.617218,24.345819,3
2634,66000,387130000C,(04)23274275,(04)23288582,2025,04,8,15,42,臺中市,神岡區,0,0,0,7,,,50,,,,,,,,,,,,,,13,,,,,B03,,,1,,1,,,84,84,1,12,4,120.665041,24.273818,3
2635,66000,387130000C,(04)23274275,(04)23288582,2025,04,8,15,44,臺中市,西屯區,0,1,0,7,2,6,50,4,1,1,5,4,6,6,1,1,10,5,5,2,16,3,10,5,4,B03,7,5,1,8,2,5,,84,84,1,13,4,120.644268,24.171377,2
2636,66000,387130000C,(04)23274275,(04)23288582,2025,04,8,15,45,臺中市,西區,0,0,0,7,,,50,,,,,,,,,,,,,,13,,,,,C03,,,1,,1,,,59,59,1,12,4,120.661077,24.159595,3
2637,66000,387130000C,(04)23274275,(04)23288582,2025,04,8,15,45,臺中市,西屯區,0,0,0,7,,,50,,,,,,,,,,,,,,14,,,,,A12,,,1,,1,,,49,49,1,12,4,120.604171,24.156046,3
2638,66000,387130000C,(04)23274275,(04)23288582,2025,04,8,15,47,臺中市,北屯區,0,0,0,7,,,50,,,,,,,,,,,,,,,,,,,B03,,,1,,2,,,7,7,1,6,4,120.747591,24.196246,3
2639,66000,387130000C,(04)23274275,(04)23288582,2025,04,8,15,48,臺中市,大肚區,0,1,0,7,2,6,50,13,9,1,5,4,6,6,4,4,5,5,5,2,17,3,10,5,4,C03,7,1,1,10,2,11,,51,51,1,12,4,120.573239,24.155078,2
2640,66000,387130000C,(04)23274275,(04)23288582,2025,04,8,15,51,臺中市,南屯區,0,0,0,7,,,60,,,,,,,,,,,,,,13,,,,,B03,,,1,,1,,,59,59,1,6,4,120.636559,24.135744,3
2641,66000,387130000C,(04)23274275,(04)23288582,2025,04,8,15,59,臺中市,清水區,0,0,0,7,,,50,,,,,,,,,,,,,,,,,,,B13,,,1,,1,,,49,49,1,12,4,120.576315,24.267248,3
2642,66000,387130000C,(04)23274275,(04)23288582,2025,04,8,16,1,臺中市,北區,0,2,0,7,2,6,50,4,1,1,5,4,6,6,1,1,10,5,5,2,16,2,9,1,1,C03,7,6,1,10,2,11,,11,11,1,13,4,120.676168,24.17335,2
2643,66000,387130000C,(04)23274275,(04)23288582,2025,04,8,16,1,臺中市,豐原區,0,0,0,7,,,40,,,,,,,,,,,,,,17,,,,,C03,,,1,,2,,,84,84,1,13,4,120.727337,24.249134,3
2644,66000,387130000C,(04)23274275,(04)23288582,2025,04,8,16,7,臺中市,梧棲區,0,0,0,7,,,50,,,,,,,,,,,,,,16,,,,,A31,,,1,,2,,,20,20,1,6,4,120.542537,24.243596,3
2645,66000,387130000C,(04)23274275,(04)23288582,2025,04,8,16,8,臺中市,豐原區,0,2,0,7,2,6,30,3,1,1,5,4,6,6,4,4,10,5,5,2,16,2,9,2,1,C03,7,6,1,10,2,11,,41,41,1,13,4,120.718361,24.237536,2
2646,66000,387130000C,(04)23274275,(04)23288582,2025,04,8,16,9,臺中市,大里區,0,1,0,7,2,6,50,5,2,1,5,4,6,6,1,1,9,4,4,1,17,2,7,3,1,B03,7,9,1,8,2,1,,84,84,1,12,4,120.671344,24.102502,2
2647,66000,387130000C,(04)23274275,(04)23288582,2025,04,8,16,11,臺中市,北屯區,0,2,0,7,2,6,80,13,9,1,5,4,6,6,4,4,1,4,5,2,13,3,10,3,1,B03,7,9,1,8,2,1,,7,7,1,12,4,120.677706,24.200863,2
2648,66000,387130000C,(04)23274275,(04)23288582,2025,04,8,16,15,臺中市,西屯區,0,1,0,7,2,6,60,13,9,1,5,4,6,6,4,4,1,4,5,2,13,2,8,2,1,C03,7,9,1,10,1,11,,7,7,1,5,4,120.638058,24.170469,2
2649,66000,387130000C,(04)23274275,(04)23288582,2025,04,8,16,17,臺中市,西屯區,0,1,0,7,2,6,50,3,1,1,5,4,5,6,4,4,10,4,5,2,16,3,10,3,1,B03,7,5,1,8,1,2,,47,47,1,13,4,120.651812,24.197794,2
2650,66000,387130000C,(04)23274275,(04)23288582,2025,04,8,16,21,臺中市,北屯區,0,0,0,7,,,50,,,,,,,,,,,,,,,,,,,B03,,,1,,1,,,84,84,1,12,4,120.669093,24.200711,3
2651,66000,387130000C,(04)23274275,(04)23288582,2025,04,8,16,26,臺中市,西區,0,0,0,7,,,50,,,,,,,,,,,,,,,,,,,B03,,,3,,1,,,49,49,1,6,4,120.6518,24.147759,3
2652,66000,387130000C,(04)23274275,(04)23288582,2025,04,8,16,26,臺中市,南屯區,0,0,0,7,,,50,,,,,,,,,,,,,,,,,,,B03,,,1,,1,,,59,59,1,12,4,120.647471,24.136047,4
2653,66000,387130000C,(04)23274275,(04)23288582,2025,04,8,16,36,臺中市,烏日區,0,0,0,7,,,50,,,,,,,,,,,,,,13,,,,,B03,,,1,,2,,,59,59,1,13,4,120.650597,24.108964,3
2654,66000,387130000C,(04)23274275,(04)23288582,2025,04,8,16,37,臺中市,北區,0,1,0,7,2,6,50,13,9,1,5,4,6,6,4,4,8,3,5,1,17,3,10,5,1,B03,7,14,1,8,2,2,,76,76,1,13,4,120.681594,24.156476,2
2655,66000,387130000C,(04)23274275,(04)23288582,2025,04,8,16,39,臺中市,南屯區,0,1,0,7,3,6,50,8,9,1,5,4,6,6,4,4,1,4,5,2,12,2,9,2,4,C03,7,8,1,10,2,14,,40,40,1,6,4,120.621393,24.145082,2
2656,66000,387130000C,(04)23274275,(04)23288582,2025,04,8,16,39,臺中市,太平區,0,1,0,7,2,6,50,13,9,1,5,4,6,6,4,4,9,5,5,2,17,2,8,2,1,C03,7,9,1,10,2,11,,84,84,1,12,4,120.714592,24.147888,2
2657,66000,387130000C,(04)23274275,(04)23288582,2025,04,8,16,40,臺中市,大里區,0,2,0,7,3,6,40,4,2,1,5,4,6,6,2,1,5,5,1,1,13,2,7,1,1,C03,7,9,1,10,2,11,,7,7,1,13,4,120.695578,24.109193,2
2658,66000,387130000C,(04)23274275,(04)23288582,2025,04,8,16,44,臺中市,北區,0,1,0,6,2,6,50,4,1,1,5,4,6,6,1,1,10,5,5,2,13,2,9,5,4,C03,7,12,1,10,2,14,,7,7,1,13,4,120.68356,24.148113,2
2659,66000,387130000C,(04)23274275,(04)23288582,2025,04,8,16,44,臺中市,太平區,0,0,0,7,,,50,,,,,,,,,,,,,,16,,,,,C03,,,1,,2,,,14,14,1,6,4,120.733682,24.146858,3
2660,66000,387130000C,(04)23274275,(04)23288582,2025,04,8,16,45,臺中市,大甲區,0,1,0,7,3,6,30,3,1,1,5,4,6,6,4,4,10,5,5,2,3,2,8,6,5,H01,8,18,7,21,10,17,,98,98,1,3,5,120.652637,24.379035,2
2661,66000,387130000C,(04)23274275,(04)23288582,2025,04,8,16,46,臺中市,北區,0,0,0,7,,,50,,,,,,,,,,,,,,13,,,,,B03,,,1,,1,,,59,59,1,12,4,120.676476,24.163521,3
2662,66000,387130000C,(04)23274275,(04)23288582,2025,04,8,16,47,臺中市,南區,0,1,0,7,2,6,50,3,1,1,5,4,6,6,4,4,10,5,5,2,17,3,10,3,1,B03,7,5,1,8,2,5,,47,47,1,12,4,120.65907,24.125426,2
2663,66000,387130000C,(04)23274275,(04)23288582,2025,04,8,16,47,臺中市,太平區,0,0,0,7,,,80,,,,,,,,,,,,,,13,,,,,B03,,,1,,1,,,7,7,1,12,4,120.710725,24.141557,3
2664,66000,387130000C,(04)23274275,(04)23288582,2025,04,8,16,48,臺中市,西區,0,0,0,7,,,50,,,,,,,,,,,,,,,,,,,B03,,,1,,1,,,84,84,1,12,4,120.662889,24.144439,3
2665,66000,387130000C,(04)23274275,(04)23288582,2025,04,8,16,48,臺中市,北區,0,1,0,7,2,6,30,13,9,1,5,4,6,6,4,4,9,5,5,2,17,3,10,1,1,C03,7,1,1,10,2,11,,51,51,1,13,4,120.687789,24.15812,2
2666,66000,387130000C,(04)23274275,(04)23288582,2025,04,8,16,50,臺中市,神岡區,0,1,0,7,2,6,50,3,1,1,5,4,6,6,4,4,10,5,5,2,15,2,9,1,1,C03,7,9,1,10,2,11,,15,15,1,12,4,120.658476,24.257167,2
2667,66000,387130000C,(04)23274275,(04)23288582,2025,04,8,16,55,臺中市,烏日區,0,0,0,7,2,6,30,13,9,1,5,4,6,6,4,4,10,5,5,2,12,3,10,3,1,B11,7,9,1,1,2,6,,8,8,1,6,4,120.634922,24.108542,3
2668,66000,387130000C,(04)23274275,(04)23288582,2025,04,8,17,0,臺中市,西區,0,1,0,7,2,6,50,4,2,1,5,4,6,6,2,1,1,4,5,1,16,3,10,2,1,C03,7,5,1,10,2,12,,11,11,1,13,4,120.675814,24.133175,2
2669,66000,387130000C,(04)23274275,(04)23288582,2025,04,8,17,0,臺中市,北屯區,0,0,0,7,,,50,,,,,,,,,,,,,,13,,,,,C03,,,1,,1,,,84,84,1,12,4,120.660591,24.192052,3
2670,66000,387130000C,(04)23274275,(04)23288582,2025,04,8,17,2,臺中市,大雅區,0,1,0,7,3,6,30,4,1,1,5,4,6,6,4,4,10,5,5,2,17,2,9,1,1,C03,7,9,1,10,2,11,,15,15,1,13,4,120.666824,24.237835,2
2671,66000,387130000C,(04)23274275,(04)23288582,2025,04,8,17,7,臺中市,西區,0,1,0,7,1,6,50,4,1,1,5,4,6,6,1,1,10,5,5,1,17,2,9,5,4,C03,7,6,1,10,2,14,,7,7,1,12,4,120.655138,24.153572,2
2672,66000,387130000C,(04)23274275,(04)23288582,2025,04,8,17,7,臺中市,烏日區,0,1,0,7,3,6,50,4,2,1,5,4,6,6,2,1,1,4,5,2,13,2,9,2,1,C03,7,15,1,10,2,11,,7,7,1,6,4,120.61465,24.106621,2
2673,66000,387130000C,(04)23274275,(04)23288582,2025,04,8,17,8,臺中市,北屯區,0,0,0,7,,,50,,,,,,,,,,,,,,,,,,,B03,,,1,,1,,,50,50,1,12,4,120.712542,24.167229,3
2674,66000,387130000C,(04)23274275,(04)23288582,2025,04,8,17,11,臺中市,北區,0,0,0,7,,,50,,,,,,,,,,,,,,17,,,,,B12,,,1,,2,,,40,40,1,13,4,120.681604,24.162952,3
2675,66000,387130000C,(04)23274275,(04)23288582,2025,04,8,17,11,臺中市,東區,0,0,0,7,,,30,,,,,,,,,,,,,,16,,,,,C03,,,1,,1,,,14,14,1,6,4,120.697574,24.138874,3
2676,66000,387130000C,(04)23274275,(04)23288582,2025,04,8,17,11,臺中市,南屯區,0,1,0,7,2,6,50,4,2,1,5,4,6,6,2,1,5,4,4,2,13,2,7,2,1,C03,7,9,1,10,2,11,,7,7,1,12,4,120.632748,24.137477,2
2677,66000,387130000C,(04)23274275,(04)23288582,2025,04,8,17,11,臺中市,神岡區,0,1,0,7,2,6,50,13,7,1,5,4,6,6,4,4,5,4,4,2,12,3,10,3,1,B03,7,9,1,8,2,2,,8,8,1,6,4,120.680693,24.247596,2
2678,66000,387130000C,(04)23274275,(04)23288582,2025,04,8,17,15,臺中市,神岡區,0,0,0,7,,,30,,,,,,,,,,,,,,10,,,,,C03,,,1,,1,,,57,57,1,12,4,120.685554,24.240936,3
2679,66000,387130000C,(04)23274275,(04)23288582,2025,04,8,17,16,臺中市,太平區,0,2,0,7,2,6,50,13,9,1,5,4,6,6,4,4,5,4,5,1,12,2,9,1,1,C03,7,11,3,19,2,12,,39,39,1,12,4,120.731121,24.134984,2
2680,66000,387130000C,(04)23274275,(04)23288582,2025,04,8,17,16,臺中市,梧棲區,0,0,0,7,,,50,,,,,,,,,,,,,,14,,,,,B03,,,1,,1,,,49,49,1,6,4,120.548116,24.247356,3
2681,66000,387130000C,(04)23274275,(04)23288582,2025,04,8,17,16,臺中市,神岡區,0,0,0,7,,,60,,,,,,,,,,,,,,12,,,,,B03,,,1,,1,,,8,8,1,12,4,120.682777,24.246118,3
2682,66000,387130000C,(04)23274275,(04)23288582,2025,04,8,17,18,臺中市,西屯區,0,2,0,7,2,6,70,13,10,1,5,4,6,6,4,4,1,4,3,2,17,3,10,5,4,B03,7,7,1,8,9,16,,35,35,1,12,4,120.617018,24.182886,2
2683,66000,387130000C,(04)23274275,(04)23288582,2025,04,8,17,18,臺中市,神岡區,0,0,0,7,,,50,,,,,,,,,,,,,,13,,,,,B03,,,1,,1,,,59,59,1,12,4,120.685433,24.246666,3
2684,66000,387130000C,(04)23274275,(04)23288582,2025,04,8,17,19,臺中市,東區,0,0,0,7,,,50,,,,,,,,,,,,,,,,,,,B03,,,5,,1,,,7,7,1,6,4,120.710504,24.149626,3
2685,66000,387130000C,(04)23274275,(04)23288582,2025,04,8,17,19,臺中市,西屯區,0,0,0,7,,,50,,,,,,,,,,,,,,13,,,,,B03,,,1,,1,,,59,59,1,13,4,120.623611,24.193284,3
2686,66000,387130000C,(04)23274275,(04)23288582,2025,04,8,17,23,臺中市,清水區,0,2,0,7,3,6,50,3,1,1,5,4,6,6,4,4,9,4,5,2,10,2,9,2,1,C03,7,4,1,10,2,11,,4,4,1,12,4,120.578645,24.269467,2
2687,66000,387130000C,(04)23274275,(04)23288582,2025,04,8,17,24,臺中市,北區,0,3,0,7,2,6,50,4,2,1,5,4,6,6,2,1,1,5,5,2,13,2,9,2,1,C03,7,9,1,10,2,11,,59,59,1,12,4,120.68868,24.156759,2
2688,66000,387130000C,(04)23274275,(04)23288582,2025,04,8,17,24,臺中市,北屯區,0,0,0,7,,,50,,,,,,,,,,,,,,13,,,,,C03,,,1,,1,,,7,7,1,12,4,120.670949,24.174708,3
2689,66000,387130000C,(04)23274275,(04)23288582,2025,04,8,17,27,臺中市,梧棲區,0,0,0,7,,,50,,,,,,,,,,,,,,13,,,,,B03,,,1,,1,,,7,7,1,6,4,120.536681,24.260483,3
2690,66000,387130000C,(04)23274275,(04)23288582,2025,04,8,17,28,臺中市,北區,0,0,0,7,,,50,,,,,,,,,,,,,,13,,,,,C03,,,1,,2,,,7,7,1,12,4,120.677619,24.166933,3
2691,66000,387130000C,(04)23274275,(04)23288582,2025,04,8,17,37,臺中市,霧峰區,0,2,0,7,2,6,50,13,8,1,5,4,6,6,4,4,5,5,4,1,16,2,8,1,1,C03,7,11,1,10,2,11,,34,34,1,12,4,120.699603,24.072448,2
2692,66000,387130000C,(04)23274275,(04)23288582,2025,04,8,17,39,臺中市,南屯區,0,2,0,7,2,6,50,3,2,1,5,4,6,6,4,4,5,4,4,2,16,2,9,2,1,C03,7,6,1,10,2,14,,20,20,1,12,4,120.605503,24.13865,2
2693,66000,387130000C,(04)23274275,(04)23288582,2025,04,8,17,40,臺中市,東區,0,0,0,7,,,50,,,,,,,,,,,,,,13,,,,,B03,,,1,,1,,,7,7,1,12,4,120.708419,24.134347,3
2694,66000,387130000C,(04)23274275,(04)23288582,2025,04,8,17,42,臺中市,烏日區,0,1,0,7,3,6,50,13,7,1,5,4,6,6,4,4,9,5,4,1,16,2,9,1,1,C03,7,11,1,10,2,14,12,48,48,1,6,4,120.630111,24.10551,2