序號,縣市別代碼,機關代碼,市話,傳真,年,月,日,時,分,縣市,區,死亡數量,受傷數量,2-30,天候,道路照明設備,道路類別,道路速限,道路型態,事故位置,路面鋪裝,路面狀態,路面缺陷,障礙物,視距,號誌種類,號誌動作,分向設施,快車道或一般車道間,快慢車道間,路面邊線,事故類型及型態,受傷程度,主要傷處,保護裝備,行動電話或功能裝置,當事者區分（類別）,車輛用途,當事者行動狀態,駕照狀態,駕照種類,飲酒情形,車輛撞擊部位最初,車輛撞擊部位其他,肇事因素個別,肇事因素主要,肇事逃逸,職業,共享經濟或外送平台,GPS座標X,GPS座標Y,事故類別
2695,66000,387130000C,(04)23274275,(04)23288582,2025,04,8,17,44,臺中市,西屯區,0,0,0,7,,,60,,,,,,,,,,,,,,,,,,,B03,,,1,,1,,,35,35,1,12,4,120.655492,24.199539,3
2696,66000,387130000C,(04)23274275,(04)23288582,2025,04,8,17,45,臺中市,西屯區,0,1,0,7,2,6,50,4,2,1,5,4,6,6,2,1,10,5,5,2,12,3,10,3,1,B03,7,9,1,8,2,5,2,87,87,1,12,4,120.664813,24.170905,2
2697,66000,387130000C,(04)23274275,(04)23288582,2025,04,8,17,46,臺中市,北屯區,0,0,0,7,,,30,,,,,,,,,,,,,,,,,,,B03,,,1,,1,,,49,49,1,12,4,120.675089,24.180134,3
2698,66000,387130000C,(04)23274275,(04)23288582,2025,04,8,17,46,臺中市,梧棲區,0,1,0,7,3,6,50,13,9,1,5,4,6,6,4,4,9,5,5,2,17,2,7,4,2,F01,7,9,7,21,2,11,,62,62,1,4,4,120.54039,24.248994,2
2699,66000,387130000C,(04)23274275,(04)23288582,2025,04,8,17,50,臺中市,清水區,0,1,0,7,3,6,50,4,2,1,5,4,6,6,4,4,5,5,5,1,17,3,10,3,1,B03,7,9,1,8,2,1,,39,39,1,12,4,120.566813,24.266997,2
2700,66000,387130000C,(04)23274275,(04)23288582,2025,04,8,17,53,臺中市,南屯區,0,2,0,7,2,6,50,11,9,1,5,4,6,6,4,4,10,5,5,2,11,2,9,2,1,C03,7,9,1,10,2,12,,41,41,1,12,4,120.612113,24.157646,2
2701,66000,387130000C,(04)23274275,(04)23288582,2025,04,8,17,56,臺中市,沙鹿區,0,1,0,7,2,6,40,13,8,1,5,4,6,6,4,4,3,3,3,1,17,3,10,5,4,B03,7,9,1,8,2,15,,8,8,1,13,4,120.578497,24.250404,2
2702,66000,387130000C,(04)23274275,(04)23288582,2025,04,8,18,0,臺中市,霧峰區,0,0,0,7,,,50,,,,,,,,,,,,,,17,,,,,B03,,,1,,1,,,8,8,1,6,4,120.700404,24.061883,3
2703,66000,387130000C,(04)23274275,(04)23288582,2025,04,8,18,2,臺中市,西區,0,2,0,7,2,6,50,4,1,1,5,4,3,3,4,4,10,5,5,2,17,2,7,2,1,C03,7,9,1,10,2,11,12,15,15,1,12,4,120.657851,24.144369,2
2704,66000,387130000C,(04)23274275,(04)23288582,2025,04,8,18,5,臺中市,北區,0,0,0,7,,,50,,,,,,,,,,,,,,17,,,,,B03,,,1,,2,,,8,8,1,13,4,120.678419,24.151892,3
2705,66000,387130000C,(04)23274275,(04)23288582,2025,04,8,18,5,臺中市,東區,0,1,0,7,1,6,50,4,2,1,5,4,6,6,2,1,5,4,5,2,9,3,10,3,1,A02,7,9,1,2,2,16,,84,84,1,12,4,120.687678,24.138152,2
2706,66000,387130000C,(04)23274275,(04)23288582,2025,04,8,18,6,臺中市,北區,0,0,0,7,,,50,,,,,,,,,,,,,,12,,,,,B03,,,1,,1,,,40,40,1,13,4,120.673974,24.165112,3
2707,66000,387130000C,(04)23274275,(04)23288582,2025,04,8,18,7,臺中市,西區,0,0,0,7,,,50,,,,,,,,,,,,,,,,,,,B03,,,1,8,1,,,84,84,1,13,4,120.665304,24.148841,3
2708,66000,387130000C,(04)23274275,(04)23288582,2025,04,8,18,8,臺中市,潭子區,0,1,0,7,1,6,50,3,1,1,5,4,6,6,3,1,5,5,5,1,16,3,10,3,1,B03,7,5,1,8,2,5,,84,84,1,13,4,120.699023,24.194517,2
2709,66000,387130000C,(04)23274275,(04)23288582,2025,04,8,18,13,臺中市,大雅區,0,2,0,7,3,6,30,3,1,1,5,4,6,6,3,1,10,5,5,2,17,2,8,2,1,C03,7,6,1,10,2,11,,24,24,1,12,4,120.672979,24.231173,2
2710,66000,387130000C,(04)23274275,(04)23288582,2025,04,8,18,14,臺中市,沙鹿區,0,0,0,7,,,50,,,,,,,,,,,,,,17,,,,,,,,,,,,,119,119,1,,,120.596828,24.249293,3
2711,66000,387130000C,(04)23274275,(04)23288582,2025,04,8,18,14,臺中市,豐原區,0,2,0,7,1,6,50,3,1,1,5,4,6,6,3,1,10,5,5,2,13,3,10,5,4,B03,7,6,1,8,2,1,,84,84,1,6,4,120.708936,24.251138,2
2712,66000,387130000C,(04)23274275,(04)23288582,2025,04,8,18,19,臺中市,西屯區,0,1,0,7,1,6,40,13,8,1,5,4,6,6,4,4,1,5,1,2,12,3,10,2,1,C03,7,8,1,10,1,14,,8,8,1,12,2,120.608445,24.184416,2
2713,66000,387130000C,(04)23274275,(04)23288582,2025,04,8,18,20,臺中市,南區,0,0,0,7,,,50,,,,,,,,,,,,,,17,,,,,C03,,,1,,1,,,84,84,1,12,4,120.666448,24.117017,3
2714,66000,387130000C,(04)23274275,(04)23288582,2025,04,8,18,24,臺中市,南屯區,0,0,0,7,,,60,,,,,,,,,,,,,,13,,,,,B03,,,1,,1,,,59,59,1,6,4,120.646868,24.153671,4
2715,66000,387130000C,(04)23274275,(04)23288582,2025,04,8,18,25,臺中市,西屯區,0,0,0,7,,,50,,,,,,,,,,,,,,13,,,,,C03,,,1,,1,,,7,7,1,13,4,120.623331,24.182821,3
2716,66000,387130000C,(04)23274275,(04)23288582,2025,04,8,18,29,臺中市,北區,0,0,0,7,,,50,,,,,,,,,,,,,,17,,,,,B03,,,1,,1,,,21,21,1,13,4,120.677291,24.164998,3
2717,66000,387130000C,(04)23274275,(04)23288582,2025,04,8,18,30,臺中市,南區,0,0,0,7,,,40,,,,,,,,,,,,,,17,,,,,C03,,,1,,1,,,4,4,1,6,4,120.682154,24.129883,3
2718,66000,387130000C,(04)23274275,(04)23288582,2025,04,8,18,30,臺中市,西屯區,0,0,0,7,,,50,,,,,,,,,,,,,,11,,,,,B03,,,1,,1,,,40,40,1,12,4,120.651847,24.206881,3
2719,66000,387130000C,(04)23274275,(04)23288582,2025,04,8,18,30,臺中市,大里區,0,0,0,7,,,50,,,,,,,,,,,,,,12,,,,,B03,,,1,,2,,,84,84,1,13,4,120.671862,24.114871,3
2720,66000,387130000C,(04)23274275,(04)23288582,2025,04,8,18,30,臺中市,清水區,0,0,0,7,,,60,,,,,,,,,,,,,,,,,,,B03,,,1,,2,,,87,87,1,12,4,120.56407,24.271487,3
2721,66000,387130000C,(04)23274275,(04)23288582,2025,04,8,18,32,臺中市,龍井區,0,0,0,7,,,50,,,,,,,,,,,,,,,,,,,B03,,,1,,2,,,84,84,1,6,4,120.523422,24.202438,3
2722,66000,387130000C,(04)23274275,(04)23288582,2025,04,8,18,34,臺中市,南區,0,1,0,7,1,6,50,13,9,1,5,4,6,6,4,4,10,5,5,2,17,2,9,5,4,C03,7,9,1,10,2,11,,84,84,1,6,4,120.652477,24.116077,2
2723,66000,387130000C,(04)23274275,(04)23288582,2025,04,8,18,34,臺中市,豐原區,0,0,0,7,,,50,,,,,,,,,,,,,,12,,,,,B03,,,1,,2,,,40,40,1,13,4,120.699198,24.248841,3
2724,66000,387130000C,(04)23274275,(04)23288582,2025,04,8,18,35,臺中市,西屯區,0,1,0,7,1,6,30,3,2,1,5,4,6,6,4,4,10,5,5,2,16,2,8,1,1,C03,7,5,1,10,2,11,,11,11,1,13,4,120.665848,24.168361,2
2725,66000,387130000C,(04)23274275,(04)23288582,2025,04,8,18,43,臺中市,大里區,0,0,0,7,,,50,,,,,,,,,,,,,,,,,,,B03,,,1,,2,,,7,7,1,12,4,120.70154,24.12514,3
2726,66000,387130000C,(04)23274275,(04)23288582,2025,04,8,18,45,臺中市,大里區,0,1,0,7,1,6,50,13,7,1,5,4,6,6,4,4,1,4,4,1,16,2,9,1,1,C03,7,1,1,10,2,14,,51,51,1,6,4,120.694932,24.089068,2
2727,66000,387130000C,(04)23274275,(04)23288582,2025,04,8,18,47,臺中市,大里區,0,0,0,7,,,50,,,,,,,,,,,,,,12,,,,,B03,,,1,,2,,,50,50,1,13,4,120.690087,24.112176,3
2728,66000,387130000C,(04)23274275,(04)23288582,2025,04,8,18,48,臺中市,太平區,0,1,0,7,1,6,50,3,1,1,5,4,6,6,3,1,10,5,5,2,16,2,9,2,1,C03,7,6,1,10,2,11,,24,24,1,12,4,120.713753,24.151742,2
2729,66000,387130000C,(04)23274275,(04)23288582,2025,04,8,18,50,臺中市,西區,0,0,0,7,,,50,,,,,,,,,,,,,,,,,,,B03,,,1,,1,,,51,51,1,12,4,120.665645,24.137953,3
2730,66000,387130000C,(04)23274275,(04)23288582,2025,04,8,18,50,臺中市,大里區,0,0,0,7,,,40,,,,,,,,,,,,,,17,,,,,B03,,,1,,1,,,7,7,1,13,4,120.676426,24.11304,3
2731,66000,387130000C,(04)23274275,(04)23288582,2025,04,8,19,4,臺中市,東區,0,2,0,7,1,6,50,13,9,1,5,4,6,6,4,4,9,5,5,2,30,2,9,1,1,C03,7,9,1,10,2,11,,84,84,1,12,4,120.686527,24.132305,2
2732,66000,387130000C,(04)23274275,(04)23288582,2025,04,8,19,6,臺中市,北區,0,0,0,7,,,40,,,,,,,,,,,,,,13,,,,,B03,,,1,,2,,,7,7,1,13,4,120.679924,24.159138,3
2733,66000,387130000C,(04)23274275,(04)23288582,2025,04,8,19,12,臺中市,西區,0,0,0,7,,,50,,,,,,,,,,,,,,,,,,,C03,,,1,,1,,,7,7,1,12,4,120.659894,24.158815,3
2734,66000,387130000C,(04)23274275,(04)23288582,2025,04,8,19,12,臺中市,西屯區,0,0,0,7,,,0,,,,,,,,,,,,,,16,,,,,B03,,,1,,1,,,51,51,1,12,4,120.61599,24.183693,3
2735,66000,387130000C,(04)23274275,(04)23288582,2025,04,8,19,26,臺中市,豐原區,0,2,0,7,1,6,50,3,4,1,5,4,6,6,1,1,5,2,5,1,13,2,9,5,4,C03,7,9,1,10,2,11,,7,7,1,13,4,120.721078,24.269595,2
2736,66000,387130000C,(04)23274275,(04)23288582,2025,04,8,19,28,臺中市,北屯區,0,0,0,7,,,50,,,,,,,,,,,,,,28,,,,,B03,,,1,,1,,,84,84,1,12,4,120.678211,24.190912,4
2737,66000,387130000C,(04)23274275,(04)23288582,2025,04,8,19,30,臺中市,南屯區,0,3,0,7,1,6,50,4,1,1,5,4,6,6,4,4,10,5,5,2,15,2,7,6,4,F02,7,9,7,21,2,12,,15,15,1,6,4,120.65514,24.143817,2
2738,66000,387130000C,(04)23274275,(04)23288582,2025,04,8,19,30,臺中市,梧棲區,0,2,0,7,1,6,50,4,9,1,5,4,6,6,1,1,1,4,5,1,16,3,10,3,1,B03,7,1,1,8,2,8,,51,51,1,6,4,120.534633,24.2534,2
2739,66000,387130000C,(04)23274275,(04)23288582,2025,04,8,19,36,臺中市,西區,0,0,0,7,,,50,,,,,,,,,,,,,,26,,,,,B12,,,1,,2,,,84,84,1,13,4,120.666186,24.152979,3
2740,66000,387130000C,(04)23274275,(04)23288582,2025,04,8,19,39,臺中市,梧棲區,0,1,0,7,1,6,50,13,9,1,5,4,6,6,4,4,5,5,5,2,2,3,10,1,1,C03,7,9,1,10,2,11,,59,59,1,6,4,120.552476,24.238682,2
2741,66000,387130000C,(04)23274275,(04)23288582,2025,04,8,19,45,臺中市,北屯區,0,1,0,7,1,6,50,3,1,1,5,4,6,6,4,4,10,5,5,2,16,3,10,3,1,B03,7,5,1,8,2,6,,84,84,1,6,4,120.686986,24.190496,2
2742,66000,387130000C,(04)23274275,(04)23288582,2025,04,8,19,53,臺中市,北區,0,0,0,7,,,,,,,,,,,,,,,,,17,,,,,,,,,,,,,109,109,1,,,120.675498,24.165944,3
2743,66000,387130000C,(04)23274275,(04)23288582,2025,04,8,19,57,臺中市,潭子區,0,0,0,7,,,50,,,,,,,,,,,,,,,,,,,B03,,,1,,2,,,8,8,1,13,4,120.705531,24.215632,3
2744,66000,387130000C,(04)23274275,(04)23288582,2025,04,8,20,1,臺中市,沙鹿區,0,0,0,6,,,50,,,,,,,,,,,,,,,,,,,C03,,,1,,2,,,20,20,1,13,4,120.556234,24.232323,3
2745,66000,387130000C,(04)23274275,(04)23288582,2025,04,8,20,2,臺中市,神岡區,0,1,0,7,1,6,50,3,1,1,5,4,6,6,3,1,10,5,5,2,16,3,10,3,1,B01,7,11,1,4,2,4,,45,45,1,12,4,120.712213,24.256833,2
2746,66000,387130000C,(04)23274275,(04)23288582,2025,04,8,20,5,臺中市,西屯區,0,0,0,7,,,60,,,,,,,,,,,,,,,,,,,B03,,,1,,2,,,51,51,1,12,4,120.655792,24.163976,3
2747,66000,387130000C,(04)23274275,(04)23288582,2025,04,8,20,10,臺中市,西區,0,0,0,7,,,50,,,,,,,,,,,,,,,,,,,B03,,,1,2,1,,,84,84,1,13,4,120.654375,24.150668,3
2748,66000,387130000C,(04)23274275,(04)23288582,2025,04,8,20,18,臺中市,大雅區,0,0,0,7,,,60,,,,,,,,,,,,,,,,,,,B03,,,1,,1,,,8,8,1,12,4,120.649169,24.215702,3
2749,66000,387130000C,(04)23274275,(04)23288582,2025,04,8,20,18,臺中市,南屯區,0,0,0,7,,,50,,,,,,,,,,,,,,,,,,,B03,,,1,,1,,,50,50,1,12,4,120.638636,24.154177,3
2750,66000,387130000C,(04)23274275,(04)23288582,2025,04,8,20,22,臺中市,北區,0,3,0,7,1,6,50,4,1,1,5,4,6,6,1,1,10,5,5,2,17,2,9,5,4,C03,7,15,1,10,2,12,,42,42,1,13,4,120.669119,24.155327,2
2751,66000,387130000C,(04)23274275,(04)23288582,2025,04,8,20,28,臺中市,西區,0,0,0,7,,,50,,,,,,,,,,,,,,,,,,,A11,,,1,,2,,,51,51,1,12,4,120.666627,24.147494,3
2752,66000,387130000C,(04)23274275,(04)23288582,2025,04,8,20,28,臺中市,北屯區,0,1,0,7,1,6,50,4,1,1,5,4,6,6,2,1,5,5,5,2,11,3,10,3,1,B03,7,6,1,8,2,5,,48,48,1,12,4,120.693047,24.170367,2
2753,66000,387130000C,(04)23274275,(04)23288582,2025,04,8,20,36,臺中市,西屯區,0,0,0,7,,,50,,,,,,,,,,,,,,12,,,,,B02,,,1,,2,,,2,2,1,12,4,120.646676,24.196344,3
2754,66000,387130000C,(04)23274275,(04)23288582,2025,04,8,20,37,臺中市,南區,0,2,0,7,3,6,50,5,9,1,5,4,6,6,4,4,10,5,5,2,17,2,9,5,4,F01,7,5,7,21,2,11,,84,84,1,3,4,120.665468,24.12654,2
2755,66000,387130000C,(04)23274275,(04)23288582,2025,04,8,20,41,臺中市,豐原區,0,0,0,7,,,50,,,,,,,,,,,,,,13,,,,,B03,,,1,,2,,,84,84,1,12,4,120.709688,24.250514,3
2756,66000,387130000C,(04)23274275,(04)23288582,2025,04,8,20,46,臺中市,西屯區,0,0,0,7,,,40,,,,,,,,,,,,,,15,,,,,B03,,,1,,1,,,48,48,1,12,4,120.654199,24.157901,3
2757,66000,387130000C,(04)23274275,(04)23288582,2025,04,8,20,50,臺中市,南屯區,0,0,0,7,,,50,,,,,,,,,,,,,,17,,,,,B03,,,1,,2,,,8,8,1,12,4,120.637443,24.143049,3
2758,66000,387130000C,(04)23274275,(04)23288582,2025,04,8,20,53,臺中市,太平區,0,2,0,7,1,6,50,5,1,1,5,4,6,6,1,1,10,5,5,2,16,2,8,2,1,C03,7,9,1,10,2,14,,84,84,1,5,4,120.724544,24.149617,2
2759,66000,387130000C,(04)23274275,(04)23288582,2025,04,8,20,54,臺中市,大里區,0,1,0,7,1,6,50,3,2,1,5,4,6,6,4,4,4,3,5,1,17,4,11,1,1,C03,7,6,1,10,2,14,,87,87,1,6,4,120.699805,24.08903,2
2760,66000,387130000C,(04)23274275,(04)23288582,2025,04,8,20,56,臺中市,大里區,0,0,0,7,,,50,,,,,,,,,,,,,,,,,,,B03,,,1,,2,,,8,8,1,12,4,120.691976,24.087116,3
2761,66000,387130000C,(04)23274275,(04)23288582,2025,04,8,20,58,臺中市,北屯區,0,0,0,7,,,50,,,,,,,,,,,,,,,,,,,B01,,,1,,1,,,84,84,1,13,4,120.679525,24.174279,3
2762,66000,387130000C,(04)23274275,(04)23288582,2025,04,8,20,59,臺中市,北屯區,0,0,0,7,,,50,,,,,,,,,,,,,,13,,,,,B03,,,1,,2,,,84,84,1,12,4,120.685397,24.173878,3
2763,66000,387130000C,(04)23274275,(04)23288582,2025,04,8,20,59,臺中市,北屯區,0,0,0,7,,,50,,,,,,,,,,,,,,,,,,,B03,,,1,,1,,,59,59,1,12,4,120.66813,24.200787,3
2764,66000,387130000C,(04)23274275,(04)23288582,2025,04,8,21,0,臺中市,梧棲區,0,0,0,7,,,50,,,,,,,,,,,,,,16,,,,,C03,,,1,,2,,,11,11,1,12,4,120.549611,24.239359,3
2765,66000,387130000C,(04)23274275,(04)23288582,2025,04,8,21,2,臺中市,北區,0,0,0,7,,,40,,,,,,,,,,,,,,17,,,,,B03,,,1,,1,,,84,84,1,13,4,120.688879,24.153524,3
2766,66000,387130000C,(04)23274275,(04)23288582,2025,04,8,21,4,臺中市,北區,0,1,0,7,1,6,40,13,8,1,5,4,6,6,4,4,9,5,4,2,18,2,9,1,1,C03,7,9,1,10,2,15,,84,84,1,13,4,120.663526,24.162541,2
2767,66000,387130000C,(04)23274275,(04)23288582,2025,04,8,21,4,臺中市,太平區,0,2,0,7,1,6,50,3,2,1,5,4,6,6,2,1,5,2,5,2,12,2,9,1,1,C03,7,9,1,10,2,12,14,7,7,1,12,4,120.716205,24.148678,2
2768,66000,387130000C,(04)23274275,(04)23288582,2025,04,8,21,8,臺中市,南區,0,3,0,7,1,6,50,4,4,1,5,4,6,6,2,1,10,5,5,2,13,2,9,1,1,C03,7,9,1,10,2,11,,7,7,1,12,4,120.657413,24.129681,2
2769,66000,387130000C,(04)23274275,(04)23288582,2025,04,8,21,10,臺中市,南屯區,0,0,0,7,,,50,,,,,,,,,,,,,,,,,,,C03,,,1,,1,,,7,7,1,6,4,120.654495,24.138319,4
2770,66000,387130000C,(04)23274275,(04)23288582,2025,04,8,21,10,臺中市,西屯區,0,1,0,7,1,6,50,4,1,1,5,4,6,6,2,1,10,5,5,2,12,3,10,2,1,C03,7,5,1,10,2,12,,47,47,1,12,4,120.610145,24.187037,2
2771,66000,387130000C,(04)23274275,(04)23288582,2025,04,8,21,13,臺中市,太平區,0,2,0,7,1,6,50,5,1,1,5,4,6,6,1,1,10,5,5,2,16,2,7,1,1,C03,7,6,5,19,2,11,,11,11,1,6,4,120.71308,24.143452,2
2772,66000,387130000C,(04)23274275,(04)23288582,2025,04,8,21,18,臺中市,北區,0,2,0,7,1,6,50,4,1,1,5,4,6,6,1,1,1,2,4,2,13,2,9,1,1,C03,7,9,1,10,2,11,,7,7,1,13,4,120.691004,24.158657,2
2773,66000,387130000C,(04)23274275,(04)23288582,2025,04,8,21,20,臺中市,后里區,0,1,0,7,1,6,50,4,2,1,5,4,6,6,1,1,4,4,5,2,16,3,10,3,1,B03,7,5,1,8,2,5,,84,84,1,6,4,120.701775,24.32437,2
2774,66000,387130000C,(04)23274275,(04)23288582,2025,04,8,21,25,臺中市,東勢區,0,0,0,7,1,6,50,13,14,1,5,4,6,6,4,4,5,4,4,1,14,,,,,B03,,,1,,1,,,50,50,1,13,4,120.824928,24.262775,3
2775,66000,387130000C,(04)23274275,(04)23288582,2025,04,8,21,41,臺中市,潭子區,0,1,0,7,1,6,50,4,1,1,5,4,6,6,1,1,10,5,5,2,12,2,8,2,1,C03,7,9,1,10,2,14,,8,8,1,13,4,120.674585,24.203164,2
2776,66000,387130000C,(04)23274275,(04)23288582,2025,04,8,21,41,臺中市,梧棲區,0,1,0,7,1,6,0,13,21,4,5,4,6,6,4,4,10,5,5,2,18,2,1,6,1,F01,7,9,7,21,11,11,,59,59,1,13,4,120.543661,24.247012,2
2777,66000,387130000C,(04)23274275,(04)23288582,2025,04,8,21,45,臺中市,太平區,0,0,0,7,,,30,,,,,,,,,,,,,,14,,,,,B03,,,1,,1,,,49,49,1,12,4,120.734937,24.147552,3
2778,66000,387130000C,(04)23274275,(04)23288582,2025,04,8,21,48,臺中市,西區,0,1,0,7,1,6,50,4,1,1,5,4,6,6,4,4,10,5,5,2,13,2,1,2,1,C03,7,9,1,10,2,11,,7,7,1,13,4,120.660183,24.13797,2
2779,66000,387130000C,(04)23274275,(04)23288582,2025,04,8,22,13,臺中市,豐原區,0,1,0,7,2,6,30,13,9,1,5,4,6,6,4,4,10,5,5,1,28,2,9,1,1,C03,7,9,1,10,2,11,,84,84,1,5,4,120.701113,24.227149,2
2780,66000,387130000C,(04)23274275,(04)23288582,2025,04,8,22,17,臺中市,北區,0,1,0,7,1,6,50,4,9,1,5,4,6,6,4,4,1,4,5,2,17,3,10,5,1,B03,7,9,1,8,2,1,,7,7,1,13,4,120.668418,24.173198,2
2781,66000,387130000C,(04)23274275,(04)23288582,2025,04,8,22,33,臺中市,西屯區,0,1,0,7,1,6,50,4,1,1,5,4,6,6,1,1,10,5,5,2,12,2,7,1,4,C03,7,8,1,10,2,13,,85,85,1,12,4,120.640421,24.187229,2
2782,66000,387130000C,(04)23274275,(04)23288582,2025,04,8,22,41,臺中市,東勢區,0,2,0,7,1,6,50,4,1,1,5,4,6,6,1,1,5,5,5,1,9,2,8,6,5,H04,8,20,7,21,2,17,,109,109,1,13,5,120.830843,24.251518,2
2783,66000,387130000C,(04)23274275,(04)23288582,2025,04,8,22,43,臺中市,清水區,0,1,0,7,1,6,50,4,1,1,5,4,6,6,2,1,1,2,5,2,16,3,10,3,1,B03,7,5,1,8,2,2,,26,26,1,13,4,120.573156,24.26323,2
2784,66000,387130000C,(04)23274275,(04)23288582,2025,04,8,22,44,臺中市,北區,0,1,0,7,1,6,50,13,7,1,5,4,6,6,4,4,5,5,4,2,17,2,9,5,1,F07,7,15,7,21,2,13,,42,42,1,12,4,120.686005,24.158629,2
2785,66000,387130000C,(04)23274275,(04)23288582,2025,04,8,23,0,臺中市,西區,0,2,0,7,1,6,50,3,1,1,5,4,6,6,4,4,10,5,5,2,16,2,8,1,1,C03,7,6,1,10,2,11,,48,48,1,6,4,120.664057,24.147142,2
2786,66000,387130000C,(04)23274275,(04)23288582,2025,04,8,23,14,臺中市,潭子區,0,0,0,7,,,50,,,,,,,,,,,,,,,,,,,B03,,,1,,2,,,59,59,1,13,4,120.720135,24.226217,3
2787,66000,387130000C,(04)23274275,(04)23288582,2025,04,8,23,14,臺中市,西屯區,0,0,0,7,,,40,,,,,,,,,,,,,,15,,,,,C03,,,1,,2,,,51,51,1,13,4,120.637592,24.179853,4
2788,66000,387130000C,(04)23274275,(04)23288582,2025,04,8,23,37,臺中市,南屯區,0,2,0,7,1,6,50,3,9,1,5,4,6,6,4,4,5,4,5,2,17,2,9,2,1,C03,7,6,1,10,1,14,,14,14,1,12,4,120.615853,24.151246,2
2789,66000,387130000C,(04)23274275,(04)23288582,2025,04,9,0,17,臺中市,北屯區,0,0,0,7,,,50,,,,,,,,,,,,,,12,,,,,B02,,,1,,1,,,1,1,1,6,4,120.685679,24.175769,3
2790,66000,387130000C,(04)23274275,(04)23288582,2025,04,9,0,54,臺中市,北屯區,0,0,0,7,,,50,,,,,,,,,,,,,,12,,,,,B03,,,1,8,1,,,56,56,1,6,4,120.665086,24.183832,3
2791,66000,387130000C,(04)23274275,(04)23288582,2025,04,9,1,10,臺中市,北區,0,0,0,7,,,50,,,,,,,,,,,,,,17,,,,,B03,,,1,,9,,,85,85,1,13,4,120.683448,24.163255,3
2792,66000,387130000C,(04)23274275,(04)23288582,2025,04,9,1,18,臺中市,西屯區,0,0,0,7,,,,,,,,,,,,,,,,,17,,,,,,,,,,,,,116,116,1,,,120.614321,24.179372,3
2793,66000,387130000C,(04)23274275,(04)23288582,2025,04,9,1,19,臺中市,西屯區,0,1,0,7,1,6,40,3,1,1,5,4,6,6,2,1,10,5,5,2,17,2,9,2,4,C03,7,6,1,10,2,12,,94,94,1,13,4,120.664063,24.166314,2
2794,66000,387130000C,(04)23274275,(04)23288582,2025,04,9,1,20,臺中市,南區,0,0,0,7,,,50,,,,,,,,,,,,,,13,,,,,C03,,,1,,1,,,7,7,1,12,4,120.679256,24.121475,3
2795,66000,387130000C,(04)23274275,(04)23288582,2025,04,9,1,20,臺中市,北屯區,0,0,0,7,,,50,,,,,,,,,,,,,,13,,,,,B03,,,1,,1,,,7,7,1,6,4,120.691023,24.166862,3
2796,66000,387130000C,(04)23274275,(04)23288582,2025,04,9,1,23,臺中市,北區,0,0,0,7,,,30,,,,,,,,,,,,,,17,,,,,C03,,,1,,2,,,84,84,1,12,4,120.682576,24.151816,3
2797,66000,387130000C,(04)23274275,(04)23288582,2025,04,9,1,35,臺中市,北區,0,1,0,7,1,6,50,3,1,1,5,4,6,6,4,4,5,5,5,2,17,3,10,5,1,B03,7,5,1,8,2,8,,12,12,1,13,4,120.688697,24.152433,2
2798,66000,387130000C,(04)23274275,(04)23288582,2025,04,9,1,38,臺中市,沙鹿區,0,0,0,7,,,60,,,,,,,,,,,,,,13,,,,,B03,,,1,,2,,,56,56,1,13,4,120.580834,24.201801,3
2799,66000,387130000C,(04)23274275,(04)23288582,2025,04,9,1,46,臺中市,北區,0,0,0,7,,,50,,,,,,,,,,,,,,17,,,,,B03,,,1,,2,,,84,84,1,13,4,120.688697,24.152433,3
2800,66000,387130000C,(04)23274275,(04)23288582,2025,04,9,2,28,臺中市,北區,0,2,0,7,1,6,50,5,2,1,5,4,6,6,1,1,1,4,5,2,13,2,9,1,1,C03,7,9,3,19,2,11,,7,7,1,12,4,120.673889,24.17383,2
2801,66000,387130000C,(04)23274275,(04)23288582,2025,04,9,2,32,臺中市,大雅區,0,0,0,7,,,50,,,,,,,,,,,,,,,,,,,B02,,,1,,2,,,84,84,1,13,4,120.648626,24.240365,3
2802,66000,387130000C,(04)23274275,(04)23288582,2025,04,9,4,5,臺中市,北區,0,0,0,7,,,50,,,,,,,,,,,,,,17,,,,,B01,,,1,,1,,,49,49,1,13,4,120.686653,24.153158,3
2803,66000,387130000C,(04)23274275,(04)23288582,2025,04,9,4,11,臺中市,北屯區,0,2,0,6,1,6,80,13,9,1,5,4,6,6,4,4,1,4,5,2,13,2,9,3,1,B03,7,9,1,4,2,1,,84,84,1,6,4,120.666106,24.200755,2
2804,66000,387130000C,(04)23274275,(04)23288582,2025,04,9,4,15,臺中市,豐原區,0,2,0,7,2,6,40,11,8,1,5,4,6,6,4,4,1,4,4,2,17,2,9,5,4,B03,7,1,1,8,2,8,5,51,51,1,13,4,120.723193,24.260605,2
2805,66000,387130000C,(04)23274275,(04)23288582,2025,04,9,4,52,臺中市,北屯區,0,1,0,7,1,6,50,4,1,1,5,4,6,6,2,1,10,5,5,2,12,3,10,3,1,B03,7,5,1,8,2,2,,47,47,1,6,4,120.705738,24.1648,2
2806,66000,387130000C,(04)23274275,(04)23288582,2025,04,9,5,31,臺中市,北區,0,1,0,7,1,6,50,3,1,1,5,4,6,6,3,1,5,5,5,2,17,3,10,3,1,B03,7,6,1,8,2,16,,24,24,1,12,4,120.698877,24.154143,2
2807,66000,387130000C,(04)23274275,(04)23288582,2025,04,9,5,46,臺中市,大里區,0,2,0,7,2,6,50,3,1,1,5,4,6,6,3,1,10,5,5,2,16,2,9,5,4,C03,7,6,1,10,2,11,,24,24,1,12,4,120.729835,24.09161,2