序號,縣市別代碼,機關代碼,市話,傳真,年,月,日,時,分,縣市,區,死亡數量,受傷數量,2-30,天候,道路照明設備,道路類別,道路速限,道路型態,事故位置,路面鋪裝,路面狀態,路面缺陷,障礙物,視距,號誌種類,號誌動作,分向設施,快車道或一般車道間,快慢車道間,路面邊線,事故類型及型態,受傷程度,主要傷處,保護裝備,行動電話或功能裝置,當事者區分（類別）,車輛用途,當事者行動狀態,駕照狀態,駕照種類,飲酒情形,車輛撞擊部位最初,車輛撞擊部位其他,肇事因素個別,肇事因素主要,肇事逃逸,職業,共享經濟或外送平台,GPS座標X,GPS座標Y,事故類別
2808,66000,387130000C,(04)23274275,(04)23288582,2025,04,9,5,50,臺中市,西屯區,0,1,0,7,2,6,40,4,1,1,5,4,6,6,3,1,10,5,5,2,17,3,10,3,4,A11,7,6,1,3,2,7,,8,8,1,12,4,120.627355,24.180003,2
2809,66000,387130000C,(04)23274275,(04)23288582,2025,04,9,6,1,臺中市,大甲區,0,1,0,7,3,6,50,4,1,1,5,4,6,6,4,4,10,5,5,2,17,3,10,3,1,B03,7,6,1,8,2,8,,14,14,1,6,4,120.626232,24.34806,2
2810,66000,387130000C,(04)23274275,(04)23288582,2025,04,9,6,15,臺中市,大里區,0,0,0,7,,,50,,,,,,,,,,,,,,17,,,,,C03,,,1,,1,,,84,84,1,12,4,120.691723,24.100535,3
2811,66000,387130000C,(04)23274275,(04)23288582,2025,04,9,6,43,臺中市,北區,0,2,0,7,2,6,50,3,2,1,5,4,6,6,4,4,5,5,5,2,17,2,9,5,1,C01,7,6,1,9,2,14,,34,34,1,13,4,120.671927,24.153725,2
2812,66000,387130000C,(04)23274275,(04)23288582,2025,04,9,6,55,臺中市,西區,0,0,0,7,,,50,,,,,,,,,,,,,,12,,,,,C03,,,3,,1,,,8,8,1,6,2,120.667085,24.153573,3
2813,66000,387130000C,(04)23274275,(04)23288582,2025,04,9,6,55,臺中市,西區,0,1,0,7,2,6,50,4,1,1,5,4,6,6,4,4,10,5,5,2,17,2,9,2,1,C03,7,9,5,19,2,16,,84,84,1,13,4,120.673242,24.148836,2
2814,66000,387130000C,(04)23274275,(04)23288582,2025,04,9,6,59,臺中市,豐原區,0,0,0,7,,,50,,,,,,,,,,,,,,12,,,,,B03,,,1,,1,,,84,84,1,13,4,120.710448,24.236946,3
2815,66000,387130000C,(04)23274275,(04)23288582,2025,04,9,7,0,臺中市,潭子區,0,1,0,7,2,6,30,4,2,1,5,4,6,6,1,1,1,4,4,1,17,3,10,2,1,C03,7,6,3,19,2,11,,48,48,1,13,4,120.694629,24.215917,2
2816,66000,387130000C,(04)23274275,(04)23288582,2025,04,9,7,8,臺中市,東區,0,0,0,7,,,50,,,,,,,,,,,,,,12,,,,,B03,,,1,,1,,,84,84,1,12,4,120.704659,24.137612,3
2817,66000,387130000C,(04)23274275,(04)23288582,2025,04,9,7,8,臺中市,西屯區,0,0,0,7,,,60,,,,,,,,,,,,,,13,,,,,B03,,,1,,2,,,7,7,1,12,4,120.643617,24.165867,3
2818,66000,387130000C,(04)23274275,(04)23288582,2025,04,9,7,9,臺中市,太平區,0,2,0,7,3,6,40,3,1,1,5,4,6,6,4,4,10,5,5,2,16,2,7,1,1,C03,7,6,1,10,2,11,,12,12,1,12,4,120.704813,24.12462,2
2819,66000,387130000C,(04)23274275,(04)23288582,2025,04,9,7,15,臺中市,南區,0,0,0,7,,,50,,,,,,,,,,,,,,12,,,,,B03,,,1,,2,,,84,84,1,12,4,120.683881,24.121512,3
2820,66000,387130000C,(04)23274275,(04)23288582,2025,04,9,7,17,臺中市,南區,0,1,0,7,3,6,50,5,1,1,5,4,6,6,1,1,10,5,5,2,16,3,10,5,4,B03,7,6,1,8,2,2,,11,11,1,12,4,120.660102,24.124382,2
2821,66000,387130000C,(04)23274275,(04)23288582,2025,04,9,7,18,臺中市,北區,0,1,0,7,3,6,50,3,9,1,5,4,6,6,1,1,5,4,5,2,12,2,9,5,4,C03,7,1,1,10,2,13,,51,51,1,13,4,120.681995,24.159422,2
2822,66000,387130000C,(04)23274275,(04)23288582,2025,04,9,7,22,臺中市,西屯區,0,0,0,7,,,40,,,,,,,,,,,,,,13,,,,,B03,,,1,,1,,,58,58,1,13,4,120.629452,24.163297,3
2823,66000,387130000C,(04)23274275,(04)23288582,2025,04,9,7,23,臺中市,北屯區,0,0,0,7,,,50,,,,,,,,,,,,,,13,,,,,B03,,,1,,1,,,7,7,1,6,4,120.670767,24.187112,3
2824,66000,387130000C,(04)23274275,(04)23288582,2025,04,9,7,24,臺中市,潭子區,0,1,0,7,2,6,50,4,9,1,5,4,6,6,1,1,5,5,5,1,12,3,10,3,1,B03,7,9,1,8,2,5,,84,84,1,13,4,120.687467,24.225735,2
2825,66000,387130000C,(04)23274275,(04)23288582,2025,04,9,7,25,臺中市,北屯區,0,1,0,7,3,6,50,5,2,1,5,4,6,6,4,4,5,5,5,2,16,3,10,3,1,B03,7,1,1,8,2,1,,51,51,1,12,4,120.661621,24.198262,2
2826,66000,387130000C,(04)23274275,(04)23288582,2025,04,9,7,29,臺中市,大里區,0,1,0,6,2,6,50,13,9,1,5,4,6,6,4,4,5,4,5,1,17,3,10,3,1,B03,7,6,1,8,2,8,,39,39,1,12,4,120.691434,24.108259,2
2827,66000,387130000C,(04)23274275,(04)23288582,2025,04,9,7,30,臺中市,西屯區,0,0,0,7,,,30,,,,,,,,,,,,,,14,,,,,B12,,,1,,9,,,49,49,1,12,4,120.617741,24.174259,3
2828,66000,387130000C,(04)23274275,(04)23288582,2025,04,9,7,31,臺中市,西屯區,0,0,0,7,,,60,,,,,,,,,,,,,,16,,,,,B03,,,1,,1,,,40,40,1,12,4,120.630765,24.162551,3
2829,66000,387130000C,(04)23274275,(04)23288582,2025,04,9,7,31,臺中市,外埔區,0,2,0,6,2,6,30,11,9,1,5,4,6,6,4,4,10,5,5,1,11,2,9,1,1,C03,7,9,1,10,2,14,,84,84,1,12,4,120.663559,24.349484,2
2830,66000,387130000C,(04)23274275,(04)23288582,2025,04,9,7,32,臺中市,大甲區,0,0,0,7,,,50,,,,,,,,,,,,,,12,,,,,C03,,,1,,2,,,34,34,1,6,4,120.627375,24.351282,3
2831,66000,387130000C,(04)23274275,(04)23288582,2025,04,9,7,34,臺中市,北屯區,0,1,0,7,2,6,50,13,9,1,5,4,6,6,4,4,1,4,5,2,13,3,10,1,1,C03,7,9,1,10,2,11,,7,7,1,6,4,120.721761,24.18068,2
2832,66000,387130000C,(04)23274275,(04)23288582,2025,04,9,7,35,臺中市,大里區,0,1,0,7,3,6,50,13,9,1,5,4,6,6,4,4,9,5,5,1,13,3,10,1,1,C03,7,9,1,10,2,11,,7,7,1,6,4,120.695657,24.090857,2
2833,66000,387130000C,(04)23274275,(04)23288582,2025,04,9,7,36,臺中市,西屯區,0,0,0,7,,,50,,,,,,,,,,,,,,12,,,,,C03,,,3,,2,,,8,8,1,12,4,120.6067,24.169135,3
2834,66000,387130000C,(04)23274275,(04)23288582,2025,04,9,7,37,臺中市,西屯區,0,1,0,7,2,6,40,13,8,1,5,4,6,6,2,1,1,3,1,2,13,2,9,5,4,C03,7,12,1,10,2,11,,7,7,1,13,4,120.616508,24.182689,2
2835,66000,387130000C,(04)23274275,(04)23288582,2025,04,9,7,37,臺中市,梧棲區,0,0,0,7,,,50,,,,,,,,,,,,,,17,,,,,C03,,,1,,1,,,59,59,1,6,4,120.543917,24.245866,3
2836,66000,387130000C,(04)23274275,(04)23288582,2025,04,9,7,38,臺中市,潭子區,0,0,0,7,,,60,,,,,,,,,,,,,,,,,,,B03,,,1,,2,,,7,7,1,13,4,120.686717,24.207831,3
2837,66000,387130000C,(04)23274275,(04)23288582,2025,04,9,7,38,臺中市,西區,0,0,0,7,,,50,,,,,,,,,,,,,,17,,,,,C03,,,1,,1,,,14,14,1,12,4,120.668906,24.130432,3
2838,66000,387130000C,(04)23274275,(04)23288582,2025,04,9,7,39,臺中市,潭子區,0,0,0,7,,,50,,,,,,,,,,,,,,,,,,,A12,,,1,,2,,,8,8,1,13,4,120.723858,24.218387,3
2839,66000,387130000C,(04)23274275,(04)23288582,2025,04,9,7,39,臺中市,北屯區,0,0,0,7,,,50,,,,,,,,,,,,,,,,,,,B03,,,1,,9,,,7,7,1,12,4,120.716187,24.1637,3
2840,66000,387130000C,(04)23274275,(04)23288582,2025,04,9,7,39,臺中市,太平區,0,0,0,7,,,30,,,,,,,,,,,,,,15,,,,,B12,,,1,,9,,,15,15,1,12,4,120.723815,24.141119,3
2841,66000,387130000C,(04)23274275,(04)23288582,2025,04,9,7,40,臺中市,大肚區,0,0,0,7,,,30,,,,,,,,,,,,,,11,,,,,B03,,,1,,1,,,8,8,1,6,4,120.573991,24.172976,3
2842,66000,387130000C,(04)23274275,(04)23288582,2025,04,9,7,41,臺中市,梧棲區,0,1,0,7,3,6,70,3,1,1,5,4,1,6,1,1,1,4,1,1,16,3,10,3,1,B03,7,5,1,8,2,5,,11,11,1,6,4,120.518944,24.240596,2
2843,66000,387130000C,(04)23274275,(04)23288582,2025,04,9,7,43,臺中市,大雅區,0,1,0,7,1,6,30,4,1,1,5,4,6,6,3,1,10,5,5,1,17,3,10,3,1,B03,7,6,1,8,2,8,,24,24,1,13,4,120.662893,24.221585,2
2844,66000,387130000C,(04)23274275,(04)23288582,2025,04,9,7,43,臺中市,西屯區,0,0,0,7,,,50,,,,,,,,,,,,,,13,,,,,B03,,,1,,1,,,87,87,1,12,4,120.653087,24.166518,3
2845,66000,387130000C,(04)23274275,(04)23288582,2025,04,9,7,44,臺中市,南區,0,1,0,7,2,6,50,13,9,1,5,4,6,6,4,4,3,4,5,2,12,3,10,2,1,C03,7,1,1,10,2,14,,51,51,1,13,4,120.652502,24.117636,2
2846,66000,387130000C,(04)23274275,(04)23288582,2025,04,9,7,44,臺中市,豐原區,0,0,0,7,,,50,,,,,,,,,,,,,,17,,,,,C03,,,1,,2,,,7,7,1,13,4,120.710329,24.245383,3
2847,66000,387130000C,(04)23274275,(04)23288582,2025,04,9,7,47,臺中市,北屯區,0,1,0,7,2,6,50,4,1,1,5,4,6,6,2,1,3,3,5,2,16,3,10,3,1,B03,7,5,1,8,2,6,,11,11,1,13,4,120.690799,24.18242,2
2848,66000,387130000C,(04)23274275,(04)23288582,2025,04,9,7,50,臺中市,大里區,0,1,0,7,3,6,50,13,9,1,5,4,6,6,4,4,5,4,5,1,17,2,9,1,1,C03,7,9,1,9,2,11,,84,84,1,12,4,120.689172,24.080742,2
2849,66000,387130000C,(04)23274275,(04)23288582,2025,04,9,7,50,臺中市,大里區,0,1,0,7,2,6,50,4,1,1,5,4,6,6,1,1,5,2,5,1,16,3,10,3,1,B03,7,6,1,8,2,2,,11,11,1,13,4,120.689571,24.106314,2
2850,66000,387130000C,(04)23274275,(04)23288582,2025,04,9,7,51,臺中市,西區,0,0,0,7,,,50,,,,,,,,,,,,,,13,,,,,B03,,,1,,1,,,59,59,1,12,4,120.672442,24.136105,3
2851,66000,387130000C,(04)23274275,(04)23288582,2025,04,9,7,56,臺中市,西屯區,0,1,0,7,2,6,30,4,1,1,5,4,6,6,1,1,10,5,5,2,18,2,9,2,1,C03,7,9,1,10,2,14,,84,84,1,12,4,120.651867,24.176133,2
2852,66000,387130000C,(04)23274275,(04)23288582,2025,04,9,7,57,臺中市,南區,0,1,0,7,2,6,50,3,1,1,5,4,6,6,1,1,10,5,5,2,16,3,10,3,1,A31,1,6,1,1,2,6,,11,11,1,12,4,120.653405,24.124825,2
2853,66000,387130000C,(04)23274275,(04)23288582,2025,04,9,7,57,臺中市,西屯區,0,1,0,7,2,6,40,3,1,1,5,4,6,6,4,4,5,5,4,2,17,3,10,5,4,B03,7,6,1,8,2,1,,14,14,1,12,4,120.639064,24.155883,2
2854,66000,387130000C,(04)23274275,(04)23288582,2025,04,9,7,57,臺中市,神岡區,0,2,0,7,2,6,50,4,1,1,5,4,6,6,4,4,10,5,5,2,17,2,8,2,1,C03,7,6,3,19,2,11,,48,48,1,6,4,120.688338,24.269957,2
2855,66000,387130000C,(04)23274275,(04)23288582,2025,04,9,8,0,臺中市,大雅區,0,1,0,7,3,6,50,3,2,1,5,4,6,6,4,4,5,2,5,1,17,2,9,1,1,C03,7,6,1,10,2,14,,4,4,1,12,4,120.657352,24.224319,2
2856,66000,387130000C,(04)23274275,(04)23288582,2025,04,9,8,0,臺中市,北屯區,0,0,0,7,,,50,,,,,,,,,,,,,,13,,,,,B03,,,1,8,1,,,7,7,1,12,4,120.685566,24.169886,3
2857,66000,387130000C,(04)23274275,(04)23288582,2025,04,9,8,2,臺中市,大雅區,0,1,0,7,1,6,0,4,2,1,5,4,6,6,1,1,1,5,4,1,17,2,8,1,1,C03,7,1,1,10,2,11,,51,51,1,13,4,120.631168,24.239777,2
2858,66000,387130000C,(04)23274275,(04)23288582,2025,04,9,8,2,臺中市,南屯區,0,1,0,7,2,6,50,3,1,1,5,4,6,6,4,4,5,5,5,2,17,3,10,3,1,B03,7,1,1,8,2,8,,51,51,1,13,4,120.617242,24.15157,2
2859,66000,387130000C,(04)23274275,(04)23288582,2025,04,9,8,2,臺中市,北屯區,0,2,0,7,3,6,50,4,1,1,5,4,6,6,1,1,10,5,5,2,16,2,7,1,1,C03,7,6,3,19,1,14,,36,36,1,12,4,120.689639,24.185458,2
2860,66000,387130000C,(04)23274275,(04)23288582,2025,04,9,8,2,臺中市,后里區,0,2,0,7,2,6,50,3,1,1,5,4,6,6,1,1,1,2,4,1,13,2,7,2,1,C03,7,6,1,10,2,11,,84,84,1,12,4,120.723661,24.298048,2
2861,66000,387130000C,(04)23274275,(04)23288582,2025,04,9,8,5,臺中市,南屯區,0,0,0,7,3,6,40,13,8,1,5,4,6,6,4,4,3,4,4,2,12,,,,,B03,,,1,,1,,,50,50,1,12,4,120.639623,24.152277,3
2862,66000,387130000C,(04)23274275,(04)23288582,2025,04,9,8,8,臺中市,南屯區,0,0,0,7,,,50,,,,,,,,,,,,,,,,,,,B03,,,1,,1,,,78,78,1,12,4,120.614825,24.145848,3
2863,66000,387130000C,(04)23274275,(04)23288582,2025,04,9,8,9,臺中市,西區,0,1,0,7,2,6,50,13,9,1,5,4,6,6,4,4,5,4,5,2,18,2,9,1,1,C03,7,9,1,10,2,11,,43,43,1,6,4,120.673668,24.136768,2
2864,66000,387130000C,(04)23274275,(04)23288582,2025,04,9,8,10,臺中市,南屯區,0,0,0,7,3,6,50,13,7,1,5,4,6,6,1,1,5,5,4,2,13,,,,,B03,,,1,,1,,,59,59,1,12,4,120.64791,24.133597,3
2865,66000,387130000C,(04)23274275,(04)23288582,2025,04,9,8,11,臺中市,烏日區,0,2,0,7,2,6,60,13,8,1,5,4,6,6,4,4,1,4,4,2,13,2,8,1,1,C03,7,9,1,1,2,11,12,7,7,1,6,4,120.614474,24.106556,2
2866,66000,387130000C,(04)23274275,(04)23288582,2025,04,9,8,13,臺中市,西屯區,0,0,0,7,,,40,,,,,,,,,,,,,,13,,,,,C03,,,1,,1,,,58,58,1,13,4,120.648112,24.158938,3
2867,66000,387130000C,(04)23274275,(04)23288582,2025,04,9,8,14,臺中市,龍井區,0,0,0,7,,,60,,,,,,,,,,,,,,13,,,,,B03,,,1,,1,,,7,7,1,6,4,120.577069,24.176833,3
2868,66000,387130000C,(04)23274275,(04)23288582,2025,04,9,8,16,臺中市,大甲區,0,0,0,7,,,30,,,,,,,,,,,,,,,,,,,B03,,,1,,2,,,49,49,1,6,4,120.626977,24.353103,3
2869,66000,387130000C,(04)23274275,(04)23288582,2025,04,9,8,17,臺中市,北屯區,0,0,0,7,,,50,,,,,,,,,,,,,,,,,,,C03,,,1,,2,,,7,7,1,12,4,120.68948,24.182306,3
2870,66000,387130000C,(04)23274275,(04)23288582,2025,04,9,8,19,臺中市,北屯區,0,0,0,7,,,50,,,,,,,,,,,,,,12,,,,,C03,,,1,,1,,,7,7,1,13,4,120.702274,24.186981,3
2871,66000,387130000C,(04)23274275,(04)23288582,2025,04,9,8,23,臺中市,西屯區,0,0,0,7,,,40,,,,,,,,,,,,,,13,,,,,B03,,,1,,1,,,7,7,1,12,4,120.632657,24.171555,3
2872,66000,387130000C,(04)23274275,(04)23288582,2025,04,9,8,24,臺中市,大甲區,0,1,0,7,2,6,30,13,9,1,5,4,6,6,4,4,10,5,5,1,10,2,9,4,1,F01,7,9,7,21,2,11,,59,59,1,6,4,120.634817,24.37019,2
2873,66000,387130000C,(04)23274275,(04)23288582,2025,04,9,8,29,臺中市,神岡區,0,1,0,7,2,6,50,4,2,1,5,4,6,6,2,1,5,5,5,1,18,2,9,5,4,C03,7,11,1,10,2,14,,59,59,1,12,4,120.684208,24.246842,2
2874,66000,387130000C,(04)23274275,(04)23288582,2025,04,9,8,32,臺中市,南區,0,2,0,7,2,6,50,13,9,1,5,4,6,6,4,4,7,4,5,2,11,2,7,1,1,C03,7,1,1,10,2,11,,51,51,1,12,4,120.661725,24.122939,2
2875,66000,387130000C,(04)23274275,(04)23288582,2025,04,9,8,33,臺中市,西屯區,0,1,0,7,2,6,50,4,1,1,5,4,6,6,4,4,4,3,5,2,15,3,10,5,4,C03,7,9,1,10,2,12,,12,12,1,13,4,120.656865,24.16698,2
2876,66000,387130000C,(04)23274275,(04)23288582,2025,04,9,8,36,臺中市,西區,0,0,0,7,,,50,,,,,,,,,,,,,,,,,,,B03,,,1,,2,,,84,84,1,12,4,120.673659,24.13245,3
2877,66000,387130000C,(04)23274275,(04)23288582,2025,04,9,8,36,臺中市,西屯區,0,0,0,7,,,30,,,,,,,,,,,,,,14,,,,,B03,,,1,,1,,,49,49,1,12,4,120.63173,24.165502,3
2878,66000,387130000C,(04)23274275,(04)23288582,2025,04,9,8,42,臺中市,東區,0,1,0,7,3,6,50,3,2,1,5,4,6,6,4,4,10,5,5,2,16,3,10,5,4,B03,7,6,1,8,2,1,,14,14,1,12,4,120.698332,24.140228,2
2879,66000,387130000C,(04)23274275,(04)23288582,2025,04,9,8,46,臺中市,北區,0,1,0,7,2,6,50,3,2,1,5,4,6,6,1,1,5,5,5,2,17,2,8,1,1,C03,7,15,1,9,2,11,,84,84,1,12,4,120.683697,24.158971,2
2880,66000,387130000C,(04)23274275,(04)23288582,2025,04,9,8,46,臺中市,西屯區,0,0,0,7,,,50,,,,,,,,,,,,,,13,,,,,C03,,,1,,1,,,7,7,1,12,4,120.648169,24.16927,3
2881,66000,387130000C,(04)23274275,(04)23288582,2025,04,9,8,46,臺中市,豐原區,0,1,0,7,2,6,50,4,1,1,5,4,6,6,1,1,10,5,5,2,13,3,10,3,1,B03,7,9,1,8,2,1,,7,7,1,13,4,120.720298,24.249344,2
2882,66000,387130000C,(04)23274275,(04)23288582,2025,04,9,8,49,臺中市,大雅區,0,0,0,7,,,30,,,,,,,,,,,,,,,,,,,B03,,,1,,2,,,49,49,1,13,4,120.646881,24.219821,3
2883,66000,387130000C,(04)23274275,(04)23288582,2025,04,9,8,50,臺中市,大里區,0,0,0,7,,,50,,,,,,,,,,,,,,13,,,,,C03,,,1,,2,,,7,7,1,12,4,120.692012,24.101603,3
2884,66000,387130000C,(04)23274275,(04)23288582,2025,04,9,8,52,臺中市,南屯區,0,1,0,7,2,6,50,4,9,1,5,4,6,6,3,1,5,4,5,2,13,2,7,3,1,B03,7,9,4,19,9,8,,54,54,1,13,4,120.630629,24.138919,2
2885,66000,387130000C,(04)23274275,(04)23288582,2025,04,9,8,54,臺中市,太平區,0,1,0,7,3,6,50,4,2,1,5,4,6,6,2,1,10,5,5,2,16,3,10,3,1,B03,7,5,1,8,2,2,,65,65,1,12,4,120.701675,24.153769,2
2886,66000,387130000C,(04)23274275,(04)23288582,2025,04,9,9,2,臺中市,烏日區,0,0,0,7,,,,,,,,,,,,,,,,,17,,,,,,,,,,,,,119,119,1,,,120.61422,24.106708,3
2887,66000,387130000C,(04)23274275,(04)23288582,2025,04,9,9,3,臺中市,大里區,0,0,0,7,,,30,,,,,,,,,,,,,,14,,,,,A12,,,1,,1,,,49,49,1,13,4,120.710799,24.086115,3
2888,66000,387130000C,(04)23274275,(04)23288582,2025,04,9,9,4,臺中市,南屯區,0,0,0,7,,,60,,,,,,,,,,,,,,,,,,,B03,,,1,,1,,,59,59,1,12,4,120.623375,24.139092,3
2889,66000,387130000C,(04)23274275,(04)23288582,2025,04,9,9,10,臺中市,神岡區,0,0,0,7,,,50,,,,,,,,,,,,,,2,,,,,C03,,,1,,2,,,7,7,1,12,4,120.688666,24.260979,3
2890,66000,387130000C,(04)23274275,(04)23288582,2025,04,9,9,11,臺中市,北屯區,0,0,0,7,,,50,,,,,,,,,,,,,,12,,,,,B01,,,1,,9,,,51,51,2,12,4,120.70985,24.165412,3
2891,66000,387130000C,(04)23274275,(04)23288582,2025,04,9,9,11,臺中市,西屯區,0,1,0,7,1,6,50,13,9,1,5,4,6,6,4,4,5,5,5,2,17,2,9,5,4,C03,7,9,1,10,2,14,,59,59,1,12,4,120.609063,24.166079,2
2892,66000,387130000C,(04)23274275,(04)23288582,2025,04,9,9,11,臺中市,神岡區,0,0,0,7,,,50,,,,,,,,,,,,,,17,,,,,B03,,,1,,2,,,84,84,1,6,4,120.69872,24.248668,3
2893,66000,387130000C,(04)23274275,(04)23288582,2025,04,9,9,12,臺中市,北屯區,0,1,0,7,2,6,50,4,1,1,5,4,6,6,4,4,10,5,5,2,15,2,9,5,4,C03,7,9,1,10,2,11,,20,20,1,12,4,120.696676,24.177414,2
2894,66000,387130000C,(04)23274275,(04)23288582,2025,04,9,9,19,臺中市,清水區,0,0,0,7,,,50,,,,,,,,,,,,,,,,,,,B03,,,1,,11,,,49,49,1,12,4,120.574676,24.263748,3
2895,66000,387130000C,(04)23274275,(04)23288582,2025,04,9,9,25,臺中市,西區,0,1,0,7,2,6,50,4,1,1,5,4,6,6,2,1,10,5,5,2,17,3,10,3,1,B03,7,6,1,8,2,2,,11,11,1,12,4,120.666633,24.146728,2
2896,66000,387130000C,(04)23274275,(04)23288582,2025,04,9,9,30,臺中市,南屯區,0,0,0,7,3,6,50,13,9,1,5,4,6,6,4,4,5,4,5,2,12,,,,,B03,,,1,,1,,,45,45,1,12,4,120.648675,24.154585,3
2897,66000,387130000C,(04)23274275,(04)23288582,2025,04,9,9,33,臺中市,太平區,0,0,0,7,,,50,,,,,,,,,,,,,,13,,,,,B03,,,1,,2,,,84,84,1,12,4,120.734151,24.148659,3
2898,66000,387130000C,(04)23274275,(04)23288582,2025,04,9,9,37,臺中市,南區,0,0,0,7,,,50,,,,,,,,,,,,,,16,,,,,B03,,,1,,1,,,11,11,1,12,4,120.666828,24.122352,3
2899,66000,387130000C,(04)23274275,(04)23288582,2025,04,9,9,39,臺中市,南屯區,0,1,0,7,3,6,0,13,9,1,5,4,6,6,4,4,10,5,5,2,17,2,9,1,1,C03,7,6,1,10,2,11,,84,84,1,12,4,120.638102,24.139882,2
2900,66000,387130000C,(04)23274275,(04)23288582,2025,04,9,9,46,臺中市,北區,0,1,0,7,2,6,50,13,9,1,5,4,6,6,4,4,1,4,5,2,13,2,9,1,1,C03,7,9,1,10,2,14,,84,84,1,13,4,120.668252,24.165308,2
2901,66000,387130000C,(04)23274275,(04)23288582,2025,04,9,9,53,臺中市,東區,0,0,0,7,,,40,,,,,,,,,,,,,,12,,,,,B03,,,1,,2,,,48,48,1,12,4,120.696196,24.140548,3
2902,66000,387130000C,(04)23274275,(04)23288582,2025,04,9,9,55,臺中市,西屯區,0,1,0,7,2,6,30,13,9,1,5,4,6,6,4,4,10,5,5,2,3,2,9,6,5,H01,8,16,7,21,10,17,,98,98,1,12,5,120.655368,24.167117,2
2903,66000,387130000C,(04)23274275,(04)23288582,2025,04,9,9,57,臺中市,豐原區,0,0,0,7,,,50,,,,,,,,,,,,,,17,,,,,C03,,,3,,2,,,51,51,1,13,4,120.713862,24.250988,3
2904,66000,387130000C,(04)23274275,(04)23288582,2025,04,9,9,58,臺中市,北屯區,0,0,0,6,,,50,,,,,,,,,,,,,,17,,,,,B03,,,1,,1,,,82,82,1,6,4,120.685703,24.186896,3
2905,66000,387130000C,(04)23274275,(04)23288582,2025,04,9,10,0,臺中市,豐原區,0,0,0,7,,,50,,,,,,,,,,,,,,14,,,,,C03,,,1,,2,,,49,49,1,13,4,120.716577,24.253113,3
2906,66000,387130000C,(04)23274275,(04)23288582,2025,04,9,10,2,臺中市,西屯區,0,1,0,7,1,6,50,5,7,1,5,4,6,6,4,4,10,4,4,2,18,2,9,1,1,C03,7,9,1,10,2,12,,59,59,1,12,4,120.649184,24.175234,2
2907,66000,387130000C,(04)23274275,(04)23288582,2025,04,9,10,3,臺中市,烏日區,0,0,0,7,2,6,50,13,14,1,5,4,6,6,4,4,5,4,5,1,14,3,10,3,1,B12,7,2,1,8,2,6,,49,49,1,6,4,120.643285,24.062123,3
2908,66000,387130000C,(04)23274275,(04)23288582,2025,04,9,10,7,臺中市,大安區,0,0,0,7,,,50,,,,,,,,,,,,,,,,,,,B03,,,1,,2,,,45,45,1,6,4,120.587139,24.345351,3
2909,66000,387130000C,(04)23274275,(04)23288582,2025,04,9,10,13,臺中市,南屯區,0,0,0,7,,,50,,,,,,,,,,,,,,,,,,,C03,,,1,,9,,,84,84,1,13,4,120.646975,24.140074,3
2910,66000,387130000C,(04)23274275,(04)23288582,2025,04,9,10,34,臺中市,西屯區,0,0,0,7,,,40,,,,,,,,,,,,,,13,,,,,B03,,,1,,2,,,7,7,1,12,4,120.593323,24.183099,3
2911,66000,387130000C,(04)23274275,(04)23288582,2025,04,9,10,36,臺中市,西屯區,0,0,0,7,,,60,,,,,,,,,,,,,,13,,,,,B03,,,1,,2,,,56,56,1,12,4,120.630765,24.162551,3
2912,66000,387130000C,(04)23274275,(04)23288582,2025,04,9,10,37,臺中市,西屯區,0,1,0,7,1,6,50,3,1,1,5,4,1,4,4,4,5,5,5,2,29,2,9,5,4,F01,7,9,7,21,2,11,,59,59,1,12,4,120.619113,24.179642,2
2913,66000,387130000C,(04)23274275,(04)23288582,2025,04,9,10,39,臺中市,霧峰區,0,0,0,7,,,40,,,,,,,,,,,,,,,,,,,B03,,,1,,2,,,51,51,1,6,4,120.700178,24.065244,3
2914,66000,387130000C,(04)23274275,(04)23288582,2025,04,9,10,40,臺中市,北區,0,0,0,7,,,50,,,,,,,,,,,,,,13,,,,,B03,,,1,,1,,,84,84,1,13,4,120.684628,24.162803,3
2915,66000,387130000C,(04)23274275,(04)23288582,2025,04,9,10,43,臺中市,西屯區,0,0,0,7,,,50,,,,,,,,,,,,,,12,,,,,B03,,,1,,1,,,8,8,1,13,4,120.658169,24.199762,3
2916,66000,387130000C,(04)23274275,(04)23288582,2025,04,9,10,48,臺中市,西屯區,0,0,0,7,,,,,,,,,,,,,,,,,17,,,,,,,,,,,,,119,119,1,,,120.637603,24.202424,3
2917,66000,387130000C,(04)23274275,(04)23288582,2025,04,9,10,51,臺中市,大里區,0,2,0,7,2,6,30,3,1,1,5,4,6,6,4,4,10,5,5,2,16,2,9,1,1,C03,7,6,1,10,2,11,,14,14,1,13,4,120.695418,24.11966,2
2918,66000,387130000C,(04)23274275,(04)23288582,2025,04,9,10,52,臺中市,西屯區,0,1,0,7,2,6,50,4,1,1,5,4,6,6,2,1,1,3,1,2,23,2,1,5,4,B03,7,6,1,8,2,5,,84,84,1,13,4,120.621549,24.180068,2
2919,66000,387130000C,(04)23274275,(04)23288582,2025,04,9,10,58,臺中市,霧峰區,0,2,0,7,3,6,50,4,1,1,5,4,6,6,4,4,10,5,5,1,16,2,9,2,1,C03,7,4,1,10,2,14,,34,34,1,5,4,120.715789,24.072292,2
2920,66000,387130000C,(04)23274275,(04)23288582,2025,04,9,11,8,臺中市,龍井區,0,1,0,7,3,6,70,13,7,1,5,4,6,6,4,4,1,1,4,2,17,3,10,3,1,B03,7,1,1,8,2,1,,51,51,1,6,4,120.546813,24.197352,2