序號,縣市別代碼,機關代碼,市話,傳真,年,月,日,時,分,縣市,區,死亡數量,受傷數量,2-30,天候,道路照明設備,道路類別,道路速限,道路型態,事故位置,路面鋪裝,路面狀態,路面缺陷,障礙物,視距,號誌種類,號誌動作,分向設施,快車道或一般車道間,快慢車道間,路面邊線,事故類型及型態,受傷程度,主要傷處,保護裝備,行動電話或功能裝置,當事者區分（類別）,車輛用途,當事者行動狀態,駕照狀態,駕照種類,飲酒情形,車輛撞擊部位最初,車輛撞擊部位其他,肇事因素個別,肇事因素主要,肇事逃逸,職業,共享經濟或外送平台,GPS座標X,GPS座標Y,事故類別
3146,66000,387130000C,(04)23274275,(04)23288582,2025,04,9,21,58,臺中市,北區,0,3,0,7,1,6,50,4,1,1,5,4,6,6,2,1,10,5,5,2,17,2,8,5,4,C03,7,6,1,10,2,11,,48,48,1,13,4,120.670529,24.162837,2
3147,66000,387130000C,(04)23274275,(04)23288582,2025,04,9,21,58,臺中市,南屯區,0,1,0,7,1,6,50,4,1,1,5,4,6,6,4,4,10,5,5,2,15,2,9,2,4,C03,7,9,1,10,2,11,12,15,15,1,13,4,120.650549,24.12715,2
3148,66000,387130000C,(04)23274275,(04)23288582,2025,04,9,22,9,臺中市,北區,0,0,0,7,,,50,,,,,,,,,,,,,,13,,,,,C03,,,1,,2,,,85,85,1,12,4,120.667013,24.167131,4
3149,66000,387130000C,(04)23274275,(04)23288582,2025,04,9,22,15,臺中市,東區,0,0,0,7,,,50,,,,,,,,,,,,,,,,,,,C03,,,1,,2,,,59,59,1,6,4,120.689435,24.14568,3
3150,66000,387130000C,(04)23274275,(04)23288582,2025,04,9,22,21,臺中市,北區,0,1,0,7,1,6,50,4,1,1,5,4,6,6,1,1,10,5,5,2,13,3,10,1,1,C03,7,9,2,19,2,11,,5,5,1,13,4,120.685119,24.165279,2
3151,66000,387130000C,(04)23274275,(04)23288582,2025,04,9,22,24,臺中市,北區,0,0,0,7,,,50,,,,,,,,,,,,,,17,,,,,B03,,,1,,2,,,40,40,1,12,4,120.688113,24.151003,3
3152,66000,387130000C,(04)23274275,(04)23288582,2025,04,9,22,29,臺中市,龍井區,0,1,0,7,1,6,50,4,1,1,5,4,6,6,4,4,10,5,5,2,15,2,9,2,1,C03,7,9,1,10,2,11,,12,12,1,6,4,120.586337,24.180791,2
3153,66000,387130000C,(04)23274275,(04)23288582,2025,04,9,22,30,臺中市,西區,0,0,0,7,,,50,,,,,,,,,,,,,,16,,,,,B03,,,1,,2,,,65,65,1,12,4,120.668026,24.13121,3
3154,66000,387130000C,(04)23274275,(04)23288582,2025,04,9,22,41,臺中市,梧棲區,0,1,0,7,1,6,50,4,1,1,5,4,6,6,1,1,10,5,5,2,16,3,10,1,1,C03,7,6,1,10,2,14,,11,11,1,13,4,120.528244,24.252785,2
3155,66000,387130000C,(04)23274275,(04)23288582,2025,04,9,22,52,臺中市,南區,0,1,0,7,1,6,50,3,2,1,5,4,6,6,4,4,5,5,4,2,13,2,9,1,1,C03,7,9,1,9,2,11,,7,7,1,6,4,120.657973,24.124659,2
3156,66000,387130000C,(04)23274275,(04)23288582,2025,04,9,23,10,臺中市,西屯區,0,1,0,7,1,6,40,13,9,1,5,4,6,6,4,4,9,5,5,2,17,2,8,2,1,C03,7,9,1,10,2,11,,59,59,1,12,4,120.655829,24.173858,2
3157,66000,387130000C,(04)23274275,(04)23288582,2025,04,9,23,18,臺中市,豐原區,0,0,0,7,,,50,,,,,,,,,,,,,,17,,,,,,,,,,,,,119,119,1,,,120.723444,24.252464,3
3158,66000,387130000C,(04)23274275,(04)23288582,2025,04,9,23,28,臺中市,西屯區,0,0,0,7,,,40,,,,,,,,,,,,,,17,,,,,B03,,,1,,2,,,59,59,1,12,4,120.640365,24.182984,3
3159,66000,387130000C,(04)23274275,(04)23288582,2025,04,9,23,30,臺中市,潭子區,0,0,0,7,,,50,,,,,,,,,,,,,,,,,,,B03,,,1,,2,,,84,84,1,12,4,120.700416,24.223098,3
3160,66000,387130000C,(04)23274275,(04)23288582,2025,04,9,23,34,臺中市,西屯區,0,0,0,7,,,50,,,,,,,,,,,,,,12,,,,,B03,,,1,,1,,,42,42,1,12,4,120.646543,24.171315,3
3161,66000,387130000C,(04)23274275,(04)23288582,2025,04,10,0,0,臺中市,南區,0,1,0,7,1,6,50,4,2,1,5,4,6,6,1,1,9,4,4,2,17,3,10,3,1,B03,7,5,1,8,2,2,,47,47,1,12,4,120.670047,24.126452,2
3162,66000,387130000C,(04)23274275,(04)23288582,2025,04,10,0,20,臺中市,沙鹿區,0,0,0,7,,,50,,,,,,,,,,,,,,,,,,,B03,,,1,,2,,,49,49,1,12,4,120.577842,24.222571,3
3163,66000,387130000C,(04)23274275,(04)23288582,2025,04,10,1,5,臺中市,西屯區,0,1,0,7,1,6,50,4,19,1,5,4,6,6,2,1,10,5,5,2,3,3,10,3,4,B03,7,5,1,8,2,5,,59,59,1,12,4,120.639512,24.174659,2
3164,66000,387130000C,(04)23274275,(04)23288582,2025,04,10,1,6,臺中市,西區,0,0,0,7,,,30,,,,,,,,,,,,,,,,,,,B02,,,1,,1,,,49,49,1,6,4,120.661862,24.150186,3
3165,66000,387130000C,(04)23274275,(04)23288582,2025,04,10,2,13,臺中市,西屯區,0,3,0,7,1,6,40,4,9,1,5,4,6,6,1,1,9,5,5,2,16,2,9,2,1,C03,7,6,1,10,2,11,,48,48,1,12,4,120.646374,24.171627,2
3166,66000,387130000C,(04)23274275,(04)23288582,2025,04,10,4,7,臺中市,東區,0,0,0,7,,,50,,,,,,,,,,,,,,17,,,,,B12,,,1,,1,,,84,84,1,12,4,120.690489,24.13508,3
3167,66000,387130000C,(04)23274275,(04)23288582,2025,04,10,4,35,臺中市,豐原區,0,0,0,7,,,50,,,,,,,,,,,,,,19,,,,,B03,,,1,,9,,,55,55,1,12,4,120.747372,24.266259,3
3168,66000,387130000C,(04)23274275,(04)23288582,2025,04,10,4,57,臺中市,西屯區,0,0,0,7,,,50,,,,,,,,,,,,,,12,,,,,A11,,,1,,1,,,8,8,1,12,4,120.662517,24.200756,3
3169,66000,387130000C,(04)23274275,(04)23288582,2025,04,10,5,10,臺中市,大里區,0,0,0,6,,,50,,,,,,,,,,,,,,,,,,,C03,,,1,,2,,,24,24,1,12,4,120.692028,24.109721,3
3170,66000,387130000C,(04)23274275,(04)23288582,2025,04,10,5,49,臺中市,大里區,0,1,0,6,3,6,50,13,14,1,5,4,6,6,4,4,5,4,4,1,13,2,9,1,1,C03,7,9,1,10,2,11,,59,59,1,12,4,120.674415,24.101333,2
3171,66000,387130000C,(04)23274275,(04)23288582,2025,04,10,6,10,臺中市,豐原區,0,1,0,7,2,6,50,13,8,1,5,4,6,6,4,4,5,5,4,2,17,3,10,5,4,B03,7,13,1,8,9,4,,76,76,1,13,4,120.717081,24.253058,2
3172,66000,387130000C,(04)23274275,(04)23288582,2025,04,10,6,12,臺中市,豐原區,0,1,0,7,2,6,50,13,9,1,5,4,6,6,4,4,1,4,5,1,11,3,10,3,1,A02,7,9,1,1,2,2,,8,8,1,13,4,120.721619,24.273801,2
3173,66000,387130000C,(04)23274275,(04)23288582,2025,04,10,6,18,臺中市,西屯區,0,1,0,6,2,6,50,4,1,1,5,4,6,6,2,1,10,5,5,2,12,3,10,3,4,B03,7,5,1,8,2,5,,47,47,1,12,4,120.644268,24.171377,2
3174,66000,387130000C,(04)23274275,(04)23288582,2025,04,10,7,4,臺中市,沙鹿區,0,1,0,6,2,6,30,13,9,1,5,4,6,6,4,4,10,5,5,2,17,3,10,3,1,B03,7,1,1,10,2,1,,51,51,1,13,4,120.5639,24.248576,2
3175,66000,387130000C,(04)23274275,(04)23288582,2025,04,10,7,8,臺中市,龍井區,0,1,0,6,2,6,30,3,9,1,5,4,6,6,4,4,10,5,5,1,16,3,10,3,1,B03,7,5,1,8,2,2,,47,47,1,12,4,120.514615,24.197862,2
3176,66000,387130000C,(04)23274275,(04)23288582,2025,04,10,7,11,臺中市,北區,0,0,0,7,2,6,50,13,9,1,5,4,6,6,4,4,5,4,5,2,17,3,10,3,1,B03,7,9,1,8,2,2,,84,84,1,12,4,120.678267,24.161689,3
3177,66000,387130000C,(04)23274275,(04)23288582,2025,04,10,7,14,臺中市,北屯區,0,1,0,6,3,6,50,3,1,1,5,4,6,6,4,4,10,5,5,2,16,3,10,3,1,B03,7,6,1,8,2,1,,12,12,1,12,4,120.709417,24.178233,2
3178,66000,387130000C,(04)23274275,(04)23288582,2025,04,10,7,15,臺中市,大雅區,0,1,0,5,3,6,50,3,1,1,4,4,6,6,4,4,1,3,4,2,17,3,10,5,1,B03,7,5,1,8,2,6,,20,20,1,13,4,120.635205,24.23374,2
3179,66000,387130000C,(04)23274275,(04)23288582,2025,04,10,7,15,臺中市,太平區,0,1,0,6,2,6,30,3,1,1,5,4,6,6,4,4,10,5,5,2,17,3,10,3,1,B03,7,5,1,7,2,4,,14,14,1,12,4,120.722811,24.141185,2
3180,66000,387130000C,(04)23274275,(04)23288582,2025,04,10,7,20,臺中市,北屯區,0,2,0,6,3,6,50,4,2,1,5,4,6,6,1,1,5,5,5,2,13,2,9,3,1,B03,7,9,1,7,2,5,,84,84,1,12,4,120.670612,24.186976,2
3181,66000,387130000C,(04)23274275,(04)23288582,2025,04,10,7,21,臺中市,北屯區,0,1,0,7,2,6,50,3,1,1,5,4,6,6,1,1,10,5,5,2,16,3,10,1,1,C03,7,9,1,10,2,11,,21,21,1,6,4,120.707535,24.19757,2
3182,66000,387130000C,(04)23274275,(04)23288582,2025,04,10,7,22,臺中市,大甲區,0,1,0,6,2,6,50,13,9,1,5,4,6,6,4,4,5,5,5,1,16,3,10,3,1,B03,7,1,1,8,2,5,,39,39,1,6,4,120.627209,24.340222,2
3183,66000,387130000C,(04)23274275,(04)23288582,2025,04,10,7,23,臺中市,西區,0,2,0,6,2,6,50,4,1,1,5,4,6,6,4,4,10,5,5,2,17,2,9,1,1,C03,7,9,1,10,2,12,,15,15,1,12,4,120.670311,24.140758,2
3184,66000,387130000C,(04)23274275,(04)23288582,2025,04,10,7,24,臺中市,大肚區,0,0,0,7,,,50,,,,,,,,,,,,,,12,,,,,B03,,,1,,1,,,2,2,1,6,4,120.577322,24.118432,3
3185,66000,387130000C,(04)23274275,(04)23288582,2025,04,10,7,25,臺中市,北區,0,1,0,7,3,6,50,4,2,1,5,4,6,6,1,1,5,4,4,1,13,3,10,5,4,B03,7,9,1,8,2,1,,84,84,1,13,4,120.674061,24.165329,2
3186,66000,387130000C,(04)23274275,(04)23288582,2025,04,10,7,25,臺中市,東區,0,2,0,7,1,6,50,13,9,1,5,4,6,6,4,4,9,4,5,2,12,2,9,1,1,C03,7,9,1,10,2,11,12,7,7,1,12,4,120.699226,24.147299,2
3187,66000,387130000C,(04)23274275,(04)23288582,2025,04,10,7,29,臺中市,北區,0,0,0,7,,,50,,,,,,,,,,,,,,,,,,,B03,,,1,,2,,,51,51,1,12,4,120.663777,24.161564,3
3188,66000,387130000C,(04)23274275,(04)23288582,2025,04,10,7,29,臺中市,西屯區,0,1,0,6,3,6,50,4,1,1,5,4,6,6,2,1,10,5,5,2,13,2,9,1,1,C03,7,9,1,10,2,11,,7,7,1,13,4,120.619734,24.168983,2
3189,66000,387130000C,(04)23274275,(04)23288582,2025,04,10,7,31,臺中市,霧峰區,0,0,0,6,,,50,,,,,,,,,,,,,,17,,,,,B03,,,1,,1,,,7,7,1,13,4,120.703061,24.070604,3
3190,66000,387130000C,(04)23274275,(04)23288582,2025,04,10,7,33,臺中市,龍井區,0,1,0,6,2,6,50,4,1,1,5,4,6,6,2,1,10,5,5,2,16,3,10,3,1,B03,7,5,1,8,2,5,,8,8,1,6,4,120.581644,24.175229,2
3191,66000,387130000C,(04)23274275,(04)23288582,2025,04,10,7,35,臺中市,大雅區,0,0,0,6,,,50,,,,,,,,,,,,,,,,,,,B03,,,1,,1,,,84,84,1,13,4,120.645724,24.224768,3
3192,66000,387130000C,(04)23274275,(04)23288582,2025,04,10,7,36,臺中市,沙鹿區,0,0,0,7,,,50,,,,,,,,,,,,,,,,,,,,,,,,,,,85,85,1,,,120.572132,24.215095,3
3193,66000,387130000C,(04)23274275,(04)23288582,2025,04,10,7,37,臺中市,北屯區,0,0,0,7,,,50,,,,,,,,,,,,,,,,,,,B03,,,1,,9,,,55,55,1,12,4,120.687824,24.191637,3
3194,66000,387130000C,(04)23274275,(04)23288582,2025,04,10,7,38,臺中市,南區,0,0,0,7,,,50,,,,,,,,,,,,,,12,,,,,B02,,,1,,2,,,40,40,1,12,4,120.656474,24.11432,3
3195,66000,387130000C,(04)23274275,(04)23288582,2025,04,10,7,38,臺中市,西屯區,0,0,0,7,,,30,,,,,,,,,,,,,,16,,,,,B03,,,1,,1,,,48,48,1,12,4,120.643892,24.196792,3
3196,66000,387130000C,(04)23274275,(04)23288582,2025,04,10,7,40,臺中市,南屯區,0,0,0,7,3,6,50,13,9,1,5,4,6,6,1,1,3,2,5,2,12,,,,,A12,,,1,,9,,,8,8,2,12,4,120.61653,24.153576,3
3197,66000,387130000C,(04)23274275,(04)23288582,2025,04,10,7,42,臺中市,烏日區,0,3,0,6,2,6,40,8,8,1,5,4,6,6,4,4,1,5,1,1,13,2,9,1,1,C03,7,9,1,10,2,11,,84,84,1,6,4,120.648855,24.093643,2
3198,66000,387130000C,(04)23274275,(04)23288582,2025,04,10,7,42,臺中市,清水區,0,0,0,5,2,6,60,13,7,1,4,4,6,6,4,4,8,3,2,2,12,,,,,B03,,,1,,1,,,40,40,1,12,4,120.541064,24.290034,3
3199,66000,387130000C,(04)23274275,(04)23288582,2025,04,10,7,44,臺中市,北屯區,0,1,0,7,1,6,50,13,9,1,5,4,6,6,4,4,1,2,5,2,13,3,10,5,4,B02,7,9,1,8,1,1,,84,84,1,13,4,120.721688,24.179709,2
3200,66000,387130000C,(04)23274275,(04)23288582,2025,04,10,7,45,臺中市,大雅區,0,0,0,7,,,70,,,,,,,,,,,,,,,,,,,C02,,,1,,1,,,7,7,1,12,4,120.631168,24.239777,3
3201,66000,387130000C,(04)23274275,(04)23288582,2025,04,10,7,45,臺中市,清水區,0,0,0,7,,,30,,,,,,,,,,,,,,17,,,,,B03,,,1,,1,,,15,15,1,12,4,120.54727,24.271927,3
3202,66000,387130000C,(04)23274275,(04)23288582,2025,04,10,7,46,臺中市,北區,0,3,0,7,2,6,50,13,9,1,5,4,6,6,4,4,5,5,5,2,2,2,9,1,1,C03,7,9,1,10,2,11,,84,84,1,12,4,120.679769,24.166214,2
3203,66000,387130000C,(04)23274275,(04)23288582,2025,04,10,7,47,臺中市,西區,0,0,0,7,,,50,,,,,,,,,,,,,,17,,,,,C03,,,1,,1,,,8,8,1,12,4,120.665452,24.144162,3
3204,66000,387130000C,(04)23274275,(04)23288582,2025,04,10,7,47,臺中市,南屯區,0,1,0,6,2,6,50,13,8,1,5,4,6,6,4,4,5,5,4,2,16,3,10,3,1,B03,7,6,1,8,2,1,,84,84,1,13,4,120.635512,24.153831,2
3205,66000,387130000C,(04)23274275,(04)23288582,2025,04,10,7,48,臺中市,大里區,0,2,0,6,2,6,50,13,9,1,5,4,6,6,4,4,9,5,5,1,17,2,8,1,1,C03,7,6,1,10,2,14,,84,84,1,13,4,120.679045,24.082411,2
3206,66000,387130000C,(04)23274275,(04)23288582,2025,04,10,7,49,臺中市,大里區,0,2,0,6,2,6,40,4,2,1,5,4,6,6,1,1,1,2,4,2,13,2,9,1,1,C03,7,9,1,10,2,11,,7,7,1,13,4,120.669569,24.103423,2
3207,66000,387130000C,(04)23274275,(04)23288582,2025,04,10,7,49,臺中市,大甲區,0,0,0,5,,,50,,,,,,,,,,,,,,,,,,,B03,,,1,,1,,,76,76,1,6,4,120.613984,24.348259,3
3208,66000,387130000C,(04)23274275,(04)23288582,2025,04,10,7,50,臺中市,神岡區,0,1,0,7,3,6,60,13,9,1,5,4,6,6,4,4,3,4,5,1,12,2,9,1,1,C03,7,9,1,10,2,14,,7,7,1,13,4,120.688936,24.247571,2
3209,66000,387130000C,(04)23274275,(04)23288582,2025,04,10,7,51,臺中市,西屯區,0,0,0,7,,,50,,,,,,,,,,,,,,13,,,,,B03,,,1,,1,,,7,7,1,13,4,120.635827,24.171128,3
3210,66000,387130000C,(04)23274275,(04)23288582,2025,04,10,7,52,臺中市,南區,0,1,0,7,2,6,0,13,9,1,5,4,6,6,4,4,1,4,5,2,17,3,10,3,1,B03,7,1,1,8,2,1,,51,51,1,12,4,120.673027,24.130123,2
3211,66000,387130000C,(04)23274275,(04)23288582,2025,04,10,7,54,臺中市,西屯區,0,1,0,7,2,6,50,3,1,1,5,4,6,6,4,4,10,5,5,2,16,3,10,3,1,B03,7,5,1,8,2,5,,47,47,1,12,4,120.615191,24.182366,2
3212,66000,387130000C,(04)23274275,(04)23288582,2025,04,10,7,55,臺中市,龍井區,0,2,0,6,2,6,30,11,9,1,5,4,6,6,4,4,10,5,5,1,11,2,9,1,1,C03,7,9,1,10,2,14,,8,8,1,12,4,120.544314,24.205196,2
3213,66000,387130000C,(04)23274275,(04)23288582,2025,04,10,7,56,臺中市,南屯區,0,1,0,7,2,6,40,3,1,1,5,4,6,6,2,1,9,4,1,2,12,3,10,1,1,C03,7,9,3,19,2,11,,21,21,1,12,4,120.585375,24.166733,2
3214,66000,387130000C,(04)23274275,(04)23288582,2025,04,10,7,57,臺中市,南屯區,0,2,0,6,2,6,50,3,1,1,5,4,6,6,4,4,10,5,5,2,17,3,10,2,1,C03,7,9,1,10,2,12,,59,59,1,12,4,120.59966,24.150788,2
3215,66000,387130000C,(04)23274275,(04)23288582,2025,04,10,7,57,臺中市,西屯區,0,0,0,7,,,50,,,,,,,,,,,,,,12,,,,,C03,,,1,,1,,,40,40,1,13,4,120.649533,24.171787,3
3216,66000,387130000C,(04)23274275,(04)23288582,2025,04,10,8,2,臺中市,豐原區,0,1,0,6,2,6,50,3,9,1,4,4,6,6,3,1,5,4,5,1,13,2,9,2,1,C02,7,9,1,9,2,11,,7,7,1,13,4,120.723818,24.23517,2
3217,66000,387130000C,(04)23274275,(04)23288582,2025,04,10,8,3,臺中市,北區,0,1,0,7,3,6,50,3,1,1,5,4,6,6,4,4,3,5,5,2,16,3,10,5,4,B03,7,5,1,8,2,2,,14,14,1,13,4,120.685093,24.162653,2
3218,66000,387130000C,(04)23274275,(04)23288582,2025,04,10,8,4,臺中市,西屯區,0,2,0,7,2,6,30,11,9,1,5,4,6,6,4,4,10,5,5,1,11,2,9,5,4,C03,7,9,1,10,2,11,,6,6,1,13,4,120.632652,24.172523,2
3219,66000,387130000C,(04)23274275,(04)23288582,2025,04,10,8,5,臺中市,大里區,0,0,0,6,,,50,,,,,,,,,,,,,,17,,,,,B02,,,1,,2,,,8,8,1,12,4,120.692364,24.102272,3
3220,66000,387130000C,(04)23274275,(04)23288582,2025,04,10,8,5,臺中市,清水區,0,1,0,5,3,6,50,4,2,1,4,4,6,6,1,1,1,4,5,1,17,3,10,3,1,B03,7,9,1,8,2,4,,21,21,1,12,4,120.546846,24.269662,2
3221,66000,387130000C,(04)23274275,(04)23288582,2025,04,10,8,10,臺中市,霧峰區,0,1,0,6,3,6,50,13,9,1,5,4,6,6,4,4,9,5,5,1,18,2,9,1,1,C03,7,12,1,10,2,16,,84,84,1,5,4,120.711229,24.076953,2
3222,66000,387130000C,(04)23274275,(04)23288582,2025,04,10,8,12,臺中市,南區,0,2,0,7,3,6,50,3,1,1,5,4,6,6,4,4,10,5,5,2,16,2,9,5,4,C03,7,6,1,10,2,11,,14,14,1,12,4,120.663747,24.127958,2
3223,66000,387130000C,(04)23274275,(04)23288582,2025,04,10,8,15,臺中市,大雅區,0,1,0,6,3,6,60,4,1,1,5,4,6,6,1,1,1,3,5,2,17,3,10,1,1,C03,7,9,1,10,2,12,,21,21,1,12,4,120.629044,24.206074,2
3224,66000,387130000C,(04)23274275,(04)23288582,2025,04,10,8,15,臺中市,南區,0,0,0,7,,,50,,,,,,,,,,,,,,12,,,,,B03,,,1,,2,,,84,84,1,12,4,120.656474,24.11432,3
3225,66000,387130000C,(04)23274275,(04)23288582,2025,04,10,8,18,臺中市,北區,0,0,0,7,,,50,,,,,,,,,,,,,,,,,,,C03,,,1,,1,,,50,50,1,12,4,120.679928,24.158536,3
3226,66000,387130000C,(04)23274275,(04)23288582,2025,04,10,8,18,臺中市,北屯區,0,0,0,7,,,50,,,,,,,,,,,,,,13,,,,,B03,,,1,,1,,,7,7,1,12,4,120.71163,24.180929,3
3227,66000,387130000C,(04)23274275,(04)23288582,2025,04,10,8,18,臺中市,西屯區,0,1,0,6,3,6,50,5,9,1,5,4,6,6,2,1,3,2,5,2,13,2,7,1,1,C03,7,9,1,10,2,11,,7,7,1,13,4,120.658908,24.17642,2
3228,66000,387130000C,(04)23274275,(04)23288582,2025,04,10,8,18,臺中市,沙鹿區,0,0,0,5,,,40,,,,,,,,,,,,,,14,,,,,B03,,,1,,2,,,49,49,1,6,4,120.560722,24.241678,3
3229,66000,387130000C,(04)23274275,(04)23288582,2025,04,10,8,24,臺中市,豐原區,0,1,0,5,2,6,50,4,1,1,4,4,6,6,2,1,5,4,4,2,15,2,9,1,1,C03,7,9,1,10,2,11,,21,21,1,12,4,120.716122,24.261421,2
3230,66000,387130000C,(04)23274275,(04)23288582,2025,04,10,8,26,臺中市,南屯區,0,0,0,6,,,50,,,,,,,,,,,,,,,,,,,B03,,,1,,1,,,84,84,1,13,4,120.641688,24.132232,3
3231,66000,387130000C,(04)23274275,(04)23288582,2025,04,10,8,26,臺中市,烏日區,0,0,0,7,,,50,,,,,,,,,,,,,,17,,,,,B12,,,1,,1,,,50,50,1,6,4,120.59534,24.109548,3
3232,66000,387130000C,(04)23274275,(04)23288582,2025,04,10,8,27,臺中市,北屯區,0,0,0,6,,,50,,,,,,,,,,,,,,13,,,,,B03,,,1,,1,,,7,7,1,12,4,120.699685,24.164929,3
3233,66000,387130000C,(04)23274275,(04)23288582,2025,04,10,8,29,臺中市,北區,0,0,0,7,,,50,,,,,,,,,,,,,,12,,,,,B03,,,1,,1,,,11,11,1,13,4,120.676712,24.173259,3
3234,66000,387130000C,(04)23274275,(04)23288582,2025,04,10,8,29,臺中市,南區,0,1,0,7,1,6,50,3,1,1,5,4,6,6,1,1,9,4,5,2,12,2,9,1,1,C03,7,6,1,10,2,12,,84,84,1,12,4,120.675167,24.126774,2
3235,66000,387130000C,(04)23274275,(04)23288582,2025,04,10,8,30,臺中市,沙鹿區,0,1,0,5,2,6,50,13,9,1,4,4,6,6,4,4,9,4,4,2,17,2,9,1,1,C03,7,1,1,10,2,11,,51,51,1,13,4,120.570409,24.199047,2
3236,66000,387130000C,(04)23274275,(04)23288582,2025,04,10,8,33,臺中市,西屯區,0,0,0,7,,,30,,,,,,,,,,,,,,17,,,,,B03,,,1,,2,,,50,50,1,12,4,120.649522,24.15944,3
3237,66000,387130000C,(04)23274275,(04)23288582,2025,04,10,8,34,臺中市,西屯區,0,0,0,7,,,50,,,,,,,,,,,,,,16,,,,,B03,,,1,,2,,,84,84,1,13,4,120.637546,24.185697,3
3238,66000,387130000C,(04)23274275,(04)23288582,2025,04,10,8,42,臺中市,龍井區,0,2,0,6,2,6,40,13,8,1,5,4,6,6,4,4,1,4,1,1,12,2,9,1,1,C03,7,9,1,10,2,11,,59,59,1,6,4,120.58016,24.192917,2
3239,66000,387130000C,(04)23274275,(04)23288582,2025,04,10,8,42,臺中市,清水區,0,2,0,5,2,6,50,4,1,1,4,4,6,6,1,1,8,3,4,2,12,2,9,1,1,C03,7,6,1,10,2,14,,11,11,1,12,4,120.574806,24.267533,2
3240,66000,387130000C,(04)23274275,(04)23288582,2025,04,10,8,45,臺中市,北屯區,0,0,0,5,,,50,,,,,,,,,,,,,,17,,,,,B03,,,1,,2,,,56,56,1,6,4,120.704412,24.171043,3
3241,66000,387130000C,(04)23274275,(04)23288582,2025,04,10,8,45,臺中市,沙鹿區,0,1,0,5,2,6,50,13,9,1,4,4,6,6,4,4,10,5,5,2,13,3,10,2,1,C03,7,9,1,10,2,11,,7,7,1,6,4,120.555132,24.231776,2
3242,66000,387130000C,(04)23274275,(04)23288582,2025,04,10,8,47,臺中市,沙鹿區,0,0,0,5,,,50,,,,,,,,,,,,,,,,,,,B12,,,1,,1,,,84,84,1,13,4,120.563492,24.206423,3
3243,66000,387130000C,(04)23274275,(04)23288582,2025,04,10,8,48,臺中市,西區,0,1,0,7,2,6,50,4,1,1,5,4,6,6,1,1,10,5,5,2,16,3,10,3,1,B03,7,5,1,8,2,5,,47,47,1,12,4,120.675422,24.133556,2
3244,66000,387130000C,(04)23274275,(04)23288582,2025,04,10,8,48,臺中市,太平區,0,2,0,6,3,6,30,3,1,1,5,4,6,6,4,4,10,5,5,2,16,2,9,2,1,C03,7,9,1,10,2,14,,20,20,1,12,4,120.710813,24.127993,2
3245,66000,387130000C,(04)23274275,(04)23288582,2025,04,10,8,53,臺中市,霧峰區,0,0,0,6,,,50,,,,,,,,,,,,,,17,,,,,B03,,,1,,2,,,7,7,1,13,4,120.683903,24.076197,3
3246,66000,387130000C,(04)23274275,(04)23288582,2025,04,10,8,54,臺中市,北屯區,0,0,0,5,,,40,,,,,,,,,,,,,,14,,,,,G03,,,1,,1,,,84,84,1,6,4,120.692924,24.162118,3
3247,66000,387130000C,(04)23274275,(04)23288582,2025,04,10,8,55,臺中市,龍井區,0,0,0,6,,,90,,,,,,,,,,,,,,,,,,,B03,,,1,,2,,,94,94,1,12,4,120.514027,24.198557,3
3248,66000,387130000C,(04)23274275,(04)23288582,2025,04,10,8,59,臺中市,西屯區,0,1,0,5,2,6,40,13,8,1,4,4,6,6,4,4,1,5,1,2,18,2,9,1,4,C03,7,9,1,10,2,14,,84,84,1,13,4,120.593368,24.182171,2
3249,66000,387130000C,(04)23274275,(04)23288582,2025,04,10,8,59,臺中市,西屯區,0,0,0,5,,,60,,,,,,,,,,,,,,12,,,,,B03,,,1,,1,,,40,40,1,12,4,120.640593,24.167898,3
3250,66000,387130000C,(04)23274275,(04)23288582,2025,04,10,9,4,臺中市,東區,0,1,0,6,2,6,50,13,9,1,5,4,6,6,4,4,5,4,5,2,16,3,10,1,1,C03,7,6,1,10,2,14,,42,42,1,12,4,120.69549,24.134834,2
3251,66000,387130000C,(04)23274275,(04)23288582,2025,04,10,9,5,臺中市,大雅區,0,2,0,5,3,6,0,13,9,1,4,4,6,6,4,4,10,5,5,2,9,2,7,6,5,H01,8,20,7,21,2,17,,109,109,1,13,5,120.648913,24.218033,2
3252,66000,387130000C,(04)23274275,(04)23288582,2025,04,10,9,5,臺中市,太平區,0,1,0,5,2,6,50,13,9,1,4,4,6,6,4,4,5,4,5,1,13,2,9,1,1,C03,7,9,3,19,2,11,,84,84,1,12,4,120.732597,24.136827,2
3253,66000,387130000C,(04)23274275,(04)23288582,2025,04,10,9,5,臺中市,大肚區,0,1,0,6,2,6,30,18,24,1,4,4,6,6,4,4,10,5,5,2,17,2,9,1,1,C03,7,6,1,10,2,16,,6,6,1,6,4,120.57538,24.172227,2
3254,66000,387130000C,(04)23274275,(04)23288582,2025,04,10,9,11,臺中市,西區,0,1,0,5,2,6,50,3,2,1,4,4,6,6,4,4,5,4,5,1,16,3,10,2,1,C04,7,6,1,11,2,11,,13,13,1,13,4,120.670324,24.143474,2
3255,66000,387130000C,(04)23274275,(04)23288582,2025,04,10,9,11,臺中市,北屯區,0,0,0,5,,,30,,,,,,,,,,,,,,,,,,,C03,,,1,,9,,,15,15,1,12,4,120.670429,24.182465,3
3256,66000,387130000C,(04)23274275,(04)23288582,2025,04,10,9,12,臺中市,西屯區,0,0,0,5,,,50,,,,,,,,,,,,,,13,,,,,B03,,,1,,2,,,59,59,1,13,4,120.634595,24.176292,3