序號,縣市別代碼,機關代碼,市話,傳真,年,月,日,時,分,縣市,區,死亡數量,受傷數量,2-30,天候,道路照明設備,道路類別,道路速限,道路型態,事故位置,路面鋪裝,路面狀態,路面缺陷,障礙物,視距,號誌種類,號誌動作,分向設施,快車道或一般車道間,快慢車道間,路面邊線,事故類型及型態,受傷程度,主要傷處,保護裝備,行動電話或功能裝置,當事者區分（類別）,車輛用途,當事者行動狀態,駕照狀態,駕照種類,飲酒情形,車輛撞擊部位最初,車輛撞擊部位其他,肇事因素個別,肇事因素主要,肇事逃逸,職業,共享經濟或外送平台,GPS座標X,GPS座標Y,事故類別
3369,66000,387130000C,(04)23274275,(04)23288582,2025,04,10,13,30,臺中市,南區,0,2,0,7,1,6,50,4,1,1,5,4,6,6,4,4,9,4,5,2,15,2,1,1,1,C03,7,9,1,10,2,12,,12,12,1,12,4,120.664056,24.123091,2
3370,66000,387130000C,(04)23274275,(04)23288582,2025,04,10,13,32,臺中市,南區,0,0,0,7,,,50,,,,,,,,,,,,,,30,,,,,C03,,,1,,1,,,84,84,1,12,4,120.672872,24.131146,3
3371,66000,387130000C,(04)23274275,(04)23288582,2025,04,10,13,32,臺中市,南屯區,0,0,0,7,,,40,,,,,,,,,,,,,,,,,,,B03,,,1,,1,,,49,49,1,13,4,120.63783,24.14958,3
3372,66000,387130000C,(04)23274275,(04)23288582,2025,04,10,13,44,臺中市,北屯區,0,0,0,7,,,50,,,,,,,,,,,,,,,,,,,B03,,,1,,1,,,84,84,1,13,4,120.701799,24.169809,3
3373,66000,387130000C,(04)23274275,(04)23288582,2025,04,10,13,44,臺中市,神岡區,0,1,0,7,3,6,50,5,1,1,5,4,6,6,4,4,10,5,5,2,13,2,9,5,4,C03,7,8,1,10,2,11,,40,40,1,13,4,120.677384,24.250301,2
3374,66000,387130000C,(04)23274275,(04)23288582,2025,04,10,13,45,臺中市,北屯區,0,0,0,7,,,50,,,,,,,,,,,,,,12,,,,,B03,,,1,,9,,,8,8,2,6,4,120.680508,24.173007,3
3375,66000,387130000C,(04)23274275,(04)23288582,2025,04,10,13,48,臺中市,西區,0,0,0,7,,,50,,,,,,,,,,,,,,,,,,,B03,,,1,,11,,,87,87,1,12,4,120.664283,24.148278,3
3376,66000,387130000C,(04)23274275,(04)23288582,2025,04,10,13,48,臺中市,太平區,0,1,0,7,2,6,40,3,1,1,5,4,6,6,4,4,10,4,5,2,16,2,8,2,1,C03,7,9,1,10,2,11,,84,84,1,13,4,120.706675,24.159352,2
3377,66000,387130000C,(04)23274275,(04)23288582,2025,04,10,13,51,臺中市,大里區,0,1,0,7,2,6,50,4,2,1,5,4,6,6,2,1,10,5,5,1,16,3,10,3,1,B01,7,5,1,1,2,6,,11,11,1,12,4,120.67514,24.103085,2
3378,66000,387130000C,(04)23274275,(04)23288582,2025,04,10,13,55,臺中市,大雅區,0,0,0,7,,,50,,,,,,,,,,,,,,,,,,,B03,,,1,,2,,,84,84,1,12,4,120.648368,24.221444,3
3379,66000,387130000C,(04)23274275,(04)23288582,2025,04,10,14,0,臺中市,大肚區,0,1,0,7,2,6,30,13,9,1,5,4,6,6,4,4,10,5,5,2,12,3,10,5,4,B03,7,1,1,8,2,4,,51,51,1,12,4,120.578447,24.173855,2
3380,66000,387130000C,(04)23274275,(04)23288582,2025,04,10,14,1,臺中市,東區,0,0,0,7,,,50,,,,,,,,,,,,,,13,,,,,B03,,,1,,1,,,7,7,1,12,4,120.686138,24.143481,3
3381,66000,387130000C,(04)23274275,(04)23288582,2025,04,10,14,6,臺中市,太平區,0,0,0,7,2,3,80,,,,,,,,,,,,,,,,,,,B03,,,1,,2,7,,40,40,1,12,4,120.717165,24.157621,3
3382,66000,387130000C,(04)23274275,(04)23288582,2025,04,10,14,10,臺中市,南區,0,1,0,7,2,6,50,4,2,1,5,4,6,6,2,1,5,5,5,2,12,2,8,2,1,C03,7,9,1,10,1,12,,84,84,1,13,4,120.682159,24.128329,2
3383,66000,387130000C,(04)23274275,(04)23288582,2025,04,10,14,10,臺中市,清水區,0,0,0,6,,,50,,,,,,,,,,,,,,,,,,,B03,,,1,,2,,,49,49,1,12,4,120.574663,24.269755,3
3384,66000,387130000C,(04)23274275,(04)23288582,2025,04,10,14,11,臺中市,北區,0,1,0,7,2,6,50,4,19,1,5,4,6,6,2,1,10,5,5,2,3,3,10,3,1,B03,7,6,1,8,2,1,,10,10,1,12,4,120.682064,24.154541,2
3385,66000,387130000C,(04)23274275,(04)23288582,2025,04,10,14,19,臺中市,南區,0,2,0,6,3,6,30,13,9,1,4,4,6,6,4,4,10,5,5,2,17,2,9,5,4,C03,7,15,1,10,2,14,,84,84,1,12,4,120.673008,24.125676,2
3386,66000,387130000C,(04)23274275,(04)23288582,2025,04,10,14,20,臺中市,清水區,0,1,0,6,3,6,50,4,1,1,5,4,6,6,1,1,1,4,4,2,15,3,10,3,1,B03,7,11,1,8,2,2,,45,45,1,12,4,120.571051,24.259108,2
3387,66000,387130000C,(04)23274275,(04)23288582,2025,04,10,14,22,臺中市,北區,0,0,0,7,,,50,,,,,,,,,,,,,,12,,,,,B03,,,1,,2,,,84,84,1,13,4,120.685849,24.163198,3
3388,66000,387130000C,(04)23274275,(04)23288582,2025,04,10,14,22,臺中市,沙鹿區,0,1,0,7,3,6,50,13,14,1,5,4,6,6,4,4,5,5,5,1,24,2,9,1,1,C03,7,9,1,11,2,11,,59,59,1,13,4,120.554086,24.224533,2
3389,66000,387130000C,(04)23274275,(04)23288582,2025,04,10,14,25,臺中市,神岡區,0,0,0,7,,,60,,,,,,,,,,,,,,12,,,,,B03,,,1,,1,,,8,8,1,13,4,120.708836,24.259066,3
3390,66000,387130000C,(04)23274275,(04)23288582,2025,04,10,14,30,臺中市,清水區,0,0,0,7,2,6,50,4,2,1,5,4,6,6,1,1,8,3,4,2,13,,,,,C03,,,1,,1,,,7,7,1,12,4,120.575244,24.268503,3
3391,66000,387130000C,(04)23274275,(04)23288582,2025,04,10,14,38,臺中市,西區,0,0,0,7,,,50,,,,,,,,,,,,,,,,,,,B03,,,1,,1,,,7,7,1,12,4,120.657642,24.151295,3
3392,66000,387130000C,(04)23274275,(04)23288582,2025,04,10,14,53,臺中市,大甲區,0,0,0,7,,,50,,,,,,,,,,,,,,30,,,,,B03,,,1,,2,,,50,50,1,6,4,120.647334,24.406292,3
3393,66000,387130000C,(04)23274275,(04)23288582,2025,04,10,14,55,臺中市,西屯區,0,0,0,7,,,60,,,,,,,,,,,,,,17,,,,,B12,,,1,,1,,,87,87,1,13,4,120.641076,24.167898,3
3394,66000,387130000C,(04)23274275,(04)23288582,2025,04,10,14,57,臺中市,南屯區,0,0,0,7,,,50,,,,,,,,,,,,,,,,,,,B03,,,1,,1,,,76,76,1,13,4,120.636269,24.143225,3
3395,66000,387130000C,(04)23274275,(04)23288582,2025,04,10,14,59,臺中市,太平區,0,0,0,7,3,6,40,3,2,1,5,4,6,6,1,1,5,5,5,1,13,3,10,3,1,B03,7,9,5,19,4,1,,84,84,1,12,4,120.735848,24.129853,3
3396,66000,387130000C,(04)23274275,(04)23288582,2025,04,10,15,0,臺中市,沙鹿區,0,1,0,7,2,6,30,13,9,1,5,4,6,6,4,4,10,5,5,2,17,3,10,1,1,C03,7,9,1,10,2,14,,8,8,1,13,4,120.597706,24.220908,2
3397,66000,387130000C,(04)23274275,(04)23288582,2025,04,10,15,1,臺中市,西區,0,0,0,7,,,50,,,,,,,,,,,,,,,,,,,B03,,,1,,1,,,7,7,1,12,4,120.672718,24.131587,3
3398,66000,387130000C,(04)23274275,(04)23288582,2025,04,10,15,9,臺中市,石岡區,0,0,0,7,,,50,,,,,,,,,,,,,,13,,,,,B03,,,1,,9,,,7,7,1,13,4,120.761608,24.277106,3
3399,66000,387130000C,(04)23274275,(04)23288582,2025,04,10,15,12,臺中市,西區,0,1,0,7,3,6,50,4,1,1,5,4,6,6,4,4,10,5,5,2,17,3,10,3,1,B03,7,5,1,8,2,2,,65,65,1,13,4,120.673819,24.147552,2
3400,66000,387130000C,(04)23274275,(04)23288582,2025,04,10,15,12,臺中市,南屯區,0,1,0,7,2,6,50,4,1,1,5,4,6,6,1,1,8,3,4,1,17,3,10,3,1,B03,7,6,1,8,2,8,,11,11,1,12,4,120.626295,24.115365,2
3401,66000,387130000C,(04)23274275,(04)23288582,2025,04,10,15,15,臺中市,霧峰區,0,1,0,7,3,6,40,3,1,1,5,4,6,6,4,4,10,5,5,2,16,2,8,5,4,B03,7,5,1,8,2,8,,14,14,1,6,4,120.688562,24.043689,2
3402,66000,387130000C,(04)23274275,(04)23288582,2025,04,10,15,15,臺中市,太平區,0,0,0,7,,,50,,,,,,,,,,,,,,17,,,,,B03,,,1,,2,,,84,84,1,13,4,120.748626,24.125608,3
3403,66000,387130000C,(04)23274275,(04)23288582,2025,04,10,15,18,臺中市,大里區,0,0,0,7,,,50,,,,,,,,,,,,,,,,,,,B12,,,1,,2,,,7,7,1,12,4,120.675726,24.097793,3
3404,66000,387130000C,(04)23274275,(04)23288582,2025,04,10,15,20,臺中市,南區,0,0,0,7,1,6,50,13,8,1,5,4,6,6,4,4,5,5,5,2,17,3,10,1,1,C03,7,15,1,10,1,14,,84,84,1,12,4,120.678676,24.128363,3
3405,66000,387130000C,(04)23274275,(04)23288582,2025,04,10,15,26,臺中市,中區,0,0,0,7,,,50,,,,,,,,,,,,,,,,,,,A06,,,1,,11,,,84,84,1,12,4,120.679551,24.139212,3
3406,66000,387130000C,(04)23274275,(04)23288582,2025,04,10,15,33,臺中市,太平區,0,0,0,7,2,6,50,,,,,,,,,,,,,,,,,,,B13,,,1,,1,2,,8,8,1,12,4,120.710728,24.140071,3
3407,66000,387130000C,(04)23274275,(04)23288582,2025,04,10,15,56,臺中市,神岡區,0,1,0,7,2,6,50,11,9,1,5,4,6,6,4,4,5,5,5,2,18,4,11,5,4,C03,7,15,3,19,2,11,,59,59,1,13,4,120.695229,24.252354,2
3408,66000,387130000C,(04)23274275,(04)23288582,2025,04,10,15,59,臺中市,石岡區,0,1,0,7,2,6,50,4,1,1,5,4,6,6,4,4,10,5,5,2,15,2,9,5,4,C03,7,9,1,10,2,12,,12,12,1,13,4,120.777004,24.275345,2
3409,66000,387130000C,(04)23274275,(04)23288582,2025,04,10,16,5,臺中市,北屯區,0,1,0,7,2,6,50,4,1,1,5,4,6,6,4,4,10,5,5,2,13,2,8,2,1,C03,7,9,1,10,2,11,,7,7,1,12,4,120.680502,24.180582,2
3410,66000,387130000C,(04)23274275,(04)23288582,2025,04,10,16,9,臺中市,霧峰區,0,0,0,7,,6,30,,,,,,,,,,,,,,17,,,,,,,,,,,,,119,119,1,,,120.696533,24.053724,3
3411,66000,387130000C,(04)23274275,(04)23288582,2025,04,10,16,10,臺中市,西區,0,0,0,7,,,50,,,,,,,,,,,,,,,,,,,C03,,,1,,1,,,7,7,1,12,4,120.662348,24.150972,3
3412,66000,387130000C,(04)23274275,(04)23288582,2025,04,10,16,11,臺中市,西屯區,0,0,0,7,,,50,,,,,,,,,,,,,,14,,,,,A11,,,1,,1,,,49,49,1,13,4,120.619122,24.179958,3
3413,66000,387130000C,(04)23274275,(04)23288582,2025,04,10,16,16,臺中市,豐原區,0,0,0,7,,,50,,,,,,,,,,,,,,13,,,,,B03,,,5,,2,,,7,7,1,12,4,120.731932,24.249931,3
3414,66000,387130000C,(04)23274275,(04)23288582,2025,04,10,16,17,臺中市,神岡區,0,1,0,7,2,6,50,3,1,1,5,4,6,6,4,4,10,5,5,2,17,3,10,5,4,C03,7,6,3,19,2,14,,48,48,1,13,4,120.686468,24.249603,2
3415,66000,387130000C,(04)23274275,(04)23288582,2025,04,10,16,19,臺中市,南屯區,0,1,0,7,2,6,60,4,1,1,5,4,6,6,1,1,4,1,3,1,17,3,10,3,1,B03,7,6,1,8,2,1,,11,11,1,12,4,120.620854,24.13999,2
3416,66000,387130000C,(04)23274275,(04)23288582,2025,04,10,16,25,臺中市,豐原區,0,1,0,7,2,6,50,3,1,1,5,4,6,6,4,4,10,5,5,2,16,2,9,2,1,C03,7,6,3,19,2,12,,14,14,1,13,4,120.699076,24.247506,2
3417,66000,387130000C,(04)23274275,(04)23288582,2025,04,10,16,33,臺中市,北屯區,0,0,0,7,,,50,,,,,,,,,,,,,,17,,,,,,,,,,,,,85,85,1,,,120.698796,24.170291,3
3418,66000,387130000C,(04)23274275,(04)23288582,2025,04,10,16,37,臺中市,霧峰區,0,0,0,7,,,50,,,,,,,,,,,,,,27,,,,,B02,,,1,,2,,,49,49,1,6,4,120.672513,24.062936,3
3419,66000,387130000C,(04)23274275,(04)23288582,2025,04,10,16,41,臺中市,大雅區,0,0,0,7,,,60,,,,,,,,,,,,,,,,,,,A21,,,1,,2,,,68,68,1,13,4,120.646759,24.222532,3
3420,66000,387130000C,(04)23274275,(04)23288582,2025,04,10,16,41,臺中市,南區,0,2,0,7,3,6,50,4,1,1,5,4,6,6,4,4,5,5,5,2,15,2,9,2,1,C03,7,9,1,10,2,11,,15,15,1,6,4,120.675074,24.129609,2
3421,66000,387130000C,(04)23274275,(04)23288582,2025,04,10,16,43,臺中市,神岡區,0,1,0,7,3,6,60,4,1,1,5,4,6,6,4,4,3,4,4,1,16,3,10,3,1,A11,7,5,1,2,2,5,,20,20,1,13,4,120.698898,24.235545,2
3422,66000,387130000C,(04)23274275,(04)23288582,2025,04,10,16,51,臺中市,神岡區,0,0,0,7,,,30,,,,,,,,,,,,,,17,,,,,B03,,,1,,2,,,49,49,1,13,4,120.661004,24.258151,3
3423,66000,387130000C,(04)23274275,(04)23288582,2025,04,10,16,52,臺中市,南區,0,0,0,7,,,50,,,,,,,,,,,,,,17,,,,,C03,,,5,,1,,,84,84,1,6,4,120.659742,24.116749,3
3424,66000,387130000C,(04)23274275,(04)23288582,2025,04,10,17,0,臺中市,霧峰區,0,0,0,7,,,30,,,,,,,,,,,,,,,,,,,B03,,,1,,9,,,49,49,1,6,4,120.694125,24.045032,3
3425,66000,387130000C,(04)23274275,(04)23288582,2025,04,10,17,0,臺中市,龍井區,0,1,0,7,2,6,40,13,8,1,5,4,6,6,4,4,10,5,1,2,23,2,8,5,4,C03,7,9,1,10,2,14,,59,59,1,4,4,120.580511,24.176673,2
3426,66000,387130000C,(04)23274275,(04)23288582,2025,04,10,17,2,臺中市,南區,0,0,0,7,,,50,,,,,,,,,,,,,,,,,,,B03,,,1,,1,,,78,78,1,6,4,120.669821,24.11359,3
3427,66000,387130000C,(04)23274275,(04)23288582,2025,04,10,17,2,臺中市,大里區,0,0,0,7,,,40,,,,,,,,,,,,,,16,,,,,B03,,,1,,2,,,20,20,1,13,4,120.694032,24.089548,3
3428,66000,387130000C,(04)23274275,(04)23288582,2025,04,10,17,2,臺中市,龍井區,0,0,0,7,,,60,,,,,,,,,,,,,,,,,,,B03,,,1,,1,,,84,84,1,12,4,120.573431,24.185513,3
3429,66000,387130000C,(04)23274275,(04)23288582,2025,04,10,17,5,臺中市,沙鹿區,0,0,0,7,,,50,,,,,,,,,,,,,,,,,,,B03,,,1,,2,,,50,50,1,12,4,120.562387,24.245695,3
3430,66000,387130000C,(04)23274275,(04)23288582,2025,04,10,17,5,臺中市,豐原區,0,1,0,7,2,6,40,3,1,1,5,4,6,6,4,4,5,5,4,2,12,2,9,5,4,C03,7,1,1,10,2,12,,51,51,1,13,4,120.714785,24.248113,2
3431,66000,387130000C,(04)23274275,(04)23288582,2025,04,10,17,6,臺中市,大里區,0,2,0,7,2,6,50,4,1,1,5,4,6,6,4,4,10,5,5,2,17,2,8,5,4,C03,7,6,3,19,2,12,,84,84,1,13,4,120.69704,24.090549,2
3432,66000,387130000C,(04)23274275,(04)23288582,2025,04,10,17,7,臺中市,霧峰區,0,0,0,7,,,50,,,,,,,,,,,,,,17,,,,,B03,,,1,,2,,,49,49,1,6,4,120.662196,24.071712,3
3433,66000,387130000C,(04)23274275,(04)23288582,2025,04,10,17,8,臺中市,大里區,0,1,0,7,2,6,50,5,1,1,5,4,6,6,1,1,10,5,5,2,15,3,10,3,1,B03,7,9,3,19,2,3,,21,21,1,13,4,120.698656,24.079682,2
3434,66000,387130000C,(04)23274275,(04)23288582,2025,04,10,17,8,臺中市,龍井區,0,2,0,7,2,6,30,4,2,1,5,4,6,6,4,4,10,5,5,1,15,2,9,1,1,C03,7,9,1,10,2,11,,15,15,1,12,4,120.511802,24.224558,2
3435,66000,387130000C,(04)23274275,(04)23288582,2025,04,10,17,9,臺中市,北屯區,0,0,0,7,,,50,,,,,,,,,,,,,,13,,,,,B03,,,1,,1,,,7,7,1,6,4,120.686444,24.204743,3
3436,66000,387130000C,(04)23274275,(04)23288582,2025,04,10,17,10,臺中市,南屯區,0,1,0,7,3,6,40,13,8,1,5,4,6,6,4,4,1,4,1,2,13,3,10,2,4,C03,7,9,1,10,2,11,,7,7,1,6,4,120.622833,24.136576,2
3437,66000,387130000C,(04)23274275,(04)23288582,2025,04,10,17,10,臺中市,北屯區,0,0,0,7,,,50,,,,,,,,,,,,,,9,,,,,,,,,,,,,85,85,1,,,120.695377,24.164938,4
3438,66000,387130000C,(04)23274275,(04)23288582,2025,04,10,17,10,臺中市,太平區,0,1,0,7,2,6,50,3,1,1,5,4,6,6,4,4,10,5,5,2,16,3,10,3,1,B03,7,5,1,8,2,2,,14,14,1,12,4,120.726566,24.133843,2
3439,66000,387130000C,(04)23274275,(04)23288582,2025,04,10,17,13,臺中市,中區,0,0,0,7,,,50,,,,,,,,,,,,,,,,,,,C03,,,1,,1,,,7,7,1,12,4,120.676938,24.144553,3
3440,66000,387130000C,(04)23274275,(04)23288582,2025,04,10,17,13,臺中市,大里區,0,0,0,7,,,50,,,,,,,,,,,,,,,,,,,B12,,,1,,2,,,7,7,1,12,4,120.690704,24.098029,3
3441,66000,387130000C,(04)23274275,(04)23288582,2025,04,10,17,13,臺中市,神岡區,0,1,0,7,2,6,30,13,9,1,5,4,6,6,4,4,10,5,5,1,12,2,8,5,4,C03,7,9,1,10,2,16,,7,7,1,12,4,120.683494,24.274045,2
3442,66000,387130000C,(04)23274275,(04)23288582,2025,04,10,17,16,臺中市,沙鹿區,0,1,0,7,3,6,50,3,9,1,5,4,6,6,4,4,10,4,4,2,18,2,8,2,1,C03,7,9,1,10,2,14,,54,54,1,13,4,120.559881,24.238344,2
3443,66000,387130000C,(04)23274275,(04)23288582,2025,04,10,17,16,臺中市,大甲區,0,0,0,7,,,50,,,,,,,,,,,,,,,,,,,B03,,,1,,1,,,59,59,1,6,4,120.627416,24.348747,3
3444,66000,387130000C,(04)23274275,(04)23288582,2025,04,10,17,17,臺中市,西屯區,0,0,0,7,,,30,,,,,,,,,,,,,,11,,,,,B03,,,1,,1,,,8,8,1,12,4,120.627098,24.186646,3
3445,66000,387130000C,(04)23274275,(04)23288582,2025,04,10,17,17,臺中市,大里區,0,1,0,7,3,6,50,13,9,1,5,4,6,6,4,4,9,5,5,1,13,3,10,1,1,C03,7,9,1,10,2,11,,7,7,1,6,4,120.707939,24.086854,2
3446,66000,387130000C,(04)23274275,(04)23288582,2025,04,10,17,20,臺中市,西屯區,0,1,0,7,2,6,50,13,11,1,5,4,6,6,4,4,1,4,3,2,20,2,9,2,1,C03,7,9,1,10,2,11,,59,59,1,12,4,120.633008,24.170811,2
3447,66000,387130000C,(04)23274275,(04)23288582,2025,04,10,17,22,臺中市,大里區,0,1,0,7,2,6,50,3,2,1,2,4,6,6,4,4,5,4,4,1,13,2,9,1,1,F01,7,9,7,21,1,11,,58,58,1,3,4,120.698615,24.109332,2
3448,66000,387130000C,(04)23274275,(04)23288582,2025,04,10,17,23,臺中市,北區,0,0,0,7,3,6,50,18,24,1,5,4,6,6,1,1,10,5,5,2,17,,,,,B03,,,1,,1,,,7,7,1,13,4,120.665878,24.159169,3
3449,66000,387130000C,(04)23274275,(04)23288582,2025,04,10,17,28,臺中市,大里區,0,1,0,7,3,6,50,13,8,1,5,4,6,6,4,4,5,5,4,2,16,2,7,5,4,C03,7,11,1,10,2,12,,45,45,1,13,4,120.671992,24.105211,2
3450,66000,387130000C,(04)23274275,(04)23288582,2025,04,10,17,29,臺中市,后里區,0,1,0,7,2,6,50,4,1,1,5,4,6,6,3,1,5,5,5,1,17,3,10,2,1,C03,7,1,5,19,2,14,,51,51,2,12,4,120.725858,24.309084,2
3451,66000,387130000C,(04)23274275,(04)23288582,2025,04,10,17,40,臺中市,北區,0,0,0,7,,,50,,,,,,,,,,,,,,14,,,,,B03,,,1,,1,,,49,49,1,13,4,120.684956,24.16783,3
3452,66000,387130000C,(04)23274275,(04)23288582,2025,04,10,17,40,臺中市,后里區,0,0,0,7,3,6,40,4,2,1,5,4,6,6,1,1,1,4,5,1,15,3,10,3,1,B03,7,9,2,19,2,8,,21,21,1,6,4,120.673069,24.310054,3
3453,66000,387130000C,(04)23274275,(04)23288582,2025,04,10,17,41,臺中市,大里區,0,2,0,7,2,6,30,3,1,1,5,4,6,6,4,4,10,5,5,2,17,2,9,5,4,C03,7,6,1,10,2,12,,84,84,1,13,4,120.7078,24.091264,2
3454,66000,387130000C,(04)23274275,(04)23288582,2025,04,10,17,42,臺中市,西屯區,0,0,0,7,,,50,,,,,,,,,,,,,,,,,,,B03,,,1,,1,,,59,59,1,12,4,120.650691,24.175853,3
3455,66000,387130000C,(04)23274275,(04)23288582,2025,04,10,17,48,臺中市,外埔區,0,1,0,7,1,6,40,13,8,1,5,4,6,6,4,4,4,5,4,1,13,2,9,2,1,C03,7,9,1,10,2,11,,7,7,1,12,4,120.63585,24.343846,2
3456,66000,387130000C,(04)23274275,(04)23288582,2025,04,10,17,50,臺中市,西屯區,0,0,0,7,,,40,,,,,,,,,,,,,,,,,,,C03,,,1,,1,,,50,50,1,12,4,120.658811,24.191394,3
3457,66000,387130000C,(04)23274275,(04)23288582,2025,04,10,17,54,臺中市,東區,0,1,0,7,3,6,50,4,2,1,5,4,6,6,1,1,5,5,5,2,17,3,10,3,1,B03,7,1,1,8,2,16,,84,84,1,6,4,120.700052,24.140045,2
3458,66000,387130000C,(04)23274275,(04)23288582,2025,04,10,17,54,臺中市,新社區,0,0,0,7,,,30,,,,,,,,,,,,,,11,,,,,B03,,,1,,2,,,8,8,1,12,4,120.786143,24.235795,3
3459,66000,387130000C,(04)23274275,(04)23288582,2025,04,10,17,56,臺中市,西屯區,0,0,0,7,,,30,,,,,,,,,,,,,,14,,,,,B03,,,1,,1,,,49,49,1,12,4,120.64667,24.176754,3
3460,66000,387130000C,(04)23274275,(04)23288582,2025,04,10,18,0,臺中市,東區,0,0,0,7,1,6,,4,1,1,5,4,6,6,4,4,,5,5,2,30,,,,,,,,,,,,,119,119,1,,5,120.68893,24.136198,3
3461,66000,387130000C,(04)23274275,(04)23288582,2025,04,10,18,0,臺中市,北屯區,0,0,0,7,,,50,,,,,,,,,,,,,,17,,,,,B03,,,1,,1,,,51,51,1,12,4,120.685171,24.168883,3
3462,66000,387130000C,(04)23274275,(04)23288582,2025,04,10,18,1,臺中市,北區,0,0,0,7,,,50,,,,,,,,,,,,,,16,,,,,C01,,,1,,1,,,47,47,1,13,4,120.695412,24.159987,3
3463,66000,387130000C,(04)23274275,(04)23288582,2025,04,10,18,1,臺中市,南屯區,0,0,0,7,,,50,,,,,,,,,,,,,,,,,,,C03,,,1,,1,,,7,7,1,13,4,120.649871,24.144947,3
3464,66000,387130000C,(04)23274275,(04)23288582,2025,04,10,18,1,臺中市,西屯區,0,0,0,7,,,50,,,,,,,,,,,,,,12,,,,,B03,,,1,,2,,,8,8,1,12,4,120.658933,24.194687,3
3465,66000,387130000C,(04)23274275,(04)23288582,2025,04,10,18,1,臺中市,霧峰區,0,0,0,7,,,50,,,,,,,,,,,,,,14,,,,,B03,,,1,,2,,,49,49,1,6,4,120.71537,24.079405,3
3466,66000,387130000C,(04)23274275,(04)23288582,2025,04,10,18,2,臺中市,北屯區,0,0,0,7,,,50,,,,,,,,,,,,,,,,,,,B03,,,1,,1,,,84,84,1,12,4,120.699599,24.1648,4
3467,66000,387130000C,(04)23274275,(04)23288582,2025,04,10,18,2,臺中市,西屯區,0,1,0,7,2,6,50,13,9,1,5,4,6,6,4,4,1,4,5,2,17,2,9,5,4,C03,7,9,1,10,1,14,,42,42,1,13,4,120.661043,24.171538,2
3468,66000,387130000C,(04)23274275,(04)23288582,2025,04,10,18,3,臺中市,大甲區,0,0,0,7,,,50,,,,,,,,,,,,,,,,,,,B03,,,1,,1,,,49,49,1,6,4,120.621963,24.344644,3
3469,66000,387130000C,(04)23274275,(04)23288582,2025,04,10,18,4,臺中市,豐原區,0,1,0,7,1,6,50,13,9,1,5,4,6,6,4,4,1,4,5,2,13,2,8,1,4,C03,7,9,1,10,2,11,,7,7,1,12,4,120.700933,24.249445,2
3470,66000,387130000C,(04)23274275,(04)23288582,2025,04,10,18,6,臺中市,潭子區,0,0,0,7,,,30,,,,,,,,,,,,,,,,,,,B03,,,1,,2,,,8,8,1,12,4,120.711703,24.200334,3
3471,66000,387130000C,(04)23274275,(04)23288582,2025,04,10,18,7,臺中市,南區,0,0,0,7,,,40,,,,,,,,,,,,,,17,,,,,C03,,,1,,2,,,84,84,1,6,4,120.683668,24.125243,3
3472,66000,387130000C,(04)23274275,(04)23288582,2025,04,10,18,9,臺中市,中區,0,1,0,7,3,6,50,13,9,1,5,4,6,6,4,4,5,4,5,2,17,2,3,1,1,C03,7,1,1,10,2,11,,51,51,1,13,4,120.680117,24.137758,2
3473,66000,387130000C,(04)23274275,(04)23288582,2025,04,10,18,14,臺中市,西屯區,0,1,0,7,1,6,50,4,1,1,5,4,6,6,1,1,1,4,5,2,18,2,9,2,1,C03,7,9,1,10,2,14,,84,84,1,9,4,120.606126,24.187654,2
3474,66000,387130000C,(04)23274275,(04)23288582,2025,04,10,18,15,臺中市,北區,0,0,0,7,,,50,,,,,,,,,,,,,,17,,,,,B12,,,1,,2,,,50,50,1,13,4,120.683565,24.162387,3
3475,66000,387130000C,(04)23274275,(04)23288582,2025,04,10,18,15,臺中市,太平區,0,0,0,7,,,50,,,,,,,,,,,,,,16,,,,,B03,,,1,,2,,,13,13,1,12,4,120.715716,24.160211,3
3476,66000,387130000C,(04)23274275,(04)23288582,2025,04,10,18,16,臺中市,烏日區,0,0,0,7,,,50,,,,,,,,,,,,,,,,,,,B03,,,1,,2,,,39,39,1,6,4,120.649129,24.093503,3
3477,66000,387130000C,(04)23274275,(04)23288582,2025,04,10,18,17,臺中市,北屯區,0,2,0,7,1,6,50,4,1,1,5,4,6,6,2,1,10,5,5,2,13,3,10,1,1,C03,7,9,1,10,2,11,,21,21,1,6,4,120.704454,24.164862,2
3478,66000,387130000C,(04)23274275,(04)23288582,2025,04,10,18,17,臺中市,沙鹿區,0,2,0,7,1,6,50,4,1,1,5,4,6,6,4,4,10,5,5,2,15,2,9,1,1,C03,7,9,1,10,2,14,,12,12,1,12,4,120.561332,24.240022,2
3479,66000,387130000C,(04)23274275,(04)23288582,2025,04,10,18,21,臺中市,北屯區,0,0,0,7,,,50,,,,,,,,,,,,,,16,,,,,C03,,,1,,2,,,36,36,1,6,4,120.678248,24.200795,3
3480,66000,387130000C,(04)23274275,(04)23288582,2025,04,10,18,21,臺中市,西屯區,0,1,0,7,1,6,40,4,1,1,5,4,6,6,2,1,10,5,5,2,17,3,10,2,1,C03,7,6,1,10,2,16,,11,11,1,12,4,120.664545,24.182615,2