序號,縣市別代碼,機關代碼,市話,傳真,年,月,日,時,分,縣市,區,死亡數量,受傷數量,2-30,天候,道路照明設備,道路類別,道路速限,道路型態,事故位置,路面鋪裝,路面狀態,路面缺陷,障礙物,視距,號誌種類,號誌動作,分向設施,快車道或一般車道間,快慢車道間,路面邊線,事故類型及型態,受傷程度,主要傷處,保護裝備,行動電話或功能裝置,當事者區分（類別）,車輛用途,當事者行動狀態,駕照狀態,駕照種類,飲酒情形,車輛撞擊部位最初,車輛撞擊部位其他,肇事因素個別,肇事因素主要,肇事逃逸,職業,共享經濟或外送平台,GPS座標X,GPS座標Y,事故類別
3593,66000,387130000C,(04)23274275,(04)23288582,2025,04,11,7,47,臺中市,北區,0,1,0,7,3,6,50,4,2,1,5,4,6,6,1,1,5,2,4,1,16,2,9,5,4,C03,7,9,1,10,2,14,,21,21,1,13,4,120.664089,24.162142,2
3594,66000,387130000C,(04)23274275,(04)23288582,2025,04,11,7,47,臺中市,南屯區,0,0,0,7,,,50,,,,,,,,,,,,,,,,,,,B03,,,1,,9,,,8,8,1,6,4,120.649891,24.146771,3
3595,66000,387130000C,(04)23274275,(04)23288582,2025,04,11,7,48,臺中市,大甲區,0,0,0,7,,,30,,,,,,,,,,,,,,,,,,,C03,,,1,,2,,,14,14,1,6,4,120.634185,24.344393,3
3596,66000,387130000C,(04)23274275,(04)23288582,2025,04,11,7,48,臺中市,神岡區,0,1,0,7,1,6,30,4,1,1,5,4,6,6,4,4,10,5,5,1,13,3,10,1,1,C03,7,9,1,10,2,11,,7,7,1,12,4,120.677341,24.24725,2
3597,66000,387130000C,(04)23274275,(04)23288582,2025,04,11,7,50,臺中市,南屯區,0,0,0,7,,,50,,,,,,,,,,,,,,13,,,,,C03,,,1,,1,,,7,7,1,12,4,120.615276,24.148295,3
3598,66000,387130000C,(04)23274275,(04)23288582,2025,04,11,7,50,臺中市,西屯區,0,1,0,7,1,6,50,13,9,1,5,4,6,6,4,4,1,4,5,2,13,2,9,5,4,C03,7,9,1,10,2,11,,7,7,1,12,4,120.633044,24.179814,2
3599,66000,387130000C,(04)23274275,(04)23288582,2025,04,11,7,50,臺中市,西屯區,0,2,0,7,2,6,50,13,7,1,5,4,6,6,4,4,5,5,4,2,3,2,9,6,5,H01,8,18,7,21,10,17,,95,95,1,13,5,120.644312,24.187043,2
3600,66000,387130000C,(04)23274275,(04)23288582,2025,04,11,7,50,臺中市,清水區,0,2,0,7,3,6,50,3,1,1,5,4,6,6,4,4,1,4,4,2,17,2,8,2,1,C03,7,6,1,10,2,12,,14,14,1,12,4,120.577285,24.273661,2
3601,66000,387130000C,(04)23274275,(04)23288582,2025,04,11,7,50,臺中市,后里區,0,0,0,7,,,40,,,,,,,,,,,,,,15,,,,,C03,,,1,,1,,,14,14,1,6,4,120.70467,24.293844,3
3602,66000,387130000C,(04)23274275,(04)23288582,2025,04,11,7,50,臺中市,石岡區,0,0,0,7,,,70,,,,,,,,,,,,,,,,,,,B13,,,1,,1,,,40,40,1,12,4,120.779238,24.27442,3
3603,66000,387130000C,(04)23274275,(04)23288582,2025,04,11,7,51,臺中市,豐原區,0,1,0,7,2,6,50,13,7,1,5,4,6,6,4,4,5,5,4,2,12,3,10,1,1,C03,7,8,1,10,2,14,,40,40,1,13,4,120.709254,24.245163,2
3604,66000,387130000C,(04)23274275,(04)23288582,2025,04,11,7,52,臺中市,太平區,0,0,0,7,,,30,,,,,,,,,,,,,,17,,,,,B03,,,1,,11,,,50,50,1,13,4,120.734834,24.147324,3
3605,66000,387130000C,(04)23274275,(04)23288582,2025,04,11,7,52,臺中市,太平區,0,1,0,7,2,6,50,13,9,1,5,4,6,6,4,4,9,5,5,2,17,2,9,1,1,C03,7,1,1,10,2,14,,51,51,1,6,4,120.723936,24.146211,2
3606,66000,387130000C,(04)23274275,(04)23288582,2025,04,11,7,54,臺中市,霧峰區,0,1,0,7,2,6,50,13,9,1,5,4,6,6,4,4,10,5,5,1,18,2,9,1,1,C03,7,9,1,10,2,12,,84,84,1,6,4,120.674214,24.047096,2
3607,66000,387130000C,(04)23274275,(04)23288582,2025,04,11,7,55,臺中市,大里區,0,1,0,7,2,6,50,5,1,1,5,4,6,6,1,1,1,4,5,1,17,2,9,1,1,C03,7,15,3,19,2,13,,84,84,1,13,4,120.686833,24.095377,2
3608,66000,387130000C,(04)23274275,(04)23288582,2025,04,11,7,56,臺中市,南屯區,0,2,0,7,3,6,50,4,1,1,5,4,6,6,1,1,5,5,4,2,16,2,9,1,1,C03,7,6,3,19,1,11,,11,11,1,12,4,120.649893,24.143803,2
3609,66000,387130000C,(04)23274275,(04)23288582,2025,04,11,7,56,臺中市,北屯區,0,1,0,7,2,6,50,3,1,1,5,4,6,6,4,4,10,5,5,2,17,2,9,1,1,C03,7,9,1,10,2,14,,20,20,1,13,4,120.683469,24.172954,2
3610,66000,387130000C,(04)23274275,(04)23288582,2025,04,11,7,56,臺中市,北屯區,0,0,0,7,,,30,,,,,,,,,,,,,,,,,,,B03,,,1,,1,,,7,7,1,13,4,120.67867,24.187495,3
3611,66000,387130000C,(04)23274275,(04)23288582,2025,04,11,7,57,臺中市,豐原區,0,0,0,7,,,50,,,,,,,,,,,,,,13,,,,,B03,,,1,,2,,,82,82,1,13,4,120.708535,24.245921,3
3612,66000,387130000C,(04)23274275,(04)23288582,2025,04,11,7,59,臺中市,北屯區,0,1,0,7,3,6,50,3,1,1,5,4,6,6,2,1,10,5,5,2,16,3,10,3,1,B03,7,6,1,8,2,1,,11,11,1,12,4,120.70566,24.172837,2
3613,66000,387130000C,(04)23274275,(04)23288582,2025,04,11,8,0,臺中市,西區,0,0,0,7,,,50,,,,,,,,,,,,,,,,,,,B03,,,1,,1,,,84,84,1,12,4,120.66249,24.134102,3
3614,66000,387130000C,(04)23274275,(04)23288582,2025,04,11,8,0,臺中市,西區,0,0,0,7,,,40,,,,,,,,,,,,,,13,,,,,B03,,,1,,1,,,7,7,1,12,4,120.660422,24.156822,3
3615,66000,387130000C,(04)23274275,(04)23288582,2025,04,11,8,0,臺中市,北區,0,0,0,7,,,50,,,,,,,,,,,,,,13,,,,,B03,,,1,,1,,,7,7,1,13,4,120.684227,24.145313,3
3616,66000,387130000C,(04)23274275,(04)23288582,2025,04,11,8,0,臺中市,大里區,0,0,0,7,,,50,,,,,,,,,,,,,,13,,,,,B03,,,1,,2,,,84,84,1,6,4,120.691114,24.093686,3
3617,66000,387130000C,(04)23274275,(04)23288582,2025,04,11,8,0,臺中市,沙鹿區,0,0,0,7,,,50,,,,,,,,,,,,,,17,,,,,B03,,,1,,2,,,50,50,1,6,4,120.609523,24.243018,3
3618,66000,387130000C,(04)23274275,(04)23288582,2025,04,11,8,0,臺中市,梧棲區,0,2,0,7,3,6,70,13,9,1,5,4,6,6,1,1,1,4,5,1,13,2,1,3,1,B03,7,9,1,8,2,1,,7,7,1,6,4,120.556379,24.242438,2
3619,66000,387130000C,(04)23274275,(04)23288582,2025,04,11,8,0,臺中市,神岡區,0,0,0,7,1,6,30,3,1,1,5,4,3,3,4,4,10,5,5,2,14,,,,,B03,,,1,,6,,,49,49,1,12,4,120.660031,24.256776,3
3620,66000,387130000C,(04)23274275,(04)23288582,2025,04,11,8,1,臺中市,東區,0,0,0,7,,,50,,,,,,,,,,,,,,13,,,,,F02,,,7,,1,,,7,7,1,12,4,120.706186,24.129614,3
3621,66000,387130000C,(04)23274275,(04)23288582,2025,04,11,8,1,臺中市,南屯區,0,1,0,7,2,6,50,3,2,1,5,4,6,6,4,4,10,5,5,2,18,2,9,2,1,C03,7,9,1,10,2,14,,59,59,1,12,4,120.604725,24.13542,2
3622,66000,387130000C,(04)23274275,(04)23288582,2025,04,11,8,1,臺中市,西屯區,0,1,0,7,3,6,30,13,9,1,5,4,6,6,4,4,10,5,5,2,16,3,10,5,4,B03,7,1,1,8,2,1,,51,51,1,12,4,120.618381,24.175462,2
3623,66000,387130000C,(04)23274275,(04)23288582,2025,04,11,8,2,臺中市,大雅區,0,0,0,7,,,30,,,,,,,,,,,,,,,,,,,C03,,,1,,1,,,84,84,1,12,4,120.664427,24.225923,3
3624,66000,387130000C,(04)23274275,(04)23288582,2025,04,11,8,4,臺中市,南屯區,0,1,0,6,2,6,50,3,1,1,5,4,6,6,4,4,5,4,4,2,16,3,10,3,1,B03,7,6,1,10,9,5,,14,14,1,6,4,120.612484,24.151387,2
3625,66000,387130000C,(04)23274275,(04)23288582,2025,04,11,8,11,臺中市,西屯區,0,1,0,7,2,6,50,13,9,1,5,4,6,6,4,4,8,3,5,2,12,3,10,5,4,B03,7,11,1,8,2,8,,45,45,1,13,4,120.611917,24.191612,2
3626,66000,387130000C,(04)23274275,(04)23288582,2025,04,11,8,12,臺中市,潭子區,0,2,0,7,2,6,50,13,12,1,5,4,6,6,4,4,1,3,4,1,13,2,9,1,1,C03,7,9,1,10,2,11,,7,7,1,13,4,120.698695,24.216396,2
3627,66000,387130000C,(04)23274275,(04)23288582,2025,04,11,8,14,臺中市,西區,0,0,0,7,,,50,,,,,,,,,,,,,,,,,,,A05,,,1,,1,,,20,20,1,12,4,120.666736,24.141067,3
3628,66000,387130000C,(04)23274275,(04)23288582,2025,04,11,8,14,臺中市,北區,0,0,0,7,,,50,,,,,,,,,,,,,,13,,,,,C03,,,1,,1,,,84,84,1,13,4,120.664982,24.164654,3
3629,66000,387130000C,(04)23274275,(04)23288582,2025,04,11,8,15,臺中市,北屯區,0,0,0,7,,,30,,,,,,,,,,,,,,13,,,,,B03,,,1,,1,,,7,7,1,12,4,120.699656,24.182534,3
3630,66000,387130000C,(04)23274275,(04)23288582,2025,04,11,8,16,臺中市,豐原區,0,2,0,7,2,6,50,4,2,1,5,4,6,6,2,1,1,2,5,1,12,2,9,2,1,F03,7,9,7,21,2,11,,7,7,1,6,4,120.727444,24.248796,2
3631,66000,387130000C,(04)23274275,(04)23288582,2025,04,11,8,17,臺中市,南區,0,0,0,7,,,50,,,,,,,,,,,,,,16,,,,,B03,,,1,,1,,,14,14,1,12,4,120.662432,24.124235,3
3632,66000,387130000C,(04)23274275,(04)23288582,2025,04,11,8,17,臺中市,南屯區,0,0,0,7,3,6,50,13,9,1,5,4,6,6,4,4,5,5,5,2,14,,,,,B03,,,1,,1,,,49,49,1,12,4,120.634815,24.147849,3
3633,66000,387130000C,(04)23274275,(04)23288582,2025,04,11,8,17,臺中市,西屯區,0,0,0,7,,,50,,,,,,,,,,,,,,13,,,,,C03,,,1,,1,,,7,7,1,13,4,120.651816,24.165933,3
3634,66000,387130000C,(04)23274275,(04)23288582,2025,04,11,8,17,臺中市,豐原區,0,0,0,7,,,60,,,,,,,,,,,,,,,,,,,C03,,,3,,2,,,58,58,1,13,4,120.736661,24.259203,3
3635,66000,387130000C,(04)23274275,(04)23288582,2025,04,11,8,18,臺中市,南屯區,0,0,0,7,,,50,,,,,,,,,,,,,,12,,,,,B03,,,1,,1,,,8,8,1,12,4,120.629062,24.136271,3
3636,66000,387130000C,(04)23274275,(04)23288582,2025,04,11,8,18,臺中市,北屯區,0,0,0,7,,,50,,,,,,,,,,,,,,13,,,,,B03,,,1,,1,,,50,50,1,6,4,120.709185,24.171185,3
3637,66000,387130000C,(04)23274275,(04)23288582,2025,04,11,8,20,臺中市,南屯區,0,0,0,7,,,50,,,,,,,,,,,,,,13,,,,,B03,,,1,,1,,,59,59,1,12,4,120.628928,24.145016,3
3638,66000,387130000C,(04)23274275,(04)23288582,2025,04,11,8,20,臺中市,大里區,0,0,0,7,,,50,,,,,,,,,,,,,,17,,,,,C02,,,1,,1,,,7,7,1,13,4,120.71226,24.083281,3
3639,66000,387130000C,(04)23274275,(04)23288582,2025,04,11,8,21,臺中市,北區,0,0,0,7,2,6,50,4,2,1,5,4,6,6,4,1,5,2,4,2,13,,,,,B02,,,1,,1,,,7,7,1,12,4,120.686554,24.159201,3
3640,66000,387130000C,(04)23274275,(04)23288582,2025,04,11,8,22,臺中市,大雅區,0,1,0,7,3,6,30,4,2,1,5,4,6,6,1,1,5,2,5,1,9,3,10,3,1,B03,7,5,1,8,2,6,,84,84,1,12,4,120.674204,24.240865,2
3641,66000,387130000C,(04)23274275,(04)23288582,2025,04,11,8,23,臺中市,北區,0,1,0,7,2,6,50,4,1,1,5,4,6,6,1,1,5,4,4,2,12,2,9,1,1,C03,7,9,1,10,2,12,,8,8,1,12,4,120.670469,24.159198,2
3642,66000,387130000C,(04)23274275,(04)23288582,2025,04,11,8,24,臺中市,北區,0,1,0,7,3,6,50,4,9,1,5,4,6,6,4,4,5,4,4,2,13,2,9,5,4,C03,7,9,1,10,2,11,,84,84,1,13,4,120.664824,24.162742,2
3643,66000,387130000C,(04)23274275,(04)23288582,2025,04,11,8,24,臺中市,東區,0,0,0,7,,,50,,,,,,,,,,,,,,,,,,,B03,,,1,,2,,,7,7,1,6,4,120.684236,24.12619,3
3644,66000,387130000C,(04)23274275,(04)23288582,2025,04,11,8,24,臺中市,東區,0,1,0,7,1,6,50,3,1,1,5,4,6,6,1,1,9,4,5,2,12,3,10,3,1,B03,7,9,1,8,2,2,,7,7,1,12,4,120.697993,24.136945,2
3645,66000,387130000C,(04)23274275,(04)23288582,2025,04,11,8,27,臺中市,西區,0,2,0,7,2,6,50,4,2,1,5,4,6,6,4,4,5,5,5,2,17,2,9,1,1,C04,7,9,1,10,2,11,,7,7,1,12,4,120.678324,24.139277,2
3646,66000,387130000C,(04)23274275,(04)23288582,2025,04,11,8,27,臺中市,沙鹿區,0,0,0,7,,,50,,,,,,,,,,,,,,,,,,,C03,,,1,,2,,,20,20,1,6,4,120.572558,24.211313,3
3647,66000,387130000C,(04)23274275,(04)23288582,2025,04,11,8,30,臺中市,北屯區,0,0,0,7,,,50,,,,,,,,,,,,,,12,,,,,C03,,,1,,1,,,84,84,1,12,4,120.666106,24.190026,3
3648,66000,387130000C,(04)23274275,(04)23288582,2025,04,11,8,30,臺中市,神岡區,0,0,0,7,,,30,,,,,,,,,,,,,,14,,,,,B03,,,1,,1,,,49,49,1,13,4,120.696021,24.251446,3
3649,66000,387130000C,(04)23274275,(04)23288582,2025,04,11,8,32,臺中市,西屯區,0,2,0,7,2,6,50,3,1,1,5,4,6,6,3,1,5,5,5,2,16,2,9,5,4,C03,7,1,1,10,2,13,14,51,51,1,12,4,120.657879,24.167436,2
3650,66000,387130000C,(04)23274275,(04)23288582,2025,04,11,8,33,臺中市,大里區,0,0,0,7,,,50,,,,,,,,,,,,,,17,,,,,C03,,,1,,2,,,50,50,1,12,4,120.68107,24.109606,3
3651,66000,387130000C,(04)23274275,(04)23288582,2025,04,11,8,34,臺中市,太平區,0,1,0,7,2,6,50,3,2,1,5,4,6,6,4,4,5,4,4,1,16,2,9,2,1,C03,7,6,1,10,2,13,,14,14,1,13,4,120.720454,24.149095,2
3652,66000,387130000C,(04)23274275,(04)23288582,2025,04,11,8,39,臺中市,西屯區,0,1,0,7,2,6,50,4,1,1,5,4,6,6,2,1,10,5,5,2,16,3,10,1,1,C03,7,5,1,10,2,12,,11,11,1,13,4,120.639414,24.188611,2
3653,66000,387130000C,(04)23274275,(04)23288582,2025,04,11,8,41,臺中市,西區,0,1,0,7,2,6,50,3,1,1,5,4,6,6,1,1,10,5,5,2,17,3,10,3,1,B03,7,1,1,8,2,8,,51,51,1,12,4,120.658811,24.156009,2
3654,66000,387130000C,(04)23274275,(04)23288582,2025,04,11,8,41,臺中市,北屯區,0,0,0,7,,,80,,,,,,,,,,,,,,13,,,,,B03,,,1,,1,,,8,8,1,13,4,120.721007,24.175269,3
3655,66000,387130000C,(04)23274275,(04)23288582,2025,04,11,8,42,臺中市,太平區,0,1,0,7,2,6,50,4,1,1,5,4,6,6,1,1,10,5,5,2,16,2,9,2,1,C03,7,5,1,10,2,13,,84,84,1,13,4,120.715928,24.148832,2
3656,66000,387130000C,(04)23274275,(04)23288582,2025,04,11,8,43,臺中市,南屯區,0,0,0,7,,,50,,,,,,,,,,,,,,12,,,,,B13,,,1,,2,,,42,42,1,12,4,120.648705,24.150917,3
3657,66000,387130000C,(04)23274275,(04)23288582,2025,04,11,8,45,臺中市,西屯區,0,2,0,7,3,6,30,13,9,1,5,4,6,6,4,4,10,5,5,2,11,2,7,5,4,C03,7,1,1,10,2,11,,58,58,1,12,4,120.648432,24.176539,2
3658,66000,387130000C,(04)23274275,(04)23288582,2025,04,11,8,52,臺中市,太平區,0,1,0,7,2,6,50,4,2,1,5,4,6,6,2,1,5,5,5,2,16,3,10,3,1,B03,7,5,1,8,2,2,,20,20,1,6,4,120.722234,24.109775,2
3659,66000,387130000C,(04)23274275,(04)23288582,2025,04,11,8,57,臺中市,大甲區,0,1,0,7,3,6,30,13,9,1,5,4,6,6,4,4,10,5,5,2,18,2,9,1,1,C03,7,9,1,10,2,12,,59,59,1,12,4,120.652434,24.379151,2
3660,66000,387130000C,(04)23274275,(04)23288582,2025,04,11,8,58,臺中市,大里區,0,0,0,7,,,50,,,,,,,,,,,,,,,,,,,B12,,,1,,1,,,84,84,1,6,4,120.708582,24.086316,3
3661,66000,387130000C,(04)23274275,(04)23288582,2025,04,11,8,59,臺中市,沙鹿區,0,0,0,7,,,50,,,,,,,,,,,,,,17,,,,,C03,,,1,,1,,,24,24,1,6,4,120.557809,24.23319,3
3662,66000,387130000C,(04)23274275,(04)23288582,2025,04,11,9,0,臺中市,潭子區,0,0,0,7,,,50,,,,,,,,,,,,,,12,,,,,B12,,,1,,2,,,7,7,1,13,4,120.703767,24.20114,3
3663,66000,387130000C,(04)23274275,(04)23288582,2025,04,11,9,0,臺中市,豐原區,0,0,0,7,,,50,,,,,,,,,,,,,,13,,,,,C03,,,1,,2,,,7,7,1,6,4,120.759488,24.276898,3
3664,66000,387130000C,(04)23274275,(04)23288582,2025,04,11,9,1,臺中市,北區,0,1,0,7,2,6,50,13,9,1,5,4,6,6,4,4,9,5,5,2,17,3,10,5,1,B02,7,1,1,8,2,1,,51,51,1,13,4,120.673255,24.170405,2
3665,66000,387130000C,(04)23274275,(04)23288582,2025,04,11,9,1,臺中市,太平區,0,1,0,7,2,6,50,4,2,1,5,4,6,6,4,4,5,5,4,1,16,2,9,1,1,C03,7,15,1,10,2,14,,84,84,1,6,4,120.730561,24.111656,2
3666,66000,387130000C,(04)23274275,(04)23288582,2025,04,11,9,1,臺中市,豐原區,0,0,0,7,,,40,,,,,,,,,,,,,,13,,,,,C04,,,1,,2,,,84,84,1,12,4,120.717847,24.249514,3
3667,66000,387130000C,(04)23274275,(04)23288582,2025,04,11,9,5,臺中市,霧峰區,0,1,0,7,2,6,50,13,9,1,5,4,6,6,4,4,10,5,5,1,13,2,9,2,1,C03,7,9,1,10,2,11,,7,7,1,6,4,120.684967,24.05719,2
3668,66000,387130000C,(04)23274275,(04)23288582,2025,04,11,9,8,臺中市,東區,0,0,0,7,,,30,,,,,,,,,,,,,,14,,,,,B11,,,1,,1,,,49,49,1,13,4,120.697688,24.130874,3
3669,66000,387130000C,(04)23274275,(04)23288582,2025,04,11,9,8,臺中市,北屯區,0,0,0,7,,,50,,,,,,,,,,,,,,,,,,,B03,,,1,,1,,,26,26,1,13,4,120.721003,24.175968,3
3670,66000,387130000C,(04)23274275,(04)23288582,2025,04,11,9,13,臺中市,西屯區,0,0,0,7,,,50,,,,,,,,,,,,,,13,,,,,B03,,,1,,1,,,7,7,1,13,4,120.618647,24.18149,3
3671,66000,387130000C,(04)23274275,(04)23288582,2025,04,11,9,15,臺中市,北區,0,2,0,7,2,6,50,13,9,1,5,4,6,6,4,4,5,4,5,2,12,2,9,6,1,F02,7,9,7,21,2,12,,8,8,1,12,4,120.681193,24.157279,2
3672,66000,387130000C,(04)23274275,(04)23288582,2025,04,11,9,15,臺中市,梧棲區,0,1,0,7,3,6,40,13,8,1,5,4,6,6,4,4,1,4,1,1,16,3,10,3,1,B12,7,5,1,8,2,6,,41,41,1,6,4,120.543596,24.247612,2
3673,66000,387130000C,(04)23274275,(04)23288582,2025,04,11,9,16,臺中市,豐原區,0,1,0,7,2,6,50,3,4,1,5,4,6,6,1,1,5,4,5,2,17,3,10,3,1,B03,7,9,1,8,2,5,,7,7,1,13,4,120.726384,24.242426,2
3674,66000,387130000C,(04)23274275,(04)23288582,2025,04,11,9,22,臺中市,南區,0,2,0,7,2,6,40,4,1,1,5,4,6,6,1,1,10,5,5,2,13,2,9,1,1,C03,7,9,1,10,2,11,,84,84,1,12,4,120.678708,24.13264,2
3675,66000,387130000C,(04)23274275,(04)23288582,2025,04,11,9,24,臺中市,北屯區,0,0,0,7,,,50,,,,,,,,,,,,,,12,,,,,B03,,,1,,2,,,59,59,1,6,4,120.658158,24.182373,3
3676,66000,387130000C,(04)23274275,(04)23288582,2025,04,11,9,25,臺中市,北屯區,0,0,0,7,,,50,,,,,,,,,,,,,,12,,,,,B03,,,1,,1,,,59,59,1,12,4,120.689389,24.191658,3
3677,66000,387130000C,(04)23274275,(04)23288582,2025,04,11,9,25,臺中市,大甲區,0,2,0,7,2,6,50,3,1,1,5,4,6,6,1,1,10,5,5,2,13,2,9,2,1,C03,7,9,1,10,2,12,,7,7,1,6,4,120.63368,24.34496,2
3678,66000,387130000C,(04)23274275,(04)23288582,2025,04,11,9,29,臺中市,豐原區,0,0,0,7,,,50,,,,,,,,,,,,,,12,,,,,B03,,,1,,2,,,40,40,1,13,4,120.729779,24.255258,3
3679,66000,387130000C,(04)23274275,(04)23288582,2025,04,11,9,30,臺中市,北區,0,1,0,7,3,6,50,13,9,1,5,4,6,6,4,4,5,4,5,2,18,2,9,5,4,C03,7,9,1,10,2,12,,84,84,1,13,4,120.668708,24.155886,2
3680,66000,387130000C,(04)23274275,(04)23288582,2025,04,11,9,32,臺中市,龍井區,0,0,0,7,,,50,,,,,,,,,,,,,,12,,,,,B12,,,3,,1,,,55,55,1,7,4,120.582626,24.178376,3
3681,66000,387130000C,(04)23274275,(04)23288582,2025,04,11,9,36,臺中市,大里區,0,1,0,7,2,6,50,13,9,1,5,4,6,6,4,4,5,5,5,1,16,3,10,3,1,B03,7,6,1,8,2,2,,39,39,1,13,4,120.680311,24.095397,2
3682,66000,387130000C,(04)23274275,(04)23288582,2025,04,11,9,36,臺中市,豐原區,0,1,0,7,2,6,50,13,7,1,5,4,6,6,4,4,5,5,4,2,12,2,9,1,1,C03,7,1,1,10,2,11,14,20,20,1,6,4,120.733266,24.253227,2
3683,66000,387130000C,(04)23274275,(04)23288582,2025,04,11,9,42,臺中市,北屯區,0,1,0,7,3,6,50,4,1,1,5,4,6,6,1,1,10,5,5,2,16,3,10,3,1,B01,7,11,1,4,2,4,,45,45,1,12,4,120.657748,24.188409,2
3684,66000,387130000C,(04)23274275,(04)23288582,2025,04,11,9,49,臺中市,太平區,0,1,0,7,2,6,50,3,2,1,5,4,6,6,4,4,5,4,4,1,13,3,10,3,1,B03,7,7,1,8,2,5,,40,40,1,13,4,120.734939,24.12556,2
3685,66000,387130000C,(04)23274275,(04)23288582,2025,04,11,9,49,臺中市,大甲區,0,0,0,7,,,50,,,,,,,,,,,,,,,,,,,C03,,,3,,2,,,51,51,1,12,4,120.625157,24.347701,3
3686,66000,387130000C,(04)23274275,(04)23288582,2025,04,11,9,50,臺中市,龍井區,0,2,0,7,2,6,40,13,8,1,5,4,6,6,2,1,3,5,3,2,13,2,9,6,1,F01,7,9,7,21,2,11,,7,7,1,5,4,120.592711,24.182877,2
3687,66000,387130000C,(04)23274275,(04)23288582,2025,04,11,9,51,臺中市,霧峰區,0,2,0,7,2,6,40,4,1,1,5,4,6,6,1,1,10,5,5,2,17,2,9,1,1,F03,7,8,7,21,2,14,,84,84,1,13,4,120.706968,24.07586,2
3688,66000,387130000C,(04)23274275,(04)23288582,2025,04,11,9,52,臺中市,南屯區,0,0,0,7,,,50,,,,,,,,,,,,,,,,,,,B03,,,1,,2,,,51,51,1,6,4,120.652286,24.15299,3
3689,66000,387130000C,(04)23274275,(04)23288582,2025,04,11,9,55,臺中市,北區,0,1,0,7,2,6,50,4,2,1,5,4,6,6,2,1,10,5,5,1,18,2,9,1,1,C04,7,15,1,10,2,15,,84,84,1,13,4,120.67836,24.151488,2
3690,66000,387130000C,(04)23274275,(04)23288582,2025,04,11,9,56,臺中市,南屯區,0,1,0,7,2,6,50,13,9,1,5,4,6,6,4,4,9,4,5,2,13,2,9,1,1,C03,7,9,1,10,1,11,,7,7,1,12,4,120.652805,24.151634,2
3691,66000,387130000C,(04)23274275,(04)23288582,2025,04,11,9,56,臺中市,大里區,0,2,0,7,2,6,50,13,9,1,5,4,6,6,4,4,1,4,5,2,12,2,9,1,1,C03,7,9,1,10,2,11,,84,84,1,6,4,120.698585,24.079183,2
3692,66000,387130000C,(04)23274275,(04)23288582,2025,04,11,9,56,臺中市,大肚區,0,2,0,7,2,6,50,3,1,1,5,4,6,6,2,1,10,4,5,2,17,3,10,3,1,B03,7,15,1,8,2,5,,20,20,1,8,4,120.582318,24.168073,2
3693,66000,387130000C,(04)23274275,(04)23288582,2025,04,11,9,57,臺中市,潭子區,0,2,0,7,3,6,50,4,1,1,5,4,6,6,4,4,10,5,5,2,12,2,8,2,1,C03,7,9,1,10,2,14,,8,8,1,13,2,120.707962,24.202204,2
3694,66000,387130000C,(04)23274275,(04)23288582,2025,04,11,9,58,臺中市,南屯區,0,0,0,7,,,80,,,,,,,,,,,,,,17,,,,,B03,,,1,,9,,,87,87,1,12,4,120.623033,24.140267,3
3695,66000,387130000C,(04)23274275,(04)23288582,2025,04,11,9,59,臺中市,烏日區,0,0,0,7,,,50,,,,,,,,,,,,,,,,,,,B03,,,1,,2,,,7,7,1,13,4,120.650386,24.106916,3
3696,66000,387130000C,(04)23274275,(04)23288582,2025,04,11,10,1,臺中市,太平區,0,0,0,7,2,6,40,13,8,1,5,4,6,6,4,4,9,5,4,2,17,3,10,3,1,B12,7,15,1,8,2,2,,84,84,1,6,4,120.707581,24.126288,3
3697,66000,387130000C,(04)23274275,(04)23288582,2025,04,11,10,4,臺中市,太平區,0,0,0,7,2,6,30,3,2,1,5,4,6,6,4,4,10,5,5,2,14,3,10,3,1,B11,7,2,1,4,2,7,,49,49,1,6,4,120.727318,24.134754,3
3698,66000,387130000C,(04)23274275,(04)23288582,2025,04,11,10,5,臺中市,清水區,0,0,0,7,,,50,,,,,,,,,,,,,,17,,,,,B03,,,1,,1,,,49,49,1,12,4,120.57404,24.26552,3
3699,66000,387130000C,(04)23274275,(04)23288582,2025,04,11,10,8,臺中市,南屯區,0,1,0,7,3,6,50,13,9,1,5,4,6,6,1,1,1,2,1,2,17,3,10,3,1,B03,7,8,1,10,1,5,,84,84,1,12,4,120.62267,24.140394,2
3700,66000,387130000C,(04)23274275,(04)23288582,2025,04,11,10,10,臺中市,南屯區,0,1,0,7,2,6,50,13,9,1,5,4,6,6,4,4,1,4,5,2,17,3,10,4,1,B12,7,14,1,8,2,4,,76,76,1,6,4,120.625781,24.144592,2
3701,66000,387130000C,(04)23274275,(04)23288582,2025,04,11,10,11,臺中市,豐原區,0,1,0,7,2,6,50,3,1,1,5,4,6,6,4,4,10,5,5,2,15,3,10,3,1,B03,7,1,1,8,2,5,,51,51,1,13,4,120.714655,24.248069,2
3702,66000,387130000C,(04)23274275,(04)23288582,2025,04,11,10,12,臺中市,南區,0,0,0,7,,,50,,,,,,,,,,,,,,,,,,,C03,,,1,,1,,,49,49,1,12,4,120.662709,24.123125,3
3703,66000,387130000C,(04)23274275,(04)23288582,2025,04,11,10,12,臺中市,南屯區,0,1,1,7,2,6,50,13,7,1,5,4,6,6,4,4,9,4,4,2,11,2,9,1,1,C03,7,6,1,10,2,11,,85,85,1,12,4,120.637558,24.138731,2
3704,66000,387130000C,(04)23274275,(04)23288582,2025,04,11,10,15,臺中市,清水區,0,0,0,7,2,6,30,3,1,1,5,4,6,6,4,4,9,3,5,2,12,,,,,B03,,,1,,1,,,8,8,1,12,4,120.580263,24.289838,3