序號,縣市別代碼,機關代碼,市話,傳真,年,月,日,時,分,縣市,區,死亡數量,受傷數量,2-30,天候,道路照明設備,道路類別,道路速限,道路型態,事故位置,路面鋪裝,路面狀態,路面缺陷,障礙物,視距,號誌種類,號誌動作,分向設施,快車道或一般車道間,快慢車道間,路面邊線,事故類型及型態,受傷程度,主要傷處,保護裝備,行動電話或功能裝置,當事者區分（類別）,車輛用途,當事者行動狀態,駕照狀態,駕照種類,飲酒情形,車輛撞擊部位最初,車輛撞擊部位其他,肇事因素個別,肇事因素主要,肇事逃逸,職業,共享經濟或外送平台,GPS座標X,GPS座標Y,事故類別
3816,66000,387130000C,(04)23274275,(04)23288582,2025,04,11,14,30,臺中市,大肚區,0,0,0,7,,,30,,,,,,,,,,,,,,17,,,,,B03,,,1,,2,,,84,84,1,6,4,120.57262,24.168775,3
3817,66000,387130000C,(04)23274275,(04)23288582,2025,04,11,14,31,臺中市,南屯區,0,0,0,7,,,50,,,,,,,,,,,,,,,,,,,B03,,,1,,1,,,84,84,1,6,4,120.637688,24.142538,3
3818,66000,387130000C,(04)23274275,(04)23288582,2025,04,11,14,36,臺中市,北屯區,0,2,0,7,2,6,50,4,2,1,5,4,6,6,2,1,5,4,4,2,12,3,10,1,1,C03,7,6,3,19,2,14,,48,48,1,6,4,120.676132,24.195406,2
3819,66000,387130000C,(04)23274275,(04)23288582,2025,04,11,14,38,臺中市,北屯區,0,0,0,7,,,50,,,,,,,,,,,,,,12,,,,,B12,,,1,,9,,,85,85,2,12,4,120.719454,24.177077,3
3820,66000,387130000C,(04)23274275,(04)23288582,2025,04,11,14,47,臺中市,西屯區,0,1,0,7,1,6,50,5,1,1,5,4,6,6,2,1,10,5,5,2,16,3,10,3,1,B03,7,5,1,8,2,5,,47,47,1,12,4,120.637023,24.172144,2
3821,66000,387130000C,(04)23274275,(04)23288582,2025,04,11,14,47,臺中市,西屯區,0,2,0,7,2,6,40,13,9,1,5,4,6,6,4,4,2,4,5,2,13,2,3,3,1,B03,7,9,1,8,2,1,,7,7,1,12,4,120.626686,24.159235,2
3822,66000,387130000C,(04)23274275,(04)23288582,2025,04,11,14,48,臺中市,東區,0,1,0,7,2,6,50,4,1,1,5,4,6,6,1,1,10,5,5,2,16,3,10,3,1,B12,7,6,1,8,2,6,,11,11,1,12,4,120.687331,24.130407,2
3823,66000,387130000C,(04)23274275,(04)23288582,2025,04,11,14,52,臺中市,大安區,0,0,0,7,,,30,,,,,,,,,,,,,,11,,,,,B03,,,1,,3,,,41,41,1,6,4,120.605379,24.376604,3
3824,66000,387130000C,(04)23274275,(04)23288582,2025,04,11,14,54,臺中市,西屯區,0,0,0,7,,,50,,,,,,,,,,,,,,13,,,,,B12,,,1,,1,,,59,59,1,13,4,120.623192,24.18562,3
3825,66000,387130000C,(04)23274275,(04)23288582,2025,04,11,14,55,臺中市,大里區,0,0,0,7,,,50,,,,,,,,,,,,,,14,,,,,B03,,,1,,1,,,49,49,1,12,4,120.676587,24.107356,3
3826,66000,387130000C,(04)23274275,(04)23288582,2025,04,11,14,56,臺中市,潭子區,0,0,0,7,,,60,,,,,,,,,,,,,,13,,,,,B12,,,1,,2,,,84,84,1,13,4,120.70402,24.203066,3
3827,66000,387130000C,(04)23274275,(04)23288582,2025,04,11,14,58,臺中市,豐原區,0,1,0,7,2,6,50,4,1,1,5,4,6,6,4,4,5,5,4,2,15,2,9,1,1,C03,7,9,1,10,2,12,,12,12,1,13,4,120.718838,24.250573,2
3828,66000,387130000C,(04)23274275,(04)23288582,2025,04,11,15,0,臺中市,南屯區,0,0,0,7,,,50,,,,,,,,,,,,,,13,,,,,B03,,,1,,1,,,84,84,1,12,4,120.624787,24.155429,3
3829,66000,387130000C,(04)23274275,(04)23288582,2025,04,11,15,0,臺中市,清水區,0,0,0,7,,,30,,,,,,,,,,,,,,,,,,,B03,,,1,,2,,,8,8,1,12,4,120.55427,24.28016,3
3830,66000,387130000C,(04)23274275,(04)23288582,2025,04,11,15,1,臺中市,大里區,0,1,0,7,2,6,50,3,2,1,5,4,6,6,4,4,5,4,4,1,13,2,9,1,1,C03,7,9,1,10,2,14,11,7,7,1,6,4,120.675743,24.096012,2
3831,66000,387130000C,(04)23274275,(04)23288582,2025,04,11,15,1,臺中市,龍井區,0,1,0,7,1,6,50,3,1,1,5,4,6,6,4,4,10,5,5,2,16,3,10,1,1,C03,7,6,1,10,2,11,,6,6,1,6,4,120.589338,24.18069,2
3832,66000,387130000C,(04)23274275,(04)23288582,2025,04,11,15,5,臺中市,東區,0,1,0,7,3,6,40,3,2,1,5,4,6,6,4,4,5,4,5,2,17,3,10,2,1,C03,7,5,1,10,1,16,,12,12,1,13,4,120.682708,24.134904,2
3833,66000,387130000C,(04)23274275,(04)23288582,2025,04,11,15,6,臺中市,太平區,0,0,0,7,,,50,,,,,,,,,,,,,,,,,,,B12,,,1,,2,,,49,49,1,12,4,120.707925,24.111866,3
3834,66000,387130000C,(04)23274275,(04)23288582,2025,04,11,15,8,臺中市,大甲區,0,2,0,7,1,6,30,4,1,1,5,4,6,6,4,4,5,5,5,1,15,2,9,1,1,C03,7,9,1,10,2,12,,12,12,1,11,4,120.618961,24.34651,2
3835,66000,387130000C,(04)23274275,(04)23288582,2025,04,11,15,10,臺中市,潭子區,0,1,0,7,3,6,0,13,14,1,5,4,6,6,4,4,1,4,5,1,17,2,9,2,1,C03,7,9,1,10,2,11,,84,84,1,13,4,120.711678,24.20772,2
3836,66000,387130000C,(04)23274275,(04)23288582,2025,04,11,15,12,臺中市,南屯區,0,0,0,7,,,50,,,,,,,,,,,,,,,,,,,B12,,,1,,2,,,49,49,1,13,4,120.641524,24.120516,3
3837,66000,387130000C,(04)23274275,(04)23288582,2025,04,11,15,15,臺中市,北屯區,0,1,0,7,3,6,50,3,2,1,5,4,6,6,4,4,5,4,5,2,13,3,10,3,1,B12,7,9,1,7,2,8,,7,7,1,6,4,120.76059,24.1998,2
3838,66000,387130000C,(04)23274275,(04)23288582,2025,04,11,15,16,臺中市,北區,0,0,0,7,,,50,,,,,,,,,,,,,,11,,,,,B03,,,1,,1,,,11,11,1,13,4,120.675542,24.161506,3
3839,66000,387130000C,(04)23274275,(04)23288582,2025,04,11,15,16,臺中市,大里區,0,0,0,7,,,50,,,,,,,,,,,,,,16,,,,,B03,,,1,,2,,,11,11,1,13,4,120.674509,24.09768,3
3840,66000,387130000C,(04)23274275,(04)23288582,2025,04,11,15,18,臺中市,北屯區,0,0,0,7,,,50,,,,,,,,,,,,,,17,,,,,,,,,,,,,86,86,1,,,120.707744,24.185067,3
3841,66000,387130000C,(04)23274275,(04)23288582,2025,04,11,15,19,臺中市,西屯區,0,1,0,7,2,6,40,13,7,1,5,4,6,6,4,4,5,5,4,2,12,3,10,5,4,C03,7,8,1,10,1,14,,40,40,1,13,4,120.647481,24.17028,2
3842,66000,387130000C,(04)23274275,(04)23288582,2025,04,11,15,21,臺中市,東區,0,1,0,7,1,6,50,4,1,1,5,4,6,6,1,1,10,5,5,2,15,2,9,1,1,C03,7,9,1,10,2,14,,21,21,1,12,4,120.697183,24.142121,2
3843,66000,387130000C,(04)23274275,(04)23288582,2025,04,11,15,22,臺中市,南區,0,0,0,7,,,50,,,,,,,,,,,,,,,,,,,A41,,,1,,2,,,49,49,1,6,4,120.647912,24.120485,3
3844,66000,387130000C,(04)23274275,(04)23288582,2025,04,11,15,26,臺中市,龍井區,0,1,0,7,2,6,50,3,2,1,5,4,6,6,1,1,10,4,4,2,16,3,10,1,1,C03,7,9,3,19,2,11,,21,21,1,12,4,120.548477,24.203352,2
3845,66000,387130000C,(04)23274275,(04)23288582,2025,04,11,15,28,臺中市,霧峰區,0,1,0,7,3,6,40,4,1,1,5,4,6,6,1,1,10,5,5,2,16,2,9,1,1,C03,7,9,1,10,2,11,,7,7,1,5,4,120.705483,24.073806,2
3846,66000,387130000C,(04)23274275,(04)23288582,2025,04,11,15,30,臺中市,南區,0,0,0,7,,,,,,,,,,,,,,,,,17,,,,,,,,,,,,,119,119,1,,,120.653289,24.121969,3
3847,66000,387130000C,(04)23274275,(04)23288582,2025,04,11,15,31,臺中市,梧棲區,0,3,0,7,3,6,30,4,1,1,5,4,6,6,4,4,10,5,5,2,15,2,9,1,1,C03,7,9,1,10,2,12,,15,15,1,12,4,120.548462,24.260583,2
3848,66000,387130000C,(04)23274275,(04)23288582,2025,04,11,15,38,臺中市,大甲區,0,5,0,7,3,6,50,11,9,1,5,4,6,6,4,4,5,5,5,1,27,3,10,3,1,B03,7,9,1,8,2,5,,59,59,1,6,4,120.604111,24.337718,2
3849,66000,387130000C,(04)23274275,(04)23288582,2025,04,11,15,44,臺中市,清水區,0,1,0,7,3,6,50,13,9,1,5,4,6,6,4,4,5,5,5,1,17,3,10,3,1,B12,7,8,1,8,2,8,,35,35,1,12,4,120.544055,24.263005,2
3850,66000,387130000C,(04)23274275,(04)23288582,2025,04,11,15,50,臺中市,西屯區,0,0,0,7,,,50,,,,,,,,,,,,,,,,,,,C03,,,1,,1,,,7,7,1,13,4,120.643719,24.178248,4
3851,66000,387130000C,(04)23274275,(04)23288582,2025,04,11,15,55,臺中市,大雅區,0,0,0,7,,,70,,,,,,,,,,,,,,13,,,,,B12,,,1,,2,,,7,7,1,12,4,120.635749,24.235486,3
3852,66000,387130000C,(04)23274275,(04)23288582,2025,04,11,15,55,臺中市,太平區,0,1,0,7,2,6,50,4,1,1,5,4,6,6,1,1,10,5,5,2,16,3,10,1,1,F03,7,6,7,21,8,12,,11,11,1,12,4,120.724105,24.130638,2
3853,66000,387130000C,(04)23274275,(04)23288582,2025,04,11,15,56,臺中市,北屯區,0,1,0,7,2,6,50,4,1,1,5,4,6,6,2,1,10,5,5,2,16,3,10,3,1,B03,7,5,1,8,2,2,,47,47,1,12,4,120.692794,24.162343,2
3854,66000,387130000C,(04)23274275,(04)23288582,2025,04,11,15,57,臺中市,西屯區,0,0,0,7,,,40,,,,,,,,,,,,,,,,,,,C03,,,1,,1,,,85,85,1,12,4,120.604613,24.183536,3
3855,66000,387130000C,(04)23274275,(04)23288582,2025,04,11,15,59,臺中市,大里區,0,2,0,7,3,6,50,5,1,1,5,4,6,6,3,1,10,5,5,2,15,2,9,1,1,C03,7,9,1,10,2,11,,24,24,1,6,4,120.696915,24.08276,2
3856,66000,387130000C,(04)23274275,(04)23288582,2025,04,11,16,0,臺中市,霧峰區,0,1,0,6,2,6,50,4,1,1,5,4,6,6,2,1,10,5,5,2,16,3,10,3,1,A12,7,6,1,7,2,2,,11,11,1,13,4,120.698686,24.064478,2
3857,66000,387130000C,(04)23274275,(04)23288582,2025,04,11,16,0,臺中市,大肚區,0,1,0,7,2,6,70,4,1,1,5,4,6,6,2,1,10,5,5,2,16,3,10,3,1,B03,7,5,1,8,2,5,,11,11,1,6,4,120.542178,24.169375,2
3858,66000,387130000C,(04)23274275,(04)23288582,2025,04,11,16,2,臺中市,西區,0,0,0,7,,,50,,,,,,,,,,,,,,,,,,,B12,,,1,,1,,,84,84,1,12,4,120.679253,24.135124,4
3859,66000,387130000C,(04)23274275,(04)23288582,2025,04,11,16,2,臺中市,太平區,0,0,0,7,2,6,30,13,21,4,5,4,6,6,2,1,5,4,5,2,14,3,10,1,1,C03,7,2,1,10,1,13,,49,49,1,6,4,120.713519,24.158843,3
3860,66000,387130000C,(04)23274275,(04)23288582,2025,04,11,16,5,臺中市,南區,0,0,0,7,,,30,,,,,,,,,,,,,,9,,,,,B03,,,1,,1,,,8,8,1,6,4,120.666228,24.124841,3
3861,66000,387130000C,(04)23274275,(04)23288582,2025,04,11,16,5,臺中市,大甲區,0,0,0,7,,,50,,,,,,,,,,,,,,,,,,,B03,,,1,,1,,,14,14,1,13,4,120.622189,24.352171,3
3862,66000,387130000C,(04)23274275,(04)23288582,2025,04,11,16,8,臺中市,北屯區,0,1,0,7,2,6,50,4,4,1,5,4,6,6,1,1,1,2,5,2,13,2,9,1,1,C03,7,9,1,10,2,11,,7,7,1,12,4,120.701831,24.182039,2
3863,66000,387130000C,(04)23274275,(04)23288582,2025,04,11,16,8,臺中市,西屯區,0,0,0,7,,,40,,,,,,,,,,,,,,17,,,,,B03,,,1,,2,,,51,51,1,12,4,120.65214,24.156945,3
3864,66000,387130000C,(04)23274275,(04)23288582,2025,04,11,16,14,臺中市,西區,0,0,0,7,,,50,,,,,,,,,,,,,,,,,,,C03,,,1,,2,,,40,40,1,13,4,120.675433,24.133518,3
3865,66000,387130000C,(04)23274275,(04)23288582,2025,04,11,16,14,臺中市,南屯區,0,0,0,7,,,40,,,,,,,,,,,,,,17,,,,,,,,,,,,,119,119,1,,,120.610334,24.135676,3
3866,66000,387130000C,(04)23274275,(04)23288582,2025,04,11,16,15,臺中市,沙鹿區,0,1,0,7,2,6,30,4,1,1,5,4,6,6,4,4,10,5,5,2,16,3,10,3,1,B03,7,6,1,8,2,8,,13,13,1,12,4,120.560973,24.241838,2
3867,66000,387130000C,(04)23274275,(04)23288582,2025,04,11,16,16,臺中市,霧峰區,0,0,0,7,,,40,,,,,,,,,,,,,,,,,,,B03,,,1,,2,,,84,84,1,13,4,120.663019,24.072322,3
3868,66000,387130000C,(04)23274275,(04)23288582,2025,04,11,16,20,臺中市,龍井區,0,0,0,6,,,50,,,,,,,,,,,,,,16,,,,,B03,,,1,,2,,,12,12,1,6,4,120.589081,24.188929,3
3869,66000,387130000C,(04)23274275,(04)23288582,2025,04,11,16,22,臺中市,西屯區,0,0,0,6,,,40,,,,,,,,,,,,,,13,,,,,C03,,,1,,2,,,7,7,1,12,4,120.649871,24.162715,3
3870,66000,387130000C,(04)23274275,(04)23288582,2025,04,11,16,24,臺中市,東區,0,0,0,7,,,50,,,,,,,,,,,,,,,,,,,B12,,,1,,1,,,47,47,1,13,4,120.68818,24.14334,3
3871,66000,387130000C,(04)23274275,(04)23288582,2025,04,11,16,30,臺中市,潭子區,0,1,0,6,2,6,60,13,8,1,5,4,6,6,4,4,3,4,4,1,18,2,9,1,1,C03,7,9,1,10,2,11,,84,84,1,12,4,120.708598,24.229299,2
3872,66000,387130000C,(04)23274275,(04)23288582,2025,04,11,16,30,臺中市,西區,0,0,0,7,,,50,,,,,,,,,,,,,,17,,,,,C03,,,6,,1,,,84,84,1,12,4,120.673635,24.136768,3
3873,66000,387130000C,(04)23274275,(04)23288582,2025,04,11,16,30,臺中市,北屯區,0,1,0,7,3,6,50,13,7,1,5,4,6,6,4,4,5,5,4,2,17,2,9,2,1,C03,7,1,1,10,2,14,,51,51,1,6,4,120.687316,24.170439,2
3874,66000,387130000C,(04)23274275,(04)23288582,2025,04,11,16,31,臺中市,外埔區,0,1,0,7,2,6,30,13,9,1,5,4,6,6,4,4,10,5,5,2,27,2,1,3,1,B12,7,9,1,8,2,8,,84,84,1,12,4,120.689125,24.331228,2
3875,66000,387130000C,(04)23274275,(04)23288582,2025,04,11,16,33,臺中市,西屯區,0,0,0,7,,,70,,,,,,,,,,,,,,13,,,,,B03,,,1,,1,,,7,7,1,13,4,120.619111,24.181355,3
3876,66000,387130000C,(04)23274275,(04)23288582,2025,04,11,16,34,臺中市,北區,0,0,0,7,,,30,,,,,,,,,,,,,,17,,,,,B03,,,1,,1,,,84,84,1,13,4,120.669753,24.165689,3
3877,66000,387130000C,(04)23274275,(04)23288582,2025,04,11,16,35,臺中市,北屯區,0,2,0,7,2,6,50,13,9,1,5,4,6,6,4,4,9,4,5,2,17,3,10,3,1,B03,7,1,1,8,2,5,,51,51,1,12,4,120.731807,24.160242,2
3878,66000,387130000C,(04)23274275,(04)23288582,2025,04,11,16,35,臺中市,西屯區,0,1,0,7,2,6,40,13,8,1,5,4,6,6,4,4,1,4,3,2,13,2,9,2,1,C03,7,9,1,10,2,11,,7,7,1,12,4,120.655278,24.159986,2
3879,66000,387130000C,(04)23274275,(04)23288582,2025,04,11,16,35,臺中市,梧棲區,0,0,0,7,,,70,,,,,,,,,,,,,,16,,,,,A31,,,1,,2,,,4,4,1,6,4,120.513531,24.228162,3
3880,66000,387130000C,(04)23274275,(04)23288582,2025,04,11,16,35,臺中市,神岡區,0,1,0,7,1,6,50,3,1,1,5,4,6,6,4,4,10,5,5,1,16,3,10,1,1,C03,7,6,1,10,2,11,,14,14,1,11,4,120.696938,24.251622,2
3881,66000,387130000C,(04)23274275,(04)23288582,2025,04,11,16,37,臺中市,大里區,0,2,0,7,2,6,30,3,2,1,5,4,6,6,4,4,5,5,4,2,16,2,9,2,1,C03,7,6,3,19,2,14,,48,48,1,12,4,120.690217,24.10442,2
3882,66000,387130000C,(04)23274275,(04)23288582,2025,04,11,16,38,臺中市,南屯區,0,0,0,7,,,50,,,,,,,,,,,,,,14,,,,,B12,,,1,,1,,,49,49,1,12,4,120.639449,24.131042,3
3883,66000,387130000C,(04)23274275,(04)23288582,2025,04,11,16,40,臺中市,西區,0,2,0,7,3,6,30,4,1,1,5,4,6,6,4,4,10,5,5,2,15,2,9,1,1,C03,7,9,1,10,2,11,,15,15,1,13,4,120.660522,24.135829,2
3884,66000,387130000C,(04)23274275,(04)23288582,2025,04,11,16,40,臺中市,南屯區,0,0,0,7,,,60,,,,,,,,,,,,,,12,,,,,C03,,,1,,1,,,59,59,1,12,4,120.620914,24.139957,4
3885,66000,387130000C,(04)23274275,(04)23288582,2025,04,11,16,40,臺中市,梧棲區,0,0,0,7,,,70,,,,,,,,,,,,,,16,,,,,A41,,,1,,2,,,40,40,1,12,4,120.514015,24.228148,3
3886,66000,387130000C,(04)23274275,(04)23288582,2025,04,11,16,40,臺中市,龍井區,0,2,0,7,2,6,50,3,1,1,5,4,6,6,4,4,10,5,5,2,16,2,9,1,1,F03,7,6,7,21,2,14,,48,48,1,12,4,120.582777,24.182298,2
3887,66000,387130000C,(04)23274275,(04)23288582,2025,04,11,16,40,臺中市,神岡區,0,0,0,7,,,50,,,,,,,,,,,,,,2,,,,,C03,,,5,,2,,,71,71,1,12,4,120.712004,24.258085,3
3888,66000,387130000C,(04)23274275,(04)23288582,2025,04,11,16,41,臺中市,太平區,0,2,0,7,3,6,50,13,9,1,5,4,6,6,4,4,9,5,5,2,13,2,9,1,1,C03,7,9,1,10,2,11,,7,7,1,12,4,120.717675,24.142197,2
3889,66000,387130000C,(04)23274275,(04)23288582,2025,04,11,16,42,臺中市,南屯區,0,2,0,7,1,6,60,13,7,1,5,4,6,6,4,4,1,4,1,2,13,2,7,5,4,B03,7,9,1,8,2,1,,7,7,1,13,4,120.62404,24.153331,2
3890,66000,387130000C,(04)23274275,(04)23288582,2025,04,11,16,42,臺中市,西屯區,0,1,0,7,1,6,50,4,1,1,5,4,6,6,2,1,10,5,5,1,16,3,10,3,1,B12,7,6,1,8,2,8,,48,48,1,13,4,120.66314,24.178094,2
3891,66000,387130000C,(04)23274275,(04)23288582,2025,04,11,16,43,臺中市,豐原區,0,0,0,7,,,0,,,,,,,,,,,,,,17,,,,,C03,,,1,,2,,,51,51,1,12,4,120.722747,24.248382,4
3892,66000,387130000C,(04)23274275,(04)23288582,2025,04,11,16,44,臺中市,南區,0,0,0,7,,,40,,,,,,,,,,,,,,14,,,,,B03,,,1,,1,,,49,49,1,6,4,120.66067,24.132567,3
3893,66000,387130000C,(04)23274275,(04)23288582,2025,04,11,16,49,臺中市,南屯區,0,0,0,6,,,40,,,,,,,,,,,,,,17,,,,,,,,,,,,,119,119,1,,,120.609843,24.131178,3
3894,66000,387130000C,(04)23274275,(04)23288582,2025,04,11,16,49,臺中市,北屯區,0,0,0,7,,,50,,,,,,,,,,,,,,12,,,,,B03,,,1,,1,,,40,40,1,6,4,120.721141,24.17633,3
3895,66000,387130000C,(04)23274275,(04)23288582,2025,04,11,16,50,臺中市,北屯區,0,2,0,7,2,6,50,4,1,1,5,4,6,6,4,4,10,5,5,2,17,2,8,1,1,C04,7,1,1,10,2,14,,51,51,1,12,4,120.696619,24.177375,2
3896,66000,387130000C,(04)23274275,(04)23288582,2025,04,11,16,56,臺中市,豐原區,0,2,0,7,3,6,50,13,9,1,5,4,6,6,4,4,10,5,5,1,17,2,9,1,4,C03,7,1,1,10,2,11,,51,51,1,12,4,120.717409,24.258068,2
3897,66000,387130000C,(04)23274275,(04)23288582,2025,04,11,16,57,臺中市,北屯區,0,0,0,7,,,50,,,,,,,,,,,,,,13,,,,,B03,,,1,,2,,,7,7,1,12,4,120.670885,24.197951,3
3898,66000,387130000C,(04)23274275,(04)23288582,2025,04,11,17,0,臺中市,潭子區,0,0,0,7,,,40,,,,,,,,,,,,,,,,,,,,,,,,,,,86,86,1,,,120.704117,24.211755,3
3899,66000,387130000C,(04)23274275,(04)23288582,2025,04,11,17,0,臺中市,南區,0,0,0,7,,,50,,,,,,,,,,,,,,,,,,,B03,,,1,,9,,,84,84,1,6,4,120.670533,24.11468,3
3900,66000,387130000C,(04)23274275,(04)23288582,2025,04,11,17,0,臺中市,南區,0,1,0,7,3,6,50,4,2,1,5,4,6,6,2,1,1,5,5,2,2,3,10,3,1,B03,7,9,1,8,9,5,,84,84,1,6,4,120.670127,24.114395,2
3901,66000,387130000C,(04)23274275,(04)23288582,2025,04,11,17,0,臺中市,龍井區,0,0,0,6,,,30,,,,,,,,,,,,,,9,,,,,B03,,,1,,1,,,8,8,1,6,4,120.591383,24.181978,3
3902,66000,387130000C,(04)23274275,(04)23288582,2025,04,11,17,1,臺中市,大里區,0,0,0,7,,,50,,,,,,,,,,,,,,13,,,,,C03,,,1,,2,,,59,59,1,13,4,120.705259,24.087767,3
3903,66000,387130000C,(04)23274275,(04)23288582,2025,04,11,17,10,臺中市,南屯區,0,1,0,7,3,6,50,4,1,1,5,4,6,6,1,1,10,5,5,2,16,3,10,3,1,B03,7,6,1,8,2,2,,11,11,1,12,4,120.643788,24.146839,2
3904,66000,387130000C,(04)23274275,(04)23288582,2025,04,11,17,13,臺中市,大甲區,0,0,0,7,,,50,,,,,,,,,,,,,,,,,,,B03,,,1,,2,,,7,7,1,6,4,120.65088,24.38804,3
3905,66000,387130000C,(04)23274275,(04)23288582,2025,04,11,17,18,臺中市,霧峰區,0,1,0,7,3,6,30,3,1,1,5,4,6,6,4,4,10,5,5,2,16,3,10,5,4,B03,7,6,1,8,2,5,,14,14,1,6,4,120.712619,24.078271,2
3906,66000,387130000C,(04)23274275,(04)23288582,2025,04,11,17,18,臺中市,外埔區,0,1,0,7,2,6,30,13,9,1,5,4,6,6,4,4,10,5,5,1,13,2,9,1,1,C03,7,9,1,10,2,11,12,7,7,1,12,4,120.663485,24.334093,2
3907,66000,387130000C,(04)23274275,(04)23288582,2025,04,11,17,19,臺中市,西屯區,0,0,0,7,,,50,,,,,,,,,,,,,,,,,,,B03,,,1,,2,,,85,85,1,12,4,120.634595,24.176292,3
3908,66000,387130000C,(04)23274275,(04)23288582,2025,04,11,17,20,臺中市,西區,0,0,0,7,,,50,,,,,,,,,,,,,,,,,,,B03,,,1,,2,,,8,8,1,12,4,120.657648,24.151451,4
3909,66000,387130000C,(04)23274275,(04)23288582,2025,04,11,17,23,臺中市,西區,0,0,0,7,,,40,,,,,,,,,,,,,,,,,,,C03,,,1,,1,,,85,85,1,12,4,120.658447,24.155372,3
3910,66000,387130000C,(04)23274275,(04)23288582,2025,04,11,17,25,臺中市,霧峰區,0,1,0,7,2,6,40,3,1,1,5,4,6,6,3,1,1,5,5,1,17,3,10,3,1,B03,7,5,1,8,2,5,,7,7,1,13,4,120.663324,24.062902,2
3911,66000,387130000C,(04)23274275,(04)23288582,2025,04,11,17,26,臺中市,南屯區,0,2,0,7,1,6,50,4,1,1,5,4,6,6,2,1,5,2,5,2,12,2,9,5,4,C03,7,9,1,10,2,14,,84,84,1,13,4,120.653004,24.152332,2
3912,66000,387130000C,(04)23274275,(04)23288582,2025,04,11,17,26,臺中市,大里區,0,0,0,7,,,60,,,,,,,,,,,,,,12,,,,,C03,,,1,,2,,,8,8,1,13,4,120.671352,24.102473,3
3913,66000,387130000C,(04)23274275,(04)23288582,2025,04,11,17,27,臺中市,西屯區,0,0,0,7,,,50,,,,,,,,,,,,,,,,,,,B03,,,1,,1,,,39,39,1,12,4,120.648454,24.173663,3
3914,66000,387130000C,(04)23274275,(04)23288582,2025,04,11,17,28,臺中市,西屯區,0,0,0,7,,,30,,,,,,,,,,,,,,14,,,,,B03,,,1,,2,,,50,50,1,12,4,120.662668,24.16633,3
3915,66000,387130000C,(04)23274275,(04)23288582,2025,04,11,17,28,臺中市,大里區,0,0,0,7,,,50,,,,,,,,,,,,,,13,,,,,B03,,,1,,2,,,84,84,1,12,4,120.683294,24.099688,3
3916,66000,387130000C,(04)23274275,(04)23288582,2025,04,11,17,28,臺中市,大里區,0,0,0,7,,,25,,,,,,,,,,,,,,13,,,,,B03,,,1,,2,,,7,7,1,6,4,120.69679,24.111209,3
3917,66000,387130000C,(04)23274275,(04)23288582,2025,04,11,17,28,臺中市,烏日區,0,1,0,7,2,6,70,4,1,1,5,4,6,6,2,1,10,5,5,2,12,3,10,3,1,B03,7,5,1,9,2,5,,47,47,1,6,4,120.589653,24.113286,2
3918,66000,387130000C,(04)23274275,(04)23288582,2025,04,11,17,30,臺中市,北屯區,0,0,0,7,,,50,,,,,,,,,,,,,,,,,,,,,,,,,,,119,119,1,,,120.719061,24.176296,3
3919,66000,387130000C,(04)23274275,(04)23288582,2025,04,11,17,30,臺中市,北屯區,0,1,0,7,1,6,50,3,1,1,5,4,6,6,4,4,10,5,5,2,16,3,10,3,1,B12,7,5,1,8,2,2,,84,84,1,6,4,120.722187,24.187392,2
3920,66000,387130000C,(04)23274275,(04)23288582,2025,04,11,17,30,臺中市,烏日區,0,1,0,7,2,6,40,4,1,1,5,4,6,6,1,1,10,5,5,2,18,2,9,2,1,C03,7,6,1,10,2,14,,59,59,1,6,4,120.612685,24.102876,2
3921,66000,387130000C,(04)23274275,(04)23288582,2025,04,11,17,31,臺中市,北屯區,0,1,0,7,2,6,60,13,7,1,5,4,6,6,4,4,1,4,4,2,13,2,9,1,1,C03,7,9,1,10,2,11,,84,84,1,6,4,120.686343,24.204584,2
3922,66000,387130000C,(04)23274275,(04)23288582,2025,04,11,17,32,臺中市,北區,0,1,0,7,2,6,50,13,9,1,5,4,6,6,4,4,1,4,5,2,17,3,10,5,4,B03,7,15,1,8,2,2,,76,76,1,13,4,120.684197,24.162869,2
3923,66000,387130000C,(04)23274275,(04)23288582,2025,04,11,17,33,臺中市,西屯區,0,3,0,7,2,6,40,3,1,1,5,4,6,6,2,1,10,5,5,2,15,2,9,5,4,C03,7,9,1,10,2,11,,21,21,1,12,4,120.644828,24.183048,2
3924,66000,387130000C,(04)23274275,(04)23288582,2025,04,11,17,34,臺中市,梧棲區,0,0,0,7,,,50,,,,,,,,,,,,,,16,,,,,B12,,,1,,2,,,14,14,1,6,4,120.535487,24.257445,3
3925,66000,387130000C,(04)23274275,(04)23288582,2025,04,11,17,39,臺中市,潭子區,0,1,0,6,2,6,50,13,9,1,5,4,6,6,4,4,10,5,5,2,13,3,10,2,1,C03,7,9,1,10,2,11,,59,59,1,12,4,120.700759,24.215258,2
3926,66000,387130000C,(04)23274275,(04)23288582,2025,04,11,17,39,臺中市,西區,0,0,0,7,,,50,,,,,,,,,,,,,,,,,,,B02,,,1,,1,,,50,50,1,13,4,120.660988,24.13926,3
3927,66000,387130000C,(04)23274275,(04)23288582,2025,04,11,17,39,臺中市,西屯區,0,1,0,6,2,6,30,4,1,1,5,4,6,6,4,4,10,5,5,2,15,3,10,3,1,B03,7,9,1,8,2,2,,15,15,1,12,4,120.617386,24.189609,2