序號,縣市別代碼,機關代碼,市話,傳真,年,月,日,時,分,縣市,區,死亡數量,受傷數量,2-30,天候,道路照明設備,道路類別,道路速限,道路型態,事故位置,路面鋪裝,路面狀態,路面缺陷,障礙物,視距,號誌種類,號誌動作,分向設施,快車道或一般車道間,快慢車道間,路面邊線,事故類型及型態,受傷程度,主要傷處,保護裝備,行動電話或功能裝置,當事者區分（類別）,車輛用途,當事者行動狀態,駕照狀態,駕照種類,飲酒情形,車輛撞擊部位最初,車輛撞擊部位其他,肇事因素個別,肇事因素主要,肇事逃逸,職業,共享經濟或外送平台,GPS座標X,GPS座標Y,事故類別
4708,66000,387130000C,(04)23274275,(04)23288582,2025,04,14,7,22,臺中市,南屯區,0,0,0,7,,,50,,,,,,,,,,,,,,13,,,,,B03,,,1,,1,,,7,7,1,6,4,120.616663,24.153684,3
4709,66000,387130000C,(04)23274275,(04)23288582,2025,04,14,7,23,臺中市,大里區,0,1,0,7,3,6,40,4,2,1,5,4,6,6,2,1,1,4,4,2,13,3,10,1,1,C03,7,9,1,10,2,11,,83,83,1,13,4,120.690909,24.100987,2
4710,66000,387130000C,(04)23274275,(04)23288582,2025,04,14,7,24,臺中市,北屯區,0,0,0,7,,,50,,,,,,,,,,,,,,14,,,,,B03,,,5,,1,,,49,49,1,13,4,120.694027,24.169158,3
4711,66000,387130000C,(04)23274275,(04)23288582,2025,04,14,7,25,臺中市,霧峰區,0,1,0,7,2,6,50,4,1,1,5,4,6,6,1,1,10,5,5,2,15,2,9,1,1,C03,7,9,3,19,2,11,,21,21,1,12,4,120.696552,24.060909,2
4712,66000,387130000C,(04)23274275,(04)23288582,2025,04,14,7,29,臺中市,北屯區,0,0,0,7,,,50,,,,,,,,,,,,,,16,,,,,B03,,,1,,1,,,12,12,1,12,4,120.660354,24.192168,4
4713,66000,387130000C,(04)23274275,(04)23288582,2025,04,14,7,29,臺中市,太平區,0,1,0,7,2,6,50,4,2,1,5,4,6,6,2,1,5,5,5,2,3,3,10,3,1,B03,7,6,1,8,2,8,,10,10,1,12,4,120.726559,24.152252,2
4714,66000,387130000C,(04)23274275,(04)23288582,2025,04,14,7,30,臺中市,南屯區,0,2,0,7,2,6,50,13,9,1,5,4,6,6,4,4,5,4,5,2,13,2,9,2,1,C03,7,9,1,10,2,11,,7,7,1,12,4,120.620761,24.145181,2
4715,66000,387130000C,(04)23274275,(04)23288582,2025,04,14,7,30,臺中市,大里區,0,0,0,7,,,50,,,,,,,,,,,,,,13,,,,,C03,,,1,,2,,,7,7,1,13,4,120.683209,24.100769,3
4716,66000,387130000C,(04)23274275,(04)23288582,2025,04,14,7,30,臺中市,沙鹿區,0,0,0,7,,,50,,,,,,,,,,,,,,,,,,,C03,,,1,,1,,,7,7,1,13,4,120.556122,24.210322,3
4717,66000,387130000C,(04)23274275,(04)23288582,2025,04,14,7,30,臺中市,清水區,0,3,0,7,3,6,40,18,5,1,5,4,6,6,4,4,1,4,4,2,17,2,9,2,1,C03,7,1,1,10,2,14,,51,51,1,12,4,120.578365,24.277852,2
4718,66000,387130000C,(04)23274275,(04)23288582,2025,04,14,7,30,臺中市,神岡區,0,0,0,7,,,50,,,,,,,,,,,,,,17,,,,,B03,,,1,,2,,,59,59,1,13,4,120.652723,24.274054,3
4719,66000,387130000C,(04)23274275,(04)23288582,2025,04,14,7,32,臺中市,霧峰區,0,0,0,7,,,50,,,,,,,,,,,,,,,,,,,B03,,,1,,2,,,87,87,1,6,4,120.694749,24.051463,3
4720,66000,387130000C,(04)23274275,(04)23288582,2025,04,14,7,33,臺中市,潭子區,0,1,0,7,2,6,50,3,1,1,5,4,6,6,4,4,4,5,4,2,16,3,10,3,1,B03,7,5,1,8,2,2,,14,14,1,13,4,120.713835,24.229495,2
4721,66000,387130000C,(04)23274275,(04)23288582,2025,04,14,7,33,臺中市,西區,0,3,0,7,1,6,50,5,1,1,5,4,6,6,1,1,10,5,5,1,17,2,9,5,4,C03,7,6,1,10,2,12,,85,85,1,12,4,120.670492,24.153412,2
4722,66000,387130000C,(04)23274275,(04)23288582,2025,04,14,7,34,臺中市,神岡區,0,0,0,7,,,30,,,,,,,,,,,,,,9,,,,,B03,,,1,,1,,,51,51,1,12,4,120.659669,24.257684,3
4723,66000,387130000C,(04)23274275,(04)23288582,2025,04,14,7,35,臺中市,北屯區,0,1,0,7,2,6,50,3,1,1,5,4,6,6,2,1,10,5,5,2,16,3,10,2,1,C03,7,9,1,10,2,14,,39,39,1,6,4,120.66842,24.20071,2
4724,66000,387130000C,(04)23274275,(04)23288582,2025,04,14,7,37,臺中市,南區,0,0,0,7,,,50,,,,,,,,,,,,,,,,,,,B03,,,1,,2,,,57,57,1,6,4,120.66999,24.119723,3
4725,66000,387130000C,(04)23274275,(04)23288582,2025,04,14,7,38,臺中市,大雅區,0,1,0,7,1,6,50,3,2,1,5,4,6,6,1,1,5,5,4,1,17,3,10,1,1,C03,7,9,1,10,2,11,,7,7,1,13,4,120.640703,24.219136,2
4726,66000,387130000C,(04)23274275,(04)23288582,2025,04,14,7,38,臺中市,太平區,0,0,0,7,,,40,,,,,,,,,,,,,,14,,,,,A12,,,1,,11,,,49,49,1,6,4,120.718677,24.129459,3
4727,66000,387130000C,(04)23274275,(04)23288582,2025,04,14,7,40,臺中市,龍井區,0,0,0,7,,,40,,,,,,,,,,,,,,,,,,,C02,,,1,,2,,,7,7,1,6,4,120.503985,24.210619,3
4728,66000,387130000C,(04)23274275,(04)23288582,2025,04,14,7,41,臺中市,太平區,0,0,0,7,,,50,,,,,,,,,,,,,,13,,,,,C03,,,1,,2,,,7,7,1,12,4,120.717509,24.11754,3
4729,66000,387130000C,(04)23274275,(04)23288582,2025,04,14,7,43,臺中市,南屯區,0,1,0,7,2,6,50,4,1,1,5,4,6,6,2,1,3,4,4,2,13,2,8,2,1,C03,7,9,1,10,2,11,,7,7,1,12,4,120.634305,24.144355,2
4730,66000,387130000C,(04)23274275,(04)23288582,2025,04,14,7,44,臺中市,東區,0,0,0,7,,,50,,,,,,,,,,,,,,,,,,,C03,,,1,,1,,,7,7,1,12,4,120.698891,24.148085,3
4731,66000,387130000C,(04)23274275,(04)23288582,2025,04,14,7,44,臺中市,后里區,0,3,0,7,3,6,40,13,8,1,5,4,6,6,4,4,1,4,4,1,13,2,9,1,1,C03,7,9,1,10,2,11,,7,7,1,6,4,120.723765,24.293521,2
4732,66000,387130000C,(04)23274275,(04)23288582,2025,04,14,7,45,臺中市,大里區,0,0,0,7,,,50,,,,,,,,,,,,,,,,,,,A05,,,1,,2,,,40,40,1,12,4,120.690348,24.123375,3
4733,66000,387130000C,(04)23274275,(04)23288582,2025,04,14,7,46,臺中市,烏日區,0,0,0,7,,,50,,,,,,,,,,,,,,12,,,,,B01,,,1,,1,,,39,39,1,13,4,120.587529,24.113198,3
4734,66000,387130000C,(04)23274275,(04)23288582,2025,04,14,7,48,臺中市,大肚區,0,3,0,7,2,6,50,13,9,1,5,4,6,6,4,4,10,5,5,2,17,2,9,2,1,C03,7,12,1,10,2,14,,42,42,1,12,4,120.578083,24.166619,2
4735,66000,387130000C,(04)23274275,(04)23288582,2025,04,14,7,49,臺中市,潭子區,0,1,0,7,3,6,50,4,1,1,5,4,6,6,1,1,5,4,4,2,17,3,10,3,1,B03,7,6,1,8,2,8,,11,11,1,13,4,120.709939,24.206354,2
4736,66000,387130000C,(04)23274275,(04)23288582,2025,04,14,7,50,臺中市,北屯區,0,0,0,7,,,80,,,,,,,,,,,,,,13,,,,,B12,,,1,,1,,,7,7,1,13,4,120.722362,24.188638,3
4737,66000,387130000C,(04)23274275,(04)23288582,2025,04,14,7,52,臺中市,霧峰區,0,0,0,7,,,50,,,,,,,,,,,,,,16,,,,,B03,,,1,,1,,,26,26,1,12,4,120.697855,24.056937,3
4738,66000,387130000C,(04)23274275,(04)23288582,2025,04,14,7,54,臺中市,北區,0,0,0,7,,,50,,,,,,,,,,,,,,12,,,,,B03,,,1,,2,,,40,40,1,12,4,120.685911,24.153627,3
4739,66000,387130000C,(04)23274275,(04)23288582,2025,04,14,7,55,臺中市,南區,0,0,0,7,,,50,,,,,,,,,,,,,,17,,,,,B03,,,1,,1,,,84,84,1,12,4,120.654446,24.121386,3
4740,66000,387130000C,(04)23274275,(04)23288582,2025,04,14,7,55,臺中市,南區,0,0,0,7,,,50,,,,,,,,,,,,,,,,,,,C03,,,1,,2,,,7,7,1,6,4,120.668897,24.12897,3
4741,66000,387130000C,(04)23274275,(04)23288582,2025,04,14,7,56,臺中市,南區,0,2,0,7,3,6,50,4,9,1,5,4,6,6,4,4,3,5,5,2,16,2,9,5,4,C03,7,5,1,10,2,12,,20,20,1,6,4,120.679062,24.12485,2
4742,66000,387130000C,(04)23274275,(04)23288582,2025,04,14,7,56,臺中市,北屯區,0,0,0,7,,,80,,,,,,,,,,,,,,13,,,,,B03,,,1,,2,,,7,7,1,12,4,120.68847,24.201012,3
4743,66000,387130000C,(04)23274275,(04)23288582,2025,04,14,7,57,臺中市,北區,0,1,0,7,1,6,50,13,9,1,5,4,6,6,4,4,1,4,5,2,17,2,9,1,1,C03,7,9,1,10,2,11,,84,84,1,13,4,120.665352,24.164751,2
4744,66000,387130000C,(04)23274275,(04)23288582,2025,04,14,7,57,臺中市,南區,0,2,0,7,2,6,50,13,9,1,5,4,6,6,4,4,1,4,5,2,13,2,8,1,1,C03,7,9,1,10,2,11,,7,7,1,12,4,120.678906,24.118499,2
4745,66000,387130000C,(04)23274275,(04)23288582,2025,04,14,7,57,臺中市,新社區,0,0,0,7,,,50,,,,,,,,,,,,,,,,,,,B12,,,1,,2,,,50,50,1,12,4,120.808285,24.242239,3
4746,66000,387130000C,(04)23274275,(04)23288582,2025,04,14,7,57,臺中市,神岡區,0,1,0,7,2,6,30,3,1,1,5,4,6,6,4,4,10,5,5,2,30,2,9,5,4,C03,7,9,1,10,2,11,12,59,59,1,13,4,120.70026,24.275533,2
4747,66000,387130000C,(04)23274275,(04)23288582,2025,04,14,7,58,臺中市,北屯區,0,0,0,7,,,50,,,,,,,,,,,,,,13,,,,,B03,,,1,,1,,,84,84,1,12,4,120.722712,24.181017,3
4748,66000,387130000C,(04)23274275,(04)23288582,2025,04,14,8,2,臺中市,太平區,0,1,0,7,2,6,40,13,9,1,5,4,6,6,4,4,9,4,5,1,30,2,9,1,1,C03,7,9,1,10,1,12,11,84,84,1,12,4,120.71704,24.108735,2
4749,66000,387130000C,(04)23274275,(04)23288582,2025,04,14,8,3,臺中市,潭子區,0,0,0,7,,,80,,,,,,,,,,,,,,,,,,,B03,,,1,,2,,,84,84,1,13,4,120.717812,24.197982,3
4750,66000,387130000C,(04)23274275,(04)23288582,2025,04,14,8,3,臺中市,大里區,0,1,0,6,2,6,30,3,1,1,5,4,6,6,4,4,10,5,5,2,17,3,10,1,1,C03,7,6,1,10,2,11,,48,48,1,12,4,120.705266,24.099043,2
4751,66000,387130000C,(04)23274275,(04)23288582,2025,04,14,8,4,臺中市,南屯區,0,0,0,7,,,40,,,,,,,,,,,,,,12,,,,,B03,,,1,,1,,,20,20,1,6,4,120.617395,24.153738,3
4752,66000,387130000C,(04)23274275,(04)23288582,2025,04,14,8,5,臺中市,西區,0,1,0,7,3,6,50,3,1,1,5,4,6,6,2,1,10,5,5,2,17,3,10,3,1,B03,7,5,1,8,2,6,,11,11,1,13,4,120.665203,24.145601,2
4753,66000,387130000C,(04)23274275,(04)23288582,2025,04,14,8,6,臺中市,西區,0,0,0,7,,,50,,,,,,,,,,,,,,,,,,,B03,,,1,,1,,,49,49,1,12,4,120.665958,24.13557,3
4754,66000,387130000C,(04)23274275,(04)23288582,2025,04,14,8,13,臺中市,北區,0,2,0,7,2,6,50,13,7,1,5,4,6,6,1,1,5,5,4,2,17,2,9,6,1,F01,7,11,7,21,2,12,,34,34,1,12,4,120.67544,24.170102,2
4755,66000,387130000C,(04)23274275,(04)23288582,2025,04,14,8,13,臺中市,豐原區,0,0,0,7,2,6,50,13,8,1,5,4,6,6,4,4,5,5,4,2,12,3,10,3,1,B03,7,1,1,8,2,5,,51,51,1,12,4,120.715194,24.248867,3
4756,66000,387130000C,(04)23274275,(04)23288582,2025,04,14,8,13,臺中市,神岡區,0,0,0,7,,,50,,,,,,,,,,,,,,13,,,,,C03,,,1,,1,,,7,7,1,12,4,120.690828,24.238155,3
4757,66000,387130000C,(04)23274275,(04)23288582,2025,04,14,8,16,臺中市,西屯區,0,0,0,7,2,6,50,4,1,1,5,4,6,6,4,4,9,2,5,2,14,,,,,B03,,,1,,1,,,49,49,1,13,4,120.644326,24.168832,3
4758,66000,387130000C,(04)23274275,(04)23288582,2025,04,14,8,16,臺中市,太平區,0,1,0,7,2,6,50,3,1,1,5,4,6,6,4,4,10,5,5,1,16,3,10,3,1,B12,7,1,1,8,2,8,,51,51,1,6,4,120.713204,24.131384,2
4759,66000,387130000C,(04)23274275,(04)23288582,2025,04,14,8,17,臺中市,石岡區,0,0,0,7,2,6,70,4,1,1,5,4,6,6,1,1,10,5,5,1,17,,,,,A12,,,1,,1,,,84,84,1,13,4,120.81647,24.260138,3
4760,66000,387130000C,(04)23274275,(04)23288582,2025,04,14,8,19,臺中市,南屯區,0,0,0,7,,,50,,,,,,,,,,,,,,13,,,,,B03,,,1,,1,,,59,59,1,6,4,120.641111,24.135151,3
4761,66000,387130000C,(04)23274275,(04)23288582,2025,04,14,8,20,臺中市,西屯區,0,2,0,7,2,6,50,3,2,1,5,4,6,6,1,1,5,3,5,2,13,2,9,2,1,F03,7,9,7,21,2,11,,7,7,1,13,4,120.603578,24.175013,2
4762,66000,387130000C,(04)23274275,(04)23288582,2025,04,14,8,20,臺中市,烏日區,0,0,0,7,,,40,,,,,,,,,,,,,,13,,,,,B03,,,1,,1,,,8,8,1,6,4,120.614575,24.117502,3
4763,66000,387130000C,(04)23274275,(04)23288582,2025,04,14,8,21,臺中市,西屯區,0,0,0,7,,,50,,,,,,,,,,,,,,13,,,,,B03,,,1,,1,,,59,59,1,12,4,120.635292,24.166403,3
4764,66000,387130000C,(04)23274275,(04)23288582,2025,04,14,8,23,臺中市,北區,0,2,0,7,2,6,50,4,4,1,5,4,6,6,1,1,1,4,5,2,17,2,9,5,4,C03,7,12,1,10,2,14,,7,7,1,13,4,120.691651,24.160264,2
4765,66000,387130000C,(04)23274275,(04)23288582,2025,04,14,8,25,臺中市,南屯區,0,1,0,7,2,6,50,4,1,1,5,4,6,6,2,1,1,4,4,2,16,2,8,2,1,C03,7,6,1,10,2,14,,48,48,1,12,4,120.634752,24.153877,2
4766,66000,387130000C,(04)23274275,(04)23288582,2025,04,14,8,26,臺中市,沙鹿區,0,1,0,7,2,6,50,4,2,1,5,4,6,6,1,1,8,3,5,2,9,3,10,5,4,B03,7,6,1,8,2,4,,10,10,1,13,4,120.580544,24.209703,2
4767,66000,387130000C,(04)23274275,(04)23288582,2025,04,14,8,26,臺中市,豐原區,0,2,0,7,2,6,50,3,1,1,5,4,6,6,4,4,10,5,5,2,16,2,9,1,1,C04,7,6,3,19,2,13,,48,48,1,12,4,120.724405,24.247137,2
4768,66000,387130000C,(04)23274275,(04)23288582,2025,04,14,8,29,臺中市,大雅區,0,1,0,7,3,6,50,11,9,1,5,4,6,6,4,4,5,5,5,2,17,2,8,2,1,C03,7,9,1,10,2,12,,84,84,1,12,4,120.653419,24.248516,2
4769,66000,387130000C,(04)23274275,(04)23288582,2025,04,14,8,30,臺中市,北屯區,0,0,0,7,,,50,,,,,,,,,,,,,,,,,,,C03,,,1,,9,,,84,84,1,13,4,120.700045,24.164546,3
4770,66000,387130000C,(04)23274275,(04)23288582,2025,04,14,8,30,臺中市,西屯區,0,0,0,7,,,50,,,,,,,,,,,,,,13,,,,,B03,,,1,,1,,,7,7,1,12,4,120.597702,24.174862,3
4771,66000,387130000C,(04)23274275,(04)23288582,2025,04,14,8,34,臺中市,西區,0,1,0,7,2,6,50,4,1,1,5,4,6,6,2,1,5,4,5,1,3,3,10,3,1,B03,7,6,1,8,2,8,,10,10,1,13,4,120.658836,24.146698,2
4772,66000,387130000C,(04)23274275,(04)23288582,2025,04,14,8,35,臺中市,西屯區,0,1,0,7,2,6,50,4,4,1,5,4,6,6,1,1,3,2,5,2,13,2,9,2,1,C03,7,9,5,10,2,11,,7,7,1,12,4,120.655601,24.199887,2
4773,66000,387130000C,(04)23274275,(04)23288582,2025,04,14,8,36,臺中市,西屯區,0,1,0,7,2,6,50,4,2,1,5,4,6,6,1,1,9,3,4,2,13,2,8,5,4,F02,7,9,7,21,2,13,,8,8,1,13,4,120.65093,24.170803,2
4774,66000,387130000C,(04)23274275,(04)23288582,2025,04,14,8,37,臺中市,西屯區,0,0,0,7,,,50,,,,,,,,,,,,,,13,,,,,C03,,,1,,11,,,84,84,1,12,4,120.638827,24.180171,3
4775,66000,387130000C,(04)23274275,(04)23288582,2025,04,14,8,37,臺中市,豐原區,0,1,0,7,2,6,60,13,9,1,5,2,6,6,4,4,1,4,5,1,18,2,9,5,4,C03,7,9,1,10,2,16,,87,87,1,13,4,120.703377,24.249754,2
4776,66000,387130000C,(04)23274275,(04)23288582,2025,04,14,8,40,臺中市,南區,0,2,0,7,2,6,50,4,1,1,5,4,6,6,4,4,5,5,4,2,17,3,10,3,1,B03,7,6,1,8,2,5,,14,14,1,12,4,120.681846,24.126391,2
4777,66000,387130000C,(04)23274275,(04)23288582,2025,04,14,8,40,臺中市,南屯區,0,1,0,7,2,6,50,4,1,1,5,4,6,6,2,1,3,4,4,2,13,3,10,2,1,C03,7,9,1,10,2,11,,7,7,1,12,4,120.640946,24.141377,2
4778,66000,387130000C,(04)23274275,(04)23288582,2025,04,14,8,40,臺中市,大里區,0,0,0,7,,,30,,,,,,,,,,,,,,11,,,,,B12,,,1,,2,,,8,8,1,12,4,120.717789,24.084841,3
4779,66000,387130000C,(04)23274275,(04)23288582,2025,04,14,8,45,臺中市,潭子區,0,0,0,7,,,60,,,,,,,,,,,,,,13,,,,,B03,,,1,,1,,,84,84,1,13,4,120.686566,24.207317,3
4780,66000,387130000C,(04)23274275,(04)23288582,2025,04,14,8,45,臺中市,西區,0,0,0,7,,,50,,,,,,,,,,,,,,,,,,,B03,,,1,,1,,,84,84,1,12,4,120.667037,24.141597,3
4781,66000,387130000C,(04)23274275,(04)23288582,2025,04,14,8,45,臺中市,北區,0,0,0,7,,,50,,,,,,,,,,,,,,17,,,,,B03,,,1,,2,,,8,8,1,13,4,120.682175,24.151197,3
4782,66000,387130000C,(04)23274275,(04)23288582,2025,04,14,8,45,臺中市,南屯區,0,1,0,7,2,6,50,13,9,1,5,4,6,6,4,4,5,4,4,2,17,2,7,3,1,B03,7,9,3,19,2,5,,59,59,1,12,4,120.629538,24.123015,2
4783,66000,387130000C,(04)23274275,(04)23288582,2025,04,14,8,45,臺中市,太平區,0,1,0,7,2,6,50,5,1,1,5,4,6,6,1,1,10,5,5,2,16,2,9,1,1,C03,7,9,1,10,2,12,14,21,21,1,12,4,120.73355,24.155479,2
4784,66000,387130000C,(04)23274275,(04)23288582,2025,04,14,8,45,臺中市,沙鹿區,0,1,0,7,3,6,30,11,9,1,5,4,6,6,4,4,10,5,5,2,28,2,9,2,1,C03,7,9,1,10,2,11,,87,87,1,13,4,120.59532,24.22176,2
4785,66000,387130000C,(04)23274275,(04)23288582,2025,04,14,8,45,臺中市,沙鹿區,0,1,0,7,3,6,20,12,9,1,5,4,6,6,4,4,10,5,5,2,17,2,9,2,1,C03,7,9,1,10,2,12,,6,6,1,13,4,120.581137,24.201793,2
4786,66000,387130000C,(04)23274275,(04)23288582,2025,04,14,8,47,臺中市,太平區,0,1,0,7,2,6,50,3,2,1,5,4,6,6,4,4,5,5,5,2,3,3,10,2,1,C03,7,9,1,10,11,11,,54,54,1,12,4,120.724134,24.137683,2
4787,66000,387130000C,(04)23274275,(04)23288582,2025,04,14,8,49,臺中市,潭子區,0,1,0,7,3,6,60,13,8,1,5,4,6,6,4,4,1,4,4,1,17,2,9,2,1,C03,7,9,1,10,2,14,,7,7,1,13,4,120.707562,24.226532,2
4788,66000,387130000C,(04)23274275,(04)23288582,2025,04,14,8,55,臺中市,南區,0,1,0,7,3,6,50,3,2,1,5,4,6,6,4,4,3,5,5,2,13,2,9,2,1,C03,7,9,1,10,2,11,,7,7,1,6,4,120.662515,24.120564,2
4789,66000,387130000C,(04)23274275,(04)23288582,2025,04,14,8,55,臺中市,北屯區,0,1,0,7,2,6,50,4,1,1,5,4,6,6,1,1,10,5,5,2,13,3,10,5,4,C03,7,5,1,10,2,11,,7,7,1,12,4,120.660546,24.188796,2
4790,66000,387130000C,(04)23274275,(04)23288582,2025,04,14,8,57,臺中市,西屯區,0,2,0,7,2,6,50,13,9,1,5,4,6,6,4,4,5,4,5,2,16,2,9,2,1,C03,7,6,1,10,2,12,,20,20,1,13,4,120.654022,24.164723,2
4791,66000,387130000C,(04)23274275,(04)23288582,2025,04,14,8,58,臺中市,西區,0,0,0,7,,,,,,,,,,,,,,,,,,,,,,,,,,,,,,119,119,1,,,120.671733,24.146395,3
4792,66000,387130000C,(04)23274275,(04)23288582,2025,04,14,9,0,臺中市,北屯區,0,1,0,7,2,6,50,4,1,1,5,4,6,6,2,1,10,5,5,2,16,2,8,1,1,C03,7,9,5,19,9,11,,87,87,1,12,4,120.69083,24.182327,2
4793,66000,387130000C,(04)23274275,(04)23288582,2025,04,14,9,0,臺中市,太平區,0,0,0,7,2,6,50,4,9,1,5,4,6,6,1,1,5,2,5,1,13,3,10,3,1,B03,7,9,1,8,2,1,,84,84,1,6,4,120.71906,24.159296,3
4794,66000,387130000C,(04)23274275,(04)23288582,2025,04,14,9,4,臺中市,北屯區,0,1,0,7,2,6,30,4,1,1,5,4,6,6,4,4,10,5,5,2,15,2,9,2,1,C03,7,9,1,10,2,11,,12,12,1,12,4,120.685773,24.195212,2
4795,66000,387130000C,(04)23274275,(04)23288582,2025,04,14,9,4,臺中市,龍井區,0,2,0,7,3,6,50,3,1,1,5,4,6,6,4,4,1,5,5,2,16,2,9,2,1,C03,7,9,1,10,2,11,,6,6,1,6,4,120.546622,24.195929,2
4796,66000,387130000C,(04)23274275,(04)23288582,2025,04,14,9,8,臺中市,潭子區,0,0,0,7,,,50,,,,,,,,,,,,,,12,,,,,B03,,,1,,2,,,8,8,1,13,4,120.701256,24.216728,3
4797,66000,387130000C,(04)23274275,(04)23288582,2025,04,14,9,8,臺中市,南屯區,0,0,0,7,,,50,,,,,,,,,,,,,,12,,,,,B03,,,1,,2,,,20,20,1,12,4,120.634243,24.136486,3
4798,66000,387130000C,(04)23274275,(04)23288582,2025,04,14,9,10,臺中市,大里區,0,1,0,7,2,6,50,4,2,1,5,4,6,6,1,1,5,5,4,1,17,2,9,1,1,C03,7,9,1,10,2,11,,58,58,1,12,4,120.676649,24.107712,2
4799,66000,387130000C,(04)23274275,(04)23288582,2025,04,14,9,11,臺中市,北屯區,0,1,0,7,2,6,50,13,9,1,5,4,6,6,4,4,5,5,5,1,13,2,9,1,1,C03,7,9,5,19,9,11,,84,84,1,13,4,120.675359,24.20244,2
4800,66000,387130000C,(04)23274275,(04)23288582,2025,04,14,9,15,臺中市,北區,0,0,0,7,,,50,,,,,,,,,,,,,,17,,,,,A05,,,1,,2,,,59,59,1,13,4,120.667035,24.15629,3
4801,66000,387130000C,(04)23274275,(04)23288582,2025,04,14,9,15,臺中市,南屯區,0,0,0,7,3,6,50,13,9,1,5,4,6,6,4,4,5,4,5,2,14,,,,,A11,,,1,,9,,,49,49,2,12,4,120.637791,24.135236,3
4802,66000,387130000C,(04)23274275,(04)23288582,2025,04,14,9,19,臺中市,大里區,0,0,0,7,,,50,,,,,,,,,,,,,,,,,,,B01,,,1,,2,,,84,84,1,12,4,120.67511,24.103378,3
4803,66000,387130000C,(04)23274275,(04)23288582,2025,04,14,9,21,臺中市,神岡區,0,1,0,7,1,6,50,13,9,1,5,4,6,6,1,1,5,4,4,1,12,3,10,5,4,A02,7,1,1,1,2,8,,51,51,1,12,4,120.668263,24.257509,2
4804,66000,387130000C,(04)23274275,(04)23288582,2025,04,14,9,24,臺中市,南屯區,0,0,0,7,,,50,,,,,,,,,,,,,,11,,,,,B03,,,1,,1,,,56,56,1,6,4,120.646837,24.143654,3
4805,66000,387130000C,(04)23274275,(04)23288582,2025,04,14,9,26,臺中市,北區,0,0,0,7,,,50,,,,,,,,,,,,,,17,,,,,B03,,,1,,2,,,51,51,1,12,4,120.679755,24.154644,3
4806,66000,387130000C,(04)23274275,(04)23288582,2025,04,14,9,28,臺中市,大里區,0,2,0,7,3,6,40,13,8,1,5,4,6,6,4,4,1,4,4,2,13,2,9,1,1,C03,7,9,1,10,2,11,,7,7,1,13,4,120.667389,24.104802,2
4807,66000,387130000C,(04)23274275,(04)23288582,2025,04,14,9,28,臺中市,神岡區,0,0,0,7,,,30,,,,,,,,,,,,,,17,,,,,B03,,,1,,2,,,84,84,1,13,4,120.686531,24.254632,3
4808,66000,387130000C,(04)23274275,(04)23288582,2025,04,14,9,29,臺中市,北屯區,0,0,0,7,,,50,,,,,,,,,,,,,,,,,,,A12,,,1,,1,,,42,42,1,13,4,120.676145,24.200701,3
4809,66000,387130000C,(04)23274275,(04)23288582,2025,04,14,9,29,臺中市,清水區,0,0,0,7,,,40,,,,,,,,,,,,,,,,,,,B03,,,1,,11,,,51,51,1,12,4,120.574604,24.267512,3
4810,66000,387130000C,(04)23274275,(04)23288582,2025,04,14,9,30,臺中市,大雅區,0,0,0,7,,,50,,,,,,,,,,,,,,,,,,,B12,,,1,,1,,,49,49,1,12,4,120.631087,24.211072,3
4811,66000,387130000C,(04)23274275,(04)23288582,2025,04,14,9,30,臺中市,烏日區,0,0,0,7,,,50,,,,,,,,,,,,,,,,,,,B03,,,1,,2,,,8,8,1,13,4,120.641465,24.108692,3
4812,66000,387130000C,(04)23274275,(04)23288582,2025,04,14,9,38,臺中市,龍井區,0,1,0,7,3,6,50,13,9,1,5,4,6,6,4,4,5,5,5,1,12,3,10,3,1,B01,7,1,1,4,2,8,,51,51,1,6,4,120.524457,24.211067,2
4813,66000,387130000C,(04)23274275,(04)23288582,2025,04,14,9,38,臺中市,大甲區,0,0,0,7,,,40,,,,,,,,,,,,,,,,,,,C03,,,1,,1,,,12,12,1,12,4,120.618996,24.346355,4
4814,66000,387130000C,(04)23274275,(04)23288582,2025,04,14,9,42,臺中市,大里區,0,1,0,7,2,6,50,13,7,1,5,4,6,6,4,4,9,5,4,2,17,3,10,3,1,A11,7,6,1,2,2,5,,48,48,1,6,4,120.717604,24.09865,2
4815,66000,387130000C,(04)23274275,(04)23288582,2025,04,14,9,43,臺中市,南屯區,0,1,0,7,2,6,50,3,1,1,5,4,6,6,4,4,5,4,5,2,16,3,10,3,1,B03,7,5,1,8,2,5,,14,14,1,12,4,120.634212,24.145557,2
4816,66000,387130000C,(04)23274275,(04)23288582,2025,04,14,9,45,臺中市,豐原區,0,1,0,7,2,6,60,3,1,1,5,4,6,6,1,1,10,5,5,2,17,2,9,1,1,C03,7,6,1,10,2,12,,39,39,1,6,4,120.736706,24.259347,2
4817,66000,387130000C,(04)23274275,(04)23288582,2025,04,14,9,47,臺中市,南區,0,0,0,7,,,50,,,,,,,,,,,,,,13,,,,,B03,,,1,,1,,,7,7,1,12,4,120.653832,24.122322,3
4818,66000,387130000C,(04)23274275,(04)23288582,2025,04,14,9,47,臺中市,南區,0,1,0,7,3,6,50,13,8,1,5,4,6,6,4,4,3,4,4,2,14,3,10,5,4,B03,7,2,1,8,2,3,,49,49,1,6,4,120.657267,24.1134,2