序號,縣市別代碼,機關代碼,市話,傳真,年,月,日,時,分,縣市,區,死亡數量,受傷數量,2-30,天候,道路照明設備,道路類別,道路速限,道路型態,事故位置,路面鋪裝,路面狀態,路面缺陷,障礙物,視距,號誌種類,號誌動作,分向設施,快車道或一般車道間,快慢車道間,路面邊線,事故類型及型態,受傷程度,主要傷處,保護裝備,行動電話或功能裝置,當事者區分（類別）,車輛用途,當事者行動狀態,駕照狀態,駕照種類,飲酒情形,車輛撞擊部位最初,車輛撞擊部位其他,肇事因素個別,肇事因素主要,肇事逃逸,職業,共享經濟或外送平台,GPS座標X,GPS座標Y,事故類別
5155,66000,387130000C,(04)23274275,(04)23288582,2025,04,15,3,30,臺中市,和平區,0,1,0,7,1,6,50,11,9,1,5,4,6,6,4,4,10,5,5,1,20,2,1,2,1,C02,7,9,1,10,2,12,,84,84,1,12,4,120.999247,24.19771,2
5156,66000,387130000C,(04)23274275,(04)23288582,2025,04,15,3,48,臺中市,西屯區,0,2,0,7,1,6,30,3,1,1,5,4,6,6,4,4,10,5,5,2,3,2,9,6,5,H01,8,16,7,21,2,17,,95,95,1,12,5,120.63633,24.181924,2
5157,66000,387130000C,(04)23274275,(04)23288582,2025,04,15,4,26,臺中市,西區,0,1,0,7,1,6,50,4,1,1,5,4,6,6,1,1,10,5,5,2,15,3,10,5,1,B03,7,9,1,8,2,2,,21,21,1,6,4,120.660201,24.15084,2
5158,66000,387130000C,(04)23274275,(04)23288582,2025,04,15,4,50,臺中市,南屯區,0,0,0,7,,,40,,,,,,,,,,,,,,,,,,,B02,,,1,,1,,,25,25,1,12,4,120.622349,24.149124,3
5159,66000,387130000C,(04)23274275,(04)23288582,2025,04,15,5,55,臺中市,西屯區,0,1,0,7,2,6,50,3,1,1,5,4,6,6,4,4,10,5,5,2,16,3,10,5,4,B03,7,6,1,8,1,4,,14,14,1,13,4,120.60629,24.189066,2
5160,66000,387130000C,(04)23274275,(04)23288582,2025,04,15,6,2,臺中市,豐原區,0,1,0,7,2,6,50,13,7,1,5,4,6,6,4,4,9,4,4,2,17,3,10,5,4,B03,7,11,1,8,2,4,,45,45,1,6,4,120.697635,24.244013,2
5161,66000,387130000C,(04)23274275,(04)23288582,2025,04,15,6,8,臺中市,沙鹿區,0,0,0,7,,,50,,,,,,,,,,,,,,12,,,,,B03,,,1,,2,,,34,34,1,13,4,120.55815,24.23583,3
5162,66000,387130000C,(04)23274275,(04)23288582,2025,04,15,6,14,臺中市,北區,0,0,0,7,,,50,,,,,,,,,,,,,,17,,,,,B01,,,1,,1,,,7,7,1,13,4,120.678147,24.153959,3
5163,66000,387130000C,(04)23274275,(04)23288582,2025,04,15,6,23,臺中市,沙鹿區,0,1,0,7,3,6,40,4,1,1,5,4,6,6,1,1,10,4,3,1,15,3,10,3,1,B03,7,9,1,8,2,6,,21,21,1,13,4,120.571912,24.233723,2
5164,66000,387130000C,(04)23274275,(04)23288582,2025,04,15,6,26,臺中市,南屯區,0,0,0,7,,,50,,,,,,,,,,,,,,,,,,,B03,,,1,,9,,,51,51,1,12,4,120.631168,24.149275,3
5165,66000,387130000C,(04)23274275,(04)23288582,2025,04,15,6,36,臺中市,后里區,0,0,0,7,2,6,50,13,7,1,5,4,6,6,1,1,5,5,4,2,17,3,10,3,1,B12,7,4,1,8,1,2,,84,84,1,12,4,120.712214,24.304077,3
5166,66000,387130000C,(04)23274275,(04)23288582,2025,04,15,6,36,臺中市,豐原區,0,2,0,7,2,6,50,3,1,1,5,4,6,6,4,4,10,5,5,2,17,2,9,1,1,C03,7,6,1,10,2,11,,39,39,1,6,4,120.717232,24.260887,2
5167,66000,387130000C,(04)23274275,(04)23288582,2025,04,15,6,38,臺中市,大雅區,0,1,0,7,2,6,30,11,9,1,5,4,6,6,4,4,10,5,5,1,19,2,9,3,1,B03,7,9,1,8,11,1,,84,84,1,13,4,120.649324,24.209176,2
5168,66000,387130000C,(04)23274275,(04)23288582,2025,04,15,6,40,臺中市,潭子區,0,2,0,7,3,6,30,3,1,1,5,4,6,6,4,4,10,5,5,2,17,2,7,2,1,C03,7,6,1,10,2,11,,14,14,1,13,4,120.692276,24.217831,2
5169,66000,387130000C,(04)23274275,(04)23288582,2025,04,15,6,44,臺中市,豐原區,0,1,0,7,2,6,50,3,1,1,5,4,6,6,4,4,10,5,5,2,16,2,9,1,1,C03,7,6,3,19,2,12,,14,14,1,12,4,120.706363,24.244064,2
5170,66000,387130000C,(04)23274275,(04)23288582,2025,04,15,6,50,臺中市,南屯區,0,1,0,7,3,6,50,13,9,1,5,4,6,6,4,4,5,5,5,2,17,3,10,3,1,B03,7,6,1,8,2,16,,20,20,1,12,4,120.60612,24.136148,2
5171,66000,387130000C,(04)23274275,(04)23288582,2025,04,15,6,53,臺中市,東區,0,1,0,7,2,6,50,4,1,1,5,4,6,6,4,4,5,5,5,2,15,2,9,2,1,C03,7,9,1,10,2,11,,12,12,1,13,4,120.697178,24.141514,2
5172,66000,387130000C,(04)23274275,(04)23288582,2025,04,15,6,55,臺中市,大雅區,0,0,0,7,,,30,,,,,,,,,,,,,,26,,,,,A41,,,1,,2,,,84,84,1,13,4,120.663524,24.222279,3
5173,66000,387130000C,(04)23274275,(04)23288582,2025,04,15,6,56,臺中市,潭子區,0,0,0,7,,,80,,,,,,,,,,,,,,,,,,,B03,,,1,,2,,,59,59,1,13,4,120.722518,24.192343,3
5174,66000,387130000C,(04)23274275,(04)23288582,2025,04,15,6,56,臺中市,外埔區,0,0,0,7,,,50,,,,,,,,,,,,,,,,,,,C03,,,1,,2,,,7,7,1,12,4,120.637865,24.342494,3
5175,66000,387130000C,(04)23274275,(04)23288582,2025,04,15,6,57,臺中市,西屯區,0,1,0,7,2,6,50,5,1,1,5,4,6,6,1,1,10,5,5,2,3,3,10,5,4,C03,7,9,1,10,2,11,,10,10,1,12,2,120.638381,24.181459,2
5176,66000,387130000C,(04)23274275,(04)23288582,2025,04,15,6,57,臺中市,太平區,0,1,0,7,2,6,50,8,8,1,5,4,6,6,1,1,9,4,4,1,13,3,10,3,1,A12,7,9,1,6,2,1,,7,7,1,12,4,120.71566,24.135668,2
5177,66000,387130000C,(04)23274275,(04)23288582,2025,04,15,7,10,臺中市,大肚區,0,1,0,7,3,6,30,13,9,1,5,4,6,6,4,4,10,5,5,2,12,2,8,2,1,C03,7,1,1,10,2,14,,51,51,1,6,4,120.578921,24.120933,2
5178,66000,387130000C,(04)23274275,(04)23288582,2025,04,15,7,12,臺中市,大里區,0,1,0,7,2,6,50,3,1,1,5,4,6,6,2,1,5,4,4,1,16,2,9,1,1,C03,7,9,1,10,2,14,12,7,7,1,6,4,120.697195,24.100573,2
5179,66000,387130000C,(04)23274275,(04)23288582,2025,04,15,7,14,臺中市,北屯區,0,0,0,7,,,50,,,,,,,,,,,,,,,,,,,,,,,,,,,84,84,1,,,120.70904,24.172748,3
5180,66000,387130000C,(04)23274275,(04)23288582,2025,04,15,7,15,臺中市,西區,0,1,0,7,2,6,50,4,1,1,5,4,6,6,4,4,10,5,5,2,17,3,10,3,1,B03,7,1,3,19,2,5,,84,84,1,12,4,120.672401,24.138948,2
5181,66000,387130000C,(04)23274275,(04)23288582,2025,04,15,7,16,臺中市,龍井區,0,0,0,7,,,40,,,,,,,,,,,,,,,,,,,B03,,,1,,2,,,40,40,1,6,4,120.489569,24.215206,3
5182,66000,387130000C,(04)23274275,(04)23288582,2025,04,15,7,17,臺中市,梧棲區,0,1,0,7,3,6,50,13,9,1,5,4,6,6,4,4,5,5,5,1,16,3,10,3,1,B03,7,1,1,8,2,8,,51,51,1,6,4,120.536277,24.252429,2
5183,66000,387130000C,(04)23274275,(04)23288582,2025,04,15,7,17,臺中市,東勢區,0,0,0,7,,,50,,,,,,,,,,,,,,13,,,,,B03,,,1,,2,,,7,7,1,13,4,120.822916,24.261685,3
5184,66000,387130000C,(04)23274275,(04)23288582,2025,04,15,7,18,臺中市,北屯區,0,0,0,7,,,50,,,,,,,,,,,,,,16,,,,,B03,,,1,,2,,,40,40,1,13,4,120.718697,24.182176,3
5185,66000,387130000C,(04)23274275,(04)23288582,2025,04,15,7,22,臺中市,大里區,0,1,0,7,3,6,50,4,2,1,5,4,6,6,2,1,5,4,5,1,16,3,10,3,1,B03,7,5,1,8,2,6,,11,11,1,13,4,120.68967,24.106164,2
5186,66000,387130000C,(04)23274275,(04)23288582,2025,04,15,7,24,臺中市,西區,0,2,0,7,1,6,50,13,8,1,5,4,6,6,4,4,1,4,3,2,17,2,9,5,4,C03,7,9,3,19,2,11,,84,84,1,12,4,120.663366,24.155386,2
5187,66000,387130000C,(04)23274275,(04)23288582,2025,04,15,7,24,臺中市,西區,0,1,0,7,2,6,50,4,1,1,5,4,6,6,1,1,5,4,5,1,16,3,10,3,1,B03,7,6,1,8,2,1,,11,11,1,13,4,120.655124,24.144954,2
5188,66000,387130000C,(04)23274275,(04)23288582,2025,04,15,7,24,臺中市,西屯區,0,0,0,7,2,6,50,3,1,1,5,4,6,6,1,1,9,4,5,2,12,,,,,B03,,,1,,9,,,8,,1,13,4,120.642923,24.170003,3
5189,66000,387130000C,(04)23274275,(04)23288582,2025,04,15,7,25,臺中市,北區,0,1,0,7,2,6,50,13,9,1,5,4,6,6,4,4,1,4,4,2,12,3,10,5,4,B03,7,15,1,8,2,2,,8,8,1,13,4,120.671862,24.170658,2
5190,66000,387130000C,(04)23274275,(04)23288582,2025,04,15,7,27,臺中市,北區,0,0,0,7,,,40,,,,,,,,,,,,,,17,,,,,B03,,,1,,2,,,50,50,1,12,4,120.684874,24.164269,3
5191,66000,387130000C,(04)23274275,(04)23288582,2025,04,15,7,27,臺中市,北屯區,0,1,0,7,1,6,50,3,2,1,5,4,6,6,4,4,5,4,5,2,17,2,9,5,4,C03,7,1,1,10,1,11,,51,51,1,13,4,120.710818,24.167245,2
5192,66000,387130000C,(04)23274275,(04)23288582,2025,04,15,7,28,臺中市,北區,0,2,0,7,2,6,50,4,1,1,5,4,6,6,2,1,10,5,5,2,17,3,10,3,1,B03,7,6,1,8,2,5,,11,11,1,13,4,120.671943,24.17162,2
5193,66000,387130000C,(04)23274275,(04)23288582,2025,04,15,7,29,臺中市,東區,0,0,0,7,,,50,,,,,,,,,,,,,,,,,,,A12,,,1,,2,,,40,40,1,6,4,120.695488,24.147952,3
5194,66000,387130000C,(04)23274275,(04)23288582,2025,04,15,7,30,臺中市,西屯區,0,0,0,7,,,30,,,,,,,,,,,,,,16,,,,,B03,,,1,,1,,,14,14,1,12,4,120.641071,24.178559,3
5195,66000,387130000C,(04)23274275,(04)23288582,2025,04,15,7,30,臺中市,大里區,0,2,0,7,2,6,50,13,8,1,5,4,6,6,4,4,3,4,4,2,17,2,9,2,1,C03,7,4,1,10,2,12,,1,1,1,4,4,120.69527,24.088937,2
5196,66000,387130000C,(04)23274275,(04)23288582,2025,04,15,7,33,臺中市,豐原區,0,1,0,7,2,6,50,5,1,1,5,4,6,6,1,1,1,4,5,1,13,2,9,5,4,C03,7,9,1,10,2,12,,7,7,1,13,4,120.703123,24.249458,2
5197,66000,387130000C,(04)23274275,(04)23288582,2025,04,15,7,35,臺中市,潭子區,0,1,0,7,2,6,50,5,1,1,5,4,6,6,2,1,4,5,4,2,16,3,10,1,1,C03,7,5,1,10,2,12,,84,84,1,13,4,120.706818,24.207054,2
5198,66000,387130000C,(04)23274275,(04)23288582,2025,04,15,7,36,臺中市,潭子區,0,1,0,7,2,6,30,3,1,1,5,4,6,6,4,4,10,5,5,1,18,2,9,1,1,C03,7,9,1,10,2,14,,43,43,1,13,4,120.684241,24.231864,2
5199,66000,387130000C,(04)23274275,(04)23288582,2025,04,15,7,36,臺中市,南區,0,0,0,7,,,50,,,,,,,,,,,,,,17,,,,,B03,,,1,,1,,,51,51,1,6,4,120.646134,24.110514,3
5200,66000,387130000C,(04)23274275,(04)23288582,2025,04,15,7,36,臺中市,大里區,0,1,0,7,2,6,50,3,2,1,5,4,6,6,4,4,5,5,4,1,16,2,9,1,1,F03,7,9,7,21,2,14,12,7,7,1,4,4,120.698448,24.10953,2
5201,66000,387130000C,(04)23274275,(04)23288582,2025,04,15,7,38,臺中市,烏日區,0,1,0,7,2,6,50,4,1,1,5,4,6,6,4,4,10,5,5,2,13,3,10,3,1,B12,7,9,1,8,2,5,,7,7,1,6,4,120.624401,24.1032,2
5202,66000,387130000C,(04)23274275,(04)23288582,2025,04,15,7,38,臺中市,神岡區,0,1,0,7,2,6,50,3,1,1,5,4,6,6,4,4,10,5,5,2,16,2,9,5,4,C03,7,6,1,10,2,14,,14,14,1,12,4,120.688434,24.261593,2
5203,66000,387130000C,(04)23274275,(04)23288582,2025,04,15,7,40,臺中市,南屯區,0,1,0,7,2,6,40,13,9,1,5,4,6,6,4,4,8,3,5,1,30,,,,,,,,,,,,,119,119,1,,,120.638206,24.142876,2
5204,66000,387130000C,(04)23274275,(04)23288582,2025,04,15,7,40,臺中市,太平區,0,0,0,7,,,50,,,,,,,,,,,,,,12,,,,,B03,,,1,,1,,,8,8,1,12,4,120.710557,24.139459,3
5205,66000,387130000C,(04)23274275,(04)23288582,2025,04,15,7,40,臺中市,太平區,0,0,0,7,,,50,,,,,,,,,,,,,,,,,,,B03,,,1,,2,,,59,59,1,12,4,120.713467,24.160704,3
5206,66000,387130000C,(04)23274275,(04)23288582,2025,04,15,7,40,臺中市,外埔區,0,1,0,7,2,6,50,13,9,1,5,4,6,6,4,4,9,5,5,1,13,2,9,2,1,C03,7,9,1,10,2,11,,7,7,1,12,4,120.647502,24.325131,2
5207,66000,387130000C,(04)23274275,(04)23288582,2025,04,15,7,41,臺中市,北屯區,0,1,0,7,2,6,50,13,8,1,5,4,6,6,4,4,4,3,4,2,16,2,8,2,1,C03,7,1,1,10,1,14,,51,51,1,13,4,120.689556,24.180805,2
5208,66000,387130000C,(04)23274275,(04)23288582,2025,04,15,7,42,臺中市,西區,0,2,0,6,2,6,50,4,1,1,5,4,6,6,4,4,10,5,5,2,15,2,9,1,1,C03,7,9,1,10,2,12,,15,15,1,12,4,120.664305,24.149021,2
5209,66000,387130000C,(04)23274275,(04)23288582,2025,04,15,7,42,臺中市,南屯區,0,0,0,7,,,50,,,,,,,,,,,,,,17,,,,,B03,,,1,,1,,,84,84,1,6,4,120.632364,24.158233,3
5210,66000,387130000C,(04)23274275,(04)23288582,2025,04,15,7,43,臺中市,東區,0,0,0,7,,,80,,,,,,,,,,,,,,,,,,,B03,,,1,,1,,,7,7,1,12,4,120.709823,24.136559,3
5211,66000,387130000C,(04)23274275,(04)23288582,2025,04,15,7,44,臺中市,北區,0,1,0,7,2,6,40,13,8,1,5,4,6,6,1,1,1,4,4,2,17,2,9,5,4,C03,7,12,1,10,2,11,,84,84,1,13,4,120.673111,24.168016,2
5212,66000,387130000C,(04)23274275,(04)23288582,2025,04,15,7,44,臺中市,大里區,0,1,0,7,3,6,50,13,9,1,5,4,6,6,4,4,9,5,5,1,13,2,9,1,1,C03,7,9,1,10,2,11,,7,7,1,13,4,120.68223,24.093413,2
5213,66000,387130000C,(04)23274275,(04)23288582,2025,04,15,7,45,臺中市,石岡區,0,0,0,7,,,50,,,,,,,,,,,,,,,,,,,B12,,,1,,9,,,8,8,2,12,4,120.774277,24.276015,3
5214,66000,387130000C,(04)23274275,(04)23288582,2025,04,15,7,45,臺中市,豐原區,0,2,0,7,2,6,50,4,1,1,5,4,6,6,1,1,10,5,5,2,18,2,9,1,1,C03,7,9,1,10,2,12,,84,84,1,13,4,120.712954,24.255633,2
5215,66000,387130000C,(04)23274275,(04)23288582,2025,04,15,7,48,臺中市,南區,0,0,0,7,,,50,,,,,,,,,,,,,,,,,,,C03,,,1,,2,,,7,7,1,6,4,120.682929,24.134431,3
5216,66000,387130000C,(04)23274275,(04)23288582,2025,04,15,7,48,臺中市,大里區,0,2,0,7,2,6,50,4,2,1,5,4,6,6,1,1,5,2,5,2,13,2,9,2,1,C03,7,9,1,10,2,11,,7,7,1,6,4,120.70117,24.100459,2
5217,66000,387130000C,(04)23274275,(04)23288582,2025,04,15,7,49,臺中市,南區,0,0,0,7,,,50,,,,,,,,,,,,,,9,,,,,B03,,,1,,2,,,84,84,1,12,4,120.659396,24.121429,3
5218,66000,387130000C,(04)23274275,(04)23288582,2025,04,15,7,49,臺中市,北屯區,0,1,0,7,2,6,50,4,1,1,5,4,6,6,1,1,10,5,5,2,17,3,10,3,1,B03,7,5,1,8,1,2,,84,84,1,12,4,120.698021,24.170493,2
5219,66000,387130000C,(04)23274275,(04)23288582,2025,04,15,7,50,臺中市,西區,0,2,0,7,1,6,50,4,1,1,5,4,6,6,4,4,10,5,5,1,17,2,9,5,4,C03,7,9,1,10,2,11,,13,13,1,12,4,120.672255,24.136306,2
5220,66000,387130000C,(04)23274275,(04)23288582,2025,04,15,7,50,臺中市,北屯區,0,1,0,7,2,6,50,3,2,1,5,4,6,6,2,1,4,1,5,2,12,3,10,3,1,B03,7,5,1,8,2,3,,84,84,1,12,4,120.714946,24.174145,2
5221,66000,387130000C,(04)23274275,(04)23288582,2025,04,15,7,50,臺中市,大里區,0,1,0,7,2,6,50,13,9,1,5,4,6,6,4,4,10,5,5,2,17,3,10,3,1,B03,7,11,1,8,2,8,,84,84,1,6,4,120.702311,24.087332,2
5222,66000,387130000C,(04)23274275,(04)23288582,2025,04,15,7,51,臺中市,西屯區,0,0,0,7,,,50,,,,,,,,,,,,,,15,,,,,B03,,,1,,1,,,15,15,1,13,4,120.587485,24.176553,3
5223,66000,387130000C,(04)23274275,(04)23288582,2025,04,15,7,52,臺中市,西屯區,0,0,0,7,,,50,,,,,,,,,,,,,,12,,,,,B03,,,1,,1,,,40,40,1,12,4,120.631907,24.180072,3
5224,66000,387130000C,(04)23274275,(04)23288582,2025,04,15,7,53,臺中市,西區,0,2,0,7,2,6,50,4,1,1,5,4,6,6,2,1,5,4,5,1,12,2,9,2,1,C03,7,9,1,8,2,12,,84,84,1,13,4,120.661803,24.154396,2
5225,66000,387130000C,(04)23274275,(04)23288582,2025,04,15,7,53,臺中市,外埔區,0,1,0,7,2,6,50,13,9,1,5,4,6,6,4,4,9,5,5,1,17,3,10,3,1,B03,7,4,1,8,2,2,,1,1,1,12,4,120.63841,24.324411,2
5226,66000,387130000C,(04)23274275,(04)23288582,2025,04,15,7,54,臺中市,北屯區,0,0,0,7,,,50,,,,,,,,,,,,,,,,,,,A12,,,1,,2,,,82,82,1,12,4,120.689214,24.201487,3
5227,66000,387130000C,(04)23274275,(04)23288582,2025,04,15,7,55,臺中市,西屯區,0,0,0,7,,,50,,,,,,,,,,,,,,14,,,,,B03,,,1,,1,,,49,49,1,12,4,120.658116,24.16344,3
5228,66000,387130000C,(04)23274275,(04)23288582,2025,04,15,7,55,臺中市,烏日區,0,0,0,7,,,50,,,,,,,,,,,,,,9,,,,,A11,,,1,,2,,,50,50,1,6,4,120.623248,24.104221,3
5229,66000,387130000C,(04)23274275,(04)23288582,2025,04,15,7,55,臺中市,大甲區,0,2,0,7,2,6,40,4,9,1,5,4,6,6,1,1,4,3,5,1,13,2,9,1,1,C03,7,8,1,10,2,14,,84,84,1,12,4,120.618717,24.347452,2
5230,66000,387130000C,(04)23274275,(04)23288582,2025,04,15,7,57,臺中市,西區,0,2,0,7,2,6,30,4,1,1,5,4,6,6,4,4,10,5,5,2,15,2,9,1,1,C03,7,9,1,10,2,12,,15,15,1,12,4,120.658159,24.139356,2
5231,66000,387130000C,(04)23274275,(04)23288582,2025,04,15,7,58,臺中市,北屯區,0,0,0,7,,,30,,,,,,,,,,,,,,11,,,,,B03,,,1,,1,,,41,41,1,13,4,120.74896,24.170806,3
5232,66000,387130000C,(04)23274275,(04)23288582,2025,04,15,8,0,臺中市,大雅區,0,0,0,7,,,60,,,,,,,,,,,,,,,,,,,B03,,,1,,1,,,47,47,1,12,4,120.649836,24.213336,3
5233,66000,387130000C,(04)23274275,(04)23288582,2025,04,15,8,0,臺中市,東區,0,1,0,7,2,6,30,3,1,1,5,4,6,6,4,4,10,5,5,2,18,2,9,1,1,C03,7,6,1,10,2,14,,84,84,1,12,4,120.700912,24.14548,2
5234,66000,387130000C,(04)23274275,(04)23288582,2025,04,15,8,0,臺中市,北屯區,0,1,0,7,2,6,50,4,1,1,5,4,6,6,1,1,10,5,5,2,16,2,9,5,4,C03,7,6,1,10,2,13,,48,48,1,12,4,120.681621,24.177957,2
5235,66000,387130000C,(04)23274275,(04)23288582,2025,04,15,8,0,臺中市,西屯區,0,1,0,7,2,6,50,3,1,1,5,4,6,6,4,4,10,5,5,2,18,2,9,5,4,C03,7,9,1,10,2,14,,59,59,1,13,4,120.655482,24.167432,2
5236,66000,387130000C,(04)23274275,(04)23288582,2025,04,15,8,0,臺中市,豐原區,0,0,0,7,,,50,,,,,,,,,,,,,,13,,,,,C03,,,1,,2,,,7,7,1,6,4,120.720346,24.244701,3
5237,66000,387130000C,(04)23274275,(04)23288582,2025,04,15,8,1,臺中市,大肚區,0,1,0,7,3,6,50,13,9,1,5,4,6,6,4,4,5,5,5,1,13,2,9,4,1,C03,7,12,1,10,2,11,,59,59,1,12,4,120.581466,24.122944,2
5238,66000,387130000C,(04)23274275,(04)23288582,2025,04,15,8,2,臺中市,南區,0,1,0,7,3,6,40,13,8,1,5,4,6,6,4,4,9,5,4,2,17,2,9,1,1,C03,7,9,1,10,2,11,,84,84,1,6,4,120.652002,24.108894,2
5239,66000,387130000C,(04)23274275,(04)23288582,2025,04,15,8,4,臺中市,烏日區,0,1,0,7,2,6,40,3,1,1,5,4,6,6,4,4,10,5,5,2,13,2,8,1,1,C03,7,9,1,10,2,11,,7,7,1,6,4,120.606277,24.119297,2
5240,66000,387130000C,(04)23274275,(04)23288582,2025,04,15,8,5,臺中市,太平區,0,2,0,7,3,6,50,3,2,1,5,4,6,6,4,4,5,5,5,1,17,3,10,3,1,B12,7,13,1,8,2,5,,76,76,1,12,4,120.71262,24.124268,2
5241,66000,387130000C,(04)23274275,(04)23288582,2025,04,15,8,7,臺中市,北區,0,0,0,7,,,50,,,,,,,,,,,,,,13,,,,,B03,,,1,,1,,,7,7,1,13,4,120.687711,24.159168,3
5242,66000,387130000C,(04)23274275,(04)23288582,2025,04,15,8,7,臺中市,北區,0,2,0,7,3,6,40,4,2,1,5,4,6,6,1,1,1,3,4,2,16,2,9,6,1,F01,7,6,7,21,2,13,,42,42,1,12,4,120.684701,24.163504,2
5243,66000,387130000C,(04)23274275,(04)23288582,2025,04,15,8,7,臺中市,東區,0,2,0,7,2,6,50,5,1,1,5,4,6,6,1,1,10,5,5,2,17,2,9,1,1,C03,7,15,1,10,2,11,,42,42,1,12,4,120.706221,24.148227,2
5244,66000,387130000C,(04)23274275,(04)23288582,2025,04,15,8,7,臺中市,北屯區,0,2,0,7,1,6,50,4,1,4,5,4,6,6,2,1,10,5,5,2,17,2,9,5,4,F01,7,6,7,21,2,12,,11,11,1,4,1,120.711908,24.168762,2
5245,66000,387130000C,(04)23274275,(04)23288582,2025,04,15,8,7,臺中市,西屯區,0,0,0,7,,,50,,,,,,,,,,,,,,13,,,,,B03,,,1,,1,,,59,59,1,12,4,120.635879,24.181852,3
5246,66000,387130000C,(04)23274275,(04)23288582,2025,04,15,8,10,臺中市,南屯區,0,1,0,7,2,6,50,3,1,1,5,4,6,6,4,4,4,4,4,2,17,3,10,3,1,B12,7,11,1,8,2,4,,45,45,1,12,4,120.626307,24.115534,2
5247,66000,387130000C,(04)23274275,(04)23288582,2025,04,15,8,10,臺中市,后里區,0,1,0,7,3,6,50,3,19,1,5,4,6,6,2,1,1,4,4,1,3,3,10,3,1,B03,7,6,1,8,2,8,,10,10,1,6,4,120.723692,24.294721,2
5248,66000,387130000C,(04)23274275,(04)23288582,2025,04,15,8,12,臺中市,南區,0,1,0,7,2,6,50,3,1,1,5,4,6,6,4,4,1,4,5,2,17,3,10,3,1,B03,7,5,1,8,2,2,,14,14,1,12,4,120.670092,24.121065,2
5249,66000,387130000C,(04)23274275,(04)23288582,2025,04,15,8,12,臺中市,北屯區,0,0,0,7,,,50,,,,,,,,,,,,,,14,,,,,C03,,,1,,1,,,49,49,1,13,4,120.683552,24.173515,3
5250,66000,387130000C,(04)23274275,(04)23288582,2025,04,15,8,12,臺中市,梧棲區,0,1,0,7,3,6,50,3,1,1,5,4,6,6,4,4,10,5,5,2,3,3,10,3,1,B03,7,6,1,8,2,1,,59,59,1,6,4,120.534645,24.255529,2
5251,66000,387130000C,(04)23274275,(04)23288582,2025,04,15,8,12,臺中市,大甲區,0,1,0,7,3,6,50,13,9,1,5,4,6,6,4,4,9,4,5,1,17,3,10,1,1,C03,7,6,1,10,2,11,,48,48,1,12,4,120.640956,24.40253,2
5252,66000,387130000C,(04)23274275,(04)23288582,2025,04,15,8,13,臺中市,東區,0,0,0,7,,,50,,,,,,,,,,,,,,13,,,,,C03,,,1,,2,,,7,7,1,6,4,120.685323,24.130403,3
5253,66000,387130000C,(04)23274275,(04)23288582,2025,04,15,8,14,臺中市,潭子區,0,1,0,7,3,6,40,3,2,1,5,4,6,6,4,4,1,5,5,1,18,2,9,2,1,C03,7,12,1,10,2,12,,84,84,1,13,4,120.714704,24.209284,2
5254,66000,387130000C,(04)23274275,(04)23288582,2025,04,15,8,14,臺中市,北區,0,0,0,7,,,40,,,,,,,,,,,,,,17,,,,,B03,,,1,,1,,,8,8,1,12,4,120.664435,24.154688,3
5255,66000,387130000C,(04)23274275,(04)23288582,2025,04,15,8,14,臺中市,北屯區,0,1,0,7,2,6,50,3,1,1,5,4,6,6,1,1,10,5,5,2,16,3,10,5,4,C03,7,6,3,19,2,12,,20,20,1,12,4,120.710541,24.178229,2
5256,66000,387130000C,(04)23274275,(04)23288582,2025,04,15,8,14,臺中市,西屯區,0,1,0,7,2,6,50,13,9,1,5,4,6,6,4,4,4,4,5,2,17,2,9,5,4,C03,7,9,1,10,2,12,,59,59,1,13,4,120.644134,24.201269,2
5257,66000,387130000C,(04)23274275,(04)23288582,2025,04,15,8,14,臺中市,霧峰區,0,2,0,7,2,6,50,4,1,1,5,4,6,6,4,4,10,5,5,2,13,2,9,2,1,C03,7,9,1,10,2,11,,7,7,1,6,4,120.714444,24.076081,2
5258,66000,387130000C,(04)23274275,(04)23288582,2025,04,15,8,18,臺中市,北屯區,0,1,0,7,2,6,50,4,1,1,5,4,6,6,4,4,4,5,5,2,15,2,9,1,1,C03,7,9,1,10,2,11,,15,15,1,6,4,120.715878,24.170899,2
5259,66000,387130000C,(04)23274275,(04)23288582,2025,04,15,8,20,臺中市,太平區,0,0,0,7,,,50,,,,,,,,,,,,,,,,,,,C03,,,1,,1,,,59,59,1,12,4,120.707992,24.152687,3
5260,66000,387130000C,(04)23274275,(04)23288582,2025,04,15,8,22,臺中市,南屯區,0,1,0,7,2,6,50,3,2,1,5,4,6,6,1,1,8,3,5,1,12,3,10,3,1,B03,7,15,1,8,2,2,,39,39,1,12,4,120.612735,24.154131,2
5261,66000,387130000C,(04)23274275,(04)23288582,2025,04,15,8,23,臺中市,梧棲區,0,1,0,7,2,6,30,3,1,1,5,4,6,6,4,4,10,5,5,2,11,3,10,3,1,B03,7,6,1,8,2,4,,13,13,1,12,4,120.54944,24.240873,2
5262,66000,387130000C,(04)23274275,(04)23288582,2025,04,15,8,28,臺中市,潭子區,0,2,0,7,3,6,50,4,1,1,5,4,6,6,1,1,5,5,5,2,15,2,8,2,1,C03,7,9,1,10,2,11,,21,21,1,13,4,120.705385,24.209873,2
5263,66000,387130000C,(04)23274275,(04)23288582,2025,04,15,8,30,臺中市,西區,0,0,0,7,,,50,,,,,,,,,,,,,,,,,,,B12,,,1,,2,,,7,7,1,12,4,120.670135,24.140676,3