序號,縣市別代碼,機關代碼,市話,傳真,年,月,日,時,分,縣市,區,死亡數量,受傷數量,2-30,天候,道路照明設備,道路類別,道路速限,道路型態,事故位置,路面鋪裝,路面狀態,路面缺陷,障礙物,視距,號誌種類,號誌動作,分向設施,快車道或一般車道間,快慢車道間,路面邊線,事故類型及型態,受傷程度,主要傷處,保護裝備,行動電話或功能裝置,當事者區分（類別）,車輛用途,當事者行動狀態,駕照狀態,駕照種類,飲酒情形,車輛撞擊部位最初,車輛撞擊部位其他,肇事因素個別,肇事因素主要,肇事逃逸,職業,共享經濟或外送平台,GPS座標X,GPS座標Y,事故類別
5597,66000,387130000C,(04)23274275,(04)23288582,2025,04,15,21,9,臺中市,西屯區,0,2,0,7,1,6,30,4,1,1,5,4,6,6,4,4,5,5,5,2,17,2,9,1,1,C03,7,14,1,10,2,14,,87,87,1,12,4,120.650172,24.167162,2
5598,66000,387130000C,(04)23274275,(04)23288582,2025,04,15,21,12,臺中市,清水區,0,1,0,7,1,6,50,3,1,1,5,4,6,6,4,4,8,3,4,1,17,3,10,1,1,C03,7,6,1,10,2,13,,48,48,1,12,4,120.565118,24.273669,2
5599,66000,387130000C,(04)23274275,(04)23288582,2025,04,15,21,21,臺中市,太平區,0,1,0,7,1,6,50,4,1,1,5,4,6,6,4,4,10,5,5,2,18,2,9,1,1,F03,7,9,7,21,2,11,,6,6,1,12,4,120.715255,24.116736,2
5600,66000,387130000C,(04)23274275,(04)23288582,2025,04,15,21,26,臺中市,潭子區,0,1,0,6,3,6,50,3,1,1,5,4,6,6,4,4,5,5,5,1,17,2,9,2,1,C03,7,15,1,10,2,14,,84,84,1,13,4,120.674282,24.204186,2
5601,66000,387130000C,(04)23274275,(04)23288582,2025,04,15,21,34,臺中市,北屯區,0,0,0,7,,,50,,,,,,,,,,,,,,10,,,,,B03,,,1,,1,,,84,84,1,6,4,120.694594,24.174574,3
5602,66000,387130000C,(04)23274275,(04)23288582,2025,04,15,21,36,臺中市,后里區,0,0,0,7,1,9,40,18,24,2,5,4,6,6,4,4,10,5,5,2,17,3,10,3,1,A41,7,9,1,1,1,16,,82,82,1,6,4,120.69639,24.312963,3
5603,66000,387130000C,(04)23274275,(04)23288582,2025,04,15,21,39,臺中市,北區,0,0,0,7,,,50,,,,,,,,,,,,,,13,,,,,B03,,,3,,1,,,56,56,1,13,4,120.671256,24.173699,3
5604,66000,387130000C,(04)23274275,(04)23288582,2025,04,15,21,41,臺中市,東區,0,1,0,7,1,6,50,5,1,1,5,4,6,6,1,1,9,4,4,2,17,3,10,2,1,C03,7,7,1,10,2,12,,8,8,1,12,4,120.69471,24.142625,2
5605,66000,387130000C,(04)23274275,(04)23288582,2025,04,15,21,42,臺中市,西屯區,0,3,0,7,1,6,50,3,1,1,5,4,6,6,1,1,10,5,5,2,16,2,9,5,1,C03,7,1,1,10,2,14,,51,51,1,12,4,120.64622,24.185101,2
5606,66000,387130000C,(04)23274275,(04)23288582,2025,04,15,21,49,臺中市,梧棲區,0,0,0,7,,,50,,,,,,,,,,,,,,17,,,,,B03,,,1,,2,,,59,59,1,6,4,120.530525,24.256699,3
5607,66000,387130000C,(04)23274275,(04)23288582,2025,04,15,21,52,臺中市,南屯區,0,1,0,7,2,6,50,3,2,1,5,4,6,6,4,4,5,5,5,2,17,3,10,3,1,B03,7,6,1,8,2,8,,84,84,1,13,4,120.611095,24.140322,2
5608,66000,387130000C,(04)23274275,(04)23288582,2025,04,15,21,55,臺中市,大里區,0,1,0,7,2,6,50,3,1,1,5,4,6,6,1,1,10,5,5,2,16,2,9,1,1,C03,7,9,1,10,2,11,,85,85,1,12,4,120.692616,24.111874,2
5609,66000,387130000C,(04)23274275,(04)23288582,2025,04,15,21,56,臺中市,清水區,0,1,0,7,1,6,40,3,1,1,5,4,6,6,2,1,1,4,5,1,10,2,1,6,1,F01,7,9,7,21,8,11,,4,4,1,6,4,120.532434,24.272428,2
5610,66000,387130000C,(04)23274275,(04)23288582,2025,04,15,21,57,臺中市,神岡區,0,0,0,7,,,1,,,,,,,,,,,,,,9,,,,,C03,,,7,,1,,,49,49,1,12,4,120.637988,24.288694,3
5611,66000,387130000C,(04)23274275,(04)23288582,2025,04,15,22,4,臺中市,太平區,0,0,0,7,1,6,50,,,,,,,,,,,,,,,,,,,B03,,,1,,1,1,,59,59,1,12,4,120.721989,24.149428,3
5612,66000,387130000C,(04)23274275,(04)23288582,2025,04,15,22,10,臺中市,西區,0,0,0,7,,,50,,,,,,,,,,,,,,,,,,,B03,,,1,,1,,,40,40,1,6,4,120.671817,24.149239,3
5613,66000,387130000C,(04)23274275,(04)23288582,2025,04,15,22,14,臺中市,沙鹿區,0,1,0,7,1,6,50,3,1,1,5,4,6,6,1,1,10,5,5,2,13,3,10,3,1,B12,7,9,1,7,2,1,,59,59,1,6,4,120.578222,24.221964,2
5614,66000,387130000C,(04)23274275,(04)23288582,2025,04,15,22,14,臺中市,清水區,0,2,0,7,1,6,50,3,2,1,5,4,6,6,4,4,9,3,4,1,17,2,9,1,1,C03,7,6,3,19,2,11,,26,26,1,12,4,120.558331,24.266754,2
5615,66000,387130000C,(04)23274275,(04)23288582,2025,04,15,22,23,臺中市,南屯區,0,0,0,7,,,50,,,,,,,,,,,,,,,,,,,C03,,,1,,9,,,77,77,1,12,4,120.642435,24.141388,3
5616,66000,387130000C,(04)23274275,(04)23288582,2025,04,15,22,39,臺中市,南屯區,0,1,0,7,1,6,50,3,1,1,5,4,6,6,4,4,10,5,5,2,17,3,10,3,1,B03,7,1,1,8,5,8,,51,51,1,12,4,120.638031,24.139535,2
5617,66000,387130000C,(04)23274275,(04)23288582,2025,04,15,22,44,臺中市,北屯區,0,0,0,7,,,50,,,,,,,,,,,,,,,,,,,B03,,,1,,2,,,11,11,1,13,4,120.720707,24.1712,3
5618,66000,387130000C,(04)23274275,(04)23288582,2025,04,15,22,45,臺中市,北區,0,0,0,7,,,50,,,,,,,,,,,,,,15,,,,,C03,,,3,,2,,,21,21,1,13,4,120.685102,24.160322,3
5619,66000,387130000C,(04)23274275,(04)23288582,2025,04,15,22,45,臺中市,北屯區,0,1,0,7,1,6,50,13,24,1,5,4,6,6,3,1,10,5,5,2,30,2,2,3,1,B03,7,9,1,8,9,1,,59,59,1,12,4,120.696496,24.179327,2
5620,66000,387130000C,(04)23274275,(04)23288582,2025,04,15,23,30,臺中市,大里區,0,1,0,7,1,6,50,13,9,1,5,4,6,6,4,4,4,3,5,1,17,3,10,3,1,B03,7,5,1,8,2,2,,65,65,1,6,4,120.708243,24.086685,2
5621,66000,387130000C,(04)23274275,(04)23288582,2025,04,16,0,14,臺中市,龍井區,0,1,0,7,1,6,40,13,8,1,5,4,6,6,2,1,10,5,1,1,18,2,9,5,4,C03,7,9,1,10,2,15,,59,59,1,5,4,120.583327,24.186941,2
5622,66000,387130000C,(04)23274275,(04)23288582,2025,04,16,0,20,臺中市,西區,0,2,0,7,1,6,50,4,9,1,5,4,6,6,1,1,5,4,5,2,13,2,9,1,1,C03,7,9,3,19,2,11,,84,84,1,11,4,120.661687,24.152547,2
5623,66000,387130000C,(04)23274275,(04)23288582,2025,04,16,0,24,臺中市,北屯區,0,2,0,7,1,6,50,13,9,1,5,4,6,6,1,1,1,3,5,2,13,3,10,2,1,C03,7,9,1,10,2,11,,7,7,1,12,4,120.684558,24.200835,2
5624,66000,387130000C,(04)23274275,(04)23288582,2025,04,16,0,50,臺中市,北區,0,1,0,7,1,6,50,4,2,1,5,4,6,6,1,1,2,4,5,2,16,2,9,1,1,C03,7,9,1,10,2,11,14,6,6,1,13,4,120.691231,24.159104,2
5625,66000,387130000C,(04)23274275,(04)23288582,2025,04,16,0,53,臺中市,西屯區,0,2,0,7,1,6,50,13,9,1,5,4,6,6,4,4,5,4,5,2,17,2,9,5,4,C03,7,11,1,10,1,13,,45,45,1,13,4,120.643877,24.200762,2
5626,66000,387130000C,(04)23274275,(04)23288582,2025,04,16,1,45,臺中市,北區,0,0,0,7,,,50,,,,,,,,,,,,,,,,,,,B03,,,1,,2,,,84,84,1,12,4,120.698458,24.152301,3
5627,66000,387130000C,(04)23274275,(04)23288582,2025,04,16,3,1,臺中市,西屯區,0,0,0,7,,,40,,,,,,,,,,,,,,14,,,,,B12,,,1,,2,,,49,49,1,12,4,120.615778,24.190228,3
5628,66000,387130000C,(04)23274275,(04)23288582,2025,04,16,3,22,臺中市,北屯區,0,0,0,7,,,50,,,,,,,,,,,,,,13,,,,,B03,,,1,,2,,,59,59,1,13,4,120.685914,24.180388,3
5629,66000,387130000C,(04)23274275,(04)23288582,2025,04,16,4,9,臺中市,北屯區,0,0,0,7,,,40,,,,,,,,,,,,,,,,,,,B03,,,1,,2,,,55,55,1,12,4,120.694691,24.174378,3
5630,66000,387130000C,(04)23274275,(04)23288582,2025,04,16,4,58,臺中市,南屯區,0,0,0,7,,,50,,,,,,,,,,,,,,,,,,,B03,,,1,,9,,,59,59,1,12,4,120.643405,24.146604,3
5631,66000,387130000C,(04)23274275,(04)23288582,2025,04,16,5,24,臺中市,新社區,0,0,0,7,,,50,,,,,,,,,,,,,,30,,,,,B03,,,1,,2,,,59,59,1,12,4,120.797827,24.226778,3
5632,66000,387130000C,(04)23274275,(04)23288582,2025,04,16,5,48,臺中市,太平區,0,1,0,7,2,6,30,13,9,1,5,4,6,6,4,4,10,5,5,2,2,3,10,3,1,B12,7,2,1,8,2,3,,49,49,1,13,4,120.705422,24.153916,2
5633,66000,387130000C,(04)23274275,(04)23288582,2025,04,16,6,30,臺中市,大雅區,0,0,0,7,,,50,,,,,,,,,,,,,,,,,,,B03,,,1,,1,,,8,8,1,13,4,120.656538,24.221764,3
5634,66000,387130000C,(04)23274275,(04)23288582,2025,04,16,6,35,臺中市,清水區,0,2,0,7,2,6,50,3,1,1,5,4,6,6,4,4,8,3,5,1,17,2,9,1,1,C03,7,6,1,10,2,14,,84,84,1,12,4,120.560654,24.269302,2
5635,66000,387130000C,(04)23274275,(04)23288582,2025,04,16,6,44,臺中市,太平區,0,1,0,7,2,6,30,4,1,1,5,4,6,6,4,4,10,5,5,2,15,2,9,1,1,C03,7,9,1,10,2,11,12,15,15,1,12,4,120.723927,24.14173,2
5636,66000,387130000C,(04)23274275,(04)23288582,2025,04,16,6,47,臺中市,南區,0,0,0,7,,,40,,,,,,,,,,,,,,17,,,,,B03,,,1,,2,,,51,51,1,12,4,120.667953,24.114502,3
5637,66000,387130000C,(04)23274275,(04)23288582,2025,04,16,6,49,臺中市,西屯區,0,2,0,7,2,6,60,13,7,1,5,4,6,6,4,4,1,4,1,2,13,2,9,3,1,B03,7,9,1,8,2,1,,7,7,1,12,4,120.648244,24.163732,2
5638,66000,387130000C,(04)23274275,(04)23288582,2025,04,16,6,55,臺中市,北屯區,0,1,0,7,3,6,50,3,1,1,5,4,6,6,4,4,10,5,5,2,16,2,9,2,1,C03,7,9,1,10,2,12,,39,39,1,13,4,120.721566,24.164535,2
5639,66000,387130000C,(04)23274275,(04)23288582,2025,04,16,6,58,臺中市,沙鹿區,0,0,0,7,,,70,,,,,,,,,,,,,,,,,,,B03,,,1,,2,,,7,7,1,12,4,120.599513,24.249988,3
5640,66000,387130000C,(04)23274275,(04)23288582,2025,04,16,6,58,臺中市,沙鹿區,0,1,0,7,3,6,40,3,8,1,5,4,6,6,1,1,3,4,3,1,17,2,9,1,1,C03,7,9,1,10,2,12,,7,7,1,12,4,120.575738,24.227118,2
5641,66000,387130000C,(04)23274275,(04)23288582,2025,04,16,6,59,臺中市,西屯區,0,1,0,7,2,6,50,13,9,1,5,4,6,6,4,4,5,4,5,2,13,2,8,5,4,C03,7,9,1,10,1,11,,7,7,1,12,4,120.632287,24.182937,2
5642,66000,387130000C,(04)23274275,(04)23288582,2025,04,16,7,0,臺中市,沙鹿區,0,0,0,7,,,70,,,,,,,,,,,,,,,,,,,B03,,,1,,2,,,7,7,1,12,4,120.597734,24.25003,3
5643,66000,387130000C,(04)23274275,(04)23288582,2025,04,16,7,2,臺中市,西屯區,0,1,0,7,2,6,50,3,1,1,5,4,6,6,1,1,1,4,5,2,11,2,9,5,4,C03,7,9,1,10,2,11,,7,7,1,13,4,120.657055,24.200441,2
5644,66000,387130000C,(04)23274275,(04)23288582,2025,04,16,7,5,臺中市,沙鹿區,0,0,0,7,2,6,50,4,9,1,5,4,6,6,4,4,4,4,5,2,11,,,,,B03,,,1,,2,,,4,4,1,12,4,120.57132,24.212638,3
5645,66000,387130000C,(04)23274275,(04)23288582,2025,04,16,7,10,臺中市,大肚區,0,0,0,7,,,30,,,,,,,,,,,,,,12,,,,,B03,,,1,,2,,,8,8,1,6,4,120.56729,24.124466,3
5646,66000,387130000C,(04)23274275,(04)23288582,2025,04,16,7,11,臺中市,大里區,0,0,0,7,,,80,,,,,,,,,,,,,,,,,,,B03,,,1,,2,,,7,7,1,12,4,120.686102,24.092583,3
5647,66000,387130000C,(04)23274275,(04)23288582,2025,04,16,7,12,臺中市,沙鹿區,0,0,0,7,,,60,,,,,,,,,,,,,,14,,,,,B03,,,1,,1,,,82,82,1,6,4,120.594592,24.249969,4
5648,66000,387130000C,(04)23274275,(04)23288582,2025,04,16,7,17,臺中市,北屯區,0,0,0,7,,,50,,,,,,,,,,,,,,13,,,,,B03,,,1,,2,,,59,59,1,12,4,120.687048,24.18155,3
5649,66000,387130000C,(04)23274275,(04)23288582,2025,04,16,7,19,臺中市,南區,0,1,0,1,3,6,50,4,19,1,5,4,6,6,2,1,5,5,5,2,2,3,10,3,1,B03,7,6,1,8,2,1,,10,10,1,6,4,120.663051,24.123824,2
5650,66000,387130000C,(04)23274275,(04)23288582,2025,04,16,7,20,臺中市,霧峰區,0,2,0,7,2,6,50,13,9,1,5,4,6,6,4,4,5,5,5,1,13,2,9,2,1,C03,7,9,1,10,2,12,,84,84,1,5,4,120.688735,24.056329,2
5651,66000,387130000C,(04)23274275,(04)23288582,2025,04,16,7,23,臺中市,霧峰區,0,0,0,7,,,40,,,,,,,,,,,,,,,,,,,B03,,,1,,1,,,51,51,1,13,4,120.690023,24.042948,3
5652,66000,387130000C,(04)23274275,(04)23288582,2025,04,16,7,25,臺中市,梧棲區,0,0,0,7,,,60,,,,,,,,,,,,,,17,,,,,B03,,,1,,1,,,50,50,1,6,4,120.536763,24.251789,3
5653,66000,387130000C,(04)23274275,(04)23288582,2025,04,16,7,26,臺中市,豐原區,0,2,0,7,3,6,30,3,1,1,5,4,6,6,4,4,10,5,5,1,13,2,9,1,4,C03,7,9,1,10,2,12,,84,84,1,12,4,120.731986,24.262964,2
5654,66000,387130000C,(04)23274275,(04)23288582,2025,04,16,7,27,臺中市,南屯區,0,0,0,7,,,50,,,,,,,,,,,,,,,,,,,B03,,,1,,1,,,59,59,1,13,4,120.627418,24.148351,3
5655,66000,387130000C,(04)23274275,(04)23288582,2025,04,16,7,30,臺中市,南區,0,1,0,7,3,6,50,4,1,1,5,4,6,6,1,1,10,5,5,2,12,3,10,1,1,C03,7,7,1,10,2,13,,40,40,1,6,4,120.657468,24.133669,2
5656,66000,387130000C,(04)23274275,(04)23288582,2025,04,16,7,30,臺中市,西屯區,0,1,0,7,2,6,50,4,1,1,5,4,6,6,4,4,10,5,5,2,16,2,7,5,4,C03,7,6,1,10,2,11,,11,11,1,12,4,120.635989,24.169183,2
5657,66000,387130000C,(04)23274275,(04)23288582,2025,04,16,7,31,臺中市,西屯區,0,1,0,7,2,6,50,13,9,1,5,4,6,6,1,1,1,4,5,2,18,2,9,5,4,C03,7,9,1,10,2,12,,59,59,1,12,4,120.597373,24.191485,2
5658,66000,387130000C,(04)23274275,(04)23288582,2025,04,16,7,32,臺中市,大里區,0,0,0,7,,,50,,,,,,,,,,,,,,13,,,,,C03,,,1,,2,,,7,7,1,6,4,120.69213,24.101936,3
5659,66000,387130000C,(04)23274275,(04)23288582,2025,04,16,7,32,臺中市,龍井區,0,2,0,7,3,6,50,4,1,1,5,4,6,6,1,1,5,5,5,1,17,2,9,2,1,C03,7,4,1,10,2,12,,1,1,1,6,4,120.516902,24.221403,2
5660,66000,387130000C,(04)23274275,(04)23288582,2025,04,16,7,32,臺中市,后里區,0,0,0,7,,,,,,,,,,,,,,,,,13,,,,,,,,,,,,,7,7,1,,,120.723059,24.284555,3
5661,66000,387130000C,(04)23274275,(04)23288582,2025,04,16,7,34,臺中市,外埔區,0,0,0,7,,,50,,,,,,,,,,,,,,,,,,,B03,,,1,,2,,,14,14,1,12,4,120.636363,24.343248,3
5662,66000,387130000C,(04)23274275,(04)23288582,2025,04,16,7,36,臺中市,潭子區,0,2,0,7,2,6,50,13,7,1,5,4,6,6,4,4,4,5,4,2,16,2,9,1,1,F03,7,11,7,21,2,12,,46,46,1,13,4,120.692519,24.228039,2
5663,66000,387130000C,(04)23274275,(04)23288582,2025,04,16,7,36,臺中市,南屯區,0,0,0,7,,,40,,,,,,,,,,,,,,13,,,,,C03,,,1,,1,,,7,7,1,12,4,120.612457,24.137987,3
5664,66000,387130000C,(04)23274275,(04)23288582,2025,04,16,7,37,臺中市,北屯區,0,0,0,7,,,50,,,,,,,,,,,,,,13,,,,,B03,,,1,,2,,,84,84,1,13,4,120.685951,24.201468,3
5665,66000,387130000C,(04)23274275,(04)23288582,2025,04,16,7,38,臺中市,西屯區,0,1,0,7,2,6,50,3,2,1,5,4,6,6,1,1,5,5,5,2,13,2,9,1,1,C03,7,7,1,10,2,11,,34,34,1,13,4,120.59755,24.191416,2
5666,66000,387130000C,(04)23274275,(04)23288582,2025,04,16,7,39,臺中市,西區,0,0,0,7,,,50,,,,,,,,,,,,,,,,,,,B03,,,1,,2,,,84,84,1,12,4,120.671051,24.152789,3
5667,66000,387130000C,(04)23274275,(04)23288582,2025,04,16,7,41,臺中市,南區,0,0,0,7,,,50,,,,,,,,,,,,,,,,,,,C03,,,1,,1,,,8,8,1,6,4,120.663394,24.119716,3
5668,66000,387130000C,(04)23274275,(04)23288582,2025,04,16,7,41,臺中市,霧峰區,0,0,0,7,,,50,,,,,,,,,,,,,,2,,,,,A05,,,1,,2,,,8,8,1,12,4,120.66286,24.061659,3
5669,66000,387130000C,(04)23274275,(04)23288582,2025,04,16,7,41,臺中市,東勢區,0,1,0,7,2,6,30,4,1,1,5,4,6,6,4,4,10,5,5,2,16,3,10,3,1,B03,7,6,1,8,2,1,,12,12,1,12,4,120.831296,24.251484,2
5670,66000,387130000C,(04)23274275,(04)23288582,2025,04,16,7,42,臺中市,北屯區,0,2,0,7,1,6,30,3,9,1,5,4,6,6,4,4,10,5,5,2,17,3,10,5,4,B03,7,1,1,8,2,8,,51,51,1,13,4,120.712849,24.171814,2
5671,66000,387130000C,(04)23274275,(04)23288582,2025,04,16,7,43,臺中市,南屯區,0,1,0,7,3,6,50,13,9,1,5,4,6,6,2,1,1,4,5,2,12,2,9,5,4,B03,7,8,1,8,2,5,,8,8,1,6,4,120.637603,24.150805,2
5672,66000,387130000C,(04)23274275,(04)23288582,2025,04,16,7,44,臺中市,北屯區,0,0,0,7,,,50,,,,,,,,,,,,,,12,,,,,B12,,,1,,1,,,8,8,1,13,4,120.718996,24.161898,3
5673,66000,387130000C,(04)23274275,(04)23288582,2025,04,16,7,45,臺中市,大雅區,0,0,0,7,,,30,,,,,,,,,,,,,,,,,,,B03,,,1,,1,,,14,14,1,13,4,120.648587,24.235207,3
5674,66000,387130000C,(04)23274275,(04)23288582,2025,04,16,7,45,臺中市,西區,0,1,0,7,3,6,30,4,9,1,5,4,6,6,4,4,10,5,5,2,15,3,10,1,1,C04,7,9,5,10,9,15,,84,84,1,13,4,120.671287,24.137893,2
5675,66000,387130000C,(04)23274275,(04)23288582,2025,04,16,7,45,臺中市,西屯區,0,1,0,7,2,6,40,13,9,1,5,4,6,6,4,4,1,4,1,2,13,2,9,1,1,C03,7,9,1,10,2,11,,7,7,1,12,4,120.606029,24.183394,2
5676,66000,387130000C,(04)23274275,(04)23288582,2025,04,16,7,48,臺中市,東區,0,0,0,7,,,80,,,,,,,,,,,,,,13,,,,,B03,,,1,,1,,,7,7,1,12,4,120.703716,24.125881,3
5677,66000,387130000C,(04)23274275,(04)23288582,2025,04,16,7,48,臺中市,南屯區,0,1,0,7,1,6,50,13,9,1,5,4,6,6,4,4,1,4,5,2,13,2,9,5,4,C03,7,9,1,10,2,11,,7,7,1,13,4,120.615843,24.147036,2
5678,66000,387130000C,(04)23274275,(04)23288582,2025,04,16,7,49,臺中市,大雅區,0,0,0,7,,,50,,,,,,,,,,,,,,15,,,,,F03,,,1,,1,,,21,21,1,12,4,120.656598,24.226077,3
5679,66000,387130000C,(04)23274275,(04)23288582,2025,04,16,7,50,臺中市,西屯區,0,1,0,7,2,6,50,4,2,1,5,4,6,6,4,4,5,5,4,1,16,3,10,3,1,B03,7,5,1,8,2,2,,47,47,1,12,4,120.648432,24.1702,2
5680,66000,387130000C,(04)23274275,(04)23288582,2025,04,16,7,50,臺中市,豐原區,0,1,0,7,2,6,50,13,9,1,5,4,6,6,4,4,5,5,5,2,13,3,10,2,1,C03,7,9,1,10,2,11,,84,84,1,13,4,120.720882,24.245959,2
5681,66000,387130000C,(04)23274275,(04)23288582,2025,04,16,7,52,臺中市,太平區,0,1,0,7,3,6,50,4,1,1,5,4,6,6,1,1,5,5,4,2,16,2,9,2,1,C03,7,6,1,10,2,13,,48,48,1,12,4,120.713467,24.160704,2
5682,66000,387130000C,(04)23274275,(04)23288582,2025,04,16,7,53,臺中市,潭子區,0,0,0,7,,,50,,,,,,,,,,,,,,,,,,,B03,,,1,,2,,,59,59,1,13,4,120.710711,24.212833,3
5683,66000,387130000C,(04)23274275,(04)23288582,2025,04,16,7,53,臺中市,南屯區,0,0,0,7,3,6,80,13,9,1,5,4,6,6,4,4,3,4,5,2,13,,,,,B03,,,1,,1,,,7,7,1,12,4,120.623033,24.140267,3
5684,66000,387130000C,(04)23274275,(04)23288582,2025,04,16,7,54,臺中市,西屯區,0,0,0,7,,,50,,,,,,,,,,,,,,13,,,,,C03,,,1,,1,,,7,7,1,12,4,120.614725,24.179706,3
5685,66000,387130000C,(04)23274275,(04)23288582,2025,04,16,7,56,臺中市,南屯區,0,0,0,7,,,40,,,,,,,,,,,,,,17,,,,,C03,,,1,,1,,,84,84,1,12,4,120.594738,24.150957,3
5686,66000,387130000C,(04)23274275,(04)23288582,2025,04,16,7,56,臺中市,北屯區,0,0,0,7,,,80,,,,,,,,,,,,,,,,,,,B03,,,5,,1,,,7,7,1,11,4,120.672699,24.200994,3
5687,66000,387130000C,(04)23274275,(04)23288582,2025,04,16,7,58,臺中市,西區,0,0,0,7,,,50,,,,,,,,,,,,,,,,,,,B03,,,1,,1,,,84,84,1,12,4,120.675855,24.133176,3
5688,66000,387130000C,(04)23274275,(04)23288582,2025,04,16,7,58,臺中市,烏日區,0,1,0,7,2,6,30,4,1,1,5,4,6,6,4,4,10,5,5,2,15,2,9,2,1,C03,7,9,1,10,2,11,,15,15,1,6,4,120.639792,24.111362,2
5689,66000,387130000C,(04)23274275,(04)23288582,2025,04,16,8,0,臺中市,北屯區,0,0,0,7,,,50,,,,,,,,,,,,,,17,,,,,B12,,,1,,1,,,78,78,1,12,4,120.7216,24.160336,3
5690,66000,387130000C,(04)23274275,(04)23288582,2025,04,16,8,0,臺中市,大里區,0,1,0,7,2,6,50,4,1,1,5,4,6,6,1,1,10,5,5,2,13,2,9,2,1,C03,7,9,1,10,2,11,,84,84,1,6,4,120.695773,24.096526,2
5691,66000,387130000C,(04)23274275,(04)23288582,2025,04,16,8,1,臺中市,東區,0,1,0,7,3,6,50,3,1,1,5,4,3,5,4,4,5,5,5,2,12,3,10,3,1,B03,7,6,1,8,2,8,,14,14,1,6,4,120.695541,24.142797,2
5692,66000,387130000C,(04)23274275,(04)23288582,2025,04,16,8,2,臺中市,西屯區,0,0,0,7,,,40,,,,,,,,,,,,,,17,,,,,B12,,,1,,9,,,8,8,1,12,4,120.632528,24.204699,3
5693,66000,387130000C,(04)23274275,(04)23288582,2025,04,16,8,2,臺中市,大里區,0,1,0,7,2,6,50,13,9,1,5,4,6,6,4,4,1,4,5,1,18,2,9,1,1,F01,7,9,7,21,2,12,,59,59,1,4,4,120.684723,24.0964,2
5694,66000,387130000C,(04)23274275,(04)23288582,2025,04,16,8,3,臺中市,大里區,0,0,0,7,,,50,,,,,,,,,,,,,,13,,,,,C03,,,1,,2,,,7,7,1,12,4,120.701456,24.099845,3
5695,66000,387130000C,(04)23274275,(04)23288582,2025,04,16,8,4,臺中市,太平區,0,0,0,7,2,6,50,,,,,,,,,,,,,,,,,,,B03,,,1,,1,1,,84,84,1,12,4,120.715151,24.133108,3
5696,66000,387130000C,(04)23274275,(04)23288582,2025,04,16,8,6,臺中市,南區,0,0,0,7,,,50,,,,,,,,,,,,,,13,,,,,C03,,,1,,2,,,7,7,1,6,4,120.670215,24.124433,3
5697,66000,387130000C,(04)23274275,(04)23288582,2025,04,16,8,6,臺中市,太平區,0,0,0,7,2,6,50,,,,,,,,,,,,,,,,,,,C03,,,1,,2,11,,7,7,1,12,4,120.734206,24.148357,3
5698,66000,387130000C,(04)23274275,(04)23288582,2025,04,16,8,9,臺中市,西屯區,0,1,0,7,2,6,50,4,1,1,5,4,6,6,2,1,9,4,5,2,13,3,10,5,4,C03,7,9,1,10,2,11,,7,7,1,13,4,120.637465,24.179054,2
5699,66000,387130000C,(04)23274275,(04)23288582,2025,04,16,8,10,臺中市,南屯區,0,0,0,7,,,50,,,,,,,,,,,,,,13,,,,,B03,,,1,,1,,,7,7,1,6,4,120.647597,24.124399,3
5700,66000,387130000C,(04)23274275,(04)23288582,2025,04,16,8,10,臺中市,太平區,0,2,0,7,3,6,50,13,9,1,5,4,6,6,4,4,5,5,4,2,13,2,8,2,1,C03,7,9,1,10,2,12,,7,7,1,12,4,120.703047,24.148924,2
5701,66000,387130000C,(04)23274275,(04)23288582,2025,04,16,8,11,臺中市,南屯區,0,1,0,7,2,6,50,13,8,1,5,4,6,6,1,1,1,3,1,1,13,2,9,1,1,C03,7,9,1,10,2,11,,7,7,1,12,4,120.596604,24.155936,2
5702,66000,387130000C,(04)23274275,(04)23288582,2025,04,16,8,11,臺中市,南屯區,0,2,0,7,1,6,50,3,1,1,5,4,6,6,4,4,1,4,5,2,12,2,8,5,4,C03,7,5,1,10,2,12,,84,84,1,13,4,120.615453,24.147234,2
5703,66000,387130000C,(04)23274275,(04)23288582,2025,04,16,8,12,臺中市,大肚區,0,0,0,7,,,50,,,,,,,,,,,,,,12,,,,,B03,,,1,,1,,,40,40,1,6,4,120.575444,24.118994,3
5704,66000,387130000C,(04)23274275,(04)23288582,2025,04,16,8,13,臺中市,北屯區,0,0,0,7,,,50,,,,,,,,,,,,,,16,,,,,B03,,,1,,2,,,48,48,1,12,4,120.683076,24.186926,3
5705,66000,387130000C,(04)23274275,(04)23288582,2025,04,16,8,15,臺中市,西屯區,0,0,0,7,,,50,,,,,,,,,,,,,,13,,,,,B03,,,1,,1,,,7,7,1,12,4,120.652979,24.160465,3
5706,66000,387130000C,(04)23274275,(04)23288582,2025,04,16,8,15,臺中市,西屯區,0,0,0,7,,,50,,,,,,,,,,,,,,13,,,,,C03,,,1,,2,,,7,7,1,12,4,120.647244,24.159012,3
5707,66000,387130000C,(04)23274275,(04)23288582,2025,04,16,8,17,臺中市,東區,0,1,0,7,3,6,50,13,8,1,5,4,6,6,4,4,5,4,4,2,18,2,9,5,4,C03,7,9,1,10,2,16,,84,84,1,6,4,120.698063,24.142776,2
5708,66000,387130000C,(04)23274275,(04)23288582,2025,04,16,8,18,臺中市,北屯區,0,2,0,7,2,6,30,4,1,1,5,4,6,6,4,4,10,5,5,2,15,2,9,1,1,C03,7,9,1,10,2,12,,15,15,1,12,4,120.691547,24.177502,2