序號,縣市別代碼,機關代碼,市話,傳真,年,月,日,時,分,縣市,區,死亡數量,受傷數量,2-30,天候,道路照明設備,道路類別,道路速限,道路型態,事故位置,路面鋪裝,路面狀態,路面缺陷,障礙物,視距,號誌種類,號誌動作,分向設施,快車道或一般車道間,快慢車道間,路面邊線,事故類型及型態,受傷程度,主要傷處,保護裝備,行動電話或功能裝置,當事者區分（類別）,車輛用途,當事者行動狀態,駕照狀態,駕照種類,飲酒情形,車輛撞擊部位最初,車輛撞擊部位其他,肇事因素個別,肇事因素主要,肇事逃逸,職業,共享經濟或外送平台,GPS座標X,GPS座標Y,事故類別
5932,66000,387130000C,(04)23274275,(04)23288582,2025,04,16,17,7,臺中市,西區,0,2,0,7,2,6,30,4,1,1,5,4,6,6,4,4,10,5,5,2,15,2,7,2,1,C03,7,9,1,10,4,11,,12,12,1,13,4,120.659389,24.145832,2
5933,66000,387130000C,(04)23274275,(04)23288582,2025,04,16,17,7,臺中市,西屯區,0,2,0,7,2,6,40,13,8,1,5,4,6,6,4,4,1,5,1,1,17,2,9,5,4,C03,7,9,1,10,2,11,,6,6,1,13,4,120.610483,24.184423,2
5934,66000,387130000C,(04)23274275,(04)23288582,2025,04,16,17,8,臺中市,神岡區,0,1,0,7,2,6,50,3,9,1,5,4,6,6,4,4,10,5,5,2,16,3,10,5,4,B12,7,5,1,8,2,7,,47,47,1,13,4,120.694798,24.252555,2
5935,66000,387130000C,(04)23274275,(04)23288582,2025,04,16,17,9,臺中市,西區,0,1,0,7,2,6,50,13,7,1,5,4,6,6,4,4,1,4,4,2,17,3,10,3,1,B03,7,1,1,8,2,8,,51,51,1,12,4,120.657043,24.152126,2
5936,66000,387130000C,(04)23274275,(04)23288582,2025,04,16,17,9,臺中市,東區,0,1,0,7,3,6,50,4,1,1,5,4,6,6,1,1,10,5,5,2,13,3,10,2,1,C03,7,9,1,10,2,11,,7,7,1,13,4,120.697848,24.147912,2
5937,66000,387130000C,(04)23274275,(04)23288582,2025,04,16,17,9,臺中市,南屯區,0,1,0,7,2,6,50,4,1,1,5,4,6,6,1,1,10,5,5,2,17,3,10,3,1,B03,7,5,1,8,9,16,,47,47,1,11,4,120.632705,24.137476,2
5938,66000,387130000C,(04)23274275,(04)23288582,2025,04,16,17,10,臺中市,北區,0,0,0,7,2,6,50,13,9,1,5,4,6,6,4,4,5,4,5,2,16,3,10,3,1,B03,7,11,5,8,2,1,,39,39,1,12,4,120.680901,24.159554,3
5939,66000,387130000C,(04)23274275,(04)23288582,2025,04,16,17,10,臺中市,西屯區,0,1,0,7,2,6,40,3,8,1,5,4,6,6,1,1,10,5,1,2,9,,,,,,,9,,,,,,86,86,2,,,120.639069,24.168932,2
5940,66000,387130000C,(04)23274275,(04)23288582,2025,04,16,17,10,臺中市,太平區,0,1,0,7,3,6,50,13,9,1,5,4,6,6,4,4,5,5,5,2,13,2,1,1,1,F01,7,9,7,21,1,12,,59,59,1,3,4,120.710184,24.156874,2
5941,66000,387130000C,(04)23274275,(04)23288582,2025,04,16,17,11,臺中市,西屯區,0,0,0,7,,,50,,,,,,,,,,,,,,16,,,,,B03,,,1,,2,,,47,47,1,13,4,120.613703,24.174239,3
5942,66000,387130000C,(04)23274275,(04)23288582,2025,04,16,17,12,臺中市,外埔區,0,0,0,7,3,6,50,13,7,1,5,4,6,6,4,4,5,4,4,1,13,3,10,3,1,B03,7,9,3,8,1,1,,59,59,1,6,4,120.636696,24.343054,3
5943,66000,387130000C,(04)23274275,(04)23288582,2025,04,16,17,14,臺中市,東區,0,1,0,7,2,6,50,3,1,1,5,4,6,6,2,1,10,5,5,2,16,3,10,3,1,B03,7,5,1,8,2,6,,11,11,1,12,4,120.689988,24.13781,2
5944,66000,387130000C,(04)23274275,(04)23288582,2025,04,16,17,14,臺中市,太平區,0,2,0,7,2,6,50,4,1,1,5,4,6,6,4,4,10,5,5,2,16,2,8,2,1,C03,7,6,1,10,2,11,,14,14,1,12,4,120.720889,24.119262,2
5945,66000,387130000C,(04)23274275,(04)23288582,2025,04,16,17,16,臺中市,外埔區,0,1,0,7,2,6,40,3,2,1,5,4,6,6,4,4,10,5,5,1,16,3,10,3,1,B03,7,6,1,8,2,8,,14,14,1,6,4,120.63013,24.324872,2
5946,66000,387130000C,(04)23274275,(04)23288582,2025,04,16,17,16,臺中市,神岡區,0,1,0,7,1,6,50,13,9,1,5,4,6,6,4,4,9,5,5,2,12,2,8,1,4,C03,7,9,3,19,2,12,,59,59,1,12,4,120.661237,24.25844,2
5947,66000,387130000C,(04)23274275,(04)23288582,2025,04,16,17,18,臺中市,太平區,0,0,0,7,2,6,50,,,,,,,,,,,,,,,,,,,B03,,,1,,2,2,,40,40,1,12,4,120.714086,24.146576,3
5948,66000,387130000C,(04)23274275,(04)23288582,2025,04,16,17,19,臺中市,太平區,0,2,0,7,2,6,50,4,1,1,5,4,6,6,4,4,10,5,5,2,13,2,8,2,1,C03,7,9,1,10,2,11,,7,7,1,12,4,120.723267,24.120291,2
5949,66000,387130000C,(04)23274275,(04)23288582,2025,04,16,17,20,臺中市,北區,0,0,0,7,,,50,,,,,,,,,,,,,,13,,,,,B03,,,1,,2,,,7,7,1,13,4,120.685303,24.164938,3
5950,66000,387130000C,(04)23274275,(04)23288582,2025,04,16,17,20,臺中市,西屯區,0,0,0,7,,,50,,,,,,,,,,,,,,13,,,,,B03,,,1,,1,,,40,40,1,12,4,120.620195,24.187171,3
5951,66000,387130000C,(04)23274275,(04)23288582,2025,04,16,17,22,臺中市,西屯區,0,0,0,7,,,50,,,,,,,,,,,,,,13,,,,,B02,,,1,,1,,,58,58,1,12,4,120.63822,24.175245,3
5952,66000,387130000C,(04)23274275,(04)23288582,2025,04,16,17,22,臺中市,西屯區,0,2,0,7,2,6,30,3,1,1,5,4,6,6,4,4,10,5,5,1,16,2,9,2,1,C03,7,5,3,19,2,14,,14,14,1,12,4,120.650205,24.205555,2
5953,66000,387130000C,(04)23274275,(04)23288582,2025,04,16,17,22,臺中市,豐原區,0,0,0,7,,,50,,,,,,,,,,,,,,13,,,,,B03,,,1,,2,,,84,84,1,12,4,120.70678,24.243538,3
5954,66000,387130000C,(04)23274275,(04)23288582,2025,04,16,17,28,臺中市,南屯區,0,2,0,7,3,6,50,13,9,1,5,4,6,6,4,4,5,4,5,2,17,2,9,5,4,F01,7,8,7,21,2,14,,40,40,1,6,4,120.614391,24.139367,2
5955,66000,387130000C,(04)23274275,(04)23288582,2025,04,16,17,30,臺中市,西屯區,0,1,0,7,2,6,0,13,21,4,5,2,6,6,4,4,10,5,5,2,18,2,9,2,1,C03,7,9,1,10,2,11,12,84,84,1,5,4,120.652181,24.17715,2
5956,66000,387130000C,(04)23274275,(04)23288582,2025,04,16,17,31,臺中市,大里區,0,1,0,7,2,6,50,4,1,1,5,4,6,6,1,1,10,5,5,2,12,2,9,1,1,C03,7,9,1,10,2,12,,84,84,1,12,4,120.671793,24.108045,2
5957,66000,387130000C,(04)23274275,(04)23288582,2025,04,16,17,34,臺中市,潭子區,0,2,0,7,3,6,60,3,2,1,5,4,6,6,1,1,1,4,4,1,17,3,10,2,1,C03,7,1,1,10,2,14,,51,51,1,13,4,120.702622,24.187243,2
5958,66000,387130000C,(04)23274275,(04)23288582,2025,04,16,17,34,臺中市,大里區,0,2,0,7,2,6,50,13,9,1,5,4,6,6,4,4,10,5,5,2,30,2,9,2,1,C03,7,9,1,10,2,14,,87,87,1,12,4,120.690424,24.107077,2
5959,66000,387130000C,(04)23274275,(04)23288582,2025,04,16,17,38,臺中市,南區,0,2,0,7,2,6,50,4,1,1,5,4,6,6,2,1,10,5,5,2,16,2,9,2,1,C03,7,6,1,10,2,11,14,11,11,1,12,4,120.668665,24.114525,2
5960,66000,387130000C,(04)23274275,(04)23288582,2025,04,16,17,39,臺中市,大雅區,0,0,0,7,1,6,60,13,7,1,5,4,6,6,1,1,1,4,4,1,17,,,,,B03,,,1,,2,,,7,7,1,13,4,120.649519,24.215215,3
5961,66000,387130000C,(04)23274275,(04)23288582,2025,04,16,17,40,臺中市,南屯區,0,1,0,7,1,6,40,13,7,1,5,4,6,6,4,4,9,5,4,2,17,3,10,3,1,B03,7,1,1,8,2,8,,51,51,1,6,4,120.644317,24.15385,2
5962,66000,387130000C,(04)23274275,(04)23288582,2025,04,16,17,41,臺中市,北屯區,0,1,0,7,2,6,50,4,2,1,5,4,6,6,2,1,1,4,5,2,12,2,9,1,1,C03,7,9,1,10,1,11,,58,58,1,6,4,120.699812,24.16475,2
5963,66000,387130000C,(04)23274275,(04)23288582,2025,04,16,17,42,臺中市,烏日區,0,2,0,7,3,6,50,4,1,1,5,4,6,6,2,1,1,4,5,1,16,2,9,1,1,C03,7,9,1,10,2,12,,84,84,1,6,4,120.646673,24.11037,2
5964,66000,387130000C,(04)23274275,(04)23288582,2025,04,16,17,44,臺中市,外埔區,0,1,0,7,2,6,50,4,2,1,5,4,6,6,1,1,5,4,4,1,16,3,10,3,1,B12,7,6,1,8,2,1,,11,11,1,6,4,120.657542,24.327373,2
5965,66000,387130000C,(04)23274275,(04)23288582,2025,04,16,17,46,臺中市,西屯區,0,0,0,7,,,50,,,,,,,,,,,,,,12,,,,,B03,,,1,,1,,,40,40,1,12,4,120.65263,24.166498,3
5966,66000,387130000C,(04)23274275,(04)23288582,2025,04,16,17,46,臺中市,龍井區,0,1,0,7,3,6,70,13,7,1,5,4,6,6,3,1,1,4,3,2,17,2,9,2,1,C03,7,6,1,10,2,11,,20,20,1,5,4,120.509255,24.218511,2
5967,66000,387130000C,(04)23274275,(04)23288582,2025,04,16,17,52,臺中市,龍井區,0,0,0,7,,,30,,,,,,,,,,,,,,,,,,,B03,,,1,,2,,,6,6,1,6,4,120.504705,24.20689,3
5968,66000,387130000C,(04)23274275,(04)23288582,2025,04,16,17,55,臺中市,潭子區,0,2,0,7,3,6,50,4,1,1,5,4,6,6,4,4,5,4,5,1,17,3,10,3,1,B03,7,6,1,8,2,1,,48,48,1,12,4,120.678547,24.205695,2
5969,66000,387130000C,(04)23274275,(04)23288582,2025,04,16,17,56,臺中市,北屯區,0,1,0,7,1,6,50,5,2,1,5,4,6,6,4,4,10,5,5,2,16,3,10,3,1,B03,7,5,1,8,2,1,,84,84,1,13,4,120.717701,24.173953,2
5970,66000,387130000C,(04)23274275,(04)23288582,2025,04,16,17,56,臺中市,梧棲區,0,1,0,7,2,6,50,3,1,1,5,4,6,6,4,4,9,4,4,2,16,2,9,1,1,C02,7,6,1,9,2,11,,14,14,1,12,4,120.535119,24.259404,2
5971,66000,387130000C,(04)23274275,(04)23288582,2025,04,16,18,1,臺中市,大雅區,0,1,0,7,3,6,50,3,1,1,5,4,6,6,1,1,1,3,5,1,17,3,10,3,1,B03,7,5,1,8,2,5,,84,84,1,13,4,120.613962,24.215243,2
5972,66000,387130000C,(04)23274275,(04)23288582,2025,04,16,18,2,臺中市,南屯區,0,0,0,7,,,30,,,,,,,,,,,,,,10,,,,,B03,,,1,,2,,,85,85,1,12,4,120.640442,24.150042,3
5973,66000,387130000C,(04)23274275,(04)23288582,2025,04,16,18,4,臺中市,西屯區,0,0,0,7,,,50,,,,,,,,,,,,,,13,,,,,C03,,,1,,1,,,59,59,1,13,4,120.641178,24.170647,3
5974,66000,387130000C,(04)23274275,(04)23288582,2025,04,16,18,8,臺中市,西屯區,0,0,0,7,,,50,,,,,,,,,,,,,,17,,,,,B13,,,1,,1,,,84,84,1,12,4,120.607101,24.15598,3
5975,66000,387130000C,(04)23274275,(04)23288582,2025,04,16,18,10,臺中市,南區,0,0,0,7,,,50,,,,,,,,,,,,,,13,,,,,B03,,,1,,2,,,84,84,1,12,4,120.664019,24.127533,3
5976,66000,387130000C,(04)23274275,(04)23288582,2025,04,16,18,10,臺中市,南屯區,0,1,0,7,1,6,50,4,2,1,5,4,6,6,2,1,5,4,4,2,17,3,10,3,1,B03,7,5,1,8,2,2,,11,11,1,12,4,120.640731,24.146859,2
5977,66000,387130000C,(04)23274275,(04)23288582,2025,04,16,18,12,臺中市,西區,0,1,0,7,1,6,50,4,1,1,5,4,6,6,4,4,10,5,5,2,17,3,10,5,4,B02,7,5,1,8,2,5,,84,84,1,12,4,120.6684,24.153074,2
5978,66000,387130000C,(04)23274275,(04)23288582,2025,04,16,18,12,臺中市,霧峰區,0,0,0,7,,,50,,,,,,,,,,,,,,13,,,,,B03,,,1,,2,,,7,7,1,6,4,120.663019,24.072322,3
5979,66000,387130000C,(04)23274275,(04)23288582,2025,04,16,18,12,臺中市,后里區,0,0,0,7,1,6,30,4,1,1,5,4,6,6,3,1,5,5,5,2,15,3,10,3,1,B03,7,9,1,8,1,8,,20,20,1,12,4,120.742061,24.332353,4
5980,66000,387130000C,(04)23274275,(04)23288582,2025,04,16,18,14,臺中市,南屯區,0,1,0,7,1,6,50,4,1,1,5,4,6,6,1,1,5,5,5,2,12,3,10,1,1,C03,7,6,1,10,2,14,,48,48,1,12,4,120.64975,24.155611,2
5981,66000,387130000C,(04)23274275,(04)23288582,2025,04,16,18,14,臺中市,西屯區,0,0,0,7,,,50,,,,,,,,,,,,,,,,,,,C03,,,1,,2,,,50,50,1,12,4,120.617349,24.188189,3
5982,66000,387130000C,(04)23274275,(04)23288582,2025,04,16,18,14,臺中市,太平區,0,0,0,7,,,50,,,,,,,,,,,,,,13,,,,,B03,,,1,,2,,,7,7,1,12,4,120.728913,24.102388,3
5983,66000,387130000C,(04)23274275,(04)23288582,2025,04,16,18,15,臺中市,西區,0,0,0,7,,,50,,,,,,,,,,,,,,13,,,,,C03,,,1,,1,,,62,62,1,12,4,120.657261,24.139286,3
5984,66000,387130000C,(04)23274275,(04)23288582,2025,04,16,18,17,臺中市,神岡區,0,1,0,7,1,6,50,4,1,1,5,4,6,6,1,1,10,5,5,2,1,3,10,5,4,B03,7,6,1,8,2,1,,10,10,1,13,4,120.708498,24.271862,2
5985,66000,387130000C,(04)23274275,(04)23288582,2025,04,16,18,20,臺中市,西區,0,0,0,7,,,50,,,,,,,,,,,,,,,,,,,B03,,,1,,1,,,84,84,1,6,4,120.662923,24.146254,3
5986,66000,387130000C,(04)23274275,(04)23288582,2025,04,16,18,24,臺中市,西屯區,0,2,0,7,1,6,50,3,1,1,5,4,6,6,4,4,10,5,5,1,13,2,8,2,1,C03,7,9,1,10,2,11,,59,59,1,12,4,120.640094,24.177351,2
5987,66000,387130000C,(04)23274275,(04)23288582,2025,04,16,18,25,臺中市,大甲區,0,0,0,7,,,50,,,,,,,,,,,,,,,,,,,A11,,,1,,2,,,84,84,1,12,4,120.625736,24.347252,3
5988,66000,387130000C,(04)23274275,(04)23288582,2025,04,16,18,26,臺中市,北屯區,0,1,0,7,1,6,50,4,2,1,5,4,6,6,1,1,3,4,5,2,13,2,9,1,1,C03,7,9,1,10,2,11,,7,7,1,13,4,120.68447,24.162998,2
5989,66000,387130000C,(04)23274275,(04)23288582,2025,04,16,18,26,臺中市,沙鹿區,0,0,0,7,,,50,,,,,,,,,,,,,,17,,,,,B03,,,1,,2,,,8,8,1,6,4,120.56364,24.243909,3
5990,66000,387130000C,(04)23274275,(04)23288582,2025,04,16,18,27,臺中市,神岡區,0,1,0,7,1,6,20,12,13,1,5,4,6,6,4,4,4,5,5,1,18,2,1,5,4,F01,7,9,7,21,1,11,,59,59,1,12,4,120.695129,24.232696,2
5991,66000,387130000C,(04)23274275,(04)23288582,2025,04,16,18,28,臺中市,北屯區,0,1,0,6,1,6,50,4,1,1,5,4,6,6,2,1,10,5,5,2,18,2,9,2,1,C04,7,9,1,11,2,12,,84,84,1,6,4,120.686743,24.200869,2
5992,66000,387130000C,(04)23274275,(04)23288582,2025,04,16,18,28,臺中市,西屯區,0,1,0,7,1,6,50,13,9,1,5,4,6,6,4,4,1,4,5,1,13,3,10,5,4,B03,7,9,1,8,1,1,,59,59,1,13,4,120.652161,24.16633,2
5993,66000,387130000C,(04)23274275,(04)23288582,2025,04,16,18,30,臺中市,西區,0,0,0,7,,,50,,,,,,,,,,,,,,,,,,,B03,,,1,,1,,,50,50,1,6,4,120.668963,24.138538,3
5994,66000,387130000C,(04)23274275,(04)23288582,2025,04,16,18,31,臺中市,大里區,0,0,0,6,1,6,50,13,9,1,5,4,3,6,4,4,5,4,5,1,12,,,,,A02,,,1,,2,,,8,8,1,12,4,120.689779,24.112454,3
5995,66000,387130000C,(04)23274275,(04)23288582,2025,04,16,18,31,臺中市,大甲區,0,0,0,7,,,50,,,,,,,,,,,,,,,,,,,B03,,,1,,1,,,7,7,1,6,4,120.625106,24.369223,3
5996,66000,387130000C,(04)23274275,(04)23288582,2025,04,16,18,32,臺中市,潭子區,0,1,0,7,2,6,0,4,1,1,5,4,6,6,1,1,10,5,5,2,16,3,10,2,1,C03,7,6,1,10,2,11,,39,39,1,12,4,120.711627,24.2099,2
5997,66000,387130000C,(04)23274275,(04)23288582,2025,04,16,18,33,臺中市,南屯區,0,0,0,7,,,50,,,,,,,,,,,,,,14,,,,,B12,,,1,,2,,,49,49,1,6,4,120.627041,24.118035,3
5998,66000,387130000C,(04)23274275,(04)23288582,2025,04,16,18,37,臺中市,北區,0,0,0,7,,,50,,,,,,,,,,,,,,12,,,,,B03,,,1,,2,,,84,84,1,13,4,120.679677,24.166915,4
5999,66000,387130000C,(04)23274275,(04)23288582,2025,04,16,18,40,臺中市,北屯區,0,0,0,7,,,40,,,,,,,,,,,,,,13,,,,,B03,,,1,,2,,,7,7,1,12,4,120.721845,24.184598,3
6000,66000,387130000C,(04)23274275,(04)23288582,2025,04,16,18,49,臺中市,大里區,0,1,0,7,1,6,50,13,9,1,5,4,6,6,4,4,1,4,5,1,13,2,9,1,1,C03,7,9,2,19,2,11,,7,7,1,12,4,120.68018,24.108456,2
6001,66000,387130000C,(04)23274275,(04)23288582,2025,04,16,18,50,臺中市,南屯區,0,0,0,7,,,50,,,,,,,,,,,,,,,,,,,B03,,,1,,2,,,49,49,1,6,4,120.625888,24.116577,3
6002,66000,387130000C,(04)23274275,(04)23288582,2025,04,16,18,57,臺中市,龍井區,0,0,0,7,,,50,,,,,,,,,,,,,,,,,,,B03,,,1,,2,,,49,49,1,12,4,120.522383,24.193646,3
6003,66000,387130000C,(04)23274275,(04)23288582,2025,04,16,18,58,臺中市,南屯區,0,0,0,7,,,50,,,,,,,,,,,,,,12,,,,,B03,,,1,,1,,,2,2,1,13,4,120.62239,24.15008,3
6004,66000,387130000C,(04)23274275,(04)23288582,2025,04,16,19,2,臺中市,潭子區,0,0,0,7,,,50,,,,,,,,,,,,,,,,,,,B03,,,1,,2,,,78,78,1,12,4,120.691498,24.21644,3
6005,66000,387130000C,(04)23274275,(04)23288582,2025,04,16,19,5,臺中市,西區,0,1,0,7,1,6,50,3,1,1,5,4,6,6,4,4,5,5,5,2,17,3,10,3,1,B03,7,9,1,10,2,8,,84,84,1,12,4,120.666488,24.144247,2
6006,66000,387130000C,(04)23274275,(04)23288582,2025,04,16,19,5,臺中市,烏日區,0,1,0,1,2,6,50,13,9,1,5,4,6,6,4,4,5,4,5,2,12,3,10,3,1,B03,7,1,1,8,2,4,,51,51,1,6,4,120.609091,24.105953,2
6007,66000,387130000C,(04)23274275,(04)23288582,2025,04,16,19,6,臺中市,北區,0,0,0,7,,,50,,,,,,,,,,,,,,18,,,,,B03,,,1,,2,,,59,59,1,12,4,120.682494,24.162835,3
6008,66000,387130000C,(04)23274275,(04)23288582,2025,04,16,19,8,臺中市,石岡區,0,0,0,7,1,6,70,13,7,1,5,4,6,6,1,1,1,4,4,1,13,3,10,5,4,B03,7,14,1,5,2,1,,59,59,1,13,4,120.806923,24.266056,3
6009,66000,387130000C,(04)23274275,(04)23288582,2025,04,16,19,15,臺中市,霧峰區,0,2,0,7,2,6,40,4,1,1,5,4,6,6,1,1,10,5,5,2,15,2,7,1,1,C03,7,9,1,10,2,11,,21,21,1,6,4,120.662003,24.068702,2
6010,66000,387130000C,(04)23274275,(04)23288582,2025,04,16,19,30,臺中市,太平區,0,0,0,7,,,50,,,,,,,,,,,,,,15,,,,,B02,,,1,,2,,,21,21,1,12,4,120.715286,24.108104,3
6011,66000,387130000C,(04)23274275,(04)23288582,2025,04,16,19,31,臺中市,大里區,0,0,0,7,,,50,,,,,,,,,,,,,,,,,,,C03,,,1,,1,,,7,7,1,5,4,120.697832,24.082451,4
6012,66000,387130000C,(04)23274275,(04)23288582,2025,04,16,19,45,臺中市,大雅區,0,1,0,7,1,6,30,13,9,1,5,4,6,6,4,4,10,5,5,2,17,2,8,1,1,C03,7,1,1,10,2,11,,51,51,1,13,4,120.655141,24.22123,2
6013,66000,387130000C,(04)23274275,(04)23288582,2025,04,16,19,48,臺中市,西區,0,1,0,7,1,6,50,4,1,1,5,4,6,6,4,4,10,5,5,2,15,2,9,5,4,F03,7,9,7,21,2,15,,6,6,1,12,4,120.655273,24.138313,2
6014,66000,387130000C,(04)23274275,(04)23288582,2025,04,16,19,51,臺中市,烏日區,0,0,0,7,,,50,,,,,,,,,,,,,,10,,,,,C03,,,1,,1,,,8,8,1,12,4,120.60574,24.118943,3
6015,66000,387130000C,(04)23274275,(04)23288582,2025,04,16,19,57,臺中市,西屯區,0,1,0,7,1,6,50,13,9,1,5,4,6,6,4,4,5,4,5,2,13,3,10,2,1,C03,7,9,1,10,2,11,,7,7,1,12,4,120.613813,24.189958,2
6016,66000,387130000C,(04)23274275,(04)23288582,2025,04,16,19,58,臺中市,烏日區,0,1,0,7,1,6,50,4,19,1,5,4,6,6,1,1,5,5,5,2,3,3,10,3,1,B03,7,6,1,8,2,1,,10,10,1,6,4,120.624288,24.102624,2
6017,66000,387130000C,(04)23274275,(04)23288582,2025,04,16,20,0,臺中市,西區,0,0,0,7,,,50,,,,,,,,,,,,,,13,,,,,C03,,,1,,1,,,84,84,1,12,4,120.673513,24.136682,3
6018,66000,387130000C,(04)23274275,(04)23288582,2025,04,16,20,0,臺中市,龍井區,0,0,0,7,,,30,,,,,,,,,,,,,,,,,,,B03,,,1,,10,,,77,77,1,13,4,120.535888,24.177184,3
6019,66000,387130000C,(04)23274275,(04)23288582,2025,04,16,20,4,臺中市,霧峰區,0,1,0,7,2,6,50,4,1,1,5,4,6,6,1,1,10,5,5,2,16,3,10,3,1,B02,7,5,1,8,2,2,,65,65,1,6,4,120.662997,24.059765,2
6020,66000,387130000C,(04)23274275,(04)23288582,2025,04,16,20,5,臺中市,北區,0,1,0,7,1,6,50,13,7,1,5,4,6,6,4,4,3,4,4,2,10,3,10,5,4,C04,7,9,1,10,2,12,,4,4,1,12,4,120.698875,24.153939,2
6021,66000,387130000C,(04)23274275,(04)23288582,2025,04,16,20,9,臺中市,西屯區,0,0,0,7,,,50,,,,,,,,,,,,,,16,,,,,C03,,,1,,1,,,21,21,1,12,4,120.620683,24.18841,3
6022,66000,387130000C,(04)23274275,(04)23288582,2025,04,16,20,14,臺中市,西屯區,0,0,0,7,,,50,,,,,,,,,,,,,,,,,,,C03,,,1,,2,,,59,59,1,12,4,120.663641,24.167939,3
6023,66000,387130000C,(04)23274275,(04)23288582,2025,04,16,20,18,臺中市,太平區,0,1,0,7,1,6,50,4,2,1,5,4,6,6,2,1,5,4,5,1,17,2,5,1,1,F03,7,8,7,21,2,13,,39,39,1,12,4,120.717644,24.128802,2
6024,66000,387130000C,(04)23274275,(04)23288582,2025,04,16,20,32,臺中市,西屯區,0,0,0,7,,,50,,,,,,,,,,,,,,17,,,,,B03,,,1,,2,,,59,59,1,12,4,120.61789,24.182853,3
6025,66000,387130000C,(04)23274275,(04)23288582,2025,04,16,20,34,臺中市,東區,0,2,0,7,1,6,50,13,9,1,5,4,6,6,1,1,9,4,5,2,17,2,9,1,1,C03,7,9,1,10,2,11,,7,7,1,13,4,120.7008,24.132395,2
6026,66000,387130000C,(04)23274275,(04)23288582,2025,04,16,20,36,臺中市,梧棲區,0,2,0,7,1,6,60,4,1,1,5,4,6,6,1,1,10,5,5,2,16,2,9,1,1,C03,7,9,1,10,2,11,,21,21,1,12,4,120.531461,24.238983,2
6027,66000,387130000C,(04)23274275,(04)23288582,2025,04,16,20,39,臺中市,潭子區,0,1,0,6,1,6,30,13,9,1,5,4,6,6,4,4,10,5,5,1,28,2,9,2,1,C03,7,9,1,10,2,11,,87,87,1,13,4,120.727779,24.19619,2
6028,66000,387130000C,(04)23274275,(04)23288582,2025,04,16,20,52,臺中市,烏日區,0,1,0,7,1,6,30,4,1,1,5,4,6,6,4,4,10,5,5,2,15,2,8,1,1,C03,7,9,1,10,2,11,,15,15,1,6,4,120.633799,24.109654,2
6029,66000,387130000C,(04)23274275,(04)23288582,2025,04,16,20,53,臺中市,西區,0,0,0,7,,,50,,,,,,,,,,,,,,,,,,,B03,,,1,,2,,,40,40,1,6,4,120.672835,24.148211,3
6030,66000,387130000C,(04)23274275,(04)23288582,2025,04,16,20,54,臺中市,烏日區,0,0,0,7,,,50,,,,,,,,,,,,,,13,,,,,C03,,,1,,1,,,7,7,1,12,4,120.60574,24.118943,3
6031,66000,387130000C,(04)23274275,(04)23288582,2025,04,16,20,55,臺中市,大雅區,0,1,0,7,1,6,50,4,2,1,5,4,6,6,1,1,5,2,5,1,17,3,10,3,1,B03,7,8,1,8,9,15,,35,35,2,13,4,120.651768,24.227941,2
6032,66000,387130000C,(04)23274275,(04)23288582,2025,04,16,20,56,臺中市,北屯區,0,2,0,7,1,6,50,4,1,1,5,4,6,6,2,1,10,5,5,2,11,3,10,3,1,B03,7,6,1,8,2,8,,11,11,1,6,4,120.704204,24.183843,2
6033,66000,387130000C,(04)23274275,(04)23288582,2025,04,16,21,1,臺中市,東區,0,0,0,7,,,50,,,,,,,,,,,,,,17,,,,,B03,,,1,,1,,,84,84,1,13,4,120.694899,24.15119,3
6034,66000,387130000C,(04)23274275,(04)23288582,2025,04,16,21,4,臺中市,西屯區,0,0,0,7,,,40,,,,,,,,,,,,,,14,,,,,B03,,,1,,1,,,49,49,1,13,4,120.640913,24.176202,4
6035,66000,387130000C,(04)23274275,(04)23288582,2025,04,16,21,7,臺中市,神岡區,1,1,0,7,1,6,50,3,2,1,5,4,6,6,4,4,5,5,5,2,10,1,9,1,4,C03,7,15,3,19,9,11,,39,39,1,13,4,120.64521,24.277861,1
6036,66000,387130000C,(04)23274275,(04)23288582,2025,04,16,21,15,臺中市,南屯區,0,0,0,7,,,50,,,,,,,,,,,,,,14,,,,,B03,,,1,,1,,,49,49,1,6,4,120.642615,24.145497,3
6037,66000,387130000C,(04)23274275,(04)23288582,2025,04,16,21,30,臺中市,南區,0,1,0,7,1,6,50,13,7,1,5,4,6,6,4,4,5,2,4,2,18,2,9,1,1,C03,7,9,1,10,2,14,,84,84,1,12,4,120.658492,24.117329,2
6038,66000,387130000C,(04)23274275,(04)23288582,2025,04,16,21,32,臺中市,西區,0,1,0,7,1,6,50,4,1,1,5,4,6,6,2,1,10,5,5,2,17,3,10,3,1,B03,7,5,3,19,2,16,,65,65,1,12,4,120.657262,24.140026,2
6039,66000,387130000C,(04)23274275,(04)23288582,2025,04,16,21,37,臺中市,北屯區,0,1,0,7,1,6,50,13,8,1,5,4,6,6,4,4,1,4,4,2,16,3,10,3,1,B12,7,5,1,8,2,2,,84,84,1,6,4,120.686093,24.187394,2
6040,66000,387130000C,(04)23274275,(04)23288582,2025,04,16,22,15,臺中市,南屯區,0,2,0,7,1,6,50,13,9,1,5,4,6,6,4,4,1,4,5,2,17,2,3,2,1,C03,7,9,1,10,2,11,,59,59,1,12,4,120.64735,24.123981,2
6041,66000,387130000C,(04)23274275,(04)23288582,2025,04,16,22,26,臺中市,北屯區,0,1,0,7,1,6,50,3,2,1,5,4,6,6,4,4,3,4,5,2,12,3,10,3,1,B03,7,5,1,8,2,2,,65,65,1,13,4,120.685442,24.172714,2