序號,縣市別代碼,機關代碼,市話,傳真,年,月,日,時,分,縣市,區,死亡數量,受傷數量,2-30,天候,道路照明設備,道路類別,道路速限,道路型態,事故位置,路面鋪裝,路面狀態,路面缺陷,障礙物,視距,號誌種類,號誌動作,分向設施,快車道或一般車道間,快慢車道間,路面邊線,事故類型及型態,受傷程度,主要傷處,保護裝備,行動電話或功能裝置,當事者區分（類別）,車輛用途,當事者行動狀態,駕照狀態,駕照種類,飲酒情形,車輛撞擊部位最初,車輛撞擊部位其他,肇事因素個別,肇事因素主要,肇事逃逸,職業,共享經濟或外送平台,GPS座標X,GPS座標Y,事故類別
6042,66000,387130000C,(04)23274275,(04)23288582,2025,04,16,22,31,臺中市,北屯區,0,1,0,7,1,6,40,3,2,1,5,4,6,6,1,1,5,5,4,2,18,2,9,1,1,C03,7,9,1,10,2,12,,59,59,1,12,4,120.667933,24.192484,2
6043,66000,387130000C,(04)23274275,(04)23288582,2025,04,16,23,4,臺中市,沙鹿區,0,1,0,7,1,6,50,13,8,1,5,4,6,6,4,4,1,4,4,2,28,2,8,1,1,C03,7,9,1,10,2,11,,59,59,1,6,4,120.563753,24.23275,2
6044,66000,387130000C,(04)23274275,(04)23288582,2025,04,16,23,32,臺中市,東區,0,0,0,7,,,30,,,,,,,,,,,,,,14,,,,,E03,,,1,,2,,,49,49,1,12,4,120.687845,24.146139,3
6045,66000,387130000C,(04)23274275,(04)23288582,2025,04,16,23,36,臺中市,北屯區,0,0,0,7,,,50,,,,,,,,,,,,,,16,,,,,B12,,,1,,2,,,21,21,1,6,4,120.697951,24.164875,3
6046,66000,387130000C,(04)23274275,(04)23288582,2025,04,16,23,40,臺中市,北區,0,0,0,7,,,50,,,,,,,,,,,,,,,,,,,C03,,,1,,2,,,84,84,1,12,4,120.687984,24.161513,3
6047,66000,387130000C,(04)23274275,(04)23288582,2025,04,16,23,57,臺中市,烏日區,0,0,0,7,,,60,,,,,,,,,,,,,,12,,,,,B03,,,1,,2,,,84,84,1,6,4,120.638808,24.108262,3
6048,66000,387130000C,(04)23274275,(04)23288582,2025,04,17,0,7,臺中市,西屯區,0,0,0,7,,,40,,,,,,,,,,,,,,9,,,,,B03,,,1,,2,,,58,58,1,12,4,120.66057,24.17328,3
6049,66000,387130000C,(04)23274275,(04)23288582,2025,04,17,0,40,臺中市,西區,0,0,0,7,,,40,,,,,,,,,,,,,,,,,,,B03,,,5,,9,,,84,84,1,13,4,120.657373,24.143385,3
6050,66000,387130000C,(04)23274275,(04)23288582,2025,04,17,1,8,臺中市,北屯區,0,1,0,7,1,6,50,13,9,1,5,4,6,6,2,1,5,4,5,2,16,2,9,2,1,C03,7,6,3,19,2,14,,48,48,1,12,4,120.705646,24.164669,2
6051,66000,387130000C,(04)23274275,(04)23288582,2025,04,17,1,8,臺中市,烏日區,0,0,0,7,,,50,,,,,,,,,,,,,,,,,,,B12,,,5,,1,,,49,49,1,6,4,120.609252,24.105609,3
6052,66000,387130000C,(04)23274275,(04)23288582,2025,04,17,2,19,臺中市,東區,1,1,0,7,1,6,50,4,1,1,5,4,6,6,1,1,10,5,5,2,17,1,9,1,1,C04,7,6,1,11,9,14,,23,23,1,12,4,120.690193,24.129636,1
6053,66000,387130000C,(04)23274275,(04)23288582,2025,04,17,4,41,臺中市,中區,0,1,0,7,1,6,50,13,9,1,5,4,6,6,4,4,1,4,5,2,17,2,4,1,2,C03,7,15,1,10,2,11,,62,62,1,12,4,120.681153,24.146474,2
6054,66000,387130000C,(04)23274275,(04)23288582,2025,04,17,4,53,臺中市,西屯區,0,0,0,7,,,50,,,,,,,,,,,,,,13,,,,,B12,,,1,,1,,,58,58,1,13,4,120.662517,24.200756,3
6055,66000,387130000C,(04)23274275,(04)23288582,2025,04,17,5,29,臺中市,大雅區,0,1,0,7,3,6,50,13,9,1,5,4,6,6,4,4,5,5,5,1,17,2,9,2,1,C03,7,9,1,10,2,12,,84,84,1,12,4,120.649364,24.229156,2
6056,66000,387130000C,(04)23274275,(04)23288582,2025,04,17,6,0,臺中市,西屯區,0,0,0,7,,,30,,,,,,,,,,,,,,14,,,,,B12,,,1,,2,,,49,49,1,12,4,120.657002,24.199719,3
6057,66000,387130000C,(04)23274275,(04)23288582,2025,04,17,6,4,臺中市,大甲區,0,1,0,7,2,6,50,3,1,1,5,4,6,6,4,4,10,5,5,2,16,2,9,1,1,C03,7,1,3,19,2,14,,51,51,1,13,4,120.625397,24.347357,2
6058,66000,387130000C,(04)23274275,(04)23288582,2025,04,17,6,33,臺中市,北屯區,0,2,0,7,2,6,50,3,1,1,5,4,6,6,1,1,10,5,5,2,16,2,9,1,1,C03,7,5,1,10,2,11,,22,22,1,6,4,120.689917,24.201303,2
6059,66000,387130000C,(04)23274275,(04)23288582,2025,04,17,6,41,臺中市,石岡區,0,0,0,7,,,60,,,,,,,,,,,,,,,,,,,B03,,,1,,1,,,7,7,1,13,4,120.818179,24.260565,3
6060,66000,387130000C,(04)23274275,(04)23288582,2025,04,17,6,50,臺中市,霧峰區,0,0,0,7,,,50,,,,,,,,,,,,,,,,,,,B03,,,1,,2,,,5,5,1,13,4,120.656841,24.035754,3
6061,66000,387130000C,(04)23274275,(04)23288582,2025,04,17,6,54,臺中市,北屯區,0,2,0,7,2,6,50,5,1,1,5,4,6,6,1,1,10,5,5,2,12,3,10,1,1,C03,7,9,1,10,2,14,,26,26,1,6,4,120.686582,24.201323,2
6062,66000,387130000C,(04)23274275,(04)23288582,2025,04,17,6,55,臺中市,大甲區,0,2,0,7,2,6,50,5,1,1,5,4,6,6,1,1,10,5,5,2,16,3,10,3,1,B03,7,6,1,8,2,5,,11,11,1,6,4,120.619924,24.346989,2
6063,66000,387130000C,(04)23274275,(04)23288582,2025,04,17,7,7,臺中市,大里區,0,1,0,7,2,6,30,13,9,1,5,4,6,6,4,4,10,5,5,2,10,3,10,1,1,F01,7,15,7,21,1,11,,41,41,1,13,4,120.701246,24.094169,2
6064,66000,387130000C,(04)23274275,(04)23288582,2025,04,17,7,9,臺中市,太平區,0,3,0,7,2,6,30,5,1,1,5,4,6,6,4,4,10,5,5,2,17,2,9,5,4,C03,7,6,1,10,2,11,,41,41,1,6,4,120.721997,24.151505,2
6065,66000,387130000C,(04)23274275,(04)23288582,2025,04,17,7,11,臺中市,東區,0,0,0,7,1,6,50,13,7,1,5,4,6,6,4,4,,4,5,1,17,3,10,3,1,B03,7,15,1,8,1,4,,84,84,1,12,4,120.708419,24.134347,3
6066,66000,387130000C,(04)23274275,(04)23288582,2025,04,17,7,14,臺中市,大肚區,0,2,0,7,3,6,30,4,1,1,5,4,6,6,3,1,10,5,5,2,15,2,9,2,1,C03,7,1,1,10,2,14,,51,51,1,6,4,120.570825,24.12807,2
6067,66000,387130000C,(04)23274275,(04)23288582,2025,04,17,7,16,臺中市,北屯區,0,1,0,7,2,6,40,4,2,1,5,4,6,6,1,1,5,5,4,2,12,3,10,2,1,C03,7,6,1,10,2,14,,48,48,1,12,4,120.678252,24.194958,2
6068,66000,387130000C,(04)23274275,(04)23288582,2025,04,17,7,18,臺中市,東區,0,1,0,7,3,6,50,11,9,1,5,4,6,6,4,4,5,5,5,2,12,2,9,2,1,C03,7,8,5,19,2,14,,40,40,1,13,4,120.685284,24.130088,2
6069,66000,387130000C,(04)23274275,(04)23288582,2025,04,17,7,20,臺中市,西屯區,0,2,0,6,2,6,50,4,1,1,5,4,6,6,1,1,10,5,5,2,16,2,9,5,4,C03,7,6,1,10,2,12,,48,48,1,12,4,120.666755,24.175127,2
6070,66000,387130000C,(04)23274275,(04)23288582,2025,04,17,7,21,臺中市,南區,0,0,0,7,,,50,,,,,,,,,,,,,,9,,,,,C03,,,1,,1,,,85,85,1,6,4,120.674256,24.129184,3
6071,66000,387130000C,(04)23274275,(04)23288582,2025,04,17,7,21,臺中市,北屯區,0,0,0,7,,,40,,,,,,,,,,,,,,17,,,,,G06,,,7,,1,,,84,84,1,13,4,120.719033,24.161396,3
6072,66000,387130000C,(04)23274275,(04)23288582,2025,04,17,7,21,臺中市,北屯區,0,1,0,7,2,6,50,13,8,1,5,4,6,6,4,4,10,5,1,1,18,2,9,1,1,C03,7,9,1,10,2,12,,5,5,1,12,4,120.722205,24.184314,2
6073,66000,387130000C,(04)23274275,(04)23288582,2025,04,17,7,22,臺中市,北區,0,3,0,7,2,6,50,5,1,1,5,4,6,6,1,1,10,5,5,2,16,2,9,5,4,C03,7,6,1,10,2,14,,48,48,1,13,4,120.682188,24.164871,2
6074,66000,387130000C,(04)23274275,(04)23288582,2025,04,17,7,25,臺中市,豐原區,0,2,0,7,2,6,50,3,1,1,5,4,6,6,4,4,1,4,5,2,17,3,10,5,4,B03,7,14,1,8,2,2,,76,76,1,12,4,120.716822,24.236613,2
6075,66000,387130000C,(04)23274275,(04)23288582,2025,04,17,7,26,臺中市,大雅區,0,1,0,7,2,6,70,3,1,1,5,4,6,6,1,1,10,4,5,1,17,2,9,1,1,C03,7,9,1,10,2,11,,7,7,1,12,4,120.636664,24.234798,2
6076,66000,387130000C,(04)23274275,(04)23288582,2025,04,17,7,26,臺中市,霧峰區,0,2,0,7,2,6,50,4,1,1,5,4,6,6,1,1,10,5,5,2,17,3,10,3,1,B03,7,1,1,2,2,1,,51,51,1,6,4,120.67842,24.06494,2
6077,66000,387130000C,(04)23274275,(04)23288582,2025,04,17,7,29,臺中市,北區,0,0,0,7,,,30,,,,,,,,,,,,,,17,,,,,B03,,,1,,2,,,8,8,1,13,4,120.671962,24.1685,3
6078,66000,387130000C,(04)23274275,(04)23288582,2025,04,17,7,29,臺中市,北屯區,0,1,0,7,1,6,50,13,6,1,5,4,6,6,4,4,10,5,5,2,17,3,10,5,4,B01,7,11,1,4,2,6,,45,45,1,13,4,120.68661,24.184533,2
6079,66000,387130000C,(04)23274275,(04)23288582,2025,04,17,7,31,臺中市,南屯區,0,1,0,7,1,6,50,3,2,1,5,4,6,6,2,1,5,2,5,2,13,2,9,5,4,C03,7,9,3,19,2,11,,7,7,1,13,4,120.610517,24.144119,2
6080,66000,387130000C,(04)23274275,(04)23288582,2025,04,17,7,31,臺中市,北屯區,0,2,0,7,2,6,50,13,7,1,5,4,6,6,4,4,10,5,5,2,12,3,10,2,1,C03,7,11,1,10,2,14,,48,48,1,12,4,120.679963,24.176433,2
6081,66000,387130000C,(04)23274275,(04)23288582,2025,04,17,7,32,臺中市,太平區,0,0,0,7,,,40,,,,,,,,,,,,,,13,,,,,C03,,,1,,2,,,7,7,1,12,4,120.742901,24.131025,3
6082,66000,387130000C,(04)23274275,(04)23288582,2025,04,17,7,34,臺中市,西屯區,0,1,0,7,2,6,50,13,9,1,5,4,6,6,4,4,1,3,5,2,17,2,9,5,4,C03,7,9,1,10,2,12,,59,59,1,13,4,120.657801,24.200164,2
6083,66000,387130000C,(04)23274275,(04)23288582,2025,04,17,7,34,臺中市,清水區,0,1,0,7,3,6,70,3,1,1,5,4,6,6,2,1,1,4,4,1,16,3,10,3,1,B03,7,6,1,8,2,2,,11,11,1,12,4,120.568337,24.272244,2
6084,66000,387130000C,(04)23274275,(04)23288582,2025,04,17,7,35,臺中市,南區,0,1,0,7,3,6,50,4,9,1,5,4,6,6,4,4,5,5,5,2,18,2,9,5,4,C03,7,5,1,10,2,16,,84,84,1,6,4,120.680382,24.13188,2
6085,66000,387130000C,(04)23274275,(04)23288582,2025,04,17,7,35,臺中市,太平區,0,2,0,7,2,6,50,13,9,1,5,4,6,6,1,1,5,5,5,1,13,2,7,5,4,C03,7,9,3,19,2,11,,7,7,1,6,4,120.717807,24.12287,2
6086,66000,387130000C,(04)23274275,(04)23288582,2025,04,17,7,35,臺中市,新社區,0,2,0,7,2,6,40,13,9,1,5,4,6,6,4,4,5,5,5,1,17,2,9,5,4,C03,7,9,1,10,2,11,,7,7,1,12,4,120.797519,24.262417,2
6087,66000,387130000C,(04)23274275,(04)23288582,2025,04,17,7,36,臺中市,南屯區,0,0,0,7,,,50,,,,,,,,,,,,,,14,,,,,B03,,,1,,9,,,49,49,1,12,4,120.640587,24.151303,3
6088,66000,387130000C,(04)23274275,(04)23288582,2025,04,17,7,39,臺中市,南屯區,0,0,0,7,3,6,30,13,9,1,5,4,6,6,1,1,10,5,5,2,12,,,,,B03,,,1,,2,,,85,85,1,12,4,120.639192,24.137099,3
6089,66000,387130000C,(04)23274275,(04)23288582,2025,04,17,7,42,臺中市,新社區,0,1,0,7,2,6,40,13,9,1,5,4,6,6,4,4,5,5,5,1,17,2,9,5,4,C03,7,9,1,10,2,11,,84,84,1,13,4,120.797562,24.262378,2
6090,66000,387130000C,(04)23274275,(04)23288582,2025,04,17,7,43,臺中市,南屯區,0,1,0,7,3,6,50,13,9,1,5,4,6,6,1,1,5,2,5,2,12,3,10,3,1,B03,7,5,1,8,2,2,,84,84,1,12,4,120.646564,24.134687,2
6091,66000,387130000C,(04)23274275,(04)23288582,2025,04,17,7,45,臺中市,北區,0,0,0,7,3,9,50,13,9,1,5,4,6,6,4,4,3,5,5,2,13,,,,,B03,,,1,,1,,,7,7,1,13,4,120.681531,24.163315,3
6092,66000,387130000C,(04)23274275,(04)23288582,2025,04,17,7,46,臺中市,太平區,0,3,0,7,3,6,50,4,1,1,5,4,6,6,1,1,5,5,4,2,16,2,9,2,1,C03,7,6,1,10,2,11,,23,23,1,12,4,120.722378,24.112677,2
6093,66000,387130000C,(04)23274275,(04)23288582,2025,04,17,7,48,臺中市,南區,0,1,0,7,2,6,50,13,9,1,5,4,6,6,4,4,5,4,5,2,17,3,10,3,1,B03,7,13,1,8,2,4,,76,76,1,12,4,120.683025,24.134003,2
6094,66000,387130000C,(04)23274275,(04)23288582,2025,04,17,7,50,臺中市,龍井區,0,0,0,7,,,60,,,,,,,,,,,,,,,,,,,B03,,,1,,2,,,7,7,1,6,4,120.533452,24.220553,3
6095,66000,387130000C,(04)23274275,(04)23288582,2025,04,17,7,51,臺中市,太平區,0,3,0,7,2,6,50,4,1,1,5,4,6,6,1,1,10,5,5,2,17,2,8,5,4,C03,7,6,1,10,2,16,,11,11,1,6,4,120.714693,24.141452,2
6096,66000,387130000C,(04)23274275,(04)23288582,2025,04,17,7,59,臺中市,西屯區,0,0,0,7,,,50,,,,,,,,,,,,,,12,,,,,B03,,,1,,1,,,40,40,1,13,4,120.65167,24.16578,3
6097,66000,387130000C,(04)23274275,(04)23288582,2025,04,17,8,0,臺中市,沙鹿區,0,0,0,7,2,6,60,3,9,1,5,4,6,6,1,1,1,3,4,1,12,,,,,B03,,,1,,2,,,38,38,1,12,4,120.556003,24.212649,3
6098,66000,387130000C,(04)23274275,(04)23288582,2025,04,17,8,1,臺中市,南屯區,0,1,0,7,2,6,40,3,1,1,5,4,6,6,4,4,1,3,1,1,17,3,10,3,1,B03,7,5,1,8,2,8,,14,14,1,12,4,120.614548,24.148146,2
6099,66000,387130000C,(04)23274275,(04)23288582,2025,04,17,8,2,臺中市,沙鹿區,0,1,0,7,2,6,50,4,1,1,5,4,6,6,1,1,10,5,5,2,16,3,10,3,1,B03,7,6,1,8,1,5,,11,11,1,6,4,120.568694,24.223213,2
6100,66000,387130000C,(04)23274275,(04)23288582,2025,04,17,8,8,臺中市,北屯區,0,1,0,7,2,6,50,4,1,1,5,4,6,6,2,1,10,5,5,2,16,3,10,2,1,C03,7,6,3,19,2,13,,11,11,1,12,4,120.671273,24.19307,2
6101,66000,387130000C,(04)23274275,(04)23288582,2025,04,17,8,10,臺中市,南屯區,0,0,0,7,3,6,40,13,8,1,5,4,6,6,1,1,5,2,4,2,17,,,,,C03,,,1,,2,,,59,59,1,12,4,120.622888,24.140467,3
6102,66000,387130000C,(04)23274275,(04)23288582,2025,04,17,8,10,臺中市,烏日區,0,0,0,7,,,50,,,,,,,,,,,,,,12,,,,,B12,,,1,,2,,,39,39,1,6,4,120.623934,24.106317,3
6103,66000,387130000C,(04)23274275,(04)23288582,2025,04,17,8,12,臺中市,西屯區,0,0,0,7,,,80,,,,,,,,,,,,,,13,,,,,B03,,,1,,1,,,7,7,1,12,4,120.656239,24.199922,3
6104,66000,387130000C,(04)23274275,(04)23288582,2025,04,17,8,15,臺中市,東區,0,1,0,7,1,6,50,3,1,1,5,4,6,6,4,4,10,5,5,2,13,2,9,1,1,C03,7,9,1,10,2,11,,84,84,1,12,4,120.704306,24.138324,2
6105,66000,387130000C,(04)23274275,(04)23288582,2025,04,17,8,16,臺中市,烏日區,0,2,0,7,3,6,50,8,7,1,5,4,6,6,4,4,1,4,3,1,13,3,10,3,1,B03,7,9,1,8,2,1,,7,7,1,6,4,120.618803,24.102689,2
6106,66000,387130000C,(04)23274275,(04)23288582,2025,04,17,8,17,臺中市,西屯區,0,1,0,7,2,6,30,13,9,1,5,4,6,6,4,4,10,5,5,2,17,2,9,2,1,C03,7,9,1,10,2,12,,84,84,1,13,4,120.662105,24.164118,2
6107,66000,387130000C,(04)23274275,(04)23288582,2025,04,17,8,22,臺中市,東區,0,0,0,7,,,50,,,,,,,,,,,,,,,,,,,A12,,,1,,2,,,73,73,1,6,4,120.706352,24.133022,3
6108,66000,387130000C,(04)23274275,(04)23288582,2025,04,17,8,24,臺中市,北區,0,1,0,7,2,6,50,13,9,1,5,4,6,6,4,4,5,5,5,2,17,3,10,5,4,B01,7,11,1,4,2,8,,84,84,1,13,4,120.681745,24.158267,2
6109,66000,387130000C,(04)23274275,(04)23288582,2025,04,17,8,26,臺中市,西屯區,0,1,0,7,1,6,40,5,2,1,5,4,6,6,1,1,1,4,1,2,12,2,9,1,1,C03,7,5,3,19,2,14,,8,8,1,12,4,120.646653,24.155659,2
6110,66000,387130000C,(04)23274275,(04)23288582,2025,04,17,8,27,臺中市,南屯區,0,1,0,7,1,6,40,13,8,1,5,4,6,6,4,4,5,4,4,2,18,2,9,5,4,C03,7,9,1,10,2,12,,84,84,1,13,4,120.636216,24.134389,2
6111,66000,387130000C,(04)23274275,(04)23288582,2025,04,17,8,27,臺中市,西屯區,0,0,0,7,,,60,,,,,,,,,,,,,,12,,,,,B03,,,1,,1,,,40,40,1,12,4,120.634847,24.161255,3
6112,66000,387130000C,(04)23274275,(04)23288582,2025,04,17,8,29,臺中市,大雅區,0,0,0,7,,,30,,,,,,,,,,,,,,30,,,,,B02,,,1,,2,,,84,84,1,13,4,120.670066,24.204929,3
6113,66000,387130000C,(04)23274275,(04)23288582,2025,04,17,8,32,臺中市,南區,0,0,0,7,,,40,,,,,,,,,,,,,,13,,,,,C03,,,1,,2,,,59,59,1,6,4,120.651455,24.119637,3
6114,66000,387130000C,(04)23274275,(04)23288582,2025,04,17,8,38,臺中市,西區,0,0,0,7,,,50,,,,,,,,,,,,,,,,,,,B03,,,1,,2,,,84,84,1,12,4,120.657556,24.148836,3
6115,66000,387130000C,(04)23274275,(04)23288582,2025,04,17,8,42,臺中市,西區,0,4,0,7,2,6,50,4,1,1,5,4,6,6,1,1,10,5,5,2,15,2,9,1,1,C03,7,9,1,10,2,12,,21,21,1,12,4,120.653964,24.146718,2
6116,66000,387130000C,(04)23274275,(04)23288582,2025,04,17,8,44,臺中市,大里區,0,2,0,7,2,6,50,3,1,1,5,4,6,6,4,4,1,5,5,1,16,2,9,1,1,C03,7,9,1,10,2,14,12,7,7,1,6,4,120.683059,24.098764,2
6117,66000,387130000C,(04)23274275,(04)23288582,2025,04,17,8,45,臺中市,北區,0,1,0,7,2,6,50,13,9,1,5,4,6,6,4,4,8,3,5,2,17,3,10,3,1,B03,7,2,1,8,1,5,,84,84,1,13,4,120.69051,24.161383,2
6118,66000,387130000C,(04)23274275,(04)23288582,2025,04,17,8,48,臺中市,東區,0,0,0,7,,,50,,,,,,,,,,,,,,,,,,,C03,,,1,,9,,,7,7,1,6,4,120.686264,24.144092,3
6119,66000,387130000C,(04)23274275,(04)23288582,2025,04,17,8,49,臺中市,西屯區,0,1,0,7,2,6,40,13,8,1,5,4,6,6,4,4,1,5,1,2,13,2,9,5,4,C03,7,9,1,10,2,11,,7,7,1,13,4,120.618276,24.181932,2
6120,66000,387130000C,(04)23274275,(04)23288582,2025,04,17,8,52,臺中市,太平區,0,0,0,7,,,50,,,,,,,,,,,,,,17,,,,,B03,,,1,,1,,,50,50,1,12,4,120.716735,24.128108,3
6121,66000,387130000C,(04)23274275,(04)23288582,2025,04,17,8,53,臺中市,北屯區,0,1,0,7,2,6,50,13,9,1,5,4,6,6,4,4,4,5,5,1,18,2,9,1,1,C03,7,9,1,10,2,11,,59,59,1,12,4,120.746577,24.178449,2
6122,66000,387130000C,(04)23274275,(04)23288582,2025,04,17,8,55,臺中市,豐原區,0,1,0,7,2,6,60,13,9,1,5,4,6,6,4,4,1,4,5,2,17,2,9,2,1,C04,7,1,1,10,2,15,,51,51,1,13,4,120.702957,24.250046,2
6123,66000,387130000C,(04)23274275,(04)23288582,2025,04,17,8,56,臺中市,南屯區,0,0,0,7,,,40,,,,,,,,,,,,,,17,,,,,G03,,,1,,1,,,51,51,1,12,4,120.644032,24.148078,3
6124,66000,387130000C,(04)23274275,(04)23288582,2025,04,17,9,0,臺中市,大雅區,0,0,0,7,,,30,,,,,,,,,,,,,,,,,,,B12,,,1,,2,,,45,45,1,13,4,120.6354,24.204881,3
6125,66000,387130000C,(04)23274275,(04)23288582,2025,04,17,9,0,臺中市,南區,0,1,0,7,2,6,50,4,1,1,5,4,6,6,2,1,10,5,5,2,16,3,10,3,1,B03,7,5,1,8,2,5,,11,11,1,12,4,120.655726,24.120237,2
6126,66000,387130000C,(04)23274275,(04)23288582,2025,04,17,9,0,臺中市,沙鹿區,0,0,0,7,,,50,,,,,,,,,,,,,,17,,,,,B03,,,1,,2,,,78,78,1,5,4,120.579314,24.223824,3
6127,66000,387130000C,(04)23274275,(04)23288582,2025,04,17,9,0,臺中市,神岡區,0,1,0,7,3,6,50,3,1,1,5,4,6,6,4,4,5,4,4,1,16,3,10,3,1,B12,7,6,1,8,2,2,,11,11,1,13,4,120.695523,24.238993,2
6128,66000,387130000C,(04)23274275,(04)23288582,2025,04,17,9,5,臺中市,梧棲區,0,1,0,7,2,6,50,3,1,1,5,4,6,6,4,4,10,5,5,2,12,2,9,1,1,C03,7,5,3,19,2,14,,84,84,1,6,4,120.525664,24.224679,2
6129,66000,387130000C,(04)23274275,(04)23288582,2025,04,17,9,6,臺中市,西區,0,1,0,7,2,6,50,4,1,1,5,4,6,6,2,1,1,4,4,2,3,3,10,3,1,B03,7,5,1,8,2,6,,10,10,1,12,4,120.66774,24.13095,2
6130,66000,387130000C,(04)23274275,(04)23288582,2025,04,17,9,15,臺中市,烏日區,0,0,0,7,,,30,,,,,,,,,,,,,,,,,,,B03,,,1,,1,,,40,40,1,13,4,120.616478,24.110154,3
6131,66000,387130000C,(04)23274275,(04)23288582,2025,04,17,9,18,臺中市,西區,0,1,0,7,3,6,50,4,1,1,5,4,6,6,2,1,10,5,5,2,17,3,10,3,1,B03,7,11,1,8,2,6,,45,45,1,13,4,120.657387,24.139287,2
6132,66000,387130000C,(04)23274275,(04)23288582,2025,04,17,9,23,臺中市,西屯區,0,2,0,7,3,6,60,3,1,1,5,4,6,6,2,1,10,5,5,2,13,2,9,3,1,B01,7,9,1,8,2,1,,7,7,1,12,4,120.632215,24.162152,2
6133,66000,387130000C,(04)23274275,(04)23288582,2025,04,17,9,23,臺中市,大里區,0,0,0,7,,,80,,,,,,,,,,,,,,13,,,,,B03,,,1,,2,,,7,7,1,13,4,120.683094,24.085217,3
6134,66000,387130000C,(04)23274275,(04)23288582,2025,04,17,9,30,臺中市,西屯區,0,1,0,7,2,6,40,13,8,1,5,4,6,6,4,4,1,4,4,2,12,2,9,6,1,F02,7,9,7,21,2,11,,59,59,1,12,4,120.636543,24.15744,2
6135,66000,387130000C,(04)23274275,(04)23288582,2025,04,17,9,30,臺中市,豐原區,0,1,0,7,3,6,50,13,9,1,5,4,6,6,4,4,1,4,5,1,13,2,9,1,4,C03,7,9,1,10,2,14,,7,7,1,12,4,120.708265,24.249984,2
6136,66000,387130000C,(04)23274275,(04)23288582,2025,04,17,9,35,臺中市,東區,0,0,0,7,1,6,50,13,7,1,5,4,6,6,4,4,1,4,5,2,17,3,10,3,1,B03,7,5,1,8,1,5,,84,84,1,12,4,120.689407,24.1456,3
6137,66000,387130000C,(04)23274275,(04)23288582,2025,04,17,9,36,臺中市,神岡區,0,0,0,7,,,30,,,,,,,,,,,,,,10,,,,,C03,,,1,,1,,,41,41,1,6,4,120.679706,24.238697,3
6138,66000,387130000C,(04)23274275,(04)23288582,2025,04,17,9,40,臺中市,南屯區,0,0,0,7,3,6,50,13,9,1,5,4,6,6,1,1,5,5,5,2,16,,,,,B01,,,1,,1,,,6,6,1,12,4,120.609707,24.138486,3
6139,66000,387130000C,(04)23274275,(04)23288582,2025,04,17,9,40,臺中市,北屯區,0,1,0,7,2,6,40,13,8,1,5,4,6,6,4,4,1,4,4,1,13,2,9,1,1,C03,7,9,1,10,2,11,,59,59,1,12,4,120.670338,24.176258,2
6140,66000,387130000C,(04)23274275,(04)23288582,2025,04,17,9,40,臺中市,烏日區,0,0,0,7,,,80,,,,,,,,,,,,,,13,,,,,B12,,,1,,1,,,7,7,1,6,4,120.610867,24.099994,3
6141,66000,387130000C,(04)23274275,(04)23288582,2025,04,17,9,43,臺中市,北屯區,0,1,0,7,2,6,50,4,1,1,5,4,1,6,2,1,10,5,5,2,16,3,10,3,1,B03,7,5,1,8,2,5,,11,11,1,12,4,120.665666,24.182715,2
6142,66000,387130000C,(04)23274275,(04)23288582,2025,04,17,9,43,臺中市,西屯區,0,1,0,7,2,6,35,11,9,1,5,4,6,6,4,4,10,5,5,1,17,2,9,5,4,C03,7,9,1,10,2,11,,7,7,1,12,4,120.628505,24.175986,2
6143,66000,387130000C,(04)23274275,(04)23288582,2025,04,17,9,45,臺中市,清水區,0,0,0,7,,,60,,,,,,,,,,,,,,17,,,,,B03,,,1,,1,,,47,47,1,12,4,120.564773,24.271214,3
6144,66000,387130000C,(04)23274275,(04)23288582,2025,04,17,9,51,臺中市,南區,0,0,0,7,3,6,50,13,9,1,5,4,6,6,4,4,5,4,4,2,13,3,10,3,1,B03,7,9,3,19,5,1,,57,57,1,13,4,120.660527,24.132057,3
6145,66000,387130000C,(04)23274275,(04)23288582,2025,04,17,9,58,臺中市,潭子區,0,0,0,7,,,40,,,,,,,,,,,,,,13,,,,,B03,,,1,,2,,,84,84,1,13,4,120.699204,24.201028,3
6146,66000,387130000C,(04)23274275,(04)23288582,2025,04,17,10,0,臺中市,烏日區,0,1,0,7,3,6,50,4,1,1,5,4,6,6,1,1,5,4,5,1,12,2,9,1,1,C03,7,4,1,10,2,14,12,1,1,1,5,4,120.644253,24.087607,2
6147,66000,387130000C,(04)23274275,(04)23288582,2025,04,17,10,0,臺中市,梧棲區,0,0,0,7,,,40,,,,,,,,,,,,,,17,,,,,A31,,,1,,1,,,84,84,1,6,4,120.518348,24.225669,3
6148,66000,387130000C,(04)23274275,(04)23288582,2025,04,17,10,1,臺中市,西屯區,0,0,0,7,,,30,,,,,,,,,,,,,,25,,,,,B13,,,1,,2,,,84,84,1,12,4,120.648907,24.202648,3
6149,66000,387130000C,(04)23274275,(04)23288582,2025,04,17,10,2,臺中市,北屯區,0,0,0,7,,,30,,,,,,,,,,,,,,,,,,,B11,,,1,,2,,,49,49,1,13,4,120.666159,24.181569,3
6150,66000,387130000C,(04)23274275,(04)23288582,2025,04,17,10,7,臺中市,西屯區,0,1,0,7,2,6,50,4,1,1,5,4,6,6,4,4,10,5,5,2,13,2,8,5,4,C03,7,9,1,10,2,11,,7,7,1,12,4,120.657446,24.165077,2