序號,縣市別代碼,機關代碼,市話,傳真,年,月,日,時,分,縣市,區,死亡數量,受傷數量,2-30,天候,道路照明設備,道路類別,道路速限,道路型態,事故位置,路面鋪裝,路面狀態,路面缺陷,障礙物,視距,號誌種類,號誌動作,分向設施,快車道或一般車道間,快慢車道間,路面邊線,事故類型及型態,受傷程度,主要傷處,保護裝備,行動電話或功能裝置,當事者區分（類別）,車輛用途,當事者行動狀態,駕照狀態,駕照種類,飲酒情形,車輛撞擊部位最初,車輛撞擊部位其他,肇事因素個別,肇事因素主要,肇事逃逸,職業,共享經濟或外送平台,GPS座標X,GPS座標Y,事故類別
6262,66000,387130000C,(04)23274275,(04)23288582,2025,04,17,15,5,臺中市,龍井區,0,0,0,7,,,70,,,,,,,,,,,,,,,,,,,A12,,,1,,1,,,68,68,1,6,4,120.505858,24.192976,3
6263,66000,387130000C,(04)23274275,(04)23288582,2025,04,17,15,9,臺中市,烏日區,0,0,0,7,,,70,,,,,,,,,,,,,,12,,,,,B03,,,1,,2,,,7,7,1,6,4,120.589423,24.113435,3
6264,66000,387130000C,(04)23274275,(04)23288582,2025,04,17,15,11,臺中市,中區,0,2,0,7,3,6,50,13,9,1,5,4,6,6,4,4,4,4,5,2,17,3,10,1,1,C03,7,15,1,10,2,13,,65,65,1,12,4,120.678112,24.141203,2
6265,66000,387130000C,(04)23274275,(04)23288582,2025,04,17,15,11,臺中市,西屯區,0,0,0,7,,,50,,,,,,,,,,,,,,17,,,,,C03,,,1,,1,,,40,40,1,13,4,120.639323,24.171719,3
6266,66000,387130000C,(04)23274275,(04)23288582,2025,04,17,15,13,臺中市,北屯區,0,1,0,7,3,6,50,13,9,1,5,4,6,6,4,4,9,5,5,2,18,2,8,1,1,C03,7,9,1,10,2,12,,84,84,1,5,4,120.699765,24.167106,2
6267,66000,387130000C,(04)23274275,(04)23288582,2025,04,17,15,20,臺中市,西區,0,0,0,7,,,50,,,,,,,,,,,,,,13,,,,,B03,,,1,,1,,,7,7,1,12,4,120.671053,24.145866,3
6268,66000,387130000C,(04)23274275,(04)23288582,2025,04,17,15,21,臺中市,南區,0,0,0,7,,,50,,,,,,,,,,,,,,16,,,,,B03,,,1,,2,,,11,11,1,12,4,120.679187,24.12696,3
6269,66000,387130000C,(04)23274275,(04)23288582,2025,04,17,15,28,臺中市,西屯區,0,0,0,7,,,50,,,,,,,,,,,,,,,,,,,G03,,,1,,1,,,7,7,1,13,4,120.627073,24.159661,3
6270,66000,387130000C,(04)23274275,(04)23288582,2025,04,17,15,30,臺中市,潭子區,0,1,0,6,3,6,50,3,2,1,5,4,6,6,4,4,5,5,5,1,17,3,10,3,1,B03,7,7,1,8,2,2,,65,65,1,13,4,120.701114,24.196866,2
6271,66000,387130000C,(04)23274275,(04)23288582,2025,04,17,15,30,臺中市,北屯區,0,1,0,7,2,6,50,4,1,1,5,4,6,6,2,1,10,5,5,2,15,3,10,3,1,B03,7,9,1,8,2,1,,21,21,1,6,4,120.722556,24.176713,2
6272,66000,387130000C,(04)23274275,(04)23288582,2025,04,17,15,38,臺中市,梧棲區,0,1,0,7,2,6,70,13,7,1,5,4,6,6,1,1,1,2,1,2,13,3,10,3,1,B03,7,8,1,8,2,1,,7,7,1,12,4,120.525664,24.25604,2
6273,66000,387130000C,(04)23274275,(04)23288582,2025,04,17,15,39,臺中市,北屯區,0,2,0,7,1,6,50,4,2,1,5,4,6,6,1,1,3,4,5,2,3,2,9,6,5,H01,8,16,7,21,2,17,,95,95,1,13,5,120.692028,24.182608,2
6274,66000,387130000C,(04)23274275,(04)23288582,2025,04,17,15,41,臺中市,西區,0,2,0,7,3,6,40,4,1,1,5,4,6,6,1,1,10,5,5,2,16,2,8,1,1,C03,7,6,1,10,1,14,,48,48,1,6,4,120.667046,24.136553,2
6275,66000,387130000C,(04)23274275,(04)23288582,2025,04,17,16,1,臺中市,烏日區,0,0,0,7,,,,,,,,,,,,,,,,,,,,,,,,,,,,,,112,112,1,,,120.648135,24.092329,3
6276,66000,387130000C,(04)23274275,(04)23288582,2025,04,17,16,3,臺中市,西屯區,0,0,0,7,,,0,,,,,,,,,,,,,,17,,,,,C03,,,1,,1,,,50,50,1,13,4,120.654847,24.200521,3
6277,66000,387130000C,(04)23274275,(04)23288582,2025,04,17,16,6,臺中市,南屯區,0,1,0,7,2,6,50,4,1,1,5,4,6,6,3,1,10,5,5,2,17,3,10,3,1,B03,7,1,1,8,2,8,,24,24,1,13,4,120.581376,24.143393,2
6278,66000,387130000C,(04)23274275,(04)23288582,2025,04,17,16,8,臺中市,南屯區,0,0,0,7,3,6,50,13,9,1,5,4,6,6,4,4,5,5,5,2,14,,,,,B03,,,1,,1,,,49,49,1,12,4,120.639162,24.13504,3
6279,66000,387130000C,(04)23274275,(04)23288582,2025,04,17,16,10,臺中市,北區,0,0,0,7,,,50,,,,,,,,,,,,,,13,,,,,B03,,,3,,2,1,,59,59,1,12,4,120.694331,24.159247,3
6280,66000,387130000C,(04)23274275,(04)23288582,2025,04,17,16,10,臺中市,東勢區,0,0,0,7,2,6,30,3,1,1,5,4,6,6,4,4,10,5,5,2,16,3,10,5,4,B03,7,6,1,8,1,8,,14,14,1,13,4,120.831797,24.244551,3
6281,66000,387130000C,(04)23274275,(04)23288582,2025,04,17,16,17,臺中市,豐原區,0,2,0,7,2,6,50,3,1,1,5,4,6,6,2,1,5,2,4,2,13,3,10,3,1,B03,7,6,1,8,2,8,,84,84,1,6,4,120.728309,24.244569,2
6282,66000,387130000C,(04)23274275,(04)23288582,2025,04,17,16,18,臺中市,烏日區,0,0,0,7,2,6,50,13,,1,5,4,6,6,4,4,9,5,5,2,17,,,,,,,,,,,,,86,86,1,,,120.609452,24.10431,3
6283,66000,387130000C,(04)23274275,(04)23288582,2025,04,17,16,19,臺中市,沙鹿區,0,0,0,7,,,50,,,,,,,,,,,,,,,,,,,B12,,,1,,1,,,49,49,1,6,4,120.557697,24.234465,3
6284,66000,387130000C,(04)23274275,(04)23288582,2025,04,17,16,22,臺中市,西屯區,0,0,0,7,,,30,,,,,,,,,,,,,,13,,,,,C03,,,1,,1,,,7,7,1,12,4,120.613616,24.194657,3
6285,66000,387130000C,(04)23274275,(04)23288582,2025,04,17,16,24,臺中市,南區,0,2,0,7,2,6,50,4,1,1,5,4,6,6,1,1,3,4,4,2,17,3,10,3,1,B03,7,5,1,8,2,2,,47,47,1,12,4,120.669079,24.128595,2
6286,66000,387130000C,(04)23274275,(04)23288582,2025,04,17,16,25,臺中市,西屯區,0,2,0,7,2,6,30,3,19,1,5,4,6,6,4,4,10,5,5,2,3,2,9,1,4,C03,7,9,1,10,1,12,,10,10,1,13,4,120.646199,24.181177,2
6287,66000,387130000C,(04)23274275,(04)23288582,2025,04,17,16,26,臺中市,北屯區,0,0,0,7,,,50,,,,,,,,,,,,,,13,,,,,B03,,,1,,1,,,7,7,1,12,4,120.721512,24.182464,3
6288,66000,387130000C,(04)23274275,(04)23288582,2025,04,17,16,26,臺中市,西屯區,0,0,0,7,,,50,,,,,,,,,,,,,,13,,,,,B03,,,1,,1,,,7,7,1,13,4,120.651067,24.173866,3
6289,66000,387130000C,(04)23274275,(04)23288582,2025,04,17,16,29,臺中市,梧棲區,0,0,0,7,,,50,,,,,,,,,,,,,,13,,,,,B03,,,1,,1,,,7,7,1,12,4,120.537168,24.251089,3
6290,66000,387130000C,(04)23274275,(04)23288582,2025,04,17,16,30,臺中市,大雅區,0,0,0,7,,,30,,,,,,,,,,,,,,,,,,,B13,,,1,,1,,,20,20,1,13,4,120.665822,24.234867,3
6291,66000,387130000C,(04)23274275,(04)23288582,2025,04,17,16,31,臺中市,西屯區,0,0,0,7,,,50,,,,,,,,,,,,,,,,,,,B03,,,3,,2,,,59,59,1,13,4,120.610228,24.191577,3
6292,66000,387130000C,(04)23274275,(04)23288582,2025,04,17,16,31,臺中市,大甲區,0,3,0,7,3,6,50,13,9,1,5,4,6,6,4,4,9,5,5,1,3,2,9,6,5,H01,8,16,7,21,10,17,,98,98,1,6,5,120.626989,24.350033,2
6293,66000,387130000C,(04)23274275,(04)23288582,2025,04,17,16,33,臺中市,北區,0,0,0,7,,,50,,,,,,,,,,,,,,13,,,,,C03,,,1,,2,,,59,59,1,12,4,120.670634,24.158073,3
6294,66000,387130000C,(04)23274275,(04)23288582,2025,04,17,16,34,臺中市,清水區,0,0,0,7,,,50,,,,,,,,,,,,,,,,,,,B03,,,1,,2,,,49,49,1,12,4,120.541048,24.267316,3
6295,66000,387130000C,(04)23274275,(04)23288582,2025,04,17,16,35,臺中市,北屯區,0,0,0,7,,,50,,,,,,,,,,,,,,9,,,,,B03,,,1,,1,,,49,49,1,6,4,120.696489,24.172969,4
6296,66000,387130000C,(04)23274275,(04)23288582,2025,04,17,16,35,臺中市,梧棲區,0,0,0,7,,,60,,,,,,,,,,,,,,13,,,,,B03,,,1,,1,,,7,7,1,12,4,120.519399,24.225042,3
6297,66000,387130000C,(04)23274275,(04)23288582,2025,04,17,16,40,臺中市,南屯區,0,0,0,7,,,50,,,,,,,,,,,,,,,,,,,B03,,,1,,2,,,84,84,1,6,4,120.653184,24.141538,3
6298,66000,387130000C,(04)23274275,(04)23288582,2025,04,17,16,44,臺中市,西屯區,0,1,0,7,2,6,50,4,1,1,5,4,6,6,4,4,10,5,5,2,16,3,10,5,4,B03,7,6,1,8,2,8,,14,14,1,13,4,120.645352,24.168661,2
6299,66000,387130000C,(04)23274275,(04)23288582,2025,04,17,16,45,臺中市,太平區,0,1,0,7,2,6,50,4,4,1,5,4,6,6,2,1,5,5,5,2,9,3,10,2,1,C03,7,9,1,10,2,11,,84,84,1,12,4,120.704941,24.148147,2
6300,66000,387130000C,(04)23274275,(04)23288582,2025,04,17,16,47,臺中市,大里區,0,0,0,7,,,30,,,,,,,,,,,,,,13,,,,,C04,,,1,,2,,,84,84,1,12,4,120.678846,24.113792,3
6301,66000,387130000C,(04)23274275,(04)23288582,2025,04,17,16,47,臺中市,烏日區,0,0,0,7,,,50,,,,,,,,,,,,,,17,,,,,B03,,,1,,9,,,85,85,1,6,4,120.60856,24.106595,3
6302,66000,387130000C,(04)23274275,(04)23288582,2025,04,17,16,48,臺中市,東區,0,0,0,7,,,50,,,,,,,,,,,,,,13,,,,,B01,,,1,,1,,,84,84,1,12,4,120.696543,24.135624,3
6303,66000,387130000C,(04)23274275,(04)23288582,2025,04,17,16,49,臺中市,西區,0,0,0,7,,,50,,,,,,,,,,,,,,,,,,,B03,,,1,,1,,,49,49,1,12,4,120.653436,24.145013,3
6304,66000,387130000C,(04)23274275,(04)23288582,2025,04,17,16,49,臺中市,北區,0,1,0,7,2,6,50,4,1,1,5,4,6,6,1,1,5,4,5,2,17,3,10,5,1,B03,7,9,1,8,2,1,,7,7,1,13,4,120.694326,24.155623,2
6305,66000,387130000C,(04)23274275,(04)23288582,2025,04,17,16,50,臺中市,大里區,0,0,0,7,,,80,,,,,,,,,,,,,,,,,,,,,,,,,,,86,86,1,,,120.690704,24.098029,3
6306,66000,387130000C,(04)23274275,(04)23288582,2025,04,17,16,50,臺中市,太平區,0,1,0,7,2,6,50,13,8,1,5,4,6,6,4,4,9,4,4,2,17,3,10,3,1,B03,7,7,1,8,2,16,,40,40,1,12,4,120.734467,24.149074,2
6307,66000,387130000C,(04)23274275,(04)23288582,2025,04,17,16,54,臺中市,霧峰區,0,1,0,7,2,6,50,4,2,1,5,4,6,6,1,1,5,5,5,1,16,3,10,1,1,C03,7,5,1,10,2,12,,47,47,1,12,4,120.69733,24.068454,2
6308,66000,387130000C,(04)23274275,(04)23288582,2025,04,17,17,0,臺中市,霧峰區,0,0,0,7,,,30,,,,,,,,,,,,,,14,,,,,B12,,,1,,1,,,49,49,1,13,4,120.695773,24.061365,3
6309,66000,387130000C,(04)23274275,(04)23288582,2025,04,17,17,0,臺中市,大里區,0,0,0,7,,,50,,,,,,,,,,,,,,17,,,,,B12,,,1,,1,,,49,49,1,12,4,120.683882,24.1157,3
6310,66000,387130000C,(04)23274275,(04)23288582,2025,04,17,17,0,臺中市,豐原區,0,0,0,7,,,50,,,,,,,,,,,,,,14,,,,,B03,,,1,,2,,,49,49,1,12,4,120.725622,24.241465,4
6311,66000,387130000C,(04)23274275,(04)23288582,2025,04,17,17,1,臺中市,潭子區,0,1,0,7,2,6,50,4,1,1,5,4,6,6,4,4,10,5,5,2,16,3,10,3,1,B03,7,6,1,8,2,5,,14,14,1,12,4,120.701587,24.211833,2
6312,66000,387130000C,(04)23274275,(04)23288582,2025,04,17,17,1,臺中市,南屯區,0,0,0,7,,,50,,,,,,,,,,,,,,15,,,,,B03,,,1,,1,,,21,21,1,13,4,120.640568,24.142702,3
6313,66000,387130000C,(04)23274275,(04)23288582,2025,04,17,17,2,臺中市,神岡區,0,3,0,7,2,6,50,4,1,1,5,4,6,6,1,1,10,5,5,2,16,2,8,5,4,C03,7,9,1,10,9,11,,6,6,1,12,4,120.664966,24.26289,2
6314,66000,387130000C,(04)23274275,(04)23288582,2025,04,17,17,4,臺中市,北區,0,2,0,7,2,6,50,3,2,1,5,4,6,6,2,1,10,5,5,2,11,2,9,2,1,C03,7,6,1,10,2,12,,48,48,1,13,4,120.686945,24.14878,2
6315,66000,387130000C,(04)23274275,(04)23288582,2025,04,17,17,5,臺中市,潭子區,0,0,0,7,,,50,,,,,,,,,,,,,,,,,,,B03,,,1,,2,,,23,23,1,13,4,120.705123,24.200841,3
6316,66000,387130000C,(04)23274275,(04)23288582,2025,04,17,17,8,臺中市,清水區,0,1,0,7,2,6,50,13,7,1,5,4,6,6,2,1,1,2,4,1,16,3,10,3,1,B03,7,11,1,8,2,5,,45,45,1,13,4,120.573886,24.265242,2
6317,66000,387130000C,(04)23274275,(04)23288582,2025,04,17,17,9,臺中市,北屯區,0,0,0,7,,,40,,,,,,,,,,,,,,13,,,,,B03,,,1,,2,,,84,84,1,12,4,120.72695,24.171715,3
6318,66000,387130000C,(04)23274275,(04)23288582,2025,04,17,17,9,臺中市,大里區,0,1,0,7,2,6,30,3,1,1,5,4,6,6,4,4,10,5,5,2,17,2,9,2,1,C03,7,9,1,10,2,14,11,84,84,1,13,4,120.71032,24.084767,2
6319,66000,387130000C,(04)23274275,(04)23288582,2025,04,17,17,9,臺中市,梧棲區,0,1,0,7,3,6,30,4,1,1,5,4,6,6,4,4,10,5,5,2,15,3,10,3,1,B03,7,9,1,8,1,5,,15,15,1,6,4,120.526904,24.226627,2
6320,66000,387130000C,(04)23274275,(04)23288582,2025,04,17,17,10,臺中市,大雅區,0,1,0,7,3,6,50,4,2,1,5,4,6,6,1,1,1,3,4,1,17,2,9,1,1,C03,7,15,1,10,5,11,,4,4,1,13,4,120.662138,24.232657,2
6321,66000,387130000C,(04)23274275,(04)23288582,2025,04,17,17,12,臺中市,清水區,0,0,0,7,,,50,,,,,,,,,,,,,,,,,,,B03,,,1,,1,,,7,7,1,12,4,120.55613,24.265356,3
6322,66000,387130000C,(04)23274275,(04)23288582,2025,04,17,17,13,臺中市,大肚區,0,2,0,7,3,6,50,13,9,1,5,4,6,6,4,4,9,5,5,1,12,2,9,2,1,C03,7,7,1,10,2,12,,42,42,1,6,4,120.544613,24.151134,2
6323,66000,387130000C,(04)23274275,(04)23288582,2025,04,17,17,15,臺中市,霧峰區,0,0,0,7,,,50,,,,,,,,,,,,,,,,,,,,,,,,,,,119,119,1,,,120.698482,24.061755,3
6324,66000,387130000C,(04)23274275,(04)23288582,2025,04,17,17,18,臺中市,北區,0,0,0,7,,,40,,,,,,,,,,,,,,,,,,,B12,,,1,,2,,,49,49,1,12,4,120.67466,24.155718,3
6325,66000,387130000C,(04)23274275,(04)23288582,2025,04,17,17,18,臺中市,南屯區,0,1,0,7,2,6,50,4,1,1,5,4,6,6,2,1,10,5,5,2,16,3,10,1,1,C04,7,6,1,10,2,14,,11,11,1,13,4,120.653157,24.132022,2
6326,66000,387130000C,(04)23274275,(04)23288582,2025,04,17,17,18,臺中市,西屯區,0,0,0,7,,,30,,,,,,,,,,,,,,12,,,,,B01,,,1,,1,,,59,59,1,13,4,120.648038,24.196718,3
6327,66000,387130000C,(04)23274275,(04)23288582,2025,04,17,17,19,臺中市,豐原區,0,0,0,7,,,30,,,,,,,,,,,,,,,,,,,C03,,,1,,9,,,78,78,1,13,4,120.716389,24.242729,3
6328,66000,387130000C,(04)23274275,(04)23288582,2025,04,17,17,22,臺中市,南區,0,1,0,7,3,6,30,11,9,1,5,4,6,6,4,4,10,5,5,2,10,2,9,6,1,F01,7,1,7,21,2,11,,51,51,1,12,4,120.664063,24.112514,2
6329,66000,387130000C,(04)23274275,(04)23288582,2025,04,17,17,24,臺中市,北屯區,0,0,0,7,,,50,,,,,,,,,,,,,,,,,,,C03,,,1,,1,,,7,7,1,13,4,120.700192,24.170247,3
6330,66000,387130000C,(04)23274275,(04)23288582,2025,04,17,17,25,臺中市,南區,0,1,0,7,2,6,50,5,1,1,5,4,6,6,4,4,9,5,5,2,17,2,9,1,1,C03,7,6,3,19,2,11,,11,11,1,12,4,120.668661,24.117185,2
6331,66000,387130000C,(04)23274275,(04)23288582,2025,04,17,17,25,臺中市,太平區,0,0,0,7,,,50,,,,,,,,,,,,,,13,,,,,B03,,,1,,1,,,7,7,1,12,4,120.70454,24.155925,3
6332,66000,387130000C,(04)23274275,(04)23288582,2025,04,17,17,26,臺中市,西屯區,0,1,0,7,2,6,50,4,9,1,5,4,6,6,1,1,9,4,5,2,13,2,9,1,1,C03,7,9,1,10,2,11,,59,59,1,12,4,120.64174,24.178251,2
6333,66000,387130000C,(04)23274275,(04)23288582,2025,04,17,17,27,臺中市,西屯區,0,2,0,7,2,6,40,13,8,1,5,4,6,6,4,4,1,5,1,2,17,2,9,1,4,C03,7,9,1,10,2,11,,7,7,1,13,4,120.606823,24.183491,2
6334,66000,387130000C,(04)23274275,(04)23288582,2025,04,17,17,32,臺中市,霧峰區,0,2,0,6,2,6,50,13,9,1,5,4,6,6,4,4,5,5,4,1,3,2,9,6,5,H01,8,16,7,21,10,17,,98,98,1,6,5,120.686916,24.053691,2
6335,66000,387130000C,(04)23274275,(04)23288582,2025,04,17,17,36,臺中市,大甲區,0,0,0,7,,,50,,,,,,,,,,,,,,,,,,,B03,,,1,,1,,,76,76,1,6,4,120.644037,24.40401,3
6336,66000,387130000C,(04)23274275,(04)23288582,2025,04,17,17,40,臺中市,西屯區,0,0,0,7,,,,,,,,,,,,,,,,,17,,,,,,,,,,,,,87,87,1,,,120.648767,24.168809,4
6337,66000,387130000C,(04)23274275,(04)23288582,2025,04,17,17,40,臺中市,西屯區,0,1,0,7,1,6,30,13,9,1,5,4,6,6,4,4,10,5,5,2,2,3,10,3,1,B03,7,9,1,8,2,2,,8,8,1,12,4,120.625981,24.189872,2
6338,66000,387130000C,(04)23274275,(04)23288582,2025,04,17,17,43,臺中市,西屯區,0,1,0,7,2,6,30,13,9,1,5,4,6,6,4,4,10,5,5,2,16,2,9,5,4,C03,7,9,1,10,2,11,,4,4,1,13,4,120.653076,24.169769,2
6339,66000,387130000C,(04)23274275,(04)23288582,2025,04,17,17,48,臺中市,沙鹿區,0,0,0,7,,,50,,,,,,,,,,,,,,17,,,,,,,,,,,,,119,119,1,,,120.562236,24.239765,3
6340,66000,387130000C,(04)23274275,(04)23288582,2025,04,17,17,50,臺中市,沙鹿區,0,0,0,7,,,60,,,,,,,,,,,,,,,,,,,B03,,,1,,1,,,84,84,1,6,4,120.573523,24.230575,3
6341,66000,387130000C,(04)23274275,(04)23288582,2025,04,17,17,51,臺中市,大雅區,0,0,0,7,,,60,,,,,,,,,,,,,,,,,,,A11,,,1,,1,,,40,40,1,12,4,120.646038,24.223592,3
6342,66000,387130000C,(04)23274275,(04)23288582,2025,04,17,17,52,臺中市,神岡區,0,0,0,7,,,50,,,,,,,,,,,,,,16,,,,,C03,,,1,,2,,,46,46,1,12,4,120.656696,24.258878,3
6343,66000,387130000C,(04)23274275,(04)23288582,2025,04,17,17,54,臺中市,西屯區,0,0,0,7,,,50,,,,,,,,,,,,,,13,,,,,B03,,,1,,1,,,59,59,1,13,4,120.622185,24.174168,3
6344,66000,387130000C,(04)23274275,(04)23288582,2025,04,17,17,55,臺中市,潭子區,0,2,0,7,2,6,30,4,1,1,5,4,6,3,4,4,10,5,5,2,15,2,9,2,1,C03,7,9,1,10,2,12,,15,15,1,12,4,120.710244,24.203625,2
6345,66000,387130000C,(04)23274275,(04)23288582,2025,04,17,17,56,臺中市,后里區,0,0,0,7,2,6,30,4,2,1,5,4,6,6,1,1,4,5,5,1,17,3,10,3,1,B03,7,6,1,8,2,8,,84,84,1,12,4,120.718552,24.320357,3
6346,66000,387130000C,(04)23274275,(04)23288582,2025,04,17,17,58,臺中市,豐原區,0,0,0,7,,,50,,,,,,,,,,,,,,14,,,,,B01,,,1,,2,,,49,49,1,12,4,120.724065,24.253394,3
6347,66000,387130000C,(04)23274275,(04)23288582,2025,04,17,17,59,臺中市,南區,0,0,0,7,,,50,,,,,,,,,,,,,,13,,,,,C03,,,1,,2,,,7,7,1,5,4,120.679446,24.123881,4
6348,66000,387130000C,(04)23274275,(04)23288582,2025,04,17,18,2,臺中市,北屯區,0,0,0,7,,,50,,,,,,,,,,,,,,12,,,,,B03,,,1,,2,,,84,84,1,12,4,120.691738,24.185549,3
6349,66000,387130000C,(04)23274275,(04)23288582,2025,04,17,18,2,臺中市,豐原區,0,0,0,7,,,50,,,,,,,,,,,,,,,,,,,B03,,,1,,9,,,51,51,1,13,4,120.716404,24.240636,3
6350,66000,387130000C,(04)23274275,(04)23288582,2025,04,17,18,5,臺中市,太平區,0,1,0,7,2,6,50,4,1,1,5,4,6,6,3,1,10,5,5,2,16,3,10,3,1,B12,7,6,1,8,2,5,,24,24,1,12,4,120.71596,24.134414,2
6351,66000,387130000C,(04)23274275,(04)23288582,2025,04,17,18,8,臺中市,大雅區,0,2,0,7,1,6,50,4,2,1,5,4,6,6,1,1,5,5,5,1,17,2,9,1,1,C03,7,6,1,8,2,12,,11,11,1,13,4,120.653784,24.231071,2
6352,66000,387130000C,(04)23274275,(04)23288582,2025,04,17,18,10,臺中市,東區,0,1,0,7,1,6,50,3,1,1,5,4,6,6,4,4,10,5,5,2,16,2,7,2,1,C03,7,6,1,10,2,14,,48,48,1,12,4,120.696654,24.141596,2
6353,66000,387130000C,(04)23274275,(04)23288582,2025,04,17,18,10,臺中市,北屯區,0,2,0,7,1,6,50,13,9,1,5,4,6,6,4,4,1,4,5,2,17,2,9,1,1,C03,7,9,1,10,2,14,11,5,5,1,12,4,120.694037,24.183313,2
6354,66000,387130000C,(04)23274275,(04)23288582,2025,04,17,18,11,臺中市,北屯區,0,1,0,7,1,6,50,13,7,1,5,4,6,6,4,4,1,4,4,2,13,3,10,1,1,C03,7,9,1,10,2,11,,7,7,1,12,4,120.677993,24.184795,2
6355,66000,387130000C,(04)23274275,(04)23288582,2025,04,17,18,12,臺中市,霧峰區,0,1,0,7,1,6,50,13,9,1,5,4,6,6,3,1,5,5,5,2,13,2,9,2,1,C03,7,9,1,10,2,12,,84,84,1,6,4,120.664013,24.07976,2
6356,66000,387130000C,(04)23274275,(04)23288582,2025,04,17,18,18,臺中市,北屯區,0,1,0,7,2,6,50,13,9,1,5,4,6,6,2,1,5,4,5,2,12,2,9,1,1,C03,7,9,1,10,2,12,,84,84,1,6,4,120.699781,24.170271,2
6357,66000,387130000C,(04)23274275,(04)23288582,2025,04,17,18,19,臺中市,北區,0,0,0,7,,,50,,,,,,,,,,,,,,13,,,,,C03,,,6,,2,,,7,7,1,13,4,120.681,24.152533,4
6358,66000,387130000C,(04)23274275,(04)23288582,2025,04,17,18,26,臺中市,西區,0,1,0,7,1,6,50,4,1,1,5,4,6,6,2,1,10,5,5,2,17,2,9,1,1,C03,7,9,1,10,2,12,,84,84,1,6,4,120.655632,24.154807,2
6359,66000,387130000C,(04)23274275,(04)23288582,2025,04,17,18,27,臺中市,東區,0,1,0,7,1,6,50,13,9,1,5,4,6,6,4,4,10,5,5,2,17,3,10,3,1,B03,7,3,1,8,2,4,,50,50,1,12,4,120.706203,24.137651,2
6360,66000,387130000C,(04)23274275,(04)23288582,2025,04,17,18,29,臺中市,大肚區,0,0,0,7,,,30,,,,,,,,,,,,,,17,,,,,B03,,,1,,10,,,87,87,1,6,4,120.575208,24.121575,3
6361,66000,387130000C,(04)23274275,(04)23288582,2025,04,17,18,31,臺中市,南屯區,0,1,0,7,2,6,50,13,9,1,5,4,6,6,4,4,1,4,5,2,17,2,9,2,1,C03,7,9,1,10,2,14,,42,42,1,12,4,120.646854,24.138384,2
6362,66000,387130000C,(04)23274275,(04)23288582,2025,04,17,18,35,臺中市,大雅區,0,1,0,7,1,6,50,13,9,1,5,4,6,6,4,4,8,5,5,2,17,2,9,1,1,C03,7,15,1,10,2,14,,84,84,1,13,4,120.634191,24.228124,2
6363,66000,387130000C,(04)23274275,(04)23288582,2025,04,17,18,35,臺中市,北區,0,1,0,7,1,6,50,4,1,1,5,4,6,6,1,1,10,5,5,2,16,3,10,1,1,C03,7,6,1,10,2,12,,20,20,1,12,4,120.673772,24.151691,2
6364,66000,387130000C,(04)23274275,(04)23288582,2025,04,17,18,35,臺中市,太平區,0,0,0,7,,,50,,,,,,,,,,,,,,16,,,,,B03,,,1,,2,,,14,14,1,12,4,120.717055,24.112532,3
6365,66000,387130000C,(04)23274275,(04)23288582,2025,04,17,18,35,臺中市,清水區,0,1,0,7,1,6,50,13,9,1,5,4,6,6,4,4,9,5,5,1,18,2,8,6,1,F01,7,9,7,21,2,15,,59,59,1,12,4,120.639649,24.27514,2
6366,66000,387130000C,(04)23274275,(04)23288582,2025,04,17,18,37,臺中市,西屯區,0,1,0,7,1,6,50,4,1,1,5,4,6,6,1,1,10,5,5,2,12,3,10,3,4,B03,7,5,1,8,2,2,,20,20,1,13,4,120.636945,24.181501,2
6367,66000,387130000C,(04)23274275,(04)23288582,2025,04,17,18,38,臺中市,南屯區,0,0,0,7,,,50,,,,,,,,,,,,,,,,,,,B03,,,1,,1,,,84,84,1,12,4,120.640502,24.151182,3
6368,66000,387130000C,(04)23274275,(04)23288582,2025,04,17,18,39,臺中市,潭子區,0,0,0,6,,,50,,,,,,,,,,,,,,,,,,,B12,,,1,,2,,,11,11,1,13,4,120.686781,24.210318,3
6369,66000,387130000C,(04)23274275,(04)23288582,2025,04,17,18,40,臺中市,南屯區,0,0,0,7,,,50,,,,,,,,,,,,,,,,,,,C03,,,1,,1,,,8,8,1,6,4,120.648968,24.139911,3
6370,66000,387130000C,(04)23274275,(04)23288582,2025,04,17,18,40,臺中市,太平區,0,0,0,7,,,50,,,,,,,,,,,,,,,,,,,C04,,,1,,2,,,84,84,1,12,4,120.722533,24.10367,3
6371,66000,387130000C,(04)23274275,(04)23288582,2025,04,17,18,41,臺中市,大雅區,0,0,0,7,,,40,,,,,,,,,,,,,,,,,,,B03,,,1,,1,,,39,39,1,12,4,120.650036,24.213089,3
6372,66000,387130000C,(04)23274275,(04)23288582,2025,04,17,18,43,臺中市,烏日區,0,1,0,7,1,6,50,13,9,1,5,4,6,6,4,4,5,4,5,2,13,2,9,1,1,C03,7,12,1,10,2,11,12,7,7,1,5,4,120.625943,24.111843,2
6373,66000,387130000C,(04)23274275,(04)23288582,2025,04,17,18,44,臺中市,清水區,0,0,0,7,,,30,,,,,,,,,,,,,,12,,,,,B03,,,1,,2,,,84,84,1,13,4,120.567647,24.264937,3