序號,縣市別代碼,機關代碼,市話,傳真,年,月,日,時,分,縣市,區,死亡數量,受傷數量,2-30,天候,道路照明設備,道路類別,道路速限,道路型態,事故位置,路面鋪裝,路面狀態,路面缺陷,障礙物,視距,號誌種類,號誌動作,分向設施,快車道或一般車道間,快慢車道間,路面邊線,事故類型及型態,受傷程度,主要傷處,保護裝備,行動電話或功能裝置,當事者區分（類別）,車輛用途,當事者行動狀態,駕照狀態,駕照種類,飲酒情形,車輛撞擊部位最初,車輛撞擊部位其他,肇事因素個別,肇事因素主要,肇事逃逸,職業,共享經濟或外送平台,GPS座標X,GPS座標Y,事故類別
6486,66000,387130000C,(04)23274275,(04)23288582,2025,04,18,7,37,臺中市,大里區,0,0,0,7,,,50,,,,,,,,,,,,,,,,,,,C03,,,2,,2,,,7,7,1,12,4,120.678734,24.099478,3
6487,66000,387130000C,(04)23274275,(04)23288582,2025,04,18,7,38,臺中市,霧峰區,0,0,0,7,,,40,,,,,,,,,,,,,,13,,,,,B03,,,1,,1,,,7,7,1,13,4,120.67102,24.042909,3
6488,66000,387130000C,(04)23274275,(04)23288582,2025,04,18,7,43,臺中市,西區,0,0,0,7,,,50,,,,,,,,,,,,,,,,,,,B03,,,1,,2,,,51,51,1,13,4,120.65512,24.1488,3
6489,66000,387130000C,(04)23274275,(04)23288582,2025,04,18,7,43,臺中市,沙鹿區,0,1,0,7,3,6,50,4,1,1,5,4,6,6,1,1,10,5,5,2,16,3,10,2,1,C03,7,5,1,10,2,13,,47,47,1,6,4,120.560836,24.241137,2
6490,66000,387130000C,(04)23274275,(04)23288582,2025,04,18,7,43,臺中市,豐原區,0,1,0,7,3,6,50,3,1,1,5,4,6,6,1,1,5,5,4,2,13,2,8,1,4,C03,7,9,1,10,2,11,,7,7,1,12,4,120.69895,24.246623,2
6491,66000,387130000C,(04)23274275,(04)23288582,2025,04,18,7,45,臺中市,潭子區,0,0,0,7,,,50,,,,,,,,,,,,,,14,,,,,B03,,,1,,2,,,49,49,1,13,4,120.714124,24.229447,3
6492,66000,387130000C,(04)23274275,(04)23288582,2025,04,18,7,48,臺中市,后里區,0,0,0,7,,,60,,,,,,,,,,,,,,13,,,,,B03,,,1,,1,,,7,7,1,6,4,120.722776,24.283903,4
6493,66000,387130000C,(04)23274275,(04)23288582,2025,04,18,7,49,臺中市,大甲區,0,2,0,7,3,6,50,4,1,1,5,4,6,6,1,1,10,5,5,2,17,2,9,5,4,C03,7,6,1,10,2,14,,11,11,1,6,4,120.646151,24.404363,2
6494,66000,387130000C,(04)23274275,(04)23288582,2025,04,18,7,50,臺中市,東區,0,2,0,7,1,6,50,4,1,1,5,4,6,6,1,1,10,4,5,2,13,2,9,1,1,C03,7,9,1,10,1,11,,84,84,1,12,4,120.699357,24.14797,2
6495,66000,387130000C,(04)23274275,(04)23288582,2025,04,18,7,50,臺中市,北屯區,0,1,0,7,3,6,50,4,1,1,5,4,6,6,4,4,10,5,5,2,16,3,10,3,1,B03,7,5,1,8,1,6,,47,47,1,6,4,120.680175,24.189007,2
6496,66000,387130000C,(04)23274275,(04)23288582,2025,04,18,7,50,臺中市,豐原區,0,2,0,7,2,6,50,4,1,1,5,4,6,6,1,1,1,2,4,1,13,2,9,1,1,C03,7,9,1,10,2,11,,84,84,1,12,4,120.720227,24.236722,2
6497,66000,387130000C,(04)23274275,(04)23288582,2025,04,18,7,51,臺中市,西屯區,0,0,0,7,,,50,,,,,,,,,,,,,,13,,,,,B03,,,1,,1,,,7,7,1,12,4,120.656972,24.200469,3
6498,66000,387130000C,(04)23274275,(04)23288582,2025,04,18,7,52,臺中市,北屯區,0,1,0,7,2,6,30,4,1,1,5,4,6,6,4,4,10,5,5,2,15,2,9,1,1,C03,7,9,1,10,2,12,,12,12,1,12,4,120.71581,24.17303,2
6499,66000,387130000C,(04)23274275,(04)23288582,2025,04,18,7,57,臺中市,中區,0,0,0,7,,,,,,,,,,,,,,,,,,,,,,,,,,,,,,119,119,1,,,120.682785,24.140783,3
6500,66000,387130000C,(04)23274275,(04)23288582,2025,04,18,7,58,臺中市,西屯區,0,1,0,7,2,6,40,3,1,1,5,4,6,6,1,1,9,4,4,2,16,3,10,3,1,B03,7,6,1,8,2,1,,11,11,1,12,4,120.647774,24.166957,2
6501,66000,387130000C,(04)23274275,(04)23288582,2025,04,18,7,59,臺中市,北區,0,0,0,7,,,40,,,,,,,,,,,,,,14,,,,,B03,,,1,,9,,,49,49,2,13,4,120.681515,24.159323,3
6502,66000,387130000C,(04)23274275,(04)23288582,2025,04,18,8,1,臺中市,潭子區,0,0,0,7,,,50,,,,,,,,,,,,,,,,,,,B12,,,1,,2,,,2,2,1,13,4,120.704907,24.200892,3
6503,66000,387130000C,(04)23274275,(04)23288582,2025,04,18,8,5,臺中市,西屯區,0,1,0,7,2,6,40,3,9,1,5,4,6,6,4,4,3,4,5,2,13,2,8,5,4,C03,7,9,1,10,2,12,,8,8,1,12,4,120.658022,24.195846,2
6504,66000,387130000C,(04)23274275,(04)23288582,2025,04,18,8,7,臺中市,大里區,0,0,0,7,,,80,,,,,,,,,,,,,,16,,,,,B03,,,1,,2,,,40,40,1,13,4,120.683002,24.085448,3
6505,66000,387130000C,(04)23274275,(04)23288582,2025,04,18,8,8,臺中市,南屯區,0,0,0,7,,,50,,,,,,,,,,,,,,,,,,,B01,,,1,,2,,,62,62,1,13,4,120.634483,24.153435,3
6506,66000,387130000C,(04)23274275,(04)23288582,2025,04,18,8,10,臺中市,西屯區,0,1,0,7,3,6,30,13,9,1,5,4,6,6,3,1,5,5,5,2,18,2,9,1,1,C03,7,9,1,10,2,12,,59,59,1,13,4,120.655098,24.17808,2
6507,66000,387130000C,(04)23274275,(04)23288582,2025,04,18,8,11,臺中市,大里區,0,2,0,7,2,6,50,4,3,1,5,4,6,6,1,1,10,5,5,1,13,2,9,1,1,C03,7,9,1,10,2,11,,7,7,1,12,4,120.696706,24.111166,2
6508,66000,387130000C,(04)23274275,(04)23288582,2025,04,18,8,12,臺中市,大雅區,0,1,0,7,1,6,50,4,1,1,5,4,6,6,1,1,5,5,5,1,17,3,10,3,1,B03,7,5,1,8,1,5,,11,11,1,13,4,120.655194,24.237111,2
6509,66000,387130000C,(04)23274275,(04)23288582,2025,04,18,8,13,臺中市,大雅區,0,0,0,7,,,30,,,,,,,,,,,,,,,,,,,A41,,,1,,2,,,45,45,1,13,4,120.63867,24.209147,3
6510,66000,387130000C,(04)23274275,(04)23288582,2025,04,18,8,14,臺中市,大里區,0,0,0,7,,,50,,,,,,,,,,,,,,11,,,,,B03,,,1,,2,,,8,8,1,13,4,120.704386,24.106841,3
6511,66000,387130000C,(04)23274275,(04)23288582,2025,04,18,8,17,臺中市,西屯區,0,0,0,7,,,50,,,,,,,,,,,,,,13,,,,,B03,,,1,,1,,,7,7,1,12,4,120.614287,24.186958,3
6512,66000,387130000C,(04)23274275,(04)23288582,2025,04,18,8,22,臺中市,西區,0,0,0,7,,,50,,,,,,,,,,,,,,,,,,,B01,,,1,,1,,,84,84,1,12,4,120.671936,24.131522,3
6513,66000,387130000C,(04)23274275,(04)23288582,2025,04,18,8,23,臺中市,太平區,0,0,0,7,,,50,,,,,,,,,,,,,,12,,,,,B03,,,1,,1,,,1,1,1,12,4,120.714424,24.140495,3
6514,66000,387130000C,(04)23274275,(04)23288582,2025,04,18,8,26,臺中市,西屯區,0,1,0,7,2,6,40,13,7,1,5,4,6,6,4,4,3,4,4,2,12,3,10,3,1,B03,7,1,1,8,1,4,,51,51,1,12,4,120.656251,24.176019,2
6515,66000,387130000C,(04)23274275,(04)23288582,2025,04,18,8,26,臺中市,西屯區,0,1,0,7,2,6,40,13,8,1,5,4,6,6,4,4,9,4,4,2,17,2,9,2,1,C03,7,7,3,19,2,11,,59,59,1,12,4,120.620948,24.165398,2
6516,66000,387130000C,(04)23274275,(04)23288582,2025,04,18,8,28,臺中市,西屯區,0,1,0,7,2,6,40,13,8,1,5,4,6,6,4,4,4,5,4,2,13,2,9,5,4,C03,7,9,1,10,2,11,,7,7,1,12,4,120.588796,24.174666,2
6517,66000,387130000C,(04)23274275,(04)23288582,2025,04,18,8,29,臺中市,北屯區,0,0,0,7,,,50,,,,,,,,,,,,,,,,,,,B03,,,1,,1,,,58,58,1,6,4,120.699372,24.175414,3
6518,66000,387130000C,(04)23274275,(04)23288582,2025,04,18,8,29,臺中市,烏日區,0,0,0,7,,,30,,,,,,,,,,,,,,14,,,,,B03,,,1,,1,,,49,49,1,12,4,120.640855,24.099575,3
6519,66000,387130000C,(04)23274275,(04)23288582,2025,04,18,8,31,臺中市,太平區,0,1,0,7,3,6,50,13,9,1,5,4,6,6,4,4,7,4,5,2,16,3,10,3,1,B12,7,5,1,8,2,2,,20,20,1,6,4,120.725411,24.108667,2
6520,66000,387130000C,(04)23274275,(04)23288582,2025,04,18,8,32,臺中市,北區,0,1,0,7,2,6,50,4,1,1,5,4,6,6,1,1,1,4,5,2,16,2,9,1,1,C03,7,6,1,10,9,14,,48,48,1,13,4,120.66922,24.164911,2
6521,66000,387130000C,(04)23274275,(04)23288582,2025,04,18,8,34,臺中市,北屯區,0,0,0,7,,,50,,,,,,,,,,,,,,,,,,,C03,,,1,,2,,,84,84,1,12,4,120.72727,24.160298,4
6522,66000,387130000C,(04)23274275,(04)23288582,2025,04,18,8,35,臺中市,龍井區,0,0,0,7,,,60,,,,,,,,,,,,,,12,,,,,A04,,,1,,1,,,8,8,1,6,4,120.581993,24.18776,3
6523,66000,387130000C,(04)23274275,(04)23288582,2025,04,18,8,36,臺中市,大里區,0,2,0,7,2,6,50,4,1,1,5,4,6,6,1,1,10,5,5,1,15,2,9,1,1,C03,7,9,1,10,2,12,,21,21,1,12,4,120.68883,24.119875,2
6524,66000,387130000C,(04)23274275,(04)23288582,2025,04,18,8,41,臺中市,潭子區,0,0,0,7,,,50,,,,,,,,,,,,,,25,,,,,A12,,,1,,9,,,8,8,1,13,4,120.707068,24.228181,3
6525,66000,387130000C,(04)23274275,(04)23288582,2025,04,18,8,42,臺中市,南屯區,0,1,0,7,2,6,50,4,1,1,5,4,6,6,2,1,8,3,4,1,13,2,8,1,1,C03,7,9,1,10,2,11,,7,7,1,12,4,120.640587,24.151303,2
6526,66000,387130000C,(04)23274275,(04)23288582,2025,04,18,8,43,臺中市,西區,0,0,0,7,2,6,30,3,1,1,5,4,6,6,4,4,10,5,5,2,16,,,,,B03,,,1,,1,,,47,47,1,13,4,120.664417,24.150086,3
6527,66000,387130000C,(04)23274275,(04)23288582,2025,04,18,8,45,臺中市,烏日區,0,1,0,7,2,6,40,13,7,1,5,4,6,6,4,4,5,4,4,2,17,3,10,3,1,B03,7,3,1,8,2,2,,50,50,1,6,4,120.607888,24.120167,2
6528,66000,387130000C,(04)23274275,(04)23288582,2025,04,18,8,47,臺中市,豐原區,0,0,0,7,,,60,,,,,,,,,,,,,,12,,,,,B03,,,1,,2,,,26,26,1,12,4,120.726478,24.238349,3
6529,66000,387130000C,(04)23274275,(04)23288582,2025,04,18,8,51,臺中市,大肚區,0,0,0,7,,,30,,,,,,,,,,,,,,,,,,,A12,,,1,,1,,,59,59,1,6,4,120.562809,24.127509,3
6530,66000,387130000C,(04)23274275,(04)23288582,2025,04,18,8,53,臺中市,西屯區,0,0,0,7,,,30,,,,,,,,,,,,,,12,,,,,C03,,,1,,1,,,8,8,1,13,4,120.650351,24.176591,3
6531,66000,387130000C,(04)23274275,(04)23288582,2025,04,18,8,55,臺中市,南區,0,1,0,7,3,6,50,4,1,1,5,4,6,6,4,4,10,5,5,2,16,3,10,3,1,B03,7,6,1,8,2,1,,14,14,1,6,4,120.668476,24.113854,2
6532,66000,387130000C,(04)23274275,(04)23288582,2025,04,18,8,59,臺中市,西屯區,0,0,0,7,,,60,,,,,,,,,,,,,,13,,,,,B03,,,1,,1,,,84,84,1,12,4,120.636104,24.1605,3
6533,66000,387130000C,(04)23274275,(04)23288582,2025,04,18,9,1,臺中市,大雅區,0,3,0,7,1,6,50,13,7,1,5,4,6,6,4,4,5,5,4,2,9,2,7,1,1,C04,7,9,1,10,2,15,12,85,85,1,13,4,120.653355,24.218647,2
6534,66000,387130000C,(04)23274275,(04)23288582,2025,04,18,9,4,臺中市,北區,0,0,0,7,,,50,,,,,,,,,,,,,,17,,,,,B12,,,1,,1,,,7,7,1,13,4,120.678833,24.152067,3
6535,66000,387130000C,(04)23274275,(04)23288582,2025,04,18,9,8,臺中市,東區,0,2,0,7,3,6,50,13,8,1,5,4,6,6,4,4,1,4,4,2,13,2,9,2,1,C03,7,9,1,10,2,11,,7,7,1,5,4,120.687069,24.130439,2
6536,66000,387130000C,(04)23274275,(04)23288582,2025,04,18,9,10,臺中市,北屯區,0,1,0,7,3,6,50,13,7,1,5,4,6,6,4,4,1,5,4,2,13,2,9,2,1,C03,7,9,1,10,2,11,,7,7,1,6,4,120.684933,24.169052,2
6537,66000,387130000C,(04)23274275,(04)23288582,2025,04,18,9,12,臺中市,潭子區,0,2,0,7,2,6,50,4,1,1,5,4,6,6,2,1,4,5,5,2,11,2,7,1,1,C03,7,1,1,10,2,12,,84,84,1,13,4,120.710903,24.21312,2
6538,66000,387130000C,(04)23274275,(04)23288582,2025,04,18,9,12,臺中市,東區,0,1,0,7,3,6,50,13,9,1,5,4,6,6,4,4,5,5,5,2,17,2,9,2,1,C03,7,9,1,10,2,11,,59,59,1,13,4,120.700912,24.145479,2
6539,66000,387130000C,(04)23274275,(04)23288582,2025,04,18,9,15,臺中市,霧峰區,0,0,0,7,,,40,,,,,,,,,,,,,,13,,,,,B03,,,1,,1,,,7,7,1,6,4,120.684995,24.075295,3
6540,66000,387130000C,(04)23274275,(04)23288582,2025,04,18,9,15,臺中市,后里區,0,0,0,7,,,40,,,,,,,,,,,,,,11,,,,,B12,,,1,,1,,,71,71,1,6,4,120.672708,24.304015,3
6541,66000,387130000C,(04)23274275,(04)23288582,2025,04,18,9,19,臺中市,大里區,0,0,0,7,,,30,,,,,,,,,,,,,,17,,,,,A41,,,1,,2,,,84,84,1,6,4,120.71372,24.099771,3
6542,66000,387130000C,(04)23274275,(04)23288582,2025,04,18,9,20,臺中市,龍井區,0,0,0,7,,,50,,,,,,,,,,,,,,,,,,,B03,,,1,,1,,,41,41,1,12,4,120.519341,24.212332,3
6543,66000,387130000C,(04)23274275,(04)23288582,2025,04,18,9,24,臺中市,西屯區,0,1,0,7,2,6,40,4,1,1,5,4,6,6,1,1,10,4,4,2,12,2,7,2,1,C03,7,9,1,10,2,11,,7,7,1,12,4,120.668672,24.178276,2
6544,66000,387130000C,(04)23274275,(04)23288582,2025,04,18,9,25,臺中市,石岡區,0,2,0,7,2,6,40,3,1,1,5,4,6,6,1,1,10,5,5,1,15,2,9,1,1,F03,7,1,7,21,2,14,,51,51,1,12,4,120.789615,24.273701,2
6545,66000,387130000C,(04)23274275,(04)23288582,2025,04,18,9,26,臺中市,大肚區,0,1,0,6,2,6,50,4,1,1,5,4,6,6,2,1,10,5,5,2,18,2,9,2,1,C03,7,9,1,10,2,14,,54,54,1,6,4,120.544333,24.154326,2
6546,66000,387130000C,(04)23274275,(04)23288582,2025,04,18,9,28,臺中市,太平區,0,1,0,7,3,6,50,13,8,1,5,4,6,6,4,4,5,2,5,1,16,3,10,3,1,B12,7,6,1,8,2,6,,39,39,1,6,4,120.712448,24.157608,2
6547,66000,387130000C,(04)23274275,(04)23288582,2025,04,18,9,32,臺中市,西區,0,1,0,7,3,6,40,3,1,1,5,4,6,6,4,4,10,5,5,2,17,2,9,1,1,F03,7,6,7,21,2,14,,48,48,1,13,4,120.673013,24.141229,2
6548,66000,387130000C,(04)23274275,(04)23288582,2025,04,18,9,34,臺中市,西屯區,0,0,0,7,,,50,,,,,,,,,,,,,,13,,,,,B03,,,1,,1,,,7,7,1,12,4,120.638052,24.180762,3
6549,66000,387130000C,(04)23274275,(04)23288582,2025,04,18,9,45,臺中市,太平區,0,1,0,7,3,6,50,13,7,1,5,4,6,6,4,4,5,4,4,1,16,2,9,1,1,C03,7,8,1,10,9,11,14,40,40,1,12,4,120.713916,24.145285,2
6550,66000,387130000C,(04)23274275,(04)23288582,2025,04,18,9,46,臺中市,南區,0,1,0,7,1,6,50,4,1,1,5,4,6,6,1,1,10,5,5,2,17,3,10,3,1,B03,7,6,1,8,2,6,,11,11,1,12,4,120.6685,24.129403,2
6551,66000,387130000C,(04)23274275,(04)23288582,2025,04,18,9,46,臺中市,沙鹿區,0,1,0,7,2,6,60,13,9,1,5,4,6,6,4,4,1,4,5,2,13,3,10,3,1,A31,7,9,1,1,2,1,,7,7,1,6,4,120.587916,24.250141,2
6552,66000,387130000C,(04)23274275,(04)23288582,2025,04,18,9,48,臺中市,北屯區,0,0,0,7,,,50,,,,,,,,,,,,,,17,,,,,B03,,,1,,2,,,40,40,1,12,4,120.685983,24.185036,3
6553,66000,387130000C,(04)23274275,(04)23288582,2025,04,18,9,48,臺中市,北屯區,0,1,0,7,2,6,50,13,9,1,5,4,6,6,4,4,1,4,5,2,17,3,10,3,1,B03,7,9,1,8,2,15,,8,8,1,12,4,120.695109,24.171205,2
6554,66000,387130000C,(04)23274275,(04)23288582,2025,04,18,9,51,臺中市,南屯區,0,0,0,7,3,6,50,13,9,1,5,4,6,6,1,1,5,4,5,2,12,,,,,B03,,,1,,1,,,8,8,1,12,4,120.649838,24.151192,3
6555,66000,387130000C,(04)23274275,(04)23288582,2025,04,18,9,52,臺中市,潭子區,0,0,0,6,,,50,,,,,,,,,,,,,,,,,,,B03,,,1,,2,,,8,8,1,13,4,120.699746,24.199172,3
6556,66000,387130000C,(04)23274275,(04)23288582,2025,04,18,9,54,臺中市,豐原區,0,1,0,7,2,6,50,4,1,1,5,4,6,6,1,1,5,4,4,2,12,3,10,1,1,C03,7,9,1,10,2,11,,8,8,1,12,4,120.720379,24.264272,2
6557,66000,387130000C,(04)23274275,(04)23288582,2025,04,18,9,57,臺中市,大里區,0,1,0,7,2,6,50,4,1,1,5,4,6,6,1,1,10,5,5,2,15,3,10,3,1,B12,7,9,1,8,2,5,,21,21,1,12,4,120.710882,24.090936,2
6558,66000,387130000C,(04)23274275,(04)23288582,2025,04,18,9,57,臺中市,豐原區,0,1,0,7,3,6,50,3,1,1,5,4,6,6,3,1,5,5,4,2,17,3,10,5,4,B03,7,6,1,8,2,8,,84,84,1,12,4,120.719045,24.257351,2
6559,66000,387130000C,(04)23274275,(04)23288582,2025,04,18,10,2,臺中市,北屯區,0,1,0,7,2,6,50,13,7,1,5,4,6,6,2,1,5,5,4,2,12,2,9,2,1,C04,7,9,1,11,2,14,,8,8,1,12,4,120.690354,24.175458,2
6560,66000,387130000C,(04)23274275,(04)23288582,2025,04,18,10,2,臺中市,北屯區,0,1,0,7,2,6,50,3,2,1,5,4,6,6,2,1,10,5,5,2,17,3,10,3,1,A11,7,7,1,3,3,7,,35,35,1,6,4,120.699122,24.176113,2
6561,66000,387130000C,(04)23274275,(04)23288582,2025,04,18,10,8,臺中市,太平區,0,0,0,7,,,50,,,,,,,,,,,,,,14,,,,,B03,,,1,,1,,,49,49,1,12,4,120.714681,24.157963,3
6562,66000,387130000C,(04)23274275,(04)23288582,2025,04,18,10,12,臺中市,西區,0,0,0,7,,,50,,,,,,,,,,,,,,,,,,,B01,,,1,,2,,,84,84,1,13,4,120.669266,24.151218,3
6563,66000,387130000C,(04)23274275,(04)23288582,2025,04,18,10,18,臺中市,沙鹿區,0,1,0,7,2,6,30,13,9,1,5,4,6,6,4,4,5,5,4,2,18,2,9,1,1,F01,7,9,7,21,2,12,,59,59,1,13,4,120.570995,24.242157,2
6564,66000,387130000C,(04)23274275,(04)23288582,2025,04,18,10,19,臺中市,后里區,0,1,0,7,2,6,50,3,1,1,5,4,1,6,1,1,1,4,5,1,16,2,9,2,1,C03,7,6,1,10,2,14,,25,25,1,12,4,120.722341,24.303049,2
6565,66000,387130000C,(04)23274275,(04)23288582,2025,04,18,10,22,臺中市,南屯區,0,1,0,7,2,6,50,4,1,1,5,4,6,6,2,1,10,5,5,2,17,3,10,3,1,B03,7,11,1,8,1,16,,45,45,1,6,4,120.653003,24.136701,2
6566,66000,387130000C,(04)23274275,(04)23288582,2025,04,18,10,22,臺中市,梧棲區,0,0,0,7,,,40,,,,,,,,,,,,,,16,,,,,B03,,,1,,1,,,7,7,1,6,4,120.537078,24.251185,4
6567,66000,387130000C,(04)23274275,(04)23288582,2025,04,18,10,24,臺中市,北區,0,0,0,7,,,50,,,,,,,,,,,,,,35,,,,,B03,,,1,,2,,,59,59,1,13,4,120.692551,24.16019,3
6568,66000,387130000C,(04)23274275,(04)23288582,2025,04,18,10,24,臺中市,北區,0,0,0,7,3,9,50,13,7,1,5,4,6,6,4,,5,5,4,2,17,,,,,B03,,,1,,1,,,59,59,1,13,4,120.68193,24.159277,3
6569,66000,387130000C,(04)23274275,(04)23288582,2025,04,18,10,26,臺中市,西區,0,0,0,7,,,50,,,,,,,,,,,,,,,,,,,H03,,,7,,10,,,115,115,1,6,5,120.660951,24.159175,3
6570,66000,387130000C,(04)23274275,(04)23288582,2025,04,18,10,30,臺中市,豐原區,0,0,0,7,,,50,,,,,,,,,,,,,,14,,,,,B03,,,1,,1,,,49,49,1,12,4,120.743903,24.246335,3
6571,66000,387130000C,(04)23274275,(04)23288582,2025,04,18,10,34,臺中市,北屯區,0,1,0,7,2,6,50,13,9,1,5,4,6,6,4,4,1,4,5,1,13,3,10,1,1,C03,7,9,1,10,2,11,,84,84,1,12,4,120.685776,24.179356,2
6572,66000,387130000C,(04)23274275,(04)23288582,2025,04,18,10,38,臺中市,西屯區,0,0,0,7,,,50,,,,,,,,,,,,,,12,,,,,B03,,,1,,1,,,39,39,1,12,4,120.640835,24.165076,3
6573,66000,387130000C,(04)23274275,(04)23288582,2025,04,18,10,39,臺中市,西屯區,0,1,0,7,2,6,40,4,2,1,5,4,6,6,2,1,9,4,4,2,16,3,10,3,1,B03,7,11,3,19,2,8,,45,45,1,12,4,120.649675,24.158077,2
6574,66000,387130000C,(04)23274275,(04)23288582,2025,04,18,10,48,臺中市,太平區,0,1,0,7,3,6,30,13,9,1,5,4,6,6,4,4,10,5,5,2,11,3,10,3,1,B03,7,9,1,8,2,8,,41,41,1,6,4,120.798898,24.120732,2
6575,66000,387130000C,(04)23274275,(04)23288582,2025,04,18,10,51,臺中市,潭子區,0,0,0,7,,,40,,,,,,,,,,,,,,12,,,,,B03,,,1,,2,,,40,40,1,13,4,120.702037,24.200944,3
6576,66000,387130000C,(04)23274275,(04)23288582,2025,04,18,10,54,臺中市,西區,0,1,0,7,3,6,50,4,1,1,5,4,6,6,2,1,10,5,5,2,17,3,10,3,1,B03,7,5,1,8,2,2,,84,84,1,13,4,120.657396,24.149954,2
6577,66000,387130000C,(04)23274275,(04)23288582,2025,04,18,10,56,臺中市,烏日區,0,0,0,7,,,30,,,,,,,,,,,,,,,,,,,,,,,,,,,15,15,1,,,120.634872,24.074458,3
6578,66000,387130000C,(04)23274275,(04)23288582,2025,04,18,11,0,臺中市,西屯區,0,1,0,7,2,6,40,13,8,1,5,4,6,6,4,4,9,5,5,2,12,2,9,2,1,C03,7,8,1,10,2,14,,40,40,1,12,4,120.637282,24.170901,2
6579,66000,387130000C,(04)23274275,(04)23288582,2025,04,18,11,0,臺中市,烏日區,0,0,0,7,,,60,,,,,,,,,,,,,,13,,,,,B12,,,1,,1,,,84,84,1,6,4,120.653314,24.089932,3
6580,66000,387130000C,(04)23274275,(04)23288582,2025,04,18,11,1,臺中市,潭子區,0,0,0,7,,,50,,,,,,,,,,,,,,14,,,,,B03,,,1,,2,,,50,50,1,12,4,120.701651,24.215954,3
6581,66000,387130000C,(04)23274275,(04)23288582,2025,04,18,11,2,臺中市,北區,0,0,0,7,,,40,,,,,,,,,,,,,,17,,,,,B03,,,1,,9,,,8,8,2,13,4,120.665171,24.154042,3
6582,66000,387130000C,(04)23274275,(04)23288582,2025,04,18,11,3,臺中市,大甲區,0,0,0,7,,,50,,,,,,,,,,,,,,13,,,,,B12,,,1,,1,,,50,50,1,6,4,120.655505,24.403823,3
6583,66000,387130000C,(04)23274275,(04)23288582,2025,04,18,11,4,臺中市,沙鹿區,0,1,0,7,3,6,50,3,1,1,5,4,6,6,4,4,5,4,4,2,16,2,9,1,1,C03,7,6,1,10,2,14,,11,11,1,12,4,120.560953,24.241587,2
6584,66000,387130000C,(04)23274275,(04)23288582,2025,04,18,11,12,臺中市,烏日區,0,0,0,7,,,50,,,,,,,,,,,,,,,,,,,A11,,,1,,2,,,8,8,1,6,4,120.647646,24.054065,3
6585,66000,387130000C,(04)23274275,(04)23288582,2025,04,18,11,16,臺中市,龍井區,0,0,0,7,,,60,,,,,,,,,,,,,,13,,,,,A12,,,1,,1,,,7,7,1,6,4,120.573431,24.185513,3
6586,66000,387130000C,(04)23274275,(04)23288582,2025,04,18,11,16,臺中市,神岡區,0,0,0,7,1,6,30,4,2,1,5,4,6,6,4,4,10,5,5,2,12,,,,,B12,,,1,,2,,,68,68,1,12,4,120.650365,24.274953,3
6587,66000,387130000C,(04)23274275,(04)23288582,2025,04,18,11,17,臺中市,大里區,0,3,0,7,2,6,50,5,1,1,5,4,6,6,1,1,10,5,5,2,16,2,9,2,1,C03,7,6,1,10,2,12,,48,48,1,13,4,120.695442,24.096756,2
6588,66000,387130000C,(04)23274275,(04)23288582,2025,04,18,11,19,臺中市,神岡區,0,1,0,7,3,6,50,4,1,1,5,4,6,6,2,1,5,4,4,2,16,3,10,3,1,B12,7,5,1,8,2,5,,11,11,1,13,4,120.699422,24.264062,2
6589,66000,387130000C,(04)23274275,(04)23288582,2025,04,18,11,20,臺中市,北屯區,0,1,0,7,3,6,50,13,7,1,5,4,6,6,4,4,5,5,4,2,12,3,10,3,1,B13,7,4,1,8,2,5,,84,84,1,6,4,120.724607,24.174984,2
6590,66000,387130000C,(04)23274275,(04)23288582,2025,04,18,11,20,臺中市,西屯區,0,0,0,7,,,50,,,,,,,,,,,,,,13,,,,,B03,,,1,,1,,,7,7,1,12,4,120.656109,24.169599,3
6591,66000,387130000C,(04)23274275,(04)23288582,2025,04,18,11,22,臺中市,西區,0,0,0,7,,,50,,,,,,,,,,,,,,17,,,,,A11,,,1,,1,,,84,84,1,12,4,120.660321,24.158527,3
6592,66000,387130000C,(04)23274275,(04)23288582,2025,04,18,11,23,臺中市,北區,0,1,0,7,2,6,50,13,9,1,5,4,6,6,4,4,8,3,5,1,12,3,10,2,1,C03,7,9,1,10,2,12,,8,8,1,13,4,120.671519,24.172433,2
6593,66000,387130000C,(04)23274275,(04)23288582,2025,04,18,11,23,臺中市,豐原區,0,1,0,7,2,6,50,13,8,1,5,4,6,6,4,4,1,4,4,1,13,2,9,1,1,C03,7,9,1,10,2,11,,7,7,1,12,4,120.710876,24.237831,2
6594,66000,387130000C,(04)23274275,(04)23288582,2025,04,18,11,27,臺中市,西區,0,0,0,7,,,50,,,,,,,,,,,,,,,,,,,C03,,,1,,9,,,24,24,1,13,4,120.671619,24.138241,3
6595,66000,387130000C,(04)23274275,(04)23288582,2025,04,18,11,27,臺中市,北屯區,0,1,0,7,2,6,50,4,1,1,5,4,6,6,1,1,10,5,5,2,17,3,10,1,1,C03,7,5,1,10,2,12,,26,26,1,12,4,120.690994,24.171429,2
6596,66000,387130000C,(04)23274275,(04)23288582,2025,04,18,11,27,臺中市,霧峰區,0,1,0,7,3,6,40,4,1,1,5,4,6,6,4,4,10,5,4,1,13,2,9,1,3,C03,7,9,1,10,2,11,,58,58,1,12,4,120.69891,24.066065,2