序號,縣市別代碼,機關代碼,市話,傳真,年,月,日,時,分,縣市,區,死亡數量,受傷數量,2-30,天候,道路照明設備,道路類別,道路速限,道路型態,事故位置,路面鋪裝,路面狀態,路面缺陷,障礙物,視距,號誌種類,號誌動作,分向設施,快車道或一般車道間,快慢車道間,路面邊線,事故類型及型態,受傷程度,主要傷處,保護裝備,行動電話或功能裝置,當事者區分（類別）,車輛用途,當事者行動狀態,駕照狀態,駕照種類,飲酒情形,車輛撞擊部位最初,車輛撞擊部位其他,肇事因素個別,肇事因素主要,肇事逃逸,職業,共享經濟或外送平台,GPS座標X,GPS座標Y,事故類別
7041,66000,387130000C,(04)23274275,(04)23288582,2025,04,19,13,30,臺中市,烏日區,0,0,0,7,,,30,,,,,,,,,,,,,,,,,,,F01,,,7,,2,,,84,84,1,3,4,120.639041,24.108246,3
7042,66000,387130000C,(04)23274275,(04)23288582,2025,04,19,13,39,臺中市,西區,0,0,0,7,,,50,,,,,,,,,,,,,,,,,,,B03,,,1,,2,,,84,84,1,13,4,120.654769,24.146634,3
7043,66000,387130000C,(04)23274275,(04)23288582,2025,04,19,13,40,臺中市,南屯區,0,1,0,7,2,6,10,13,9,5,5,4,6,6,4,4,10,5,5,2,17,2,8,1,1,C03,7,3,1,10,9,14,,50,50,1,12,4,120.646463,24.140212,2
7044,66000,387130000C,(04)23274275,(04)23288582,2025,04,19,13,40,臺中市,太平區,0,1,0,7,2,6,50,13,7,1,5,4,5,6,4,4,9,4,4,1,17,3,10,3,1,B03,7,9,1,8,2,2,,8,8,1,12,4,120.733801,24.120697,2
7045,66000,387130000C,(04)23274275,(04)23288582,2025,04,19,13,42,臺中市,西屯區,0,2,0,7,3,6,50,3,1,1,5,4,6,6,4,4,8,4,4,1,17,2,9,5,4,C03,7,7,1,10,1,13,,40,40,1,13,4,120.649356,24.175396,2
7046,66000,387130000C,(04)23274275,(04)23288582,2025,04,19,13,45,臺中市,南區,0,0,0,7,,,50,,,,,,,,,,,,,,,,,,,B03,,,1,,2,,,50,50,1,13,4,120.665054,24.119267,3
7047,66000,387130000C,(04)23274275,(04)23288582,2025,04,19,13,48,臺中市,西區,0,1,0,7,3,6,50,5,1,1,5,4,6,6,1,1,10,5,5,2,16,2,8,1,1,C03,7,9,1,10,2,11,,21,21,1,6,4,120.680059,24.134971,2
7048,66000,387130000C,(04)23274275,(04)23288582,2025,04,19,13,48,臺中市,大里區,0,1,0,7,2,6,40,13,7,1,5,4,6,6,4,4,5,5,4,2,17,3,10,3,1,B03,7,13,1,8,2,8,,76,76,1,12,4,120.691433,24.112195,2
7049,66000,387130000C,(04)23274275,(04)23288582,2025,04,19,13,51,臺中市,西屯區,0,1,0,7,2,6,50,13,7,1,5,4,6,6,4,4,1,4,4,2,12,2,9,2,1,C03,7,12,1,10,2,14,,7,7,1,12,4,120.653349,24.203672,2
7050,66000,387130000C,(04)23274275,(04)23288582,2025,04,19,13,52,臺中市,后里區,0,0,0,7,,,50,,,,,,,,,,,,,,12,,,,,A21,,,1,,1,,,8,8,2,12,4,120.724816,24.321794,3
7051,66000,387130000C,(04)23274275,(04)23288582,2025,04,19,13,55,臺中市,北屯區,0,0,0,7,,,50,,,,,,,,,,,,,,,,,,,B12,,,1,,1,,,7,7,1,6,4,120.700388,24.170266,3
7052,66000,387130000C,(04)23274275,(04)23288582,2025,04,19,14,0,臺中市,烏日區,0,0,0,7,,,30,,,,,,,,,,,,,,9,,,,,A12,,,1,,2,,,8,8,1,6,4,120.643414,24.075606,3
7053,66000,387130000C,(04)23274275,(04)23288582,2025,04,19,14,1,臺中市,西區,0,1,0,7,2,6,50,4,1,1,5,4,6,6,2,1,10,5,5,2,15,3,10,5,1,B03,7,9,1,8,2,8,,21,21,1,6,4,120.657261,24.139286,2
7054,66000,387130000C,(04)23274275,(04)23288582,2025,04,19,14,5,臺中市,太平區,0,1,0,7,2,6,50,3,1,1,5,4,6,6,4,4,10,5,5,2,16,2,9,1,1,C03,7,4,1,10,2,14,,1,1,1,12,4,120.728078,24.125565,2
7055,66000,387130000C,(04)23274275,(04)23288582,2025,04,19,14,15,臺中市,南屯區,0,0,0,7,,,50,,,,,,,,,,,,,,16,,,,,B01,,,1,,1,,,11,11,1,12,4,120.653038,24.135749,3
7056,66000,387130000C,(04)23274275,(04)23288582,2025,04,19,14,17,臺中市,北區,0,1,0,7,2,6,50,4,1,1,5,4,6,6,1,1,10,5,5,2,16,3,10,5,4,C03,7,6,1,10,2,12,,11,11,1,13,4,120.684202,24.143674,2
7057,66000,387130000C,(04)23274275,(04)23288582,2025,04,19,14,25,臺中市,南屯區,0,1,0,7,3,6,50,13,9,1,5,4,6,6,4,4,9,5,5,2,12,2,9,1,1,C03,7,9,1,10,2,12,,59,59,1,12,4,120.643922,24.130015,2
7058,66000,387130000C,(04)23274275,(04)23288582,2025,04,19,14,28,臺中市,西屯區,0,1,0,6,2,6,50,13,9,1,5,4,6,6,4,4,9,4,5,1,12,2,8,1,1,C03,7,9,1,10,2,12,,8,8,1,12,4,120.620777,24.188676,2
7059,66000,387130000C,(04)23274275,(04)23288582,2025,04,19,14,29,臺中市,西區,0,1,0,7,2,6,50,4,19,1,5,4,6,6,1,1,10,5,5,2,3,3,10,1,1,C03,7,9,1,10,2,12,,10,10,1,13,4,120.656751,24.146718,2
7060,66000,387130000C,(04)23274275,(04)23288582,2025,04,19,14,31,臺中市,北屯區,0,1,0,7,1,6,50,4,2,1,5,4,6,6,1,1,5,4,5,2,13,2,9,1,1,F03,7,9,7,21,9,11,,84,84,1,13,4,120.696877,24.167439,2
7061,66000,387130000C,(04)23274275,(04)23288582,2025,04,19,14,36,臺中市,南屯區,0,1,0,7,1,6,50,4,1,1,5,4,6,6,1,1,10,5,5,2,17,3,10,3,1,B03,7,15,5,19,2,6,,25,25,1,12,4,120.623076,24.145012,2
7062,66000,387130000C,(04)23274275,(04)23288582,2025,04,19,14,38,臺中市,南屯區,0,0,0,7,,,50,,,,,,,,,,,,,,,,,,,B03,,,1,,2,,,8,8,1,12,4,120.648543,24.154041,3
7063,66000,387130000C,(04)23274275,(04)23288582,2025,04,19,14,40,臺中市,西屯區,0,2,0,7,2,6,40,13,7,1,5,4,6,6,4,4,9,5,4,2,17,3,10,5,4,B03,7,1,1,8,2,8,,51,51,1,12,4,120.643813,24.178587,2
7064,66000,387130000C,(04)23274275,(04)23288582,2025,04,19,15,8,臺中市,大里區,0,1,0,7,2,6,30,3,1,1,5,4,6,6,4,4,10,5,5,2,17,3,10,1,1,C03,7,1,1,10,2,14,,51,51,1,12,4,120.6896,24.108786,2
7065,66000,387130000C,(04)23274275,(04)23288582,2025,04,19,15,15,臺中市,大雅區,0,1,0,7,3,6,50,3,2,1,5,4,6,6,4,4,9,4,5,1,16,2,9,2,1,F03,7,1,7,21,2,12,,51,51,1,13,4,120.657591,24.245496,2
7066,66000,387130000C,(04)23274275,(04)23288582,2025,04,19,15,16,臺中市,新社區,0,0,0,7,,,30,,,,,,,,,,,,,,,,,,,B03,,,1,,1,,,8,8,1,12,4,120.830963,24.155772,3
7067,66000,387130000C,(04)23274275,(04)23288582,2025,04,19,15,21,臺中市,北屯區,0,0,0,7,,,50,,,,,,,,,,,,,,12,,,,,B03,,,1,,2,,,8,8,1,13,4,120.666363,24.181617,3
7068,66000,387130000C,(04)23274275,(04)23288582,2025,04,19,15,21,臺中市,西屯區,0,0,0,7,,,50,,,,,,,,,,,,,,14,,,,,B03,,,1,,9,,,50,50,1,12,4,120.642576,24.160187,3
7069,66000,387130000C,(04)23274275,(04)23288582,2025,04,19,15,23,臺中市,西屯區,0,0,0,7,,,0,,,,,,,,,,,,,,17,,,,,C03,,,1,,11,,,39,39,1,13,4,120.649933,24.163668,3
7070,66000,387130000C,(04)23274275,(04)23288582,2025,04,19,15,23,臺中市,西屯區,0,1,0,7,2,6,50,4,9,1,5,4,6,6,1,1,5,4,5,2,13,3,10,5,4,B03,7,9,3,19,2,1,,7,7,1,12,4,120.629539,24.183759,2
7071,66000,387130000C,(04)23274275,(04)23288582,2025,04,19,15,29,臺中市,西屯區,0,2,0,7,2,6,50,3,2,1,5,4,6,6,4,4,10,5,5,2,12,2,7,5,4,C03,7,9,1,10,2,14,,8,8,1,12,4,120.637598,24.170507,2
7072,66000,387130000C,(04)23274275,(04)23288582,2025,04,19,15,30,臺中市,西屯區,0,0,0,7,,,50,,,,,,,,,,,,,,,,,,,A12,,,1,,2,,,50,50,1,12,4,120.64285,24.17679,3
7073,66000,387130000C,(04)23274275,(04)23288582,2025,04,19,15,34,臺中市,北區,0,0,0,7,,,50,,,,,,,,,,,,,,,,,,,B03,,,1,,1,,,40,40,1,12,4,120.68546,24.156468,3
7074,66000,387130000C,(04)23274275,(04)23288582,2025,04,19,15,41,臺中市,西區,0,1,0,7,2,6,50,13,9,1,5,4,6,6,4,4,5,5,5,2,17,3,10,5,1,B03,7,13,1,8,2,4,,76,76,1,6,4,120.663027,24.145386,2
7075,66000,387130000C,(04)23274275,(04)23288582,2025,04,19,15,41,臺中市,西屯區,0,2,0,7,2,6,50,4,1,1,5,4,6,6,4,4,10,5,5,2,10,2,9,1,4,C03,7,9,1,10,1,11,,39,39,1,13,4,120.590189,24.177365,2
7076,66000,387130000C,(04)23274275,(04)23288582,2025,04,19,15,41,臺中市,大肚區,0,1,0,7,2,6,50,11,9,1,5,4,6,6,4,4,4,5,5,2,18,2,9,2,1,C03,7,9,1,10,2,12,,59,59,1,5,4,120.552967,24.159607,2
7077,66000,387130000C,(04)23274275,(04)23288582,2025,04,19,15,43,臺中市,北區,0,0,0,7,,,50,,,,,,,,,,,,,,13,,,,,B03,,,1,,1,,,35,35,1,13,4,120.676986,24.165672,3
7078,66000,387130000C,(04)23274275,(04)23288582,2025,04,19,15,45,臺中市,太平區,0,1,0,7,2,6,30,11,9,1,5,4,6,6,4,4,5,5,5,1,18,2,9,5,4,C03,7,9,1,10,2,16,,5,5,1,4,4,120.815845,24.092656,2
7079,66000,387130000C,(04)23274275,(04)23288582,2025,04,19,15,47,臺中市,西屯區,0,0,0,7,,,50,,,,,,,,,,,,,,13,,,,,B03,,,1,,2,,,55,55,1,13,4,120.639961,24.174057,3
7080,66000,387130000C,(04)23274275,(04)23288582,2025,04,19,15,50,臺中市,南屯區,0,1,0,7,3,6,40,13,7,1,5,4,6,6,4,4,9,5,4,2,12,3,10,3,1,B03,7,11,1,8,1,4,,45,45,1,12,4,120.63213,24.152149,2
7081,66000,387130000C,(04)23274275,(04)23288582,2025,04,19,15,50,臺中市,沙鹿區,0,2,0,7,2,6,40,3,1,1,5,4,6,6,1,1,3,4,4,2,17,2,9,1,1,C03,7,1,1,10,2,14,,51,51,1,13,4,120.567926,24.226376,2
7082,66000,387130000C,(04)23274275,(04)23288582,2025,04,19,15,51,臺中市,石岡區,0,1,0,7,2,6,50,5,1,1,5,4,6,6,4,4,10,5,5,2,3,2,8,6,5,H04,8,20,7,21,10,17,,98,98,1,12,5,120.778167,24.275938,2
7083,66000,387130000C,(04)23274275,(04)23288582,2025,04,19,15,55,臺中市,西屯區,0,0,0,7,,,50,,,,,,,,,,,,,,16,,,,,B03,,,1,,1,,,14,14,1,12,4,120.651812,24.197794,3
7084,66000,387130000C,(04)23274275,(04)23288582,2025,04,19,16,5,臺中市,太平區,0,0,0,7,,,40,,,,,,,,,,,,,,14,,,,,B03,,,1,,2,,,84,84,1,6,4,120.723689,24.133889,3
7085,66000,387130000C,(04)23274275,(04)23288582,2025,04,19,16,10,臺中市,西區,0,0,0,7,,,0,,,,,,,,,,,,,,,,,,,C03,,,1,,2,,,84,84,1,6,4,120.664319,24.146524,3
7086,66000,387130000C,(04)23274275,(04)23288582,2025,04,19,16,14,臺中市,北區,0,2,0,7,3,6,50,3,1,1,5,4,6,6,4,4,5,4,5,2,17,3,10,3,1,B03,7,1,1,8,2,1,,51,51,1,12,4,120.68822,24.151349,2
7087,66000,387130000C,(04)23274275,(04)23288582,2025,04,19,16,16,臺中市,西區,0,2,0,7,2,6,40,13,8,1,5,4,6,6,4,4,1,4,1,2,12,3,10,5,1,B03,7,8,1,8,2,8,,40,40,1,6,4,120.661799,24.15531,2
7088,66000,387130000C,(04)23274275,(04)23288582,2025,04,19,16,19,臺中市,北區,0,0,0,7,,,50,,,,,,,,,,,,,,17,,,,,B03,,,1,,2,,,58,58,1,13,4,120.682378,24.163945,3
7089,66000,387130000C,(04)23274275,(04)23288582,2025,04,19,16,20,臺中市,北區,0,1,0,7,2,6,50,4,1,1,5,4,6,6,1,1,10,5,5,2,16,3,10,3,1,B03,7,5,1,8,2,5,,11,11,1,12,4,120.669009,24.155357,2
7090,66000,387130000C,(04)23274275,(04)23288582,2025,04,19,16,21,臺中市,潭子區,0,0,0,7,,,30,,,,,,,,,,,,,,,,,,,B03,,,1,,2,,,51,51,1,13,4,120.704606,24.196874,3
7091,66000,387130000C,(04)23274275,(04)23288582,2025,04,19,16,23,臺中市,北屯區,0,1,0,7,2,6,40,3,2,1,5,4,6,6,4,4,1,4,4,2,16,3,10,1,1,C03,7,5,1,10,2,13,,85,85,1,6,4,120.690096,24.163019,2
7092,66000,387130000C,(04)23274275,(04)23288582,2025,04,19,16,25,臺中市,南區,0,0,0,7,,,30,,,,,,,,,,,,,,27,,,,,B03,,,1,,2,,,84,84,1,13,4,120.661383,24.124018,3
7093,66000,387130000C,(04)23274275,(04)23288582,2025,04,19,16,31,臺中市,北屯區,0,0,0,7,,,50,,,,,,,,,,,,,,,,,,,B03,,,1,,2,,,45,45,1,13,4,120.687031,24.18554,3
7094,66000,387130000C,(04)23274275,(04)23288582,2025,04,19,16,32,臺中市,西屯區,0,0,0,7,,,50,,,,,,,,,,,,,,13,,,,,C03,,,1,,1,,,59,59,1,12,4,120.644988,24.18043,3
7095,66000,387130000C,(04)23274275,(04)23288582,2025,04,19,16,34,臺中市,北區,0,2,0,7,3,6,50,13,9,1,5,4,6,6,4,4,1,4,4,2,17,2,7,1,1,C03,7,9,1,10,2,11,,7,7,1,12,4,120.68723,24.146317,2
7096,66000,387130000C,(04)23274275,(04)23288582,2025,04,19,16,35,臺中市,北區,0,0,0,7,,,40,,,,,,,,,,,,,,17,,,,,,,,,,,,,119,119,1,,,120.664552,24.157136,3
7097,66000,387130000C,(04)23274275,(04)23288582,2025,04,19,16,38,臺中市,大雅區,0,1,0,7,3,6,50,4,1,1,5,4,6,6,1,1,10,5,5,2,17,3,10,3,1,B03,7,5,1,8,2,2,,11,11,1,12,4,120.647311,24.213017,2
7098,66000,387130000C,(04)23274275,(04)23288582,2025,04,19,16,38,臺中市,南區,0,0,0,7,,,50,,,,,,,,,,,,,,13,,,,,B03,,,1,,2,,,7,7,1,13,4,120.659721,24.13323,3
7099,66000,387130000C,(04)23274275,(04)23288582,2025,04,19,16,42,臺中市,西屯區,0,1,0,7,2,6,40,3,1,1,5,4,6,6,1,1,1,4,1,2,16,2,9,2,1,C03,7,9,1,10,2,14,,7,7,1,12,2,120.638861,24.168859,2
7100,66000,387130000C,(04)23274275,(04)23288582,2025,04,19,16,43,臺中市,東區,0,0,0,7,,,50,,,,,,,,,,,,,,12,,,,,B03,,,1,,2,,,84,84,1,12,4,120.692572,24.138786,3
7101,66000,387130000C,(04)23274275,(04)23288582,2025,04,19,16,43,臺中市,太平區,0,0,0,7,,,50,,,,,,,,,,,,,,,,,,,C03,,,1,,2,,,84,84,1,12,4,120.712507,24.125703,3
7102,66000,387130000C,(04)23274275,(04)23288582,2025,04,19,16,44,臺中市,南區,0,2,0,7,3,6,50,13,9,1,5,4,6,6,4,4,1,4,5,2,16,3,10,3,1,B03,7,5,1,8,2,5,,47,47,1,12,4,120.669668,24.127456,2
7103,66000,387130000C,(04)23274275,(04)23288582,2025,04,19,16,47,臺中市,南屯區,0,0,0,7,3,6,40,13,8,1,5,4,6,6,4,4,5,5,4,2,12,,,,,B03,,,1,,2,,,50,50,1,12,4,120.641363,24.132079,3
7104,66000,387130000C,(04)23274275,(04)23288582,2025,04,19,16,50,臺中市,清水區,0,1,0,7,3,6,40,5,1,1,5,4,6,6,3,1,1,4,4,2,16,2,9,1,1,F01,7,11,7,21,2,14,,45,45,1,12,4,120.551797,24.280685,2
7105,66000,387130000C,(04)23274275,(04)23288582,2025,04,19,16,55,臺中市,大雅區,0,0,0,7,,,50,,,,,,,,,,,,,,,,,,,C03,,,1,,1,,,84,84,1,13,4,120.646807,24.226125,3
7106,66000,387130000C,(04)23274275,(04)23288582,2025,04,19,16,58,臺中市,西區,0,1,0,7,3,6,50,4,1,1,5,4,6,6,4,4,10,5,5,2,15,2,9,1,1,C03,7,9,3,19,2,11,,15,15,1,12,4,120.655674,24.135828,2
7107,66000,387130000C,(04)23274275,(04)23288582,2025,04,19,17,0,臺中市,西區,0,2,0,7,3,6,50,4,1,1,5,4,6,6,4,4,10,5,5,2,15,3,10,3,1,B03,7,9,1,8,2,1,,15,15,1,12,4,120.660207,24.152541,2
7108,66000,387130000C,(04)23274275,(04)23288582,2025,04,19,17,2,臺中市,北屯區,0,1,0,7,2,6,50,13,9,1,5,4,6,6,4,4,4,3,5,2,12,2,7,2,1,C03,7,9,1,10,1,14,,42,42,1,13,4,120.688642,24.181564,2
7109,66000,387130000C,(04)23274275,(04)23288582,2025,04,19,17,2,臺中市,沙鹿區,0,0,0,7,,,50,,,,,,,,,,,,,,13,,,,,B03,,,1,,1,,,84,84,1,13,4,120.564368,24.244545,3
7110,66000,387130000C,(04)23274275,(04)23288582,2025,04,19,17,4,臺中市,大雅區,0,1,0,7,3,6,30,4,1,1,5,4,6,6,4,4,9,4,5,2,16,3,10,3,1,B03,7,6,1,8,2,8,,14,14,1,13,4,120.652237,24.223863,2
7111,66000,387130000C,(04)23274275,(04)23288582,2025,04,19,17,8,臺中市,北屯區,0,1,0,7,2,6,50,3,1,1,5,4,6,6,4,4,10,5,5,2,17,3,10,5,4,C03,7,1,5,19,2,16,,51,51,1,12,4,120.664289,24.184036,2
7112,66000,387130000C,(04)23274275,(04)23288582,2025,04,19,17,8,臺中市,龍井區,0,1,0,7,2,6,40,4,1,1,5,4,6,6,2,1,10,5,5,2,16,2,8,1,1,C03,7,9,1,10,2,14,,7,7,1,6,4,120.585585,24.185998,2
7113,66000,387130000C,(04)23274275,(04)23288582,2025,04,19,17,8,臺中市,大甲區,0,1,0,7,3,9,50,13,9,1,5,4,6,6,4,4,9,5,5,2,17,3,10,5,4,B03,7,11,1,8,2,8,,45,45,1,6,4,120.627346,24.353809,2
7114,66000,387130000C,(04)23274275,(04)23288582,2025,04,19,17,12,臺中市,南區,0,0,0,7,,,50,,,,,,,,,,,,,,,,,,,B03,,,1,,1,,,7,7,1,12,4,120.660774,24.132675,3
7115,66000,387130000C,(04)23274275,(04)23288582,2025,04,19,17,12,臺中市,大里區,0,3,0,7,2,6,30,4,1,1,5,4,6,6,4,4,5,5,5,1,15,2,9,2,1,C03,7,9,1,10,2,12,,12,12,1,13,4,120.699608,24.096429,2
7116,66000,387130000C,(04)23274275,(04)23288582,2025,04,19,17,14,臺中市,梧棲區,0,1,0,7,3,6,50,13,9,1,5,4,6,6,4,4,5,5,5,2,18,2,9,1,1,F01,7,9,7,21,1,16,,87,87,1,3,4,120.540499,24.25329,2
7117,66000,387130000C,(04)23274275,(04)23288582,2025,04,19,17,16,臺中市,豐原區,0,0,0,7,,,50,,,,,,,,,,,,,,12,,,,,B03,,,1,,2,,,84,84,1,12,4,120.734338,24.24082,3
7118,66000,387130000C,(04)23274275,(04)23288582,2025,04,19,17,16,臺中市,神岡區,0,0,0,7,,,30,,,,,,,,,,,,,,16,,,,,B03,,,1,,2,,,24,24,1,13,4,120.682401,24.27137,3
7119,66000,387130000C,(04)23274275,(04)23288582,2025,04,19,17,20,臺中市,西屯區,0,1,0,7,2,6,50,3,1,1,5,4,6,6,4,4,1,4,5,2,18,2,9,1,4,C03,7,9,1,10,2,11,,84,84,1,13,4,120.623657,24.173683,2
7120,66000,387130000C,(04)23274275,(04)23288582,2025,04,19,17,21,臺中市,清水區,0,0,0,7,,,50,,,,,,,,,,,,,,17,,,,,B03,,,1,,9,,,49,49,1,12,4,120.560984,24.275595,3
7121,66000,387130000C,(04)23274275,(04)23288582,2025,04,19,17,22,臺中市,北屯區,0,1,0,7,3,6,50,3,1,1,5,4,6,6,1,1,10,5,5,2,13,3,10,2,1,C03,7,9,1,10,2,11,,59,59,1,13,4,120.68348,24.201308,2
7122,66000,387130000C,(04)23274275,(04)23288582,2025,04,19,17,22,臺中市,大安區,0,1,0,7,3,6,50,4,1,1,5,4,6,6,1,1,5,5,5,1,16,3,10,3,1,B12,7,6,1,8,2,6,,11,11,1,6,4,120.584239,24.350077,2
7123,66000,387130000C,(04)23274275,(04)23288582,2025,04,19,17,26,臺中市,西區,0,1,0,7,3,6,50,13,7,1,5,4,6,6,4,4,1,4,4,2,13,3,10,3,1,B03,7,9,1,8,1,1,,84,84,1,6,4,120.660978,24.158539,2
7124,66000,387130000C,(04)23274275,(04)23288582,2025,04,19,17,27,臺中市,南屯區,0,0,0,7,,,50,,,,,,,,,,,,,,,,,,,B03,,,1,,2,,,8,8,1,13,4,120.616779,24.153664,3
7125,66000,387130000C,(04)23274275,(04)23288582,2025,04,19,17,30,臺中市,東區,0,1,0,7,2,6,50,13,7,1,5,4,6,6,4,4,9,5,4,2,12,2,9,2,1,C03,7,4,1,10,2,12,,85,85,1,13,4,120.704311,24.133362,2
7126,66000,387130000C,(04)23274275,(04)23288582,2025,04,19,17,30,臺中市,后里區,0,0,0,7,,,50,,,,,,,,,,,,,,27,,,,,A41,,,1,,2,,,45,45,1,6,4,120.70791,24.311188,4
7127,66000,387130000C,(04)23274275,(04)23288582,2025,04,19,17,30,臺中市,神岡區,0,1,0,7,2,6,30,3,1,1,5,4,6,6,4,4,10,5,5,1,17,2,9,2,1,C03,7,6,1,10,2,14,,14,14,1,6,4,120.703544,24.270846,2
7128,66000,387130000C,(04)23274275,(04)23288582,2025,04,19,17,35,臺中市,北區,0,2,0,7,1,6,50,13,7,1,5,4,6,6,4,4,9,5,4,2,13,2,9,1,1,C03,7,9,1,10,2,11,,7,7,1,12,4,120.672366,24.171746,2
7129,66000,387130000C,(04)23274275,(04)23288582,2025,04,19,17,36,臺中市,梧棲區,0,1,0,7,3,6,40,3,1,1,5,4,6,6,4,4,1,4,4,1,16,3,10,3,1,B03,7,5,1,8,2,4,,18,18,1,6,4,120.537108,24.251201,2
7130,66000,387130000C,(04)23274275,(04)23288582,2025,04,19,17,40,臺中市,北屯區,0,0,0,7,,,50,,,,,,,,,,,,,,17,,,,,C03,,,1,10,9,,,84,84,1,12,4,120.687171,24.186431,3
7131,66000,387130000C,(04)23274275,(04)23288582,2025,04,19,17,42,臺中市,豐原區,0,0,0,7,2,6,50,13,9,1,5,4,6,6,4,4,1,2,5,1,12,3,10,3,1,B03,7,9,1,8,2,5,,84,84,1,12,4,120.730009,24.254743,3
7132,66000,387130000C,(04)23274275,(04)23288582,2025,04,19,17,43,臺中市,西屯區,0,2,0,7,2,6,40,3,1,1,5,4,6,6,2,1,1,3,1,2,17,2,9,5,4,C03,7,9,1,10,2,12,,21,21,1,13,4,120.616384,24.18236,2
7133,66000,387130000C,(04)23274275,(04)23288582,2025,04,19,17,44,臺中市,西屯區,0,0,0,7,,,40,,,,,,,,,,,,,,13,,,,,C03,,,1,,1,,,7,7,1,12,4,120.648581,24.173618,3
7134,66000,387130000C,(04)23274275,(04)23288582,2025,04,19,17,46,臺中市,東區,0,0,0,7,,,50,,,,,,,,,,,,,,17,,,,,B03,,,1,,11,,,84,84,2,12,4,120.684669,24.135211,3
7135,66000,387130000C,(04)23274275,(04)23288582,2025,04,19,17,47,臺中市,北區,0,0,0,7,,,30,,,,,,,,,,,,,,17,,,,,B03,,,1,,1,,,51,51,1,13,4,120.679438,24.168209,3
7136,66000,387130000C,(04)23274275,(04)23288582,2025,04,19,17,48,臺中市,南屯區,0,1,0,7,3,6,50,4,1,1,5,4,6,6,1,1,10,5,5,2,17,2,9,2,1,C03,7,6,1,10,2,11,,7,7,1,12,4,120.64121,24.134938,2
7137,66000,387130000C,(04)23274275,(04)23288582,2025,04,19,17,50,臺中市,太平區,0,0,0,7,,,40,,,,,,,,,,,,,,12,,,,,B03,,,1,,2,,,51,51,1,6,4,120.713912,24.126289,3
7138,66000,387130000C,(04)23274275,(04)23288582,2025,04,19,17,55,臺中市,西屯區,0,0,0,7,,,50,,,,,,,,,,,,,,17,,,,,B02,,,1,,2,,,55,55,1,12,4,120.619797,24.182659,3
7139,66000,387130000C,(04)23274275,(04)23288582,2025,04,19,17,59,臺中市,北屯區,0,1,0,7,2,6,50,4,1,1,5,4,6,6,2,1,10,5,5,2,16,3,10,5,4,B03,7,6,1,8,2,1,,11,11,1,12,4,120.690464,24.190526,2
7140,66000,387130000C,(04)23274275,(04)23288582,2025,04,19,17,59,臺中市,大里區,0,0,0,7,2,6,50,3,2,1,5,4,6,6,1,1,5,4,5,2,13,,,,,B03,,,1,,2,,,7,7,1,13,4,120.695631,24.111118,3
7141,66000,387130000C,(04)23274275,(04)23288582,2025,04,19,18,2,臺中市,豐原區,0,2,0,7,2,6,50,3,1,1,5,4,6,6,1,1,10,5,5,2,16,2,9,4,1,F01,7,6,7,21,2,11,,48,48,1,13,4,120.726384,24.242426,2
7142,66000,387130000C,(04)23274275,(04)23288582,2025,04,19,18,3,臺中市,清水區,0,0,0,7,,,50,,,,,,,,,,,,,,,,,,,B03,,,1,,1,,,49,49,1,12,4,120.566945,24.275028,3
7143,66000,387130000C,(04)23274275,(04)23288582,2025,04,19,18,5,臺中市,東區,0,1,0,7,3,6,50,4,1,1,5,4,6,6,1,1,10,5,5,2,18,2,9,2,1,C03,7,9,1,10,2,16,,84,84,1,12,4,120.699208,24.129633,2
7144,66000,387130000C,(04)23274275,(04)23288582,2025,04,19,18,11,臺中市,南區,0,1,0,7,1,6,50,4,1,1,5,4,6,6,2,1,10,5,5,2,12,3,10,3,1,B02,7,9,1,8,2,5,,8,8,1,12,4,120.658228,24.117583,2
7145,66000,387130000C,(04)23274275,(04)23288582,2025,04,19,18,12,臺中市,南屯區,0,0,0,7,,,50,,,,,,,,,,,,,,17,,,,,B03,,,1,,1,,,84,84,1,13,4,120.63822,24.141128,3
7146,66000,387130000C,(04)23274275,(04)23288582,2025,04,19,18,19,臺中市,東勢區,0,0,0,7,,,30,,,,,,,,,,,,,,14,,,,,B03,,,1,,1,,,85,85,1,12,4,120.831459,24.256218,3
7147,66000,387130000C,(04)23274275,(04)23288582,2025,04,19,18,20,臺中市,東區,0,0,0,7,,,50,,,,,,,,,,,,,,12,,,,,B03,,,1,,2,,,87,87,1,13,4,120.683076,24.134487,3
7148,66000,387130000C,(04)23274275,(04)23288582,2025,04,19,18,21,臺中市,豐原區,0,0,0,7,,,50,,,,,,,,,,,,,,13,,,,,B03,,,1,,2,,,84,84,1,6,4,120.721834,24.23927,3
7149,66000,387130000C,(04)23274275,(04)23288582,2025,04,19,18,23,臺中市,豐原區,0,0,0,7,,,50,,,,,,,,,,,,,,17,,,,,B03,,,1,,2,,,8,8,1,12,4,120.706599,24.24373,3
7150,66000,387130000C,(04)23274275,(04)23288582,2025,04,19,18,25,臺中市,豐原區,0,0,0,7,1,6,50,4,7,1,5,4,6,6,2,4,1,2,4,1,12,3,10,3,1,B03,7,9,1,8,2,6,,8,8,1,12,4,120.735898,24.260827,3