序號,縣市別代碼,機關代碼,市話,傳真,年,月,日,時,分,縣市,區,死亡數量,受傷數量,2-30,天候,道路照明設備,道路類別,道路速限,道路型態,事故位置,路面鋪裝,路面狀態,路面缺陷,障礙物,視距,號誌種類,號誌動作,分向設施,快車道或一般車道間,快慢車道間,路面邊線,事故類型及型態,受傷程度,主要傷處,保護裝備,行動電話或功能裝置,當事者區分（類別）,車輛用途,當事者行動狀態,駕照狀態,駕照種類,飲酒情形,車輛撞擊部位最初,車輛撞擊部位其他,肇事因素個別,肇事因素主要,肇事逃逸,職業,共享經濟或外送平台,GPS座標X,GPS座標Y,事故類別
7151,66000,387130000C,(04)23274275,(04)23288582,2025,04,19,18,29,臺中市,東區,0,1,0,7,1,6,50,5,1,1,5,4,6,6,2,1,5,4,5,2,12,3,10,3,1,B03,7,5,1,8,2,2,,14,14,1,13,4,120.693452,24.133073,2
7152,66000,387130000C,(04)23274275,(04)23288582,2025,04,19,18,34,臺中市,北屯區,0,1,0,7,1,6,30,3,1,1,5,4,6,6,4,4,10,5,5,2,14,3,10,3,1,B03,7,2,1,8,2,3,,49,49,1,12,4,120.699102,24.161202,2
7153,66000,387130000C,(04)23274275,(04)23288582,2025,04,19,18,42,臺中市,中區,0,0,0,7,,,50,,,,,,,,,,,,,,14,,,,,B03,,,1,,1,,,49,49,1,12,4,120.682858,24.136676,3
7154,66000,387130000C,(04)23274275,(04)23288582,2025,04,19,18,42,臺中市,西屯區,0,0,0,7,,,50,,,,,,,,,,,,,,13,,,,,B03,,,1,,1,,,84,84,1,12,4,120.64683,24.164474,3
7155,66000,387130000C,(04)23274275,(04)23288582,2025,04,19,18,51,臺中市,北區,0,1,0,7,1,6,50,13,9,1,5,4,6,6,4,4,5,5,5,2,2,3,10,2,1,C03,7,15,1,9,9,12,,39,39,1,12,4,120.685614,24.148112,2
7156,66000,387130000C,(04)23274275,(04)23288582,2025,04,19,18,58,臺中市,西屯區,0,0,0,7,,,50,,,,,,,,,,,,,,13,,,,,B02,,,1,,1,,,58,58,1,13,4,120.643357,24.159742,3
7157,66000,387130000C,(04)23274275,(04)23288582,2025,04,19,18,59,臺中市,神岡區,0,0,0,7,,,40,,,,,,,,,,,,,,17,,,,,,,,,,,,,86,86,1,,,120.659812,24.259097,3
7158,66000,387130000C,(04)23274275,(04)23288582,2025,04,19,19,0,臺中市,南區,0,1,0,7,1,6,50,4,1,1,5,4,6,6,1,1,10,5,5,2,16,3,10,6,1,F01,7,6,7,21,2,14,,11,11,1,13,4,120.681098,24.122357,2
7159,66000,387130000C,(04)23274275,(04)23288582,2025,04,19,19,5,臺中市,太平區,0,1,0,7,1,6,50,13,9,1,5,4,6,6,4,4,9,4,5,1,17,2,9,2,1,C03,7,9,1,10,2,14,,7,7,1,12,2,120.706878,24.11197,2
7160,66000,387130000C,(04)23274275,(04)23288582,2025,04,19,19,9,臺中市,大雅區,0,1,0,7,1,6,50,13,9,1,5,4,6,6,4,4,5,4,5,1,17,2,9,2,1,C03,7,9,1,10,2,12,,8,8,1,12,4,120.656144,24.230311,2
7161,66000,387130000C,(04)23274275,(04)23288582,2025,04,19,19,12,臺中市,大雅區,0,0,0,7,,,50,,,,,,,,,,,,,,,,,,,B03,,,1,,1,,,4,4,1,13,4,120.654546,24.21907,3
7162,66000,387130000C,(04)23274275,(04)23288582,2025,04,19,19,16,臺中市,后里區,0,0,0,7,,,50,,,,,,,,,,,,,,13,,,,,B03,,,1,,2,,,84,84,1,12,4,120.701669,24.324456,3
7163,66000,387130000C,(04)23274275,(04)23288582,2025,04,19,19,22,臺中市,東區,0,1,0,7,1,6,50,4,2,1,5,4,6,6,1,1,9,4,4,2,17,3,10,3,1,B03,7,5,1,8,2,6,,11,11,1,13,4,120.695607,24.141115,2
7164,66000,387130000C,(04)23274275,(04)23288582,2025,04,19,19,24,臺中市,東區,0,1,0,7,1,6,50,4,1,1,5,4,6,6,2,1,10,5,5,2,16,3,10,3,1,B03,7,5,1,8,2,2,,47,47,1,12,4,120.69252,24.148085,2
7165,66000,387130000C,(04)23274275,(04)23288582,2025,04,19,19,30,臺中市,東區,0,0,0,7,,,50,,,,,,,,,,,,,,17,,,,,B03,,,1,,11,,,84,84,2,12,4,120.687002,24.131658,3
7166,66000,387130000C,(04)23274275,(04)23288582,2025,04,19,19,30,臺中市,南屯區,0,0,0,7,3,6,50,13,9,1,5,4,6,6,4,4,9,4,5,2,14,,,,,B03,,,1,,9,,,49,49,2,12,4,120.645039,24.137553,3
7167,66000,387130000C,(04)23274275,(04)23288582,2025,04,19,19,31,臺中市,大肚區,0,1,0,7,1,6,50,13,7,1,5,4,6,6,3,1,10,5,5,2,17,2,9,2,1,C03,7,11,1,10,7,14,,45,45,1,6,4,120.568227,24.121929,2
7168,66000,387130000C,(04)23274275,(04)23288582,2025,04,19,19,32,臺中市,東區,0,1,0,7,1,6,50,4,1,1,5,4,6,6,2,1,5,4,5,2,13,3,10,3,1,B11,7,9,1,8,2,1,,84,84,1,13,4,120.687749,24.131982,2
7169,66000,387130000C,(04)23274275,(04)23288582,2025,04,19,19,33,臺中市,東區,0,0,0,7,,,50,,,,,,,,,,,,,,14,,,,,B03,,,1,,1,,,49,49,1,12,4,120.704681,24.136611,3
7170,66000,387130000C,(04)23274275,(04)23288582,2025,04,19,19,33,臺中市,太平區,0,2,0,7,1,6,50,13,9,1,5,4,6,6,4,4,10,5,5,1,13,2,9,1,1,C03,7,9,1,10,2,11,,7,7,1,6,4,120.733615,24.143315,2
7171,66000,387130000C,(04)23274275,(04)23288582,2025,04,19,19,36,臺中市,豐原區,0,0,0,7,1,6,50,13,14,1,5,4,6,6,4,4,1,4,5,1,12,,,,,,,,,,,,,8,8,1,,,120.721932,24.273233,3
7172,66000,387130000C,(04)23274275,(04)23288582,2025,04,19,19,37,臺中市,豐原區,0,7,0,7,1,6,50,4,1,1,5,4,6,6,2,1,1,2,4,1,16,2,8,3,1,B03,7,6,3,19,2,5,,25,25,1,12,4,120.728558,24.251077,2
7173,66000,387130000C,(04)23274275,(04)23288582,2025,04,19,19,39,臺中市,東勢區,0,2,0,7,1,6,50,3,1,1,5,4,6,6,4,4,10,5,5,2,28,,,,,,,,,,,,,119,119,1,,,120.853748,24.23681,2
7174,66000,387130000C,(04)23274275,(04)23288582,2025,04,19,19,40,臺中市,大雅區,0,3,0,7,1,6,30,4,1,1,5,4,6,6,4,4,10,5,5,1,15,2,9,3,1,B03,7,9,1,8,2,5,,85,85,1,12,4,120.66159,24.226524,2
7175,66000,387130000C,(04)23274275,(04)23288582,2025,04,19,19,40,臺中市,南屯區,0,0,0,7,,,,,,,,,,,,,,,,,30,,,,,,,,,,,,,119,119,1,,4,120.63234,24.136456,3
7176,66000,387130000C,(04)23274275,(04)23288582,2025,04,19,19,41,臺中市,豐原區,0,0,0,7,,,50,,,,,,,,,,,,,,13,,,,,C03,,,1,,2,,,59,59,1,12,4,120.752769,24.271876,3
7177,66000,387130000C,(04)23274275,(04)23288582,2025,04,19,19,42,臺中市,西屯區,0,0,0,7,,,50,,,,,,,,,,,,,,13,,,,,B03,,,1,,1,,,59,59,1,13,4,120.65169,24.189413,3
7178,66000,387130000C,(04)23274275,(04)23288582,2025,04,19,19,44,臺中市,大甲區,0,2,0,7,1,6,30,3,1,1,5,4,6,6,4,4,10,5,5,2,16,2,8,1,1,C03,7,6,1,10,2,11,,14,14,1,6,4,120.62162,24.339449,2
7179,66000,387130000C,(04)23274275,(04)23288582,2025,04,19,19,46,臺中市,大雅區,0,2,0,7,1,6,30,13,9,1,5,4,6,6,4,4,10,5,5,1,16,3,10,2,1,C03,7,1,1,10,2,11,,51,51,1,13,4,120.66398,24.224144,2
7180,66000,387130000C,(04)23274275,(04)23288582,2025,04,19,19,47,臺中市,西屯區,0,0,0,7,,,50,,,,,,,,,,,,,,13,,,,,B03,,,1,,1,,,82,82,1,12,4,120.614878,24.186674,3
7181,66000,387130000C,(04)23274275,(04)23288582,2025,04,19,19,47,臺中市,梧棲區,0,0,0,7,,,50,,,,,,,,,,,,,,14,,,,,B03,,,1,,1,,,49,49,1,6,4,120.546317,24.24457,3
7182,66000,387130000C,(04)23274275,(04)23288582,2025,04,19,19,49,臺中市,西區,0,0,0,7,,,50,,,,,,,,,,,,,,,,,,,C03,,,1,,1,,,50,50,1,6,4,120.65497,24.15244,3
7183,66000,387130000C,(04)23274275,(04)23288582,2025,04,19,19,55,臺中市,豐原區,0,1,0,7,1,6,50,13,9,1,5,4,6,6,4,4,1,4,4,2,18,2,7,1,1,C03,7,9,5,19,8,14,,84,84,1,12,4,120.729576,24.275721,2
7184,66000,387130000C,(04)23274275,(04)23288582,2025,04,19,20,0,臺中市,豐原區,0,1,0,7,1,6,50,3,1,1,5,4,6,6,1,1,10,5,5,2,16,3,10,1,1,C03,7,11,1,10,2,11,,85,85,1,12,4,120.711124,24.239464,2
7185,66000,387130000C,(04)23274275,(04)23288582,2025,04,19,20,3,臺中市,梧棲區,0,0,0,7,1,6,50,13,14,1,5,4,6,6,4,4,1,4,5,1,13,3,10,3,1,B03,7,9,1,8,8,5,,59,59,1,6,4,120.560159,24.256174,3
7186,66000,387130000C,(04)23274275,(04)23288582,2025,04,19,20,4,臺中市,西屯區,0,0,0,7,,,50,,,,,,,,,,,,,,13,,,,,B03,,,1,,1,,,84,84,1,12,4,120.648894,24.193986,3
7187,66000,387130000C,(04)23274275,(04)23288582,2025,04,19,20,5,臺中市,北區,0,0,0,7,1,6,50,4,9,1,5,4,6,6,4,4,10,5,5,2,15,,,,,C03,,,3,,3,,,15,15,1,12,4,120.679216,24.16036,3
7188,66000,387130000C,(04)23274275,(04)23288582,2025,04,19,20,5,臺中市,太平區,0,0,0,7,,,50,,,,,,,,,,,,,,,,,,,B03,,,1,,2,,,24,24,1,12,4,120.720796,24.104673,3
7189,66000,387130000C,(04)23274275,(04)23288582,2025,04,19,20,18,臺中市,神岡區,0,1,0,6,1,6,30,4,1,1,5,4,6,6,4,4,10,5,5,1,17,2,9,2,1,C03,7,9,1,10,2,11,,15,15,1,6,4,120.651719,24.275538,2
7190,66000,387130000C,(04)23274275,(04)23288582,2025,04,19,20,25,臺中市,大甲區,0,1,0,7,1,6,50,5,1,1,5,4,6,6,1,1,10,5,5,2,13,2,9,1,1,C03,7,9,1,10,2,11,,7,7,1,12,4,120.621993,24.344104,2
7191,66000,387130000C,(04)23274275,(04)23288582,2025,04,19,20,30,臺中市,南區,0,0,0,7,,,50,,,,,,,,,,,,,,25,,,,,B03,,,1,,1,,,84,84,1,13,4,120.670449,24.115353,3
7192,66000,387130000C,(04)23274275,(04)23288582,2025,04,19,20,45,臺中市,大里區,0,0,0,7,,,50,,,,,,,,,,,,,,17,,,,,B03,,,1,,2,,,84,84,1,12,4,120.683773,24.111978,3
7193,66000,387130000C,(04)23274275,(04)23288582,2025,04,19,21,7,臺中市,沙鹿區,0,1,0,6,1,6,40,4,2,1,5,4,6,6,1,1,3,3,3,1,17,2,9,5,4,C03,7,9,1,10,2,11,,59,59,1,13,4,120.574242,24.230092,2
7194,66000,387130000C,(04)23274275,(04)23288582,2025,04,19,21,10,臺中市,霧峰區,0,1,0,7,1,6,30,11,9,1,5,4,6,6,4,4,10,5,5,1,11,2,8,2,1,F03,7,9,7,21,2,12,,84,84,1,13,4,120.681753,24.06243,2
7195,66000,387130000C,(04)23274275,(04)23288582,2025,04,19,21,17,臺中市,北屯區,0,1,0,7,1,6,50,3,1,1,5,4,6,6,4,4,10,5,5,2,18,2,9,2,1,C01,7,5,1,9,9,12,,59,59,1,13,4,120.702429,24.164764,2
7196,66000,387130000C,(04)23274275,(04)23288582,2025,04,19,21,19,臺中市,南區,0,2,0,7,1,6,50,3,1,1,5,4,6,6,1,3,10,5,5,2,13,2,9,2,1,C03,7,9,1,10,2,11,,84,84,1,12,4,120.655095,24.123656,2
7197,66000,387130000C,(04)23274275,(04)23288582,2025,04,19,21,20,臺中市,西屯區,0,1,0,7,1,6,50,3,1,1,5,4,6,6,4,4,10,5,5,2,17,2,9,1,4,C03,7,9,1,10,2,14,,58,58,1,13,4,120.645024,24.166685,2
7198,66000,387130000C,(04)23274275,(04)23288582,2025,04,19,21,22,臺中市,北屯區,0,1,0,7,1,6,50,4,1,1,5,4,6,6,4,4,10,5,5,2,16,3,10,3,1,A12,7,6,1,7,2,8,,84,84,1,12,4,120.725163,24.163455,2
7199,66000,387130000C,(04)23274275,(04)23288582,2025,04,19,21,25,臺中市,南屯區,0,0,0,7,,,50,,,,,,,,,,,,,,,,,,,B03,,,1,,1,,,8,8,1,6,4,120.647006,24.151785,3
7200,66000,387130000C,(04)23274275,(04)23288582,2025,04,19,21,25,臺中市,南屯區,0,1,0,7,1,6,50,4,1,1,5,4,6,6,2,1,5,5,5,2,16,2,7,2,1,C03,7,6,1,10,2,14,,23,23,1,12,4,120.654577,24.136692,2
7201,66000,387130000C,(04)23274275,(04)23288582,2025,04,19,21,31,臺中市,南區,0,0,0,7,,,50,,,,,,,,,,,,,,,,,,,B03,,,1,,9,,,49,49,1,12,4,120.666098,24.120741,3
7202,66000,387130000C,(04)23274275,(04)23288582,2025,04,19,21,33,臺中市,北屯區,0,1,0,7,1,6,50,4,2,1,5,4,6,6,2,1,5,2,5,2,13,3,10,5,4,C03,7,9,1,10,2,11,,58,58,1,12,4,120.673343,24.190375,2
7203,66000,387130000C,(04)23274275,(04)23288582,2025,04,19,21,40,臺中市,大里區,0,0,0,7,1,6,30,3,1,1,5,4,6,6,4,4,10,5,5,2,25,,,,,B02,,,1,,2,,,84,84,1,13,4,120.689156,24.113925,3
7204,66000,387130000C,(04)23274275,(04)23288582,2025,04,19,21,43,臺中市,沙鹿區,0,1,0,7,1,6,50,13,9,1,5,4,6,6,4,4,9,5,5,2,17,2,9,1,1,C03,7,1,1,10,2,12,,51,51,1,12,4,120.577771,24.222723,2
7205,66000,387130000C,(04)23274275,(04)23288582,2025,04,19,21,50,臺中市,大甲區,0,1,0,7,1,6,50,4,1,1,5,4,6,6,1,1,10,5,5,2,17,2,9,1,1,C03,7,9,1,10,2,11,,59,59,1,6,4,120.624804,24.35216,2
7206,66000,387130000C,(04)23274275,(04)23288582,2025,04,19,22,3,臺中市,潭子區,0,0,0,7,,,30,,,,,,,,,,,,,,,,,,,B03,,,1,,2,,,41,41,1,12,4,120.707697,24.199418,3
7207,66000,387130000C,(04)23274275,(04)23288582,2025,04,19,22,4,臺中市,后里區,0,1,0,7,1,6,50,13,9,1,5,4,6,6,4,4,9,4,5,2,16,3,10,3,1,B03,7,11,1,8,2,5,,20,20,1,12,4,120.693986,24.312361,2
7208,66000,387130000C,(04)23274275,(04)23288582,2025,04,19,22,8,臺中市,西屯區,0,0,0,7,,,50,,,,,,,,,,,,,,13,,,,,C03,,,1,,1,,,7,7,1,13,4,120.646212,24.172669,4
7209,66000,387130000C,(04)23274275,(04)23288582,2025,04,19,22,10,臺中市,北屯區,0,1,0,7,1,6,50,13,9,1,5,4,6,6,4,4,10,5,5,2,17,2,9,5,4,F01,7,9,7,21,1,12,,8,8,1,12,4,120.725334,24.176313,2
7210,66000,387130000C,(04)23274275,(04)23288582,2025,04,19,22,19,臺中市,北屯區,0,1,0,7,1,6,50,13,9,1,5,4,6,6,4,4,1,3,5,2,13,2,9,2,1,C03,7,9,1,10,2,11,12,84,84,1,13,4,120.698614,24.172263,2
7211,66000,387130000C,(04)23274275,(04)23288582,2025,04,19,22,21,臺中市,西區,0,2,0,7,1,6,50,4,1,1,5,4,6,6,1,1,10,5,5,2,17,2,9,2,1,C03,7,9,1,10,2,12,,21,21,1,12,4,120.674897,24.149135,2
7212,66000,387130000C,(04)23274275,(04)23288582,2025,04,19,22,30,臺中市,北區,0,0,0,7,,,50,,,,,,,,,,,,,,13,,,,,C03,,,1,,1,,,7,7,1,12,4,120.683233,24.146149,3
7213,66000,387130000C,(04)23274275,(04)23288582,2025,04,19,22,38,臺中市,北屯區,0,1,0,7,1,6,50,3,1,1,5,4,6,6,4,4,10,5,5,2,13,2,9,1,1,C03,7,9,1,10,2,11,,84,84,1,12,4,120.731846,24.170556,2
7214,66000,387130000C,(04)23274275,(04)23288582,2025,04,19,22,43,臺中市,南屯區,0,0,0,7,,,50,,,,,,,,,,,,,,13,,,,,C03,,,1,,2,,,7,7,1,12,4,120.623544,24.152458,3
7215,66000,387130000C,(04)23274275,(04)23288582,2025,04,19,22,43,臺中市,豐原區,0,0,0,7,1,6,50,13,9,1,5,4,6,6,4,4,10,5,5,2,14,3,10,3,1,B03,7,2,1,8,2,7,,49,49,1,12,4,120.734889,24.263575,3
7216,66000,387130000C,(04)23274275,(04)23288582,2025,04,19,23,1,臺中市,西屯區,0,0,0,7,,,50,,,,,,,,,,,,,,13,,,,,B03,,,5,,2,,,7,7,1,13,4,120.599083,24.192122,4
7217,66000,387130000C,(04)23274275,(04)23288582,2025,04,19,23,11,臺中市,潭子區,0,0,0,7,,,40,,,,,,,,,,,,,,,,,,,B03,,,1,,2,,,8,8,1,12,4,120.706768,24.200619,3
7218,66000,387130000C,(04)23274275,(04)23288582,2025,04,19,23,19,臺中市,清水區,0,0,0,6,1,6,50,13,9,1,4,4,6,6,4,4,10,3,5,1,14,,,,,B03,,,1,,1,,,49,49,1,12,4,120.559252,24.309847,3
7219,66000,387130000C,(04)23274275,(04)23288582,2025,04,19,23,46,臺中市,北區,0,0,0,7,,,50,,,,,,,,,,,,,,17,,,,,C03,,,5,,2,,,84,84,1,12,4,120.677344,24.155528,3
7220,66000,387130000C,(04)23274275,(04)23288582,2025,04,19,23,52,臺中市,烏日區,0,0,0,7,,,50,,,,,,,,,,,,,,12,,,,,A31,,,1,,1,,,59,59,1,13,4,120.634263,24.106192,3
7221,66000,387130000C,(04)23274275,(04)23288582,2025,04,20,0,4,臺中市,西屯區,0,1,0,5,1,6,50,3,1,1,4,4,6,6,4,4,10,5,5,2,16,3,10,3,1,B03,7,6,1,8,2,8,,13,13,1,13,4,120.667185,24.178179,2
7222,66000,387130000C,(04)23274275,(04)23288582,2025,04,20,0,23,臺中市,西區,0,0,0,5,,,40,,,,,,,,,,,,,,,,,,,F01,,,7,,1,,,84,84,1,12,4,120.655235,24.150805,4
7223,66000,387130000C,(04)23274275,(04)23288582,2025,04,20,0,28,臺中市,北區,0,1,0,7,1,6,40,13,8,1,5,4,6,6,4,4,5,5,4,2,17,3,10,5,1,B03,7,1,1,8,2,8,,51,51,1,13,4,120.677076,24.153639,2
7224,66000,387130000C,(04)23274275,(04)23288582,2025,04,20,0,48,臺中市,西區,0,1,0,5,2,6,50,13,7,1,4,4,6,6,4,4,1,4,4,2,17,3,10,3,1,B03,7,1,1,7,2,3,,51,51,1,13,4,120.657326,24.1483,2
7225,66000,387130000C,(04)23274275,(04)23288582,2025,04,20,0,56,臺中市,南區,0,1,0,7,1,6,50,13,8,1,5,4,6,6,4,4,9,4,4,2,12,3,10,3,1,B03,7,1,1,8,2,4,,51,51,1,12,4,120.652025,24.11904,2
7226,66000,387130000C,(04)23274275,(04)23288582,2025,04,20,0,56,臺中市,西屯區,0,0,0,7,,,30,,,,,,,,,,,,,,17,,,,,C03,,,1,,1,,,77,77,1,13,4,120.652808,24.160021,3
7227,66000,387130000C,(04)23274275,(04)23288582,2025,04,20,1,50,臺中市,大里區,0,0,0,7,,,50,,,,,,,,,,,,,,13,,,,,B03,,,1,,2,,,59,59,1,13,4,120.690236,24.121126,3
7228,66000,387130000C,(04)23274275,(04)23288582,2025,04,20,2,6,臺中市,西屯區,0,1,0,6,2,6,40,4,2,1,5,4,6,6,2,1,10,4,5,2,12,3,10,3,1,B12,7,7,3,19,2,5,,40,40,1,13,4,120.65763,24.157973,2
7229,66000,387130000C,(04)23274275,(04)23288582,2025,04,20,2,22,臺中市,南屯區,0,1,0,6,1,6,50,4,1,1,5,4,6,6,2,1,5,5,5,2,17,3,10,3,1,B03,7,5,1,8,3,7,,47,47,1,6,4,120.642251,24.140935,2
7230,66000,387130000C,(04)23274275,(04)23288582,2025,04,20,2,35,臺中市,北區,0,0,0,7,,,50,,,,,,,,,,,,,,17,,,,,B03,,,1,,1,,,49,49,1,13,4,120.675941,24.149805,3
7231,66000,387130000C,(04)23274275,(04)23288582,2025,04,20,3,15,臺中市,烏日區,0,0,0,7,,,30,,,,,,,,,,,,,,17,,,,,B03,,,1,,2,,,45,45,1,13,4,120.631382,24.035411,3
7232,66000,387130000C,(04)23274275,(04)23288582,2025,04,20,5,20,臺中市,北屯區,0,1,0,7,2,6,50,4,1,1,5,4,6,6,4,4,10,5,5,2,15,2,8,1,1,C03,7,9,1,10,1,11,,15,15,1,12,4,120.701885,24.167535,2
7233,66000,387130000C,(04)23274275,(04)23288582,2025,04,20,6,20,臺中市,北區,0,0,0,7,,,30,,,,,,,,,,,,,,17,,,,,B03,,,1,,1,,,7,7,1,13,4,120.693719,24.16085,3
7234,66000,387130000C,(04)23274275,(04)23288582,2025,04,20,6,44,臺中市,中區,0,0,0,7,,,50,,,,,,,,,,,,,,30,,,,,B03,,,1,,11,,,84,84,1,12,4,120.682126,24.13732,3
7235,66000,387130000C,(04)23274275,(04)23288582,2025,04,20,6,49,臺中市,中區,0,0,0,7,,,50,,,,,,,,,,,,,,,,,,,B03,,,1,,1,,,84,84,1,12,4,120.678673,24.143026,3
7236,66000,387130000C,(04)23274275,(04)23288582,2025,04,20,7,0,臺中市,西區,0,1,0,6,2,6,50,5,1,1,5,4,6,6,1,1,5,4,4,2,15,3,10,3,1,B03,7,9,3,19,2,1,,21,21,1,12,4,120.662588,24.132178,2
7237,66000,387130000C,(04)23274275,(04)23288582,2025,04,20,7,2,臺中市,豐原區,0,0,0,6,,,50,,,,,,,,,,,,,,14,,,,,B03,,,1,,2,,,49,49,1,13,4,120.755958,24.259594,3
7238,66000,387130000C,(04)23274275,(04)23288582,2025,04,20,7,5,臺中市,大里區,0,1,0,7,2,6,50,5,2,1,5,4,6,6,4,4,9,4,5,2,30,2,9,1,1,C03,7,9,1,10,2,16,,43,43,1,12,4,120.703832,24.111112,2
7239,66000,387130000C,(04)23274275,(04)23288582,2025,04,20,7,9,臺中市,西屯區,0,1,0,7,2,6,50,11,8,1,5,4,6,6,4,4,5,4,4,2,18,2,9,5,4,C03,7,9,1,10,2,14,,89,89,1,13,4,120.606051,24.169708,2
7240,66000,387130000C,(04)23274275,(04)23288582,2025,04,20,7,39,臺中市,潭子區,0,1,0,6,3,6,50,3,2,1,5,4,6,6,1,1,1,5,5,1,17,3,10,1,1,C03,7,9,1,10,6,12,,85,85,1,13,4,120.673659,24.205694,2
7241,66000,387130000C,(04)23274275,(04)23288582,2025,04,20,7,58,臺中市,北區,0,0,0,7,,,50,,,,,,,,,,,,,,17,,,,,B03,,,3,,2,,,55,55,1,13,4,120.678834,24.168013,3
7242,66000,387130000C,(04)23274275,(04)23288582,2025,04,20,8,9,臺中市,潭子區,0,0,0,7,,,50,,,,,,,,,,,,,,,,,,,B03,,,1,,2,,,8,8,1,12,4,120.699744,24.19432,3
7243,66000,387130000C,(04)23274275,(04)23288582,2025,04,20,8,12,臺中市,北屯區,0,1,0,7,2,6,50,4,1,1,5,4,6,6,2,1,10,5,5,2,16,3,10,2,1,C03,7,4,1,10,2,14,,1,1,1,12,4,120.702401,24.186508,2
7244,66000,387130000C,(04)23274275,(04)23288582,2025,04,20,8,14,臺中市,太平區,0,2,0,7,3,6,50,3,2,1,5,4,6,6,1,1,5,5,5,1,13,2,9,1,1,C03,7,9,1,10,2,11,,7,7,1,6,4,120.717807,24.12287,2
7245,66000,387130000C,(04)23274275,(04)23288582,2025,04,20,8,15,臺中市,太平區,0,0,0,7,,,50,,,,,,,,,,,,,,,,,,,B12,,,1,,2,,,58,58,1,6,4,120.716358,24.124292,3
7246,66000,387130000C,(04)23274275,(04)23288582,2025,04,20,8,27,臺中市,北屯區,0,2,0,7,2,6,50,5,1,1,5,4,6,6,2,1,10,5,5,2,11,3,10,3,1,B03,7,5,1,8,2,8,,84,84,1,12,4,120.691349,24.166921,2
7247,66000,387130000C,(04)23274275,(04)23288582,2025,04,20,8,27,臺中市,西屯區,0,1,0,7,2,6,50,4,1,1,5,4,6,6,1,1,8,4,4,1,13,3,10,5,4,B03,7,9,1,8,2,1,,7,7,1,13,4,120.647873,24.169797,2
7248,66000,387130000C,(04)23274275,(04)23288582,2025,04,20,8,32,臺中市,西區,0,0,0,7,,,50,,,,,,,,,,,,,,,,,,,B03,,,1,8,1,,,14,14,1,13,4,120.656766,24.148787,3
7249,66000,387130000C,(04)23274275,(04)23288582,2025,04,20,8,38,臺中市,霧峰區,0,2,0,7,3,6,50,13,8,1,5,4,6,6,4,4,10,5,4,1,16,3,10,1,1,C03,7,7,3,19,2,12,,65,65,1,12,4,120.664159,24.075307,2
7250,66000,387130000C,(04)23274275,(04)23288582,2025,04,20,8,38,臺中市,豐原區,0,0,0,7,,,50,,,,,,,,,,,,,,17,,,,,B03,,,1,,2,,,51,51,1,12,4,120.708572,24.245542,3
7251,66000,387130000C,(04)23274275,(04)23288582,2025,04,20,8,40,臺中市,大甲區,0,0,0,7,,,50,,,,,,,,,,,,,,,,,,,B03,,,1,,1,,,49,49,1,6,4,120.621891,24.344665,4
7252,66000,387130000C,(04)23274275,(04)23288582,2025,04,20,8,41,臺中市,北區,0,1,0,7,2,6,50,4,4,1,5,4,6,6,1,1,1,4,5,2,13,2,9,1,1,C03,7,9,3,19,2,11,,59,59,1,12,4,120.673587,24.166657,2
7253,66000,387130000C,(04)23274275,(04)23288582,2025,04,20,8,44,臺中市,南區,0,0,0,7,,,50,,,,,,,,,,,,,,13,,,,,B03,,,1,,1,,,7,7,1,6,4,120.671811,24.119156,3
7254,66000,387130000C,(04)23274275,(04)23288582,2025,04,20,8,46,臺中市,清水區,0,1,0,7,3,6,50,13,14,1,5,4,6,6,4,4,1,4,5,1,13,2,9,1,1,C03,7,9,1,10,11,11,,59,59,1,12,4,120.550241,24.266694,2
7255,66000,387130000C,(04)23274275,(04)23288582,2025,04,20,9,2,臺中市,大里區,0,1,0,7,2,6,50,4,1,1,5,4,6,6,1,1,10,5,5,1,16,2,9,1,1,F02,7,6,7,21,2,14,,48,48,1,11,4,120.67922,24.113989,2
7256,66000,387130000C,(04)23274275,(04)23288582,2025,04,20,9,2,臺中市,東勢區,0,2,0,7,1,6,30,3,9,1,5,4,6,6,4,4,8,3,5,1,15,2,1,5,4,C03,7,9,1,10,2,12,,6,6,1,12,4,120.834598,24.249156,2
7257,66000,387130000C,(04)23274275,(04)23288582,2025,04,20,9,7,臺中市,清水區,0,0,0,7,,,50,,,,,,,,,,,,,,,,,,,B12,,,1,,11,,,50,50,1,12,4,120.575482,24.278336,3
7258,66000,387130000C,(04)23274275,(04)23288582,2025,04,20,9,8,臺中市,龍井區,0,2,0,7,2,6,40,5,2,1,5,4,6,6,1,1,10,5,5,2,16,2,9,1,1,C03,7,6,1,10,2,12,,11,11,1,12,4,120.547485,24.192658,2
7259,66000,387130000C,(04)23274275,(04)23288582,2025,04,20,9,10,臺中市,南區,0,0,0,7,,,50,,,,,,,,,,,,,,,,,,,B01,,,1,,1,,,39,39,1,13,4,120.659672,24.128472,3
7260,66000,387130000C,(04)23274275,(04)23288582,2025,04,20,9,12,臺中市,沙鹿區,0,1,0,7,3,6,60,13,14,1,5,4,6,6,4,4,1,4,4,1,17,3,10,3,1,B03,7,5,1,7,2,2,,47,47,1,6,4,120.582073,24.249599,2
7261,66000,387130000C,(04)23274275,(04)23288582,2025,04,20,9,14,臺中市,和平區,0,1,0,7,3,6,25,11,9,1,5,4,6,6,4,4,10,5,5,1,10,3,10,3,1,B03,7,9,1,8,2,8,,41,41,1,12,4,120.935165,24.246417,2