序號,縣市別代碼,機關代碼,市話,傳真,年,月,日,時,分,縣市,區,死亡數量,受傷數量,2-30,天候,道路照明設備,道路類別,道路速限,道路型態,事故位置,路面鋪裝,路面狀態,路面缺陷,障礙物,視距,號誌種類,號誌動作,分向設施,快車道或一般車道間,快慢車道間,路面邊線,事故類型及型態,受傷程度,主要傷處,保護裝備,行動電話或功能裝置,當事者區分（類別）,車輛用途,當事者行動狀態,駕照狀態,駕照種類,飲酒情形,車輛撞擊部位最初,車輛撞擊部位其他,肇事因素個別,肇事因素主要,肇事逃逸,職業,共享經濟或外送平台,GPS座標X,GPS座標Y,事故類別
7262,66000,387130000C,(04)23274275,(04)23288582,2025,04,20,9,20,臺中市,烏日區,0,3,0,7,2,6,50,4,2,1,5,4,6,6,1,1,1,2,2,2,13,3,10,5,4,B03,7,9,1,8,2,1,,7,7,1,12,4,120.613922,24.102963,2
7263,66000,387130000C,(04)23274275,(04)23288582,2025,04,20,9,22,臺中市,西屯區,0,1,0,7,2,6,50,3,2,1,5,4,6,6,4,4,10,4,4,2,12,2,9,2,1,C03,7,9,1,10,2,14,,7,7,1,12,4,120.660561,24.173174,2
7264,66000,387130000C,(04)23274275,(04)23288582,2025,04,20,9,25,臺中市,龍井區,0,1,0,7,2,6,30,4,1,1,5,4,6,6,4,4,10,5,5,2,16,2,9,5,4,C03,7,6,1,10,2,11,,12,12,1,6,4,120.594048,24.187675,2
7265,66000,387130000C,(04)23274275,(04)23288582,2025,04,20,9,30,臺中市,北區,0,2,0,7,2,6,50,4,1,1,5,4,6,6,4,4,5,5,5,2,17,2,9,5,1,C03,7,9,1,7,2,14,,12,12,1,13,4,120.680489,24.150101,2
7266,66000,387130000C,(04)23274275,(04)23288582,2025,04,20,9,32,臺中市,梧棲區,0,1,0,7,3,6,50,3,1,1,5,4,6,6,4,4,10,5,5,2,16,3,10,3,1,B03,7,6,1,8,2,8,,14,14,1,6,4,120.53076,24.253411,2
7267,66000,387130000C,(04)23274275,(04)23288582,2025,04,20,9,40,臺中市,南屯區,0,2,0,7,2,6,50,4,2,1,5,4,6,6,4,4,5,4,4,2,17,3,10,3,1,B03,7,9,1,8,2,4,,12,12,1,12,4,120.636412,24.132108,2
7268,66000,387130000C,(04)23274275,(04)23288582,2025,04,20,9,42,臺中市,北區,0,0,0,7,,,40,,,,,,,,,,,,,,14,,,,,B03,,,1,,2,,,49,49,1,13,4,120.676772,24.1594,3
7269,66000,387130000C,(04)23274275,(04)23288582,2025,04,20,9,42,臺中市,太平區,0,1,0,7,3,6,30,13,9,1,5,4,6,6,4,4,10,5,5,2,14,3,10,1,1,C03,7,2,1,10,2,13,,84,84,1,6,4,120.730066,24.15221,2
7270,66000,387130000C,(04)23274275,(04)23288582,2025,04,20,9,44,臺中市,西屯區,0,1,0,6,2,6,50,4,2,1,5,4,6,6,2,1,9,4,5,2,11,2,9,6,1,F01,7,5,7,21,2,14,,84,84,1,12,1,120.610146,24.187006,2
7271,66000,387130000C,(04)23274275,(04)23288582,2025,04,20,9,46,臺中市,西屯區,0,0,0,7,,,30,,,,,,,,,,,,,,15,,,,,C03,,,1,,1,,,12,12,1,12,4,120.644934,24.175421,3
7272,66000,387130000C,(04)23274275,(04)23288582,2025,04,20,9,54,臺中市,后里區,0,0,0,7,2,6,30,3,2,1,5,4,6,6,4,4,1,5,4,2,13,3,10,3,1,B12,7,9,1,6,1,1,,84,84,1,12,4,120.697575,24.310517,3
7273,66000,387130000C,(04)23274275,(04)23288582,2025,04,20,9,56,臺中市,西屯區,0,1,0,7,2,6,50,4,1,1,5,4,6,6,1,1,8,4,5,1,18,2,9,5,4,C03,7,9,1,10,2,14,,59,59,1,13,4,120.621879,24.186393,2
7274,66000,387130000C,(04)23274275,(04)23288582,2025,04,20,9,58,臺中市,大肚區,0,0,0,7,,,30,,,,,,,,,,,,,,,,,,,B03,,,1,,2,,,78,78,1,12,4,120.574572,24.161482,3
7275,66000,387130000C,(04)23274275,(04)23288582,2025,04,20,10,4,臺中市,西屯區,0,0,0,7,,,30,,,,,,,,,,,,,,17,,,,,B12,,,1,,1,,,8,8,1,13,4,120.648203,24.182078,4
7276,66000,387130000C,(04)23274275,(04)23288582,2025,04,20,10,6,臺中市,北屯區,0,0,0,7,,,50,,,,,,,,,,,,,,,,,,,B03,,,1,,1,,,84,84,1,6,4,120.699861,24.182294,3
7277,66000,387130000C,(04)23274275,(04)23288582,2025,04,20,10,13,臺中市,大里區,0,2,0,7,2,6,50,3,2,1,5,4,6,6,4,4,9,4,5,1,16,3,10,3,1,B03,7,5,1,8,2,2,,47,47,1,12,4,120.683195,24.098635,2
7278,66000,387130000C,(04)23274275,(04)23288582,2025,04,20,10,15,臺中市,東勢區,0,0,0,7,,,50,,,,,,,,,,,,,,,,,,,B03,,,1,,2,,,49,49,1,13,4,120.82596,24.264882,3
7279,66000,387130000C,(04)23274275,(04)23288582,2025,04,20,10,16,臺中市,烏日區,0,1,0,7,2,6,60,8,7,1,5,4,6,6,4,4,1,4,4,2,13,3,10,3,1,B03,7,9,1,8,2,5,,84,84,1,6,4,120.599642,24.110249,2
7280,66000,387130000C,(04)23274275,(04)23288582,2025,04,20,10,17,臺中市,北區,0,1,0,7,2,6,50,4,1,1,5,4,6,6,1,1,10,5,5,2,17,2,9,1,1,C03,7,9,1,10,2,11,,84,84,1,13,4,120.690953,24.158807,2
7281,66000,387130000C,(04)23274275,(04)23288582,2025,04,20,10,25,臺中市,豐原區,0,2,0,7,2,6,30,4,1,1,5,4,6,6,4,4,10,5,5,1,17,2,9,2,1,C03,7,6,1,10,2,11,,12,12,1,13,4,120.747713,24.265564,2
7282,66000,387130000C,(04)23274275,(04)23288582,2025,04,20,10,30,臺中市,南區,0,0,0,7,1,6,50,13,7,1,5,4,6,6,4,4,1,4,5,2,17,3,10,3,1,B03,7,9,1,8,1,2,,84,84,1,12,4,120.653779,24.118711,3
7283,66000,387130000C,(04)23274275,(04)23288582,2025,04,20,10,30,臺中市,梧棲區,0,1,0,7,3,6,50,3,1,1,5,4,6,6,1,1,10,5,5,2,18,2,9,1,1,C03,7,9,1,10,2,16,,54,54,1,6,4,120.545364,24.255341,2
7284,66000,387130000C,(04)23274275,(04)23288582,2025,04,20,10,33,臺中市,西區,0,0,0,7,,,50,,,,,,,,,,,,,,,,,,,B03,,,1,,1,,,51,51,1,6,4,120.674199,24.140003,3
7285,66000,387130000C,(04)23274275,(04)23288582,2025,04,20,10,33,臺中市,大里區,0,0,0,7,,,50,,,,,,,,,,,,,,17,,,,,B12,,,1,,2,,,49,49,1,6,4,120.70532,24.097315,3
7286,66000,387130000C,(04)23274275,(04)23288582,2025,04,20,10,45,臺中市,北屯區,0,0,0,7,,,50,,,,,,,,,,,,,,17,,,,,B03,,,1,,1,,,50,50,1,6,4,120.728008,24.179304,3
7287,66000,387130000C,(04)23274275,(04)23288582,2025,04,20,10,56,臺中市,太平區,0,0,0,7,,,40,,,,,,,,,,,,,,17,,,,,C03,,,1,,9,,,39,39,1,12,4,120.808065,24.095749,3
7288,66000,387130000C,(04)23274275,(04)23288582,2025,04,20,11,4,臺中市,北屯區,0,1,0,7,3,6,50,13,8,1,5,4,6,6,4,4,3,4,4,1,17,3,10,1,1,C03,7,9,1,10,2,12,,59,59,1,12,4,120.712689,24.164332,2
7289,66000,387130000C,(04)23274275,(04)23288582,2025,04,20,11,5,臺中市,北屯區,0,0,0,7,,,50,,,,,,,,,,,,,,,,,,,C03,,,1,,1,,,7,7,1,12,4,120.685691,24.179899,3
7290,66000,387130000C,(04)23274275,(04)23288582,2025,04,20,11,5,臺中市,清水區,0,1,0,7,3,6,50,13,7,1,5,4,6,6,4,4,5,4,4,2,9,3,10,3,1,B03,7,9,1,8,2,1,,84,84,1,12,4,120.607813,24.26975,2
7291,66000,387130000C,(04)23274275,(04)23288582,2025,04,20,11,18,臺中市,潭子區,0,1,0,7,2,6,50,3,2,1,5,4,6,6,1,1,1,5,5,1,17,2,8,1,1,C03,7,6,3,19,2,14,,11,11,1,13,4,120.673804,24.20544,2
7292,66000,387130000C,(04)23274275,(04)23288582,2025,04,20,11,18,臺中市,豐原區,0,0,0,7,,,50,,,,,,,,,,,,,,13,,,,,B03,,,1,,2,,,7,7,1,12,4,120.760422,24.277172,3
7293,66000,387130000C,(04)23274275,(04)23288582,2025,04,20,11,24,臺中市,大里區,0,0,0,7,,,30,,,,,,,,,,,,,,,,,,,B03,,,1,,2,,,11,11,1,13,4,120.721614,24.092311,3
7294,66000,387130000C,(04)23274275,(04)23288582,2025,04,20,11,24,臺中市,后里區,0,2,0,7,2,6,60,3,1,1,5,4,6,6,1,1,5,4,4,1,17,3,10,3,1,B03,7,5,1,8,2,2,,84,84,1,12,4,120.7248,24.321906,2
7295,66000,387130000C,(04)23274275,(04)23288582,2025,04,20,11,27,臺中市,西區,0,2,0,7,2,6,30,4,1,1,5,4,6,6,4,4,10,5,5,2,15,2,9,2,1,C03,7,9,1,10,1,11,,15,15,1,12,4,120.658497,24.154688,2
7296,66000,387130000C,(04)23274275,(04)23288582,2025,04,20,11,34,臺中市,大雅區,0,0,0,7,,,50,,,,,,,,,,,,,,,,,,,B03,,,1,,1,,,4,4,1,13,4,120.60128,24.216117,3
7297,66000,387130000C,(04)23274275,(04)23288582,2025,04,20,11,36,臺中市,北屯區,0,1,0,7,2,6,50,4,1,1,5,4,6,6,2,1,10,5,5,2,16,2,9,2,1,C03,7,6,1,10,2,11,,11,11,1,6,2,120.67026,24.19072,2
7298,66000,387130000C,(04)23274275,(04)23288582,2025,04,20,11,42,臺中市,太平區,0,1,0,7,3,6,30,4,1,1,5,4,6,6,4,4,10,5,5,2,15,3,10,1,1,C03,7,9,2,19,2,13,,12,12,1,12,4,120.706671,24.155109,2
7299,66000,387130000C,(04)23274275,(04)23288582,2025,04,20,11,50,臺中市,東區,0,1,0,7,2,6,50,4,1,1,5,4,6,6,1,1,10,5,5,2,17,2,9,1,1,C03,7,9,1,10,2,12,,7,7,1,12,4,120.702897,24.142703,2
7300,66000,387130000C,(04)23274275,(04)23288582,2025,04,20,11,50,臺中市,北屯區,0,0,0,7,,,30,,,,,,,,,,,,,,14,,,,,B12,,,1,,1,,,49,49,1,6,4,120.719389,24.176542,3
7301,66000,387130000C,(04)23274275,(04)23288582,2025,04,20,11,54,臺中市,潭子區,0,1,0,7,3,6,30,3,1,1,5,4,6,6,4,4,10,5,5,2,17,2,8,2,1,C03,7,6,1,10,2,12,,14,14,1,13,4,120.699266,24.21286,2
7302,66000,387130000C,(04)23274275,(04)23288582,2025,04,20,11,55,臺中市,后里區,0,0,0,7,,,40,,,,,,,,,,,,,,,,,,,B03,,,1,,2,,,14,14,1,13,4,120.735668,24.300839,3
7303,66000,387130000C,(04)23274275,(04)23288582,2025,04,20,12,1,臺中市,太平區,0,1,0,7,3,6,50,3,1,1,5,4,6,6,4,4,10,5,5,2,14,3,10,3,1,B03,7,2,1,8,2,6,,49,49,1,6,4,120.71167,24.141019,2
7304,66000,387130000C,(04)23274275,(04)23288582,2025,04,20,12,5,臺中市,大肚區,0,2,0,7,2,6,50,4,1,1,5,4,6,6,4,4,10,5,5,2,15,2,9,1,1,C03,7,9,1,10,2,12,,15,15,1,6,4,120.539649,24.15529,2
7305,66000,387130000C,(04)23274275,(04)23288582,2025,04,20,12,8,臺中市,潭子區,0,0,0,7,,,50,,,,,,,,,,,,,,,,,,,B03,,,1,,2,,,50,50,1,13,4,120.706782,24.211387,3
7306,66000,387130000C,(04)23274275,(04)23288582,2025,04,20,12,8,臺中市,龍井區,0,0,0,7,,,60,,,,,,,,,,,,,,,,,,,B03,,,1,,1,,,7,7,1,12,4,120.575358,24.184664,3
7307,66000,387130000C,(04)23274275,(04)23288582,2025,04,20,12,10,臺中市,西區,0,0,0,7,,,50,,,,,,,,,,,,,,,,,,,C03,,,1,8,1,,,84,84,1,13,4,120.661854,24.151014,3
7308,66000,387130000C,(04)23274275,(04)23288582,2025,04,20,12,10,臺中市,北區,0,0,0,7,,,50,,,,,,,,,,,,,,12,,,,,B01,,,1,,1,,,40,40,1,12,4,120.686823,24.154231,3
7309,66000,387130000C,(04)23274275,(04)23288582,2025,04,20,12,12,臺中市,太平區,0,0,0,7,,,50,,,,,,,,,,,,,,,,,,,B03,,,1,,2,,,59,59,1,6,4,120.716617,24.13189,3
7310,66000,387130000C,(04)23274275,(04)23288582,2025,04,20,12,14,臺中市,龍井區,0,2,0,7,2,6,50,13,9,1,5,4,6,6,4,4,5,5,5,2,9,2,9,5,4,C03,7,9,1,10,2,11,,84,84,1,4,4,120.594744,24.18595,2
7311,66000,387130000C,(04)23274275,(04)23288582,2025,04,20,12,16,臺中市,沙鹿區,0,0,0,7,,,50,,,,,,,,,,,,,,,,,,,B03,,,1,,1,,,49,49,1,13,4,120.570866,24.222727,3
7312,66000,387130000C,(04)23274275,(04)23288582,2025,04,20,12,20,臺中市,大雅區,0,0,0,7,,,0,,,,,,,,,,,,,,,,,,,C03,,,1,,9,,,49,49,1,13,4,120.645356,24.22516,3
7313,66000,387130000C,(04)23274275,(04)23288582,2025,04,20,12,26,臺中市,潭子區,0,1,0,7,3,6,40,3,1,1,5,4,6,6,4,4,5,5,5,1,17,2,8,2,1,C03,7,9,1,10,2,11,,84,84,1,13,2,120.697785,24.205191,2
7314,66000,387130000C,(04)23274275,(04)23288582,2025,04,20,12,36,臺中市,豐原區,0,0,0,7,2,6,50,13,9,1,5,4,6,6,4,4,1,4,5,2,12,3,10,3,1,B03,7,9,1,8,2,2,,8,8,1,12,4,120.70051,24.249201,3
7315,66000,387130000C,(04)23274275,(04)23288582,2025,04,20,12,38,臺中市,東區,0,1,0,7,2,6,50,4,1,1,5,4,6,6,4,4,10,5,5,2,18,2,9,1,1,C03,7,9,1,10,2,14,,84,84,1,12,4,120.70443,24.14217,2
7316,66000,387130000C,(04)23274275,(04)23288582,2025,04,20,12,40,臺中市,烏日區,0,0,0,7,2,6,50,3,1,1,5,4,6,6,1,1,1,4,1,2,12,3,10,3,1,A41,7,5,1,1,1,2,,47,47,1,6,4,120.609357,24.112785,3
7317,66000,387130000C,(04)23274275,(04)23288582,2025,04,20,12,45,臺中市,西屯區,0,1,0,7,2,6,40,3,2,1,5,4,6,6,2,1,1,4,1,2,12,3,10,5,4,C03,7,7,1,10,2,12,,35,35,1,12,4,120.615369,24.183119,2
7318,66000,387130000C,(04)23274275,(04)23288582,2025,04,20,12,45,臺中市,沙鹿區,0,3,0,7,2,6,50,4,1,1,5,4,6,6,1,1,10,5,5,2,16,2,7,2,1,C03,7,5,1,10,2,12,,84,84,1,6,4,120.553868,24.231114,2
7319,66000,387130000C,(04)23274275,(04)23288582,2025,04,20,12,56,臺中市,北屯區,0,0,0,7,,,50,,,,,,,,,,,,,,,,,,,B03,,,3,,2,,,59,59,1,12,4,120.663307,24.186538,3
7320,66000,387130000C,(04)23274275,(04)23288582,2025,04,20,12,57,臺中市,沙鹿區,0,1,0,7,3,6,30,4,1,1,5,4,6,6,4,4,10,5,5,2,15,2,9,2,1,C03,7,9,5,19,2,12,,13,13,1,13,4,120.561932,24.25422,2
7321,66000,387130000C,(04)23274275,(04)23288582,2025,04,20,13,1,臺中市,大里區,0,0,0,7,2,6,50,3,2,1,5,4,6,6,1,1,5,5,5,2,14,,,,,B03,,,1,,1,,,49,49,1,13,4,120.676884,24.10038,3
7322,66000,387130000C,(04)23274275,(04)23288582,2025,04,20,13,3,臺中市,西區,0,1,0,7,1,6,50,4,1,1,5,4,6,6,4,4,10,5,5,2,17,3,10,5,4,B03,7,6,1,8,2,2,,39,39,1,12,4,120.6684,24.153074,2
7323,66000,387130000C,(04)23274275,(04)23288582,2025,04,20,13,17,臺中市,烏日區,0,0,0,7,,,60,,,,,,,,,,,,,,13,,,,,B03,,,1,,2,,,7,7,1,6,4,120.649587,24.111274,3
7324,66000,387130000C,(04)23274275,(04)23288582,2025,04,20,13,20,臺中市,潭子區,0,0,0,7,,,50,,,,,,,,,,,,,,,,,,,B03,,,1,,2,,,59,59,1,13,4,120.706814,24.200789,3
7325,66000,387130000C,(04)23274275,(04)23288582,2025,04,20,13,20,臺中市,東區,0,2,0,7,3,6,50,3,1,1,5,4,6,6,2,1,10,5,5,2,16,2,7,2,1,C03,7,6,1,10,2,11,,11,11,1,13,4,120.686877,24.136117,2
7326,66000,387130000C,(04)23274275,(04)23288582,2025,04,20,13,22,臺中市,西區,0,0,0,6,,,30,,,,,,,,,,,,,,17,,,,,B12,,,1,,2,,,84,84,1,12,4,120.674107,24.142291,3
7327,66000,387130000C,(04)23274275,(04)23288582,2025,04,20,13,23,臺中市,北屯區,0,0,0,7,,,50,,,,,,,,,,,,,,,,,,,B03,,,1,,11,,,85,85,1,12,4,120.731242,24.161953,3
7328,66000,387130000C,(04)23274275,(04)23288582,2025,04,20,13,23,臺中市,北屯區,0,0,0,7,,,50,,,,,,,,,,,,,,,,,,,B03,,,1,,1,,,40,40,1,12,4,120.730433,24.176934,3
7329,66000,387130000C,(04)23274275,(04)23288582,2025,04,20,13,28,臺中市,梧棲區,0,0,0,7,,,40,,,,,,,,,,,,,,16,,,,,B03,,,1,,2,,,51,51,1,6,4,120.542584,24.247199,3
7330,66000,387130000C,(04)23274275,(04)23288582,2025,04,20,13,33,臺中市,大里區,0,2,0,7,2,6,50,3,1,1,5,4,6,6,1,1,10,5,5,1,16,3,10,3,1,B03,7,9,1,8,2,7,,21,21,1,12,4,120.68712,24.120887,2
7331,66000,387130000C,(04)23274275,(04)23288582,2025,04,20,13,40,臺中市,中區,0,0,0,7,,,50,,,,,,,,,,,,,,,,,,,C03,,,1,,2,,,84,84,1,6,4,120.681862,24.137429,3
7332,66000,387130000C,(04)23274275,(04)23288582,2025,04,20,13,40,臺中市,東區,0,1,0,7,1,6,50,4,1,1,5,4,6,6,1,1,10,5,5,2,17,3,10,3,1,B03,7,6,1,8,2,2,,11,11,1,12,4,120.700116,24.140067,2
7333,66000,387130000C,(04)23274275,(04)23288582,2025,04,20,13,40,臺中市,霧峰區,0,1,0,6,3,6,50,4,1,1,5,4,6,6,1,1,10,5,5,2,16,2,9,1,1,C03,7,6,3,19,2,11,,48,48,1,12,4,120.698784,24.064426,2
7334,66000,387130000C,(04)23274275,(04)23288582,2025,04,20,13,51,臺中市,后里區,1,1,0,6,2,6,30,11,9,1,5,4,6,6,4,4,10,5,5,2,18,1,1,1,1,C03,7,9,3,19,2,11,,84,84,1,12,4,120.740171,24.319545,1
7335,66000,387130000C,(04)23274275,(04)23288582,2025,04,20,13,54,臺中市,南區,0,0,0,7,,,,,,,,,,,,,,,,,17,,,,,,,,,,,,,85,,1,,,120.6569,24.1192,3
7336,66000,387130000C,(04)23274275,(04)23288582,2025,04,20,14,0,臺中市,北區,0,2,0,7,2,6,30,13,9,1,5,4,6,6,4,4,10,5,5,2,17,3,10,5,1,B03,7,13,1,8,2,5,,76,76,1,13,4,120.683222,24.165969,2
7337,66000,387130000C,(04)23274275,(04)23288582,2025,04,20,14,0,臺中市,大里區,0,0,0,7,,,50,,,,,,,,,,,,,,17,,,,,B03,,,5,,1,,,7,7,1,6,4,120.691318,24.09149,3
7338,66000,387130000C,(04)23274275,(04)23288582,2025,04,20,14,1,臺中市,西區,0,0,0,7,,,50,,,,,,,,,,,,,,13,,,,,B03,,,1,,1,,,59,59,1,12,5,120.658977,24.155921,3
7339,66000,387130000C,(04)23274275,(04)23288582,2025,04,20,14,4,臺中市,石岡區,0,0,0,6,2,6,30,3,2,1,5,4,6,6,3,1,10,5,5,2,13,3,10,5,4,B03,7,14,1,8,2,6,,7,7,1,13,4,120.808709,24.264982,3
7340,66000,387130000C,(04)23274275,(04)23288582,2025,04,20,14,5,臺中市,太平區,0,3,0,7,3,6,50,13,9,1,5,4,6,6,4,4,5,2,5,1,12,2,9,1,1,C03,7,9,2,19,2,11,,7,7,1,12,4,120.722342,24.119321,2
7341,66000,387130000C,(04)23274275,(04)23288582,2025,04,20,14,7,臺中市,太平區,0,1,0,7,3,6,50,13,9,1,5,4,6,6,4,4,1,4,5,2,13,3,10,3,1,B03,7,8,1,8,1,1,,84,84,1,6,4,120.713299,24.147165,2
7342,66000,387130000C,(04)23274275,(04)23288582,2025,04,20,14,10,臺中市,西區,0,0,0,7,,,50,,,,,,,,,,,,,,,,,,,C03,,,1,,11,,,84,84,1,12,4,120.6545,24.151536,3
7343,66000,387130000C,(04)23274275,(04)23288582,2025,04,20,14,11,臺中市,西區,0,0,0,7,,,50,,,,,,,,,,,,,,,,,,,A04,,,1,1,1,,,7,7,1,13,4,120.670005,24.138432,3
7344,66000,387130000C,(04)23274275,(04)23288582,2025,04,20,14,12,臺中市,北屯區,0,0,0,7,,,50,,,,,,,,,,,,,,,,,,,B12,,,1,,1,,,58,58,1,6,4,120.660124,24.191899,3
7345,66000,387130000C,(04)23274275,(04)23288582,2025,04,20,14,14,臺中市,龍井區,0,0,0,7,,,60,,,,,,,,,,,,,,14,,,,,B03,,,1,,1,,,78,78,1,6,4,120.573761,24.185309,3
7346,66000,387130000C,(04)23274275,(04)23288582,2025,04,20,14,14,臺中市,石岡區,0,0,0,6,2,6,70,13,14,1,5,4,6,6,4,4,10,4,4,1,17,,,,,B03,,,1,,1,,,49,49,1,13,4,120.790723,24.273318,3
7347,66000,387130000C,(04)23274275,(04)23288582,2025,04,20,14,26,臺中市,西區,0,3,0,6,2,6,50,4,1,1,5,4,6,6,1,1,10,5,5,2,15,2,1,3,1,E01,7,9,1,4,2,2,,21,21,1,12,4,120.678149,24.140853,2
7348,66000,387130000C,(04)23274275,(04)23288582,2025,04,20,14,28,臺中市,霧峰區,0,0,0,5,,,40,,,,,,,,,,,,,,16,,,,,C03,,,1,,2,,,84,84,1,12,4,120.698048,24.059434,3
7349,66000,387130000C,(04)23274275,(04)23288582,2025,04,20,14,30,臺中市,大肚區,0,1,0,7,2,6,30,4,2,1,5,4,6,6,4,4,10,5,5,2,15,2,9,1,1,F03,7,9,7,21,2,12,,6,6,1,6,4,120.53988,24.149419,2
7350,66000,387130000C,(04)23274275,(04)23288582,2025,04,20,14,33,臺中市,北屯區,0,1,0,5,2,6,50,4,1,1,4,4,6,6,1,1,10,5,5,2,18,2,9,1,1,C03,7,5,1,10,2,14,,82,82,1,6,4,120.681314,24.176394,2
7351,66000,387130000C,(04)23274275,(04)23288582,2025,04,20,14,33,臺中市,北屯區,0,1,0,5,1,6,40,3,1,1,4,4,6,6,4,4,10,5,5,2,18,2,9,5,4,C03,7,9,1,10,2,12,,85,85,1,13,4,120.690327,24.175964,2
7352,66000,387130000C,(04)23274275,(04)23288582,2025,04,20,14,36,臺中市,潭子區,0,1,0,5,3,6,60,13,9,1,4,4,6,6,4,4,1,4,5,2,18,2,9,2,1,C03,7,12,1,10,9,14,,84,84,1,13,4,120.705267,24.209873,2
7353,66000,387130000C,(04)23274275,(04)23288582,2025,04,20,14,38,臺中市,大甲區,0,2,0,6,3,6,40,13,8,1,5,4,6,6,4,4,5,5,4,1,16,2,9,2,1,F02,7,6,7,21,2,12,,84,84,1,6,4,120.612448,24.353063,2
7354,66000,387130000C,(04)23274275,(04)23288582,2025,04,20,14,42,臺中市,北屯區,0,0,0,7,,,50,,,,,,,,,,,,,,,,,,,B03,,,1,,2,,,84,84,1,12,4,120.711955,24.164564,4
7355,66000,387130000C,(04)23274275,(04)23288582,2025,04,20,14,43,臺中市,大肚區,0,1,0,6,2,6,30,11,9,1,5,4,6,6,4,4,10,5,5,2,17,2,9,2,1,C03,7,9,1,10,2,12,,59,59,1,6,4,120.574863,24.123883,2
7356,66000,387130000C,(04)23274275,(04)23288582,2025,04,20,14,48,臺中市,南屯區,0,0,0,5,,,30,,,,,,,,,,,,,,,,,,,B13,,,1,,1,,,49,49,1,12,4,120.609297,24.152658,3
7357,66000,387130000C,(04)23274275,(04)23288582,2025,04,20,14,52,臺中市,南區,0,0,0,7,,,30,,,,,,,,,,,,,,17,,,,,B12,,,1,,2,,,84,84,1,12,4,120.657236,24.126165,3
7358,66000,387130000C,(04)23274275,(04)23288582,2025,04,20,14,55,臺中市,北區,0,2,0,5,3,6,50,4,2,1,4,4,6,6,1,1,3,2,3,2,18,2,9,5,4,C03,7,9,1,10,2,12,,84,84,1,13,4,120.684805,24.152243,2
7359,66000,387130000C,(04)23274275,(04)23288582,2025,04,20,14,55,臺中市,南屯區,0,2,0,5,3,6,50,4,1,1,4,4,6,6,4,4,5,5,4,2,15,2,9,1,1,C03,7,9,1,10,2,12,,13,13,1,12,4,120.647804,24.141783,2
7360,66000,387130000C,(04)23274275,(04)23288582,2025,04,20,14,55,臺中市,南屯區,0,0,0,7,,,50,,,,,,,,,,,,,,13,,,,,B03,,,1,,1,,,7,7,1,12,4,120.641415,24.14145,3
7361,66000,387130000C,(04)23274275,(04)23288582,2025,04,20,14,55,臺中市,大肚區,0,1,0,7,2,6,70,13,8,1,5,4,6,6,4,4,1,4,4,1,16,3,10,3,1,B03,7,7,1,8,2,3,,40,40,1,6,4,120.549529,24.140322,2
7362,66000,387130000C,(04)23274275,(04)23288582,2025,04,20,14,59,臺中市,北區,0,0,0,7,,,50,,,,,,,,,,,,,,,,,,,B03,,,1,,1,,,84,84,1,12,4,120.676949,24.159463,3
7363,66000,387130000C,(04)23274275,(04)23288582,2025,04,20,15,1,臺中市,南屯區,0,0,0,7,,,50,,,,,,,,,,,,,,15,,,,,B03,,,1,,1,,,12,12,1,13,4,120.636917,24.121534,3
7364,66000,387130000C,(04)23274275,(04)23288582,2025,04,20,15,7,臺中市,東區,0,0,0,7,,,50,,,,,,,,,,,,,,17,,,,,B03,,,1,,2,,,84,84,1,12,4,120.697183,24.142121,4
7365,66000,387130000C,(04)23274275,(04)23288582,2025,04,20,15,11,臺中市,清水區,0,0,0,7,,,50,,,,,,,,,,,,,,,,,,,B03,,,1,,2,,,84,84,1,12,4,120.557732,24.272188,3
7366,66000,387130000C,(04)23274275,(04)23288582,2025,04,20,15,20,臺中市,西屯區,0,2,0,7,2,6,30,3,1,1,5,4,6,6,4,4,10,5,4,1,16,2,9,1,1,C03,7,6,1,10,2,11,,12,12,1,12,4,120.636202,24.170138,2
7367,66000,387130000C,(04)23274275,(04)23288582,2025,04,20,15,20,臺中市,沙鹿區,0,1,0,7,2,6,50,13,9,1,5,4,6,6,4,4,10,5,5,1,18,2,9,2,1,C03,7,9,3,19,11,14,,59,59,1,6,4,120.559008,24.238546,2
7368,66000,387130000C,(04)23274275,(04)23288582,2025,04,20,15,24,臺中市,清水區,0,0,0,7,,,30,,,,,,,,,,,,,,14,,,,,B03,,,1,,1,,,7,7,1,13,4,120.551207,24.313379,3
7369,66000,387130000C,(04)23274275,(04)23288582,2025,04,20,15,38,臺中市,西區,0,0,0,6,3,6,50,13,7,1,5,4,6,6,4,4,8,3,1,2,13,,,,,B03,,,1,,1,,,7,7,1,13,4,120.671777,24.149124,3
7370,66000,387130000C,(04)23274275,(04)23288582,2025,04,20,15,38,臺中市,西屯區,0,0,0,7,,,50,,,,,,,,,,,,,,13,,,,,B03,,,1,,1,,,59,59,1,12,4,120.641158,24.157328,3
7371,66000,387130000C,(04)23274275,(04)23288582,2025,04,20,15,39,臺中市,龍井區,0,1,0,6,2,6,50,3,2,1,5,4,6,6,4,4,5,5,5,1,16,3,10,3,1,B03,7,6,1,8,2,1,,20,20,1,12,4,120.542356,24.216051,2
7372,66000,387130000C,(04)23274275,(04)23288582,2025,04,20,15,44,臺中市,沙鹿區,0,0,0,7,,,50,,,,,,,,,,,,,,17,,,,,B03,,,1,,1,,,45,45,1,13,4,120.575283,24.224406,3