序號,縣市別代碼,機關代碼,市話,傳真,年,月,日,時,分,縣市,區,死亡數量,受傷數量,2-30,天候,道路照明設備,道路類別,道路速限,道路型態,事故位置,路面鋪裝,路面狀態,路面缺陷,障礙物,視距,號誌種類,號誌動作,分向設施,快車道或一般車道間,快慢車道間,路面邊線,事故類型及型態,受傷程度,主要傷處,保護裝備,行動電話或功能裝置,當事者區分（類別）,車輛用途,當事者行動狀態,駕照狀態,駕照種類,飲酒情形,車輛撞擊部位最初,車輛撞擊部位其他,肇事因素個別,肇事因素主要,肇事逃逸,職業,共享經濟或外送平台,GPS座標X,GPS座標Y,事故類別
7373,66000,387130000C,(04)23274275,(04)23288582,2025,04,20,16,3,臺中市,豐原區,0,0,0,7,,,40,,,,,,,,,,,,,,17,,,,,B03,,,1,,2,,,84,84,1,13,4,120.72811,24.249821,3
7374,66000,387130000C,(04)23274275,(04)23288582,2025,04,20,16,7,臺中市,大雅區,0,0,0,6,,,60,,,,,,,,,,,,,,17,,,,,B12,,,1,,2,,,84,84,1,12,4,120.668898,24.236789,3
7375,66000,387130000C,(04)23274275,(04)23288582,2025,04,20,16,7,臺中市,北區,0,2,0,6,2,6,40,4,1,1,5,4,6,6,1,1,5,4,4,2,16,2,9,1,1,C03,7,5,1,10,2,12,,11,11,1,13,4,120.678173,24.148819,2
7376,66000,387130000C,(04)23274275,(04)23288582,2025,04,20,16,7,臺中市,西屯區,0,1,0,7,2,6,50,13,9,1,5,4,6,6,4,4,5,5,5,2,12,3,10,3,4,B02,7,5,1,16,2,5,,20,20,1,13,4,120.643961,24.175344,2
7377,66000,387130000C,(04)23274275,(04)23288582,2025,04,20,16,8,臺中市,南屯區,0,1,0,7,2,6,50,4,1,1,5,4,6,6,1,1,10,5,5,2,17,3,10,3,1,B03,7,5,1,7,2,5,,84,84,1,12,4,120.640839,24.141282,2
7378,66000,387130000C,(04)23274275,(04)23288582,2025,04,20,16,15,臺中市,大甲區,0,0,0,7,,,50,,,,,,,,,,,,,,,,,,,C03,,,1,,2,,,84,84,1,12,4,120.62618,24.344469,3
7379,66000,387130000C,(04)23274275,(04)23288582,2025,04,20,16,16,臺中市,霧峰區,0,1,0,7,2,6,50,3,1,1,5,4,6,6,4,4,10,5,5,2,16,3,10,3,1,B03,7,6,1,8,2,5,,14,14,1,12,4,120.699162,24.068104,2
7380,66000,387130000C,(04)23274275,(04)23288582,2025,04,20,16,20,臺中市,西屯區,0,1,0,7,2,6,50,3,2,1,5,4,6,6,2,1,1,4,5,2,23,2,9,1,1,C04,7,5,1,11,2,14,,59,59,1,12,4,120.643077,24.171991,2
7381,66000,387130000C,(04)23274275,(04)23288582,2025,04,20,16,22,臺中市,西區,0,0,0,7,,,30,,,,,,,,,,,,,,14,,,,,B12,,,1,,2,,,49,49,1,12,4,120.655339,24.151736,3
7382,66000,387130000C,(04)23274275,(04)23288582,2025,04,20,16,23,臺中市,大里區,0,0,0,7,,,30,,,,,,,,,,,,,,14,,,,,B03,,,1,,2,,,49,49,1,13,4,120.693568,24.093541,3
7383,66000,387130000C,(04)23274275,(04)23288582,2025,04,20,16,27,臺中市,北屯區,0,0,0,7,,,50,,,,,,,,,,,,,,,,,,,B03,,,1,,2,,,77,77,1,12,4,120.730882,24.165209,3
7384,66000,387130000C,(04)23274275,(04)23288582,2025,04,20,16,30,臺中市,東勢區,0,2,0,5,3,6,10,13,13,1,4,4,6,6,4,4,9,5,5,1,17,2,9,5,4,F02,7,9,7,21,2,11,,84,84,1,13,4,120.823071,24.275493,2
7385,66000,387130000C,(04)23274275,(04)23288582,2025,04,20,16,36,臺中市,沙鹿區,0,0,0,7,,,30,,,,,,,,,,,,,,,,,,,B03,,,1,,2,,,59,59,1,13,4,120.572694,24.231012,3
7386,66000,387130000C,(04)23274275,(04)23288582,2025,04,20,16,40,臺中市,后里區,0,0,0,7,,,40,,,,,,,,,,,,,,14,,,,,B03,,,1,,1,,,49,49,1,12,4,120.71936,24.309516,3
7387,66000,387130000C,(04)23274275,(04)23288582,2025,04,20,16,40,臺中市,豐原區,0,0,0,7,,,30,,,,,,,,,,,,,,20,,,,,B03,,,1,,2,,,8,8,1,13,4,120.720515,24.255862,3
7388,66000,387130000C,(04)23274275,(04)23288582,2025,04,20,16,46,臺中市,北區,0,1,0,7,3,6,50,4,1,1,5,4,6,6,1,1,1,2,4,2,16,3,10,3,1,B03,7,5,1,8,2,2,,11,11,1,12,4,120.692419,24.161372,2
7389,66000,387130000C,(04)23274275,(04)23288582,2025,04,20,16,48,臺中市,東區,0,0,0,7,,,50,,,,,,,,,,,,,,12,,,,,B03,,,1,,1,,,84,84,1,13,4,120.702423,24.140294,3
7390,66000,387130000C,(04)23274275,(04)23288582,2025,04,20,16,51,臺中市,東區,0,1,0,7,2,6,50,13,8,1,5,4,6,6,4,4,9,4,4,2,18,2,7,2,1,C03,7,15,1,10,2,14,,87,87,1,13,4,120.705722,24.130025,2
7391,66000,387130000C,(04)23274275,(04)23288582,2025,04,20,16,51,臺中市,烏日區,0,2,0,7,2,6,40,4,1,1,5,4,6,6,4,4,10,5,5,2,15,2,9,1,1,C03,7,9,1,10,2,12,,15,15,1,6,4,120.63693,24.07078,2
7392,66000,387130000C,(04)23274275,(04)23288582,2025,04,20,16,52,臺中市,南屯區,0,0,0,5,3,6,50,13,9,1,5,4,6,6,1,1,5,2,5,2,12,,,,,B03,,,1,,1,,,84,84,1,12,4,120.642638,24.146872,3
7393,66000,387130000C,(04)23274275,(04)23288582,2025,04,20,16,53,臺中市,西屯區,0,1,0,7,3,6,50,3,2,1,5,4,6,6,4,4,10,5,5,2,17,2,9,1,1,C03,7,9,1,10,2,12,,82,82,1,12,2,120.645365,24.178095,2
7394,66000,387130000C,(04)23274275,(04)23288582,2025,04,20,17,0,臺中市,龍井區,0,1,0,7,2,6,70,4,2,1,5,4,6,6,1,1,10,5,5,2,11,2,9,3,1,B03,7,6,1,8,2,5,,11,11,1,12,4,120.540392,24.210094,2
7395,66000,387130000C,(04)23274275,(04)23288582,2025,04,20,17,5,臺中市,太平區,0,1,0,7,3,6,40,13,14,1,5,4,6,6,4,4,5,2,5,1,17,2,9,1,1,C04,7,9,1,10,2,14,,84,84,1,6,4,120.712448,24.157608,2
7396,66000,387130000C,(04)23274275,(04)23288582,2025,04,20,17,9,臺中市,太平區,0,0,0,7,,,50,,,,,,,,,,,,,,16,,,,,C03,,,1,,1,,,84,84,1,12,4,120.705068,24.148288,3
7397,66000,387130000C,(04)23274275,(04)23288582,2025,04,20,17,14,臺中市,太平區,0,1,0,7,3,6,50,4,1,1,5,4,6,6,4,4,10,5,5,2,16,3,10,3,1,B03,7,5,1,8,2,5,,11,11,1,6,4,120.716304,24.152642,2
7398,66000,387130000C,(04)23274275,(04)23288582,2025,04,20,17,27,臺中市,霧峰區,0,1,0,7,2,6,50,13,7,1,5,4,6,6,4,4,5,4,4,2,12,3,10,3,1,B03,7,9,1,8,2,2,,8,8,1,13,4,120.697139,24.064435,2
7399,66000,387130000C,(04)23274275,(04)23288582,2025,04,20,17,27,臺中市,沙鹿區,0,0,0,7,,,60,,,,,,,,,,,,,,13,,,,,B03,,,1,,1,,,7,7,1,13,4,120.569467,24.238679,3
7400,66000,387130000C,(04)23274275,(04)23288582,2025,04,20,17,30,臺中市,南屯區,0,0,0,7,,,50,,,,,,,,,,,,,,20,,,,,B03,,,1,,2,,,8,8,1,12,4,120.638473,24.135561,3
7401,66000,387130000C,(04)23274275,(04)23288582,2025,04,20,17,35,臺中市,東區,0,0,0,7,,,50,,,,,,,,,,,,,,14,,,,,B03,,,1,,2,,,49,49,1,12,4,120.688181,24.140257,3
7402,66000,387130000C,(04)23274275,(04)23288582,2025,04,20,17,37,臺中市,西區,0,2,0,6,1,6,50,4,1,1,5,4,6,6,1,1,10,5,5,2,17,2,9,5,4,C04,7,9,1,10,2,12,,84,84,1,12,4,120.659675,24.157331,2
7403,66000,387130000C,(04)23274275,(04)23288582,2025,04,20,17,37,臺中市,北區,0,1,0,6,3,6,50,4,2,1,5,4,6,6,1,1,3,2,4,2,13,3,10,5,4,C03,7,9,5,10,8,11,,84,84,1,13,4,120.672438,24.169909,2
7404,66000,387130000C,(04)23274275,(04)23288582,2025,04,20,17,39,臺中市,潭子區,0,2,0,6,3,6,60,3,4,1,5,4,6,6,2,1,1,4,4,1,13,2,9,1,1,C03,7,14,5,19,2,11,,84,84,1,13,4,120.70686,24.223881,2
7405,66000,387130000C,(04)23274275,(04)23288582,2025,04,20,17,41,臺中市,中區,0,0,0,7,,,50,,,,,,,,,,,,,,17,,,,,B02,,,1,,2,,,40,40,1,12,4,120.684022,24.138535,3
7406,66000,387130000C,(04)23274275,(04)23288582,2025,04,20,17,42,臺中市,西屯區,0,0,0,7,,,50,,,,,,,,,,,,,,12,,,,,B03,,,1,,1,,,40,40,1,12,4,120.644927,24.182309,3
7407,66000,387130000C,(04)23274275,(04)23288582,2025,04,20,17,42,臺中市,大甲區,0,1,0,7,3,6,50,4,1,1,5,4,6,6,3,1,5,5,5,1,14,3,10,3,1,B03,7,2,1,8,2,3,,49,49,1,6,4,120.62563,24.353916,2
7408,66000,387130000C,(04)23274275,(04)23288582,2025,04,20,17,50,臺中市,南區,0,1,0,7,1,6,40,13,8,1,5,4,6,6,4,4,5,5,4,2,13,2,9,1,1,C03,7,9,1,10,2,11,,84,84,1,12,4,120.656594,24.123832,2
7409,66000,387130000C,(04)23274275,(04)23288582,2025,04,20,17,51,臺中市,西區,0,2,0,7,2,6,40,13,8,1,5,4,6,6,4,4,1,4,1,2,17,2,9,1,1,C03,7,9,1,10,2,11,,7,7,1,6,4,120.659894,24.158815,2
7410,66000,387130000C,(04)23274275,(04)23288582,2025,04,20,17,52,臺中市,大肚區,0,0,0,7,,,40,,,,,,,,,,,,,,,,,,,B03,,,1,,2,,,50,50,1,6,4,120.531303,24.161415,3
7411,66000,387130000C,(04)23274275,(04)23288582,2025,04,20,17,54,臺中市,烏日區,0,1,0,7,2,6,50,13,8,1,5,4,6,6,4,4,5,5,4,2,9,3,10,5,4,B03,7,2,1,8,2,3,,49,49,1,6,4,120.625682,24.108158,2
7412,66000,387130000C,(04)23274275,(04)23288582,2025,04,20,17,59,臺中市,西區,0,3,0,7,3,6,50,13,9,1,5,4,6,6,4,4,1,4,5,2,17,2,9,1,1,C03,7,15,1,10,2,14,,84,84,1,12,4,120.667426,24.129337,2
7413,66000,387130000C,(04)23274275,(04)23288582,2025,04,20,18,0,臺中市,南屯區,0,0,0,7,,,50,,,,,,,,,,,,,,17,,,,,B03,,,1,,1,,,8,8,1,12,4,120.644633,24.149918,3
7414,66000,387130000C,(04)23274275,(04)23288582,2025,04,20,18,2,臺中市,北區,0,1,0,7,1,6,50,4,2,1,5,4,6,6,2,1,10,5,5,2,12,3,10,1,1,C03,7,1,3,19,2,12,,71,71,1,12,4,120.682226,24.163024,2
7415,66000,387130000C,(04)23274275,(04)23288582,2025,04,20,18,2,臺中市,豐原區,0,1,0,7,2,6,50,3,2,1,5,4,6,6,3,1,5,5,4,1,12,3,10,3,1,B03,7,5,1,8,2,5,,11,11,1,12,4,120.724822,24.25223,2
7416,66000,387130000C,(04)23274275,(04)23288582,2025,04,20,18,3,臺中市,大里區,0,3,0,6,1,6,50,4,1,1,5,4,6,6,2,1,1,4,4,1,16,2,3,3,1,B03,7,6,1,8,2,8,,11,11,1,13,4,120.675447,24.10283,2
7417,66000,387130000C,(04)23274275,(04)23288582,2025,04,20,18,6,臺中市,中區,0,0,0,7,,,,,,,,,,,,,,,,,,,,,,,,,,,,,,119,119,1,,,120.678673,24.145487,3
7418,66000,387130000C,(04)23274275,(04)23288582,2025,04,20,18,9,臺中市,豐原區,0,0,0,7,,,50,,,,,,,,,,,,,,13,,,,,C03,,,1,,2,,,7,7,1,13,4,120.71893,24.243434,3
7419,66000,387130000C,(04)23274275,(04)23288582,2025,04,20,18,13,臺中市,西屯區,0,1,0,7,2,6,50,13,9,1,5,4,6,6,4,4,1,4,5,2,12,3,10,3,4,B03,7,7,1,8,2,5,,84,84,1,13,4,120.642331,24.17293,2
7420,66000,387130000C,(04)23274275,(04)23288582,2025,04,20,18,17,臺中市,南屯區,0,2,0,7,1,6,30,4,1,1,5,4,6,6,4,4,10,5,5,2,15,2,9,1,1,C03,7,9,1,10,2,11,,15,15,1,12,4,120.640433,24.136083,2
7421,66000,387130000C,(04)23274275,(04)23288582,2025,04,20,18,19,臺中市,大里區,0,1,0,7,1,6,50,4,1,1,5,4,6,1,4,4,10,5,5,2,16,2,9,1,1,C03,7,5,1,10,2,11,,59,59,1,12,4,120.690998,24.087539,2
7422,66000,387130000C,(04)23274275,(04)23288582,2025,04,20,18,20,臺中市,東區,0,0,0,7,,,40,,,,,,,,,,,,,,17,,,,,B12,,,1,,1,,,51,51,1,12,4,120.690744,24.131741,3
7423,66000,387130000C,(04)23274275,(04)23288582,2025,04,20,18,20,臺中市,南屯區,0,0,0,7,,,50,,,,,,,,,,,,,,13,,,,,B03,,,1,,2,,,7,7,1,6,4,120.630541,24.144849,3
7424,66000,387130000C,(04)23274275,(04)23288582,2025,04,20,18,22,臺中市,北屯區,0,0,0,7,,,50,,,,,,,,,,,,,,13,,,,,C03,,,1,,9,,,59,59,1,13,4,120.710387,24.181354,3
7425,66000,387130000C,(04)23274275,(04)23288582,2025,04,20,18,24,臺中市,西區,0,2,0,7,1,6,50,3,1,1,5,4,6,6,4,4,10,5,5,2,17,2,9,5,4,C03,7,9,1,10,2,11,,84,84,1,12,4,120.667598,24.146725,2
7426,66000,387130000C,(04)23274275,(04)23288582,2025,04,20,18,33,臺中市,東區,0,2,0,7,1,6,50,3,1,1,5,4,6,6,4,4,5,5,5,2,13,2,9,2,1,C03,7,9,1,10,2,11,,8,8,1,13,4,120.700338,24.130529,2
7427,66000,387130000C,(04)23274275,(04)23288582,2025,04,20,18,42,臺中市,西屯區,0,2,0,7,1,6,40,13,8,1,5,4,6,5,4,4,1,1,1,2,23,2,9,1,1,C03,7,9,1,10,2,12,,59,59,1,5,4,120.640332,24.202329,2
7428,66000,387130000C,(04)23274275,(04)23288582,2025,04,20,18,43,臺中市,北屯區,0,0,0,7,,,50,,,,,,,,,,,,,,13,,,,,B03,,,1,,1,,,59,59,1,12,4,120.727669,24.16062,3
7429,66000,387130000C,(04)23274275,(04)23288582,2025,04,20,18,49,臺中市,北屯區,0,0,0,7,,,50,,,,,,,,,,,,,,17,,,,,B12,,,5,8,2,,,40,40,1,12,4,120.666873,24.180426,3
7430,66000,387130000C,(04)23274275,(04)23288582,2025,04,20,18,49,臺中市,西屯區,0,0,0,7,,,50,,,,,,,,,,,,,,14,,,,,B03,,,1,,1,,,59,59,1,12,4,120.611864,24.1846,3
7431,66000,387130000C,(04)23274275,(04)23288582,2025,04,20,18,50,臺中市,南屯區,0,1,0,7,2,6,40,13,8,1,5,4,6,6,4,4,9,4,4,2,13,2,9,1,1,C03,7,9,1,10,2,11,,56,56,1,12,4,120.611303,24.133676,2
7432,66000,387130000C,(04)23274275,(04)23288582,2025,04,20,18,50,臺中市,沙鹿區,0,0,0,7,1,6,50,13,14,1,5,4,6,6,4,4,10,5,5,2,12,,,,,B12,,,1,,2,,,51,51,1,12,4,120.567028,24.257151,3
7433,66000,387130000C,(04)23274275,(04)23288582,2025,04,20,18,50,臺中市,豐原區,0,0,0,7,1,6,50,13,8,1,5,4,6,6,4,4,5,2,4,1,12,3,10,3,1,B03,7,9,1,8,2,2,,8,8,1,12,4,120.720544,24.266378,3
7434,66000,387130000C,(04)23274275,(04)23288582,2025,04,20,18,53,臺中市,北區,0,0,0,7,,,50,,,,,,,,,,,,,,13,,,,,C03,,,1,,1,,,7,7,1,13,2,120.683703,24.148424,3
7435,66000,387130000C,(04)23274275,(04)23288582,2025,04,20,18,56,臺中市,南區,0,0,0,7,,,50,,,,,,,,,,,,,,13,,,,,C03,,,1,,1,,,7,7,1,13,2,120.670099,24.116019,3
7436,66000,387130000C,(04)23274275,(04)23288582,2025,04,20,19,5,臺中市,北屯區,0,1,0,7,1,6,50,3,1,1,5,4,6,6,4,4,10,5,5,2,13,2,9,5,4,C03,7,9,1,10,2,11,,7,7,1,13,4,120.703432,24.169468,2
7437,66000,387130000C,(04)23274275,(04)23288582,2025,04,20,19,7,臺中市,南屯區,0,0,0,7,,,50,,,,,,,,,,,,,,,,,,,B03,,,1,,2,,,84,84,1,12,4,120.623977,24.145183,3
7438,66000,387130000C,(04)23274275,(04)23288582,2025,04,20,19,8,臺中市,沙鹿區,0,0,0,7,,,50,,,,,,,,,,,,,,17,,,,,B03,,,1,,2,,,14,14,1,13,4,120.578251,24.221816,3
7439,66000,387130000C,(04)23274275,(04)23288582,2025,04,20,19,10,臺中市,西屯區,0,0,0,7,,,50,,,,,,,,,,,,,,,,,,,B03,,,1,,2,,,8,8,1,12,4,120.636574,24.181905,4
7440,66000,387130000C,(04)23274275,(04)23288582,2025,04,20,19,10,臺中市,龍井區,0,0,0,6,,,30,,,,,,,,,,,,,,14,,,,,B03,,,1,,1,,,49,49,1,6,4,120.589264,24.180564,3
7441,66000,387130000C,(04)23274275,(04)23288582,2025,04,20,19,15,臺中市,太平區,0,0,0,7,,,50,,,,,,,,,,,,,,17,,,,,B03,,,1,,2,,,51,51,1,12,4,120.730847,24.112122,3
7442,66000,387130000C,(04)23274275,(04)23288582,2025,04,20,19,15,臺中市,龍井區,0,0,0,6,,,50,,,,,,,,,,,,,,16,,,,,B03,,,1,,2,,,51,51,1,6,4,120.584005,24.182112,3
7443,66000,387130000C,(04)23274275,(04)23288582,2025,04,20,19,27,臺中市,豐原區,0,2,0,7,1,6,50,13,8,1,5,4,6,6,4,4,5,4,4,1,9,3,10,6,5,H01,8,16,7,21,10,17,,95,95,1,12,5,120.727492,24.251408,2
7444,66000,387130000C,(04)23274275,(04)23288582,2025,04,20,19,28,臺中市,太平區,0,2,0,7,1,6,50,4,2,1,5,4,6,6,4,4,10,5,5,2,16,3,10,1,1,C03,7,5,1,10,2,12,,65,65,1,12,4,120.71544,24.148809,2
7445,66000,387130000C,(04)23274275,(04)23288582,2025,04,20,19,32,臺中市,西屯區,0,0,0,7,,,50,,,,,,,,,,,,,,14,,,,,B03,,,1,,2,,,49,49,1,13,4,120.620115,24.185381,3
7446,66000,387130000C,(04)23274275,(04)23288582,2025,04,20,19,39,臺中市,西區,0,0,0,7,,,50,,,,,,,,,,,,,,13,,,,,B03,,,1,,1,,,84,84,1,12,4,120.666497,24.152787,3
7447,66000,387130000C,(04)23274275,(04)23288582,2025,04,20,19,39,臺中市,太平區,0,0,0,7,1,6,50,3,2,1,5,4,6,6,4,4,5,5,5,2,18,3,10,1,1,C03,7,9,5,10,7,16,,84,84,1,6,4,120.7032,24.155757,3
7448,66000,387130000C,(04)23274275,(04)23288582,2025,04,20,19,46,臺中市,北屯區,0,1,0,7,1,6,50,4,1,1,5,4,6,6,2,1,3,3,5,2,16,3,10,2,1,C03,7,9,1,10,2,11,14,21,21,1,13,4,120.710703,24.182221,2
7449,66000,387130000C,(04)23274275,(04)23288582,2025,04,20,19,52,臺中市,西屯區,0,1,0,7,1,6,40,3,1,1,5,4,6,6,2,1,10,5,5,2,12,2,9,1,1,C03,7,8,1,10,2,14,12,40,40,1,12,4,120.639069,24.168932,2
7450,66000,387130000C,(04)23274275,(04)23288582,2025,04,20,19,53,臺中市,東區,0,1,0,7,1,6,1,13,7,1,5,4,6,6,4,4,5,5,4,2,3,2,9,6,5,H01,8,16,7,21,10,17,,95,95,1,12,5,120.683511,24.130338,2
7451,66000,387130000C,(04)23274275,(04)23288582,2025,04,20,20,6,臺中市,南區,0,0,0,7,,,50,,,,,,,,,,,,,,17,,,,,,,,,,,,,86,86,1,,,120.663768,24.120969,3
7452,66000,387130000C,(04)23274275,(04)23288582,2025,04,20,20,6,臺中市,大甲區,0,0,0,7,1,6,30,13,9,5,5,4,6,6,4,4,10,5,5,2,12,3,10,3,1,B03,7,9,1,8,7,5,2,53,53,1,6,4,120.632382,24.346731,3
7453,66000,387130000C,(04)23274275,(04)23288582,2025,04,20,20,8,臺中市,南區,0,1,0,7,1,6,50,13,7,1,5,4,6,6,4,4,9,4,4,2,16,3,10,3,1,B03,7,11,1,8,2,8,,45,45,1,13,4,120.664793,24.11687,2
7454,66000,387130000C,(04)23274275,(04)23288582,2025,04,20,20,8,臺中市,龍井區,0,1,0,6,1,6,50,13,9,1,5,4,6,6,4,4,9,4,5,1,16,3,10,1,1,C03,7,6,5,19,2,11,,39,39,1,6,4,120.582005,24.177112,2
7455,66000,387130000C,(04)23274275,(04)23288582,2025,04,20,20,14,臺中市,西屯區,0,0,0,7,,,80,,,,,,,,,,,,,,13,,,,,B03,,,1,,1,,,7,7,1,13,4,120.630192,24.165776,3
7456,66000,387130000C,(04)23274275,(04)23288582,2025,04,20,20,18,臺中市,南區,0,0,0,7,,,50,,,,,,,,,,,,,,13,,,,,B03,,,1,,1,,,7,7,1,12,4,120.65709,24.133948,3
7457,66000,387130000C,(04)23274275,(04)23288582,2025,04,20,20,21,臺中市,太平區,0,2,0,7,1,6,50,3,9,1,5,4,6,6,2,1,5,5,5,1,13,2,9,2,1,C03,7,9,1,10,2,11,,7,7,1,12,4,120.718359,24.12833,2
7458,66000,387130000C,(04)23274275,(04)23288582,2025,04,20,20,22,臺中市,大里區,0,1,0,6,1,6,50,4,1,1,5,4,6,6,1,1,5,5,4,2,15,3,10,3,1,B03,7,9,1,8,2,1,,21,21,1,13,4,120.68959,24.107805,2
7459,66000,387130000C,(04)23274275,(04)23288582,2025,04,20,20,33,臺中市,烏日區,0,0,0,7,1,6,50,3,1,1,5,4,6,6,1,1,10,5,5,2,12,3,10,3,1,B03,7,5,1,8,1,2,,84,84,1,6,4,120.616844,24.116186,3
7460,66000,387130000C,(04)23274275,(04)23288582,2025,04,20,20,34,臺中市,南區,0,0,0,7,,,50,,,,,,,,,,,,,,17,,,,,B03,,,1,,2,,,84,84,1,12,4,120.661476,24.121735,3
7461,66000,387130000C,(04)23274275,(04)23288582,2025,04,20,20,45,臺中市,烏日區,0,0,0,7,,,40,,,,,,,,,,,,,,13,,,,,B01,,,1,,1,,,7,7,1,6,4,120.617342,24.119796,3
7462,66000,387130000C,(04)23274275,(04)23288582,2025,04,20,20,48,臺中市,西屯區,0,1,0,7,1,6,40,13,8,1,5,4,6,6,4,4,1,4,1,1,18,2,9,1,1,C03,7,9,1,10,2,11,,84,84,1,12,4,120.657215,24.15916,2
7463,66000,387130000C,(04)23274275,(04)23288582,2025,04,20,20,50,臺中市,西區,0,1,0,6,1,6,40,4,2,1,5,4,6,6,1,1,1,2,4,2,16,2,9,1,1,C03,7,5,1,10,2,11,,20,20,1,12,4,120.673234,24.147249,2
7464,66000,387130000C,(04)23274275,(04)23288582,2025,04,20,20,50,臺中市,沙鹿區,0,0,0,7,1,6,50,13,14,1,5,4,6,6,4,4,4,3,4,2,27,,,,,B02,,,1,,2,,,49,49,1,12,4,120.555926,24.235633,3
7465,66000,387130000C,(04)23274275,(04)23288582,2025,04,20,20,55,臺中市,西屯區,0,0,0,7,,,40,,,,,,,,,,,,,,13,,,,,C03,,,1,,1,,,7,7,1,12,4,120.641422,24.167841,3
7466,66000,387130000C,(04)23274275,(04)23288582,2025,04,20,21,0,臺中市,大雅區,0,1,0,7,1,6,50,13,9,1,5,4,6,6,4,4,5,4,5,1,17,3,10,3,1,B03,7,9,1,8,2,2,,7,7,1,12,4,120.644965,24.223017,2
7467,66000,387130000C,(04)23274275,(04)23288582,2025,04,20,21,2,臺中市,潭子區,0,1,0,7,1,6,50,3,2,1,5,4,6,6,4,4,1,4,5,2,12,2,9,2,1,C03,7,9,1,10,2,12,,8,8,1,13,4,120.71113,24.206479,2
7468,66000,387130000C,(04)23274275,(04)23288582,2025,04,20,21,14,臺中市,大里區,0,1,0,7,3,6,30,13,9,1,5,4,6,6,4,4,10,5,5,1,11,3,10,3,1,B03,7,9,1,8,2,8,,8,8,1,13,4,120.713475,24.083681,2
7469,66000,387130000C,(04)23274275,(04)23288582,2025,04,20,21,34,臺中市,西區,0,1,0,7,1,6,50,4,2,1,5,4,6,6,2,1,5,4,5,1,12,3,10,3,1,B03,7,9,1,8,2,2,,8,8,1,13,4,120.664298,24.150856,2
7470,66000,387130000C,(04)23274275,(04)23288582,2025,04,20,21,35,臺中市,太平區,0,0,0,7,1,6,50,5,2,1,5,4,6,6,1,1,5,5,5,1,17,3,10,3,1,B12,7,9,1,8,2,4,,59,59,1,6,4,120.722378,24.112677,3
7471,66000,387130000C,(04)23274275,(04)23288582,2025,04,20,21,49,臺中市,沙鹿區,0,2,0,7,1,6,50,4,1,1,5,4,6,6,4,4,10,4,4,2,17,2,9,2,1,C03,7,7,1,10,2,12,,40,40,1,13,2,120.561486,24.243023,2
7472,66000,387130000C,(04)23274275,(04)23288582,2025,04,20,22,8,臺中市,南屯區,0,0,0,7,,,50,,,,,,,,,,,,,,,,,,,B03,,,1,,1,,,84,84,1,12,4,120.644083,24.140041,3
7473,66000,387130000C,(04)23274275,(04)23288582,2025,04,20,22,9,臺中市,大里區,0,1,0,7,1,6,50,13,9,1,5,4,5,6,4,4,1,4,5,1,30,2,9,1,1,C03,7,9,1,10,2,11,,84,84,1,13,2,120.670194,24.110967,2
7474,66000,387130000C,(04)23274275,(04)23288582,2025,04,20,22,11,臺中市,東勢區,0,0,0,7,,,30,,,,,,,,,,,,,,,,,,,B03,,,1,,1,,,84,84,1,12,4,120.835042,24.2462,3
7475,66000,387130000C,(04)23274275,(04)23288582,2025,04,20,22,13,臺中市,西區,0,0,0,7,,,40,,,,,,,,,,,,,,,,,,,B03,,,1,,1,,,84,84,1,12,4,120.659508,24.157677,3
7476,66000,387130000C,(04)23274275,(04)23288582,2025,04,20,22,14,臺中市,北屯區,0,2,0,7,1,6,50,4,1,1,5,4,6,6,4,4,10,5,5,2,15,2,9,2,1,C03,7,9,1,10,2,11,,12,12,1,12,4,120.701175,24.18522,2
7477,66000,387130000C,(04)23274275,(04)23288582,2025,04,20,22,29,臺中市,梧棲區,0,1,0,7,1,6,40,3,1,1,5,4,6,6,1,1,10,5,5,2,16,2,9,1,1,C03,7,9,1,10,2,11,,59,59,1,6,4,120.542584,24.247199,2
7478,66000,387130000C,(04)23274275,(04)23288582,2025,04,20,22,30,臺中市,東區,0,0,0,7,,,0,,,,,,,,,,,,,,17,,,,,C03,,,1,,11,,,85,85,1,12,4,120.693274,24.134568,3
7479,66000,387130000C,(04)23274275,(04)23288582,2025,04,20,22,32,臺中市,北區,0,0,0,7,,,50,,,,,,,,,,,,,,17,,,,,B03,,,1,,2,,,85,85,1,13,4,120.675525,24.159066,3
7480,66000,387130000C,(04)23274275,(04)23288582,2025,04,20,22,33,臺中市,北區,0,1,0,7,1,6,50,4,1,1,5,4,6,6,1,1,10,5,5,2,16,3,10,5,4,B03,7,5,1,8,2,2,,47,47,1,13,4,120.679431,24.151911,2
7481,66000,387130000C,(04)23274275,(04)23288582,2025,04,20,22,59,臺中市,烏日區,0,0,0,7,,,30,,,,,,,,,,,,,,14,,,,,B12,,,1,,1,,,49,49,1,6,4,120.652968,24.104991,3
7482,66000,387130000C,(04)23274275,(04)23288582,2025,04,20,23,7,臺中市,南屯區,0,2,0,7,1,6,50,4,1,1,5,4,6,6,2,1,5,4,4,2,16,2,8,2,1,C03,7,6,1,10,2,14,,48,48,1,12,4,120.649945,24.136684,2