序號,縣市別代碼,機關代碼,市話,傳真,年,月,日,時,分,縣市,區,死亡數量,受傷數量,2-30,天候,道路照明設備,道路類別,道路速限,道路型態,事故位置,路面鋪裝,路面狀態,路面缺陷,障礙物,視距,號誌種類,號誌動作,分向設施,快車道或一般車道間,快慢車道間,路面邊線,事故類型及型態,受傷程度,主要傷處,保護裝備,行動電話或功能裝置,當事者區分（類別）,車輛用途,當事者行動狀態,駕照狀態,駕照種類,飲酒情形,車輛撞擊部位最初,車輛撞擊部位其他,肇事因素個別,肇事因素主要,肇事逃逸,職業,共享經濟或外送平台,GPS座標X,GPS座標Y,事故類別
7594,66000,387130000C,(04)23274275,(04)23288582,2025,04,21,11,10,臺中市,烏日區,0,0,0,7,,,50,,,,,,,,,,,,,,,,,,,B03,,,1,,1,,,84,84,1,6,4,120.634102,24.107985,3
7595,66000,387130000C,(04)23274275,(04)23288582,2025,04,21,11,11,臺中市,北區,0,1,0,7,2,6,50,13,9,1,5,4,6,6,4,4,5,5,5,2,17,2,9,1,1,C03,7,9,1,10,2,11,,84,84,1,13,4,120.698912,24.159806,2
7596,66000,387130000C,(04)23274275,(04)23288582,2025,04,21,11,11,臺中市,大里區,0,1,0,6,2,6,50,13,9,1,5,4,1,6,4,4,1,4,5,1,29,2,9,1,1,C03,7,9,1,10,2,11,,6,6,1,12,4,120.700551,24.119905,2
7597,66000,387130000C,(04)23274275,(04)23288582,2025,04,21,11,16,臺中市,潭子區,0,1,0,7,3,6,50,4,2,1,5,4,6,6,3,1,10,5,5,2,16,2,9,1,1,C03,7,6,1,10,2,12,,24,24,1,13,4,120.706176,24.215499,2
7598,66000,387130000C,(04)23274275,(04)23288582,2025,04,21,11,20,臺中市,太平區,0,0,0,7,,,80,,,,,,,,,,,,,,,,,,,A11,,,1,,1,,,7,7,1,6,4,120.716921,24.154433,3
7599,66000,387130000C,(04)23274275,(04)23288582,2025,04,21,11,25,臺中市,南屯區,0,0,0,7,,,50,,,,,,,,,,,,,,,,,,,B12,,,1,,1,,,49,49,1,12,4,120.653151,24.138714,3
7600,66000,387130000C,(04)23274275,(04)23288582,2025,04,21,11,25,臺中市,北屯區,0,1,0,7,2,6,50,4,4,1,5,4,6,6,2,1,10,5,5,2,13,3,10,3,1,B03,7,9,1,8,2,5,,84,84,1,12,4,120.688698,24.166953,2
7601,66000,387130000C,(04)23274275,(04)23288582,2025,04,21,11,25,臺中市,大肚區,0,2,0,7,2,6,30,11,9,1,5,4,6,6,4,4,10,5,5,1,11,2,9,1,1,C03,7,9,1,10,2,14,,8,8,1,6,4,120.583131,24.119333,2
7602,66000,387130000C,(04)23274275,(04)23288582,2025,04,21,11,33,臺中市,北屯區,0,0,0,7,,,50,,,,,,,,,,,,,,17,,,,,B03,,,1,,11,,,8,8,1,12,4,120.693425,24.180443,3
7603,66000,387130000C,(04)23274275,(04)23288582,2025,04,21,11,34,臺中市,霧峰區,0,1,0,7,3,6,50,13,9,1,5,4,6,6,1,1,9,5,5,1,13,3,10,5,4,B03,7,9,1,8,2,1,,7,7,1,6,4,120.697669,24.057188,2
7604,66000,387130000C,(04)23274275,(04)23288582,2025,04,21,11,44,臺中市,大雅區,0,1,0,7,1,6,50,3,2,1,5,4,6,6,3,1,5,4,4,1,16,3,10,2,1,C03,7,15,1,10,11,12,,4,4,2,12,4,120.673399,24.231629,2
7605,66000,387130000C,(04)23274275,(04)23288582,2025,04,21,11,47,臺中市,西區,0,0,0,7,,,50,,,,,,,,,,,,,,,,,,,C03,,,1,,1,,,84,84,1,12,4,120.653871,24.146619,3
7606,66000,387130000C,(04)23274275,(04)23288582,2025,04,21,11,47,臺中市,北區,0,0,0,7,,,30,,,,,,,,,,,,,,17,,,,,B12,,,1,,1,,,84,84,1,13,4,120.679839,24.153091,3
7607,66000,387130000C,(04)23274275,(04)23288582,2025,04,21,11,48,臺中市,大里區,0,0,0,7,,,50,,,,,,,,,,,,,,,,,,,B03,,,1,,1,,,50,50,1,12,4,120.706362,24.105968,3
7608,66000,387130000C,(04)23274275,(04)23288582,2025,04,21,11,50,臺中市,潭子區,0,2,0,7,2,6,60,13,8,1,5,4,6,6,4,4,1,3,4,1,13,2,9,1,1,C03,7,9,1,10,2,11,,84,84,1,13,4,120.705217,24.210861,2
7609,66000,387130000C,(04)23274275,(04)23288582,2025,04,21,11,53,臺中市,大安區,0,0,0,7,,,50,,,,,,,,,,,,,,12,,,,,C03,,,1,,1,,,51,51,1,6,4,120.586095,24.346453,3
7610,66000,387130000C,(04)23274275,(04)23288582,2025,04,21,11,55,臺中市,大雅區,0,0,0,7,,,50,,,,,,,,,,,,,,,,,,,B03,,,1,,2,,,84,84,1,13,4,120.651105,24.22133,3
7611,66000,387130000C,(04)23274275,(04)23288582,2025,04,21,11,55,臺中市,太平區,0,1,0,7,2,6,30,13,5,1,5,4,6,6,4,4,10,5,5,2,16,2,8,2,1,C03,7,9,1,10,2,11,,84,84,1,13,4,120.724996,24.143247,2
7612,66000,387130000C,(04)23274275,(04)23288582,2025,04,21,11,57,臺中市,中區,0,0,0,7,,,50,,,,,,,,,,,,,,17,,,,,B03,,,1,,2,,,50,50,1,12,4,120.679834,24.139129,3
7613,66000,387130000C,(04)23274275,(04)23288582,2025,04,21,12,0,臺中市,西區,0,0,0,7,,,50,,,,,,,,,,,,,,,,,,,B03,,,1,,1,,,84,84,1,6,4,120.655807,24.151027,3
7614,66000,387130000C,(04)23274275,(04)23288582,2025,04,21,12,0,臺中市,西屯區,0,1,0,7,2,6,20,13,9,1,5,4,6,6,4,4,9,5,5,2,16,3,10,3,1,B11,7,6,1,4,2,1,,48,48,1,6,4,120.596108,24.171366,2
7615,66000,387130000C,(04)23274275,(04)23288582,2025,04,21,12,3,臺中市,東勢區,0,1,0,7,1,6,50,13,9,1,5,4,6,6,4,4,7,3,5,1,11,3,10,5,4,B03,7,8,1,8,2,1,,4,4,1,12,4,120.850213,24.255391,2
7616,66000,387130000C,(04)23274275,(04)23288582,2025,04,21,12,6,臺中市,潭子區,0,2,0,7,2,6,50,5,2,1,5,4,6,6,3,1,5,4,5,2,17,2,9,2,1,C03,7,6,1,10,2,12,,24,24,1,13,4,120.705899,24.215489,2
7617,66000,387130000C,(04)23274275,(04)23288582,2025,04,21,12,6,臺中市,神岡區,0,1,0,7,2,6,50,13,9,1,5,4,6,6,4,4,9,5,5,1,17,3,10,5,4,C03,7,15,1,10,2,14,,42,42,1,13,4,120.712597,24.258323,2
7618,66000,387130000C,(04)23274275,(04)23288582,2025,04,21,12,11,臺中市,太平區,0,0,0,7,,,50,,,,,,,,,,,,,,14,,,,,B03,,,1,,2,,,49,49,2,12,4,120.714685,24.14917,3
7619,66000,387130000C,(04)23274275,(04)23288582,2025,04,21,12,13,臺中市,北區,0,2,0,7,2,6,50,13,7,1,5,4,6,6,4,4,5,5,4,2,17,2,9,5,4,C03,7,1,1,10,2,11,,51,51,1,12,4,120.674274,24.171587,2
7620,66000,387130000C,(04)23274275,(04)23288582,2025,04,21,12,13,臺中市,太平區,0,0,0,7,,,50,,,,,,,,,,,,,,,,,,,B03,,,1,,2,,,39,39,1,6,4,120.719749,24.127399,3
7621,66000,387130000C,(04)23274275,(04)23288582,2025,04,21,12,14,臺中市,北屯區,0,1,0,7,3,6,50,4,1,1,5,4,6,6,4,4,10,5,5,2,15,2,9,2,1,C03,7,9,3,19,2,12,,15,15,1,12,4,120.670501,24.185675,2
7622,66000,387130000C,(04)23274275,(04)23288582,2025,04,21,12,20,臺中市,西區,0,0,0,7,,,50,,,,,,,,,,,,,,,,,,,B03,,,1,,2,,,51,51,1,12,4,120.676286,24.138556,3
7623,66000,387130000C,(04)23274275,(04)23288582,2025,04,21,12,21,臺中市,大里區,0,1,0,7,2,6,50,13,9,1,5,4,6,6,4,4,9,5,5,1,17,2,9,5,4,C03,7,9,1,10,2,14,,84,84,1,13,4,120.693711,24.075978,2
7624,66000,387130000C,(04)23274275,(04)23288582,2025,04,21,12,22,臺中市,北區,0,0,0,7,,,40,,,,,,,,,,,,,,17,,,,,C03,,,1,,9,,,8,8,2,13,4,120.665016,24.161147,3
7625,66000,387130000C,(04)23274275,(04)23288582,2025,04,21,12,22,臺中市,大里區,0,1,0,7,2,6,50,4,1,1,5,4,6,6,1,1,10,5,5,2,12,2,9,2,1,C03,7,9,1,10,1,14,,8,8,1,6,4,120.699119,24.089421,2
7626,66000,387130000C,(04)23274275,(04)23288582,2025,04,21,12,25,臺中市,龍井區,0,1,0,7,2,6,50,13,9,1,5,4,6,6,4,4,10,4,4,2,13,2,9,1,1,C03,7,9,1,10,2,11,,59,59,1,12,4,120.5492,24.208059,2
7627,66000,387130000C,(04)23274275,(04)23288582,2025,04,21,12,26,臺中市,北屯區,0,1,0,7,3,6,50,3,1,1,5,4,6,6,4,4,10,5,5,2,17,3,10,3,1,B03,7,6,1,8,2,1,,12,12,1,12,4,120.718322,24.168859,2
7628,66000,387130000C,(04)23274275,(04)23288582,2025,04,21,12,29,臺中市,北區,0,0,0,7,,,50,,,,,,,,,,,,,,17,,,,,C03,,,1,,2,,,8,8,1,13,4,120.667044,24.169235,3
7629,66000,387130000C,(04)23274275,(04)23288582,2025,04,21,12,30,臺中市,南屯區,0,2,0,7,2,6,50,3,1,1,5,4,6,6,1,1,10,5,5,1,16,2,9,1,1,C03,7,6,3,19,2,14,,11,11,1,6,4,120.583304,24.14132,2
7630,66000,387130000C,(04)23274275,(04)23288582,2025,04,21,12,30,臺中市,梧棲區,0,0,0,7,,,50,,,,,,,,,,,,,,27,,,,,B03,,,1,,1,,,59,59,1,6,4,120.537118,24.241469,3
7631,66000,387130000C,(04)23274275,(04)23288582,2025,04,21,12,34,臺中市,霧峰區,0,3,0,7,3,6,50,3,1,1,5,4,6,6,4,4,10,5,5,2,13,2,9,1,1,C03,7,9,1,10,2,11,,84,84,1,5,4,120.688111,24.045036,2
7632,66000,387130000C,(04)23274275,(04)23288582,2025,04,21,12,39,臺中市,南屯區,0,0,0,7,,,50,,,,,,,,,,,,,,,,,,,A12,,,1,,2,,,7,7,1,13,4,120.62267,24.140394,3
7633,66000,387130000C,(04)23274275,(04)23288582,2025,04,21,12,40,臺中市,北屯區,0,0,0,7,,,50,,,,,,,,,,,,,,13,,,,,C03,,,1,,2,,,84,84,1,6,4,120.716055,24.182306,3
7634,66000,387130000C,(04)23274275,(04)23288582,2025,04,21,12,42,臺中市,北區,0,0,0,7,,,50,,,,,,,,,,,,,,13,,,,,C03,,,3,,2,,,7,7,1,12,4,120.669119,24.155327,3
7635,66000,387130000C,(04)23274275,(04)23288582,2025,04,21,12,43,臺中市,西區,0,0,0,7,,,50,,,,,,,,,,,,,,,,,,,B02,,,1,8,1,,,21,21,1,13,4,120.661688,24.140163,3
7636,66000,387130000C,(04)23274275,(04)23288582,2025,04,21,12,48,臺中市,神岡區,0,0,0,7,,,50,,,,,,,,,,,,,,13,,,,,B03,,,1,,2,,,59,59,1,12,4,120.679612,24.249016,4
7637,66000,387130000C,(04)23274275,(04)23288582,2025,04,21,12,49,臺中市,東區,0,0,0,7,,,50,,,,,,,,,,,,,,12,,,,,B03,,,1,,2,,,59,59,1,12,4,120.697535,24.150101,3
7638,66000,387130000C,(04)23274275,(04)23288582,2025,04,21,12,50,臺中市,沙鹿區,0,0,0,7,,,50,,,,,,,,,,,,,,17,,,,,C03,,,5,,9,,,49,49,1,6,4,120.579895,24.216274,3
7639,66000,387130000C,(04)23274275,(04)23288582,2025,04,21,12,51,臺中市,潭子區,0,1,0,7,3,6,50,13,9,1,5,4,6,6,4,4,9,5,5,1,13,2,8,2,1,C03,7,9,1,10,2,11,,7,7,1,13,4,120.697097,24.22393,2
7640,66000,387130000C,(04)23274275,(04)23288582,2025,04,21,12,52,臺中市,西屯區,0,0,0,7,,,50,,,,,,,,,,,,,,17,,,,,B03,,,1,,2,,,14,14,1,13,4,120.62074,24.171344,3
7641,66000,387130000C,(04)23274275,(04)23288582,2025,04,21,13,3,臺中市,南區,0,0,0,7,,,50,,,,,,,,,,,,,,17,,,,,B03,,,1,,2,,,39,39,1,13,4,120.684941,24.121927,3
7642,66000,387130000C,(04)23274275,(04)23288582,2025,04,21,13,7,臺中市,大里區,0,0,0,7,,,50,,,,,,,,,,,,,,17,,,,,B03,,,1,8,2,,,84,84,1,13,4,120.697163,24.084148,3
7643,66000,387130000C,(04)23274275,(04)23288582,2025,04,21,13,8,臺中市,南屯區,0,0,0,7,,,60,,,,,,,,,,,,,,13,,,,,B03,,,1,,1,,,78,78,1,12,4,120.639417,24.142066,3
7644,66000,387130000C,(04)23274275,(04)23288582,2025,04,21,13,9,臺中市,西屯區,0,0,0,7,,,50,,,,,,,,,,,,,,14,,,,,B12,,,1,,1,,,49,49,1,13,4,120.627209,24.200974,3
7645,66000,387130000C,(04)23274275,(04)23288582,2025,04,21,13,11,臺中市,太平區,0,1,0,7,2,6,50,3,1,1,5,4,6,6,1,1,10,5,5,2,17,3,10,3,1,B03,7,15,1,8,2,2,,42,42,1,12,4,120.717617,24.102925,2
7646,66000,387130000C,(04)23274275,(04)23288582,2025,04,21,13,20,臺中市,南屯區,0,1,0,7,2,6,50,3,1,1,5,4,6,6,2,1,5,4,5,2,16,2,9,1,1,C03,7,11,5,19,2,14,,42,42,1,13,4,120.613904,24.139176,2
7647,66000,387130000C,(04)23274275,(04)23288582,2025,04,21,13,25,臺中市,豐原區,0,0,0,7,,,30,,,,,,,,,,,,,,14,,,,,B11,,,1,,2,,,49,49,1,13,4,120.748099,24.266158,3
7648,66000,387130000C,(04)23274275,(04)23288582,2025,04,21,13,29,臺中市,西屯區,0,1,0,7,2,6,50,4,1,1,5,4,6,6,1,1,1,5,5,2,12,3,10,3,1,B01,7,9,1,4,2,2,,8,8,1,12,4,120.651816,24.165933,2
7649,66000,387130000C,(04)23274275,(04)23288582,2025,04,21,13,31,臺中市,中區,0,0,0,7,,,50,,,,,,,,,,,,,,,,,,,B03,,,1,,1,,,51,51,1,6,4,120.680089,24.139077,3
7650,66000,387130000C,(04)23274275,(04)23288582,2025,04,21,13,31,臺中市,西屯區,0,1,0,7,2,6,40,3,1,1,5,4,6,6,4,4,10,5,5,2,16,3,10,5,4,B02,7,5,1,16,1,2,,14,14,1,13,4,120.611231,24.184667,2
7651,66000,387130000C,(04)23274275,(04)23288582,2025,04,21,13,39,臺中市,清水區,0,0,0,7,,,30,,,,,,,,,,,,,,25,,,,,A12,,,1,,1,,,59,59,1,6,4,120.570919,24.261935,3
7652,66000,387130000C,(04)23274275,(04)23288582,2025,04,21,13,42,臺中市,西屯區,0,0,0,7,,,50,,,,,,,,,,,,,,12,,,,,C03,,,1,,2,,,8,8,1,13,4,120.63863,24.180378,3
7653,66000,387130000C,(04)23274275,(04)23288582,2025,04,21,13,45,臺中市,北屯區,0,0,0,7,,,50,,,,,,,,,,,,,,,,,,,B12,,,1,,2,,,84,84,1,12,4,120.681,24.171005,3
7654,66000,387130000C,(04)23274275,(04)23288582,2025,04,21,13,48,臺中市,大里區,0,0,0,7,,,50,,,,,,,,,,,,,,12,,,,,B03,,,1,,9,,,8,8,2,6,4,120.690969,24.092135,3
7655,66000,387130000C,(04)23274275,(04)23288582,2025,04,21,13,51,臺中市,大里區,0,0,0,7,,,30,,,,,,,,,,,,,,,,,,,B03,,,1,,1,,,49,49,1,6,4,120.735001,24.044318,3
7656,66000,387130000C,(04)23274275,(04)23288582,2025,04,21,13,52,臺中市,北區,0,0,0,7,,,50,,,,,,,,,,,,,,17,,,,,B03,,,3,,2,,,84,84,1,12,4,120.691883,24.158853,3
7657,66000,387130000C,(04)23274275,(04)23288582,2025,04,21,13,55,臺中市,太平區,0,1,0,7,3,6,40,13,8,1,5,4,6,6,4,4,5,4,4,2,13,2,9,1,1,C03,7,9,1,10,2,11,14,7,7,1,6,2,120.70732,24.159151,2
7658,66000,387130000C,(04)23274275,(04)23288582,2025,04,21,14,0,臺中市,西屯區,0,0,0,7,,,50,,,,,,,,,,,,,,13,,,,,B03,,,1,,1,,,59,59,1,13,4,120.651808,24.189301,3
7659,66000,387130000C,(04)23274275,(04)23288582,2025,04,21,14,0,臺中市,豐原區,0,0,0,7,,,50,,,,,,,,,,,,,,13,,,,,B03,,,1,,1,,,7,7,1,13,4,120.707342,24.244437,3
7660,66000,387130000C,(04)23274275,(04)23288582,2025,04,21,14,7,臺中市,中區,0,0,0,7,,,50,,,,,,,,,,,,,,,,,,,,,,,,,,,84,84,1,,,120.6684,24.153074,3
7661,66000,387130000C,(04)23274275,(04)23288582,2025,04,21,14,8,臺中市,西區,0,0,0,7,,,50,,,,,,,,,,,,,,,,,,,B03,,,1,,9,,,84,84,2,6,4,120.661695,24.14553,3
7662,66000,387130000C,(04)23274275,(04)23288582,2025,04,21,14,9,臺中市,北區,0,0,0,7,,,50,,,,,,,,,,,,,,17,,,,,C03,,,1,,1,,,8,8,1,13,4,120.691738,24.16064,3
7663,66000,387130000C,(04)23274275,(04)23288582,2025,04,21,14,10,臺中市,東區,0,0,0,7,,,50,,,,,,,,,,,,,,,,,,,B03,,,1,,1,,,7,7,1,6,4,120.702184,24.138882,3
7664,66000,387130000C,(04)23274275,(04)23288582,2025,04,21,14,13,臺中市,南區,0,0,0,7,,,50,,,,,,,,,,,,,,17,,,,,C03,,,1,,1,,,51,51,1,13,4,120.662189,24.12871,3
7665,66000,387130000C,(04)23274275,(04)23288582,2025,04,21,14,13,臺中市,西屯區,0,0,0,7,,,40,,,,,,,,,,,,,,13,,,,,B12,,,1,,1,,,58,58,1,13,4,120.63351,24.173494,3
7666,66000,387130000C,(04)23274275,(04)23288582,2025,04,21,14,13,臺中市,外埔區,0,1,0,7,2,6,40,3,2,1,5,4,6,3,4,4,9,4,4,1,16,3,10,3,1,B03,7,6,1,8,2,1,,12,12,1,12,4,120.63653,24.343188,2
7667,66000,387130000C,(04)23274275,(04)23288582,2025,04,21,14,23,臺中市,大甲區,0,1,0,7,3,6,50,3,9,1,5,4,6,6,3,1,5,5,5,2,12,3,10,3,1,B03,7,9,1,8,2,2,,84,84,1,4,4,120.622315,24.356049,2
7668,66000,387130000C,(04)23274275,(04)23288582,2025,04,21,14,25,臺中市,南屯區,0,0,0,7,,,50,,,,,,,,,,,,,,,,,,,B03,,,1,,1,,,49,49,1,12,4,120.645589,24.148496,3
7669,66000,387130000C,(04)23274275,(04)23288582,2025,04,21,14,27,臺中市,北屯區,0,1,0,7,2,6,50,4,1,1,5,4,6,6,1,1,10,5,5,2,17,2,9,1,1,C03,7,9,1,10,2,12,,85,85,1,12,4,120.68627,24.185439,2
7670,66000,387130000C,(04)23274275,(04)23288582,2025,04,21,14,29,臺中市,梧棲區,0,1,0,7,3,6,50,13,9,1,5,4,6,6,4,4,5,5,5,1,16,3,10,3,1,B03,7,11,1,8,2,8,,39,39,1,6,4,120.533887,24.251743,2
7671,66000,387130000C,(04)23274275,(04)23288582,2025,04,21,14,38,臺中市,豐原區,0,1,0,7,2,6,50,5,1,1,5,4,6,6,2,1,5,4,5,1,17,3,10,1,1,C03,7,15,1,10,2,16,,84,84,1,12,4,120.712573,24.25153,2
7672,66000,387130000C,(04)23274275,(04)23288582,2025,04,21,14,46,臺中市,西區,0,2,0,7,2,6,30,4,1,1,5,4,6,6,4,4,10,5,5,2,16,2,2,3,1,B01,7,6,1,4,1,1,,12,12,1,12,4,120.657955,24.152547,2
7673,66000,387130000C,(04)23274275,(04)23288582,2025,04,21,14,46,臺中市,烏日區,0,0,0,7,2,6,50,5,1,1,5,4,6,6,1,1,10,5,,2,14,3,10,3,1,B03,7,2,1,8,1,3,,49,49,1,7,4,120.643647,24.081663,3
7674,66000,387130000C,(04)23274275,(04)23288582,2025,04,21,14,46,臺中市,沙鹿區,0,1,0,7,3,6,40,13,8,1,5,4,6,6,1,1,1,4,1,1,12,2,9,2,1,C03,7,4,3,19,2,12,,8,8,1,13,4,120.58074,24.201603,2
7675,66000,387130000C,(04)23274275,(04)23288582,2025,04,21,14,47,臺中市,中區,0,0,0,7,2,6,40,13,8,1,5,4,6,6,4,4,5,4,4,2,17,,,,,B03,,,1,,1,,,84,84,1,13,4,120.678967,24.147537,3
7676,66000,387130000C,(04)23274275,(04)23288582,2025,04,21,14,57,臺中市,豐原區,0,1,0,7,2,6,50,4,1,1,5,4,6,6,1,1,1,2,4,2,12,2,9,1,1,C03,7,6,3,19,2,13,,26,26,1,13,4,120.72082,24.251772,2
7677,66000,387130000C,(04)23274275,(04)23288582,2025,04,21,14,58,臺中市,西區,0,0,0,7,,,50,,,,,,,,,,,,,,13,,,,,C03,,,1,,1,,,7,7,1,12,4,120.661884,24.146525,3
7678,66000,387130000C,(04)23274275,(04)23288582,2025,04,21,14,58,臺中市,大肚區,0,0,0,7,,,40,,,,,,,,,,,,,,,,,,,C03,,,1,,2,,,7,7,1,6,4,120.562723,24.124452,3
7679,66000,387130000C,(04)23274275,(04)23288582,2025,04,21,15,0,臺中市,大雅區,0,2,0,7,1,6,30,4,1,1,5,4,6,6,3,1,10,5,5,2,17,2,9,1,1,C03,7,9,1,10,2,15,,6,6,1,13,4,120.640679,24.237328,2
7680,66000,387130000C,(04)23274275,(04)23288582,2025,04,21,15,1,臺中市,烏日區,0,1,0,7,3,6,30,13,9,1,5,4,6,6,4,4,10,5,5,2,11,2,9,1,1,C03,7,9,1,10,2,11,14,84,84,1,6,4,120.647463,24.085546,2
7681,66000,387130000C,(04)23274275,(04)23288582,2025,04,21,15,4,臺中市,北區,0,0,0,7,,,40,,,,,,,,,,,,,,14,,,,,B12,,,1,,9,,,49,49,2,13,4,120.669321,24.169899,3
7682,66000,387130000C,(04)23274275,(04)23288582,2025,04,21,15,7,臺中市,霧峰區,0,1,0,7,2,6,50,4,2,1,5,4,6,6,4,4,4,1,5,1,17,3,10,3,1,B03,7,6,1,8,2,2,,11,11,1,6,4,120.688562,24.043689,2
7683,66000,387130000C,(04)23274275,(04)23288582,2025,04,21,15,10,臺中市,南屯區,0,1,0,7,3,6,50,13,9,1,5,4,6,6,1,1,3,4,5,2,13,2,9,1,1,C03,7,9,1,10,2,11,,7,7,1,12,4,120.642251,24.140935,2
7684,66000,387130000C,(04)23274275,(04)23288582,2025,04,21,15,10,臺中市,大甲區,0,0,0,7,,,50,,,,,,,,,,,,,,,,,,,B11,,,1,,2,,,68,68,1,6,4,120.664366,24.401076,3
7685,66000,387130000C,(04)23274275,(04)23288582,2025,04,21,15,13,臺中市,西屯區,0,1,0,7,2,6,50,3,1,1,5,4,6,6,3,1,10,5,5,2,3,3,10,3,1,B01,7,1,1,8,2,8,,51,51,1,12,4,120.60339,24.185623,2
7686,66000,387130000C,(04)23274275,(04)23288582,2025,04,21,15,15,臺中市,大雅區,0,2,0,7,1,6,50,13,9,1,5,4,6,6,4,4,5,5,5,1,12,2,9,2,1,C03,7,9,1,10,2,14,,8,8,1,12,4,120.653535,24.223897,2
7687,66000,387130000C,(04)23274275,(04)23288582,2025,04,21,15,15,臺中市,豐原區,0,0,0,7,,,40,,,,,,,,,,,,,,16,,,,,C04,,,3,,2,,,21,21,1,13,4,120.705637,24.252334,3
7688,66000,387130000C,(04)23274275,(04)23288582,2025,04,21,15,17,臺中市,烏日區,0,0,0,7,2,6,30,18,14,2,5,4,6,6,4,4,1,5,5,2,30,3,10,3,1,B03,7,9,1,8,2,8,,8,8,1,6,4,120.615569,24.113118,3
7689,66000,387130000C,(04)23274275,(04)23288582,2025,04,21,15,23,臺中市,大里區,0,1,0,7,2,6,50,3,2,1,5,4,6,6,4,4,5,5,5,1,16,2,9,1,1,C03,7,6,1,10,2,12,,4,4,1,12,4,120.703847,24.097263,2
7690,66000,387130000C,(04)23274275,(04)23288582,2025,04,21,15,34,臺中市,北區,0,2,0,7,2,6,50,4,2,1,5,4,6,6,2,1,10,5,5,2,11,2,9,2,1,C03,7,6,1,10,2,14,,11,11,1,13,4,120.682228,24.163294,2
7691,66000,387130000C,(04)23274275,(04)23288582,2025,04,21,15,34,臺中市,沙鹿區,0,2,0,7,2,6,40,3,1,1,5,4,6,6,4,4,1,5,4,1,16,3,10,3,1,B03,7,5,1,8,2,6,,47,47,1,12,4,120.574488,24.228664,2
7692,66000,387130000C,(04)23274275,(04)23288582,2025,04,21,15,35,臺中市,大里區,0,2,0,7,2,6,50,3,1,1,5,4,6,6,3,1,5,5,5,2,16,2,7,1,1,C03,7,6,1,10,2,11,,20,20,1,13,4,120.684308,24.117101,2
7693,66000,387130000C,(04)23274275,(04)23288582,2025,04,21,15,37,臺中市,北區,0,2,0,7,3,6,50,4,2,1,5,4,6,6,1,1,5,2,4,2,13,2,9,5,4,C03,7,9,1,10,2,11,,84,84,1,13,4,120.675568,24.169976,2
7694,66000,387130000C,(04)23274275,(04)23288582,2025,04,21,15,37,臺中市,西屯區,0,0,0,7,,,50,,,,,,,,,,,,,,,,,,,A12,,,1,,2,,,82,82,1,12,4,120.636025,24.176017,3
7695,66000,387130000C,(04)23274275,(04)23288582,2025,04,21,15,39,臺中市,西區,0,1,0,7,2,6,50,13,9,1,5,4,6,6,4,4,5,2,5,2,13,2,4,1,1,C03,7,9,1,10,2,11,,7,7,1,6,4,120.670595,24.145657,2
7696,66000,387130000C,(04)23274275,(04)23288582,2025,04,21,15,45,臺中市,神岡區,0,0,0,7,1,6,50,3,2,1,5,4,6,6,4,4,5,5,5,1,13,,,,,B03,,,1,,1,,,7,7,1,12,4,120.640778,24.249529,3
7697,66000,387130000C,(04)23274275,(04)23288582,2025,04,21,15,50,臺中市,潭子區,0,0,0,7,,,80,,,,,,,,,,,,,,,,,,,A12,,,1,,2,,,73,73,1,13,4,120.70351,24.200892,3
7698,66000,387130000C,(04)23274275,(04)23288582,2025,04,21,15,50,臺中市,南屯區,0,1,0,7,3,6,50,13,9,1,5,4,6,6,4,4,5,5,5,1,17,3,10,3,1,G03,7,9,1,8,2,17,,84,84,1,12,4,120.591786,24.164949,2
7699,66000,387130000C,(04)23274275,(04)23288582,2025,04,21,15,50,臺中市,豐原區,0,2,0,7,2,6,30,3,1,1,5,4,6,6,4,4,5,5,5,2,17,2,9,1,1,C03,7,6,1,10,2,14,,14,14,1,12,4,120.699221,24.248405,2
7700,66000,387130000C,(04)23274275,(04)23288582,2025,04,21,15,52,臺中市,大里區,0,1,0,7,2,6,50,4,1,1,5,4,6,6,4,4,10,5,5,1,17,3,10,1,1,C03,7,6,1,10,2,12,,14,14,1,12,4,120.684981,24.110343,2
7701,66000,387130000C,(04)23274275,(04)23288582,2025,04,21,15,52,臺中市,霧峰區,0,0,0,7,,,50,,,,,,,,,,,,,,17,,,,,B12,,,1,,1,,,7,7,1,6,4,120.698746,24.063947,3
7702,66000,387130000C,(04)23274275,(04)23288582,2025,04,21,16,8,臺中市,西區,0,0,0,7,,,50,,,,,,,,,,,,,,,,,,,,,,,,,,,87,87,1,,4,120.667281,24.149123,3
7703,66000,387130000C,(04)23274275,(04)23288582,2025,04,21,16,9,臺中市,北屯區,0,1,0,7,3,6,50,3,1,1,5,4,6,6,4,4,10,5,5,2,16,3,10,2,1,C03,7,6,1,10,2,11,,14,14,1,12,4,120.700549,24.184112,2
7704,66000,387130000C,(04)23274275,(04)23288582,2025,04,21,16,11,臺中市,大甲區,0,0,0,7,,,50,,,,,,,,,,,,,,14,,,,,B12,,,1,,1,,,49,49,1,6,4,120.613327,24.334509,3
7705,66000,387130000C,(04)23274275,(04)23288582,2025,04,21,16,13,臺中市,西區,0,0,0,7,,,50,,,,,,,,,,,,,,13,,,,,B03,,,1,,1,,,7,7,1,12,4,120.657737,24.154201,3