序號,縣市別代碼,機關代碼,市話,傳真,年,月,日,時,分,縣市,區,死亡數量,受傷數量,2-30,天候,道路照明設備,道路類別,道路速限,道路型態,事故位置,路面鋪裝,路面狀態,路面缺陷,障礙物,視距,號誌種類,號誌動作,分向設施,快車道或一般車道間,快慢車道間,路面邊線,事故類型及型態,受傷程度,主要傷處,保護裝備,行動電話或功能裝置,當事者區分（類別）,車輛用途,當事者行動狀態,駕照狀態,駕照種類,飲酒情形,車輛撞擊部位最初,車輛撞擊部位其他,肇事因素個別,肇事因素主要,肇事逃逸,職業,共享經濟或外送平台,GPS座標X,GPS座標Y,事故類別
7706,66000,387130000C,(04)23274275,(04)23288582,2025,04,21,16,15,臺中市,西區,0,0,0,7,,,50,,,,,,,,,,,,,,,,,,,B03,,,1,,9,,,1,1,1,6,4,120.660192,24.142973,3
7707,66000,387130000C,(04)23274275,(04)23288582,2025,04,21,16,17,臺中市,西區,0,1,0,7,2,6,60,5,2,1,5,4,6,6,2,1,1,2,1,2,13,2,8,2,1,C03,7,9,1,10,2,11,,7,7,1,12,2,120.669678,24.150839,2
7708,66000,387130000C,(04)23274275,(04)23288582,2025,04,21,16,17,臺中市,梧棲區,0,0,0,7,,,50,,,,,,,,,,,,,,17,,,,,B03,,,1,,1,,,59,59,1,6,4,120.52959,24.253368,3
7709,66000,387130000C,(04)23274275,(04)23288582,2025,04,21,16,18,臺中市,南區,0,2,0,7,3,6,30,4,1,1,5,4,6,6,4,4,10,5,5,2,15,2,7,5,4,C03,7,9,1,10,2,12,,15,15,1,12,4,120.680243,24.120617,2
7710,66000,387130000C,(04)23274275,(04)23288582,2025,04,21,16,23,臺中市,西屯區,0,0,0,7,3,6,70,3,1,1,5,4,6,6,1,1,1,4,4,2,12,,,,,A12,,,1,,2,,,8,8,1,12,4,120.616492,24.182587,3
7711,66000,387130000C,(04)23274275,(04)23288582,2025,04,21,16,26,臺中市,西區,0,0,0,7,,,50,,,,,,,,,,,,,,,,,,,B03,,,1,,1,,,50,50,1,6,4,120.667202,24.144468,3
7712,66000,387130000C,(04)23274275,(04)23288582,2025,04,21,16,32,臺中市,南屯區,0,0,0,7,,,50,,,,,,,,,,,,,,13,,,,,B03,,,1,,2,,,84,84,1,6,4,120.583789,24.141238,3
7713,66000,387130000C,(04)23274275,(04)23288582,2025,04,21,16,34,臺中市,北區,0,1,0,7,2,6,50,4,1,1,5,4,6,6,1,1,10,5,5,2,15,3,10,3,1,B03,7,9,1,8,2,5,,21,21,1,12,4,120.667919,24.160452,2
7714,66000,387130000C,(04)23274275,(04)23288582,2025,04,21,16,34,臺中市,東勢區,0,0,0,7,,,60,,,,,,,,,,,,,,17,,,,,B03,,,1,,2,,,84,84,1,13,4,120.811146,24.303516,3
7715,66000,387130000C,(04)23274275,(04)23288582,2025,04,21,16,37,臺中市,大雅區,0,1,0,7,2,6,30,3,2,1,5,4,6,6,4,4,10,5,5,1,16,3,10,3,1,B03,7,6,1,7,2,1,,14,14,1,13,4,120.666193,24.225609,2
7716,66000,387130000C,(04)23274275,(04)23288582,2025,04,21,16,41,臺中市,西屯區,0,1,0,7,2,6,50,13,9,1,5,4,6,6,1,1,10,4,5,1,13,2,2,3,4,B03,7,9,1,8,2,1,,84,84,1,12,4,120.658151,24.200854,2
7717,66000,387130000C,(04)23274275,(04)23288582,2025,04,21,16,44,臺中市,潭子區,0,0,0,7,,,50,,,,,,,,,,,,,,,,,,,B12,,,1,,3,,,85,85,1,13,4,120.712594,24.213055,3
7718,66000,387130000C,(04)23274275,(04)23288582,2025,04,21,16,50,臺中市,霧峰區,0,1,0,7,2,6,50,13,9,1,5,4,6,6,4,4,5,5,5,1,12,3,10,1,1,C03,7,9,1,10,2,12,,7,7,1,12,4,120.695276,24.066061,2
7719,66000,387130000C,(04)23274275,(04)23288582,2025,04,21,16,50,臺中市,神岡區,0,1,0,7,2,6,50,3,2,1,5,4,6,6,1,1,5,5,5,1,17,2,8,1,1,C03,7,9,1,10,2,16,,7,7,1,12,4,120.698238,24.25908,2
7720,66000,387130000C,(04)23274275,(04)23288582,2025,04,21,16,53,臺中市,北屯區,0,0,0,7,,,50,,,,,,,,,,,,,,17,,,,,B12,,,1,,1,,,8,8,1,13,4,120.682438,24.191938,3
7721,66000,387130000C,(04)23274275,(04)23288582,2025,04,21,16,55,臺中市,龍井區,0,1,0,7,2,6,40,13,9,1,5,4,6,6,4,4,9,4,5,1,17,2,1,2,1,C03,7,9,1,10,2,11,,43,43,1,6,4,120.586185,24.187836,2
7722,66000,387130000C,(04)23274275,(04)23288582,2025,04,21,16,57,臺中市,大里區,0,1,0,7,2,6,50,4,2,1,5,4,6,6,1,1,10,5,5,1,12,3,10,1,1,C03,7,9,1,10,2,14,,39,39,1,12,4,120.691723,24.100535,2
7723,66000,387130000C,(04)23274275,(04)23288582,2025,04,21,16,58,臺中市,東區,0,1,0,7,2,6,50,4,1,1,5,4,6,6,1,1,5,5,4,2,16,2,9,2,1,C03,7,6,1,10,2,11,,11,11,1,13,4,120.69715,24.129606,2
7724,66000,387130000C,(04)23274275,(04)23288582,2025,04,21,16,58,臺中市,西屯區,0,1,0,7,2,6,60,4,1,1,5,4,6,6,2,1,5,4,4,2,16,3,10,3,1,B03,7,6,1,8,2,6,,11,11,1,12,4,120.64055,24.187276,2
7725,66000,387130000C,(04)23274275,(04)23288582,2025,04,21,17,0,臺中市,沙鹿區,0,1,0,7,2,6,30,13,14,1,5,2,5,6,4,4,10,5,5,2,18,2,9,2,1,C03,7,9,1,10,2,14,,87,87,1,12,4,120.551602,24.220525,2
7726,66000,387130000C,(04)23274275,(04)23288582,2025,04,21,17,4,臺中市,大雅區,0,0,0,7,1,6,60,3,2,1,5,4,6,6,1,1,1,4,5,1,17,,,,,B03,,,1,,1,,,51,51,1,13,4,120.645697,24.224894,3
7727,66000,387130000C,(04)23274275,(04)23288582,2025,04,21,17,5,臺中市,西屯區,0,0,0,7,,,50,,,,,,,,,,,,,,17,,,,,B03,,,1,,1,,,84,84,1,12,4,120.667278,24.177297,3
7728,66000,387130000C,(04)23274275,(04)23288582,2025,04,21,17,5,臺中市,大里區,0,1,0,7,2,6,50,3,1,1,5,4,6,6,4,4,10,5,5,1,16,3,10,3,1,B03,7,11,1,8,2,4,,45,45,1,12,4,120.704335,24.111284,2
7729,66000,387130000C,(04)23274275,(04)23288582,2025,04,21,17,6,臺中市,石岡區,0,0,0,7,,,70,,,,,,,,,,,,,,,,,,,B03,,,1,,2,,,84,84,1,12,4,120.787785,24.274126,3
7730,66000,387130000C,(04)23274275,(04)23288582,2025,04,21,17,7,臺中市,北屯區,0,0,0,7,,,50,,,,,,,,,,,,,,1,,,,,B01,,,1,,2,,,8,8,1,12,4,120.68325,24.193737,3
7731,66000,387130000C,(04)23274275,(04)23288582,2025,04,21,17,9,臺中市,大里區,0,2,0,7,3,6,50,3,7,1,5,4,6,5,4,4,5,4,4,1,12,2,9,1,1,C03,7,8,1,10,2,14,,40,40,1,12,4,120.688983,24.10624,2
7732,66000,387130000C,(04)23274275,(04)23288582,2025,04,21,17,10,臺中市,大甲區,0,2,0,7,3,6,50,13,9,1,5,4,6,6,4,4,10,5,5,1,16,2,9,5,4,C03,7,11,3,19,2,14,,46,46,1,6,4,120.63189,24.354996,2
7733,66000,387130000C,(04)23274275,(04)23288582,2025,04,21,17,11,臺中市,大里區,0,1,0,7,2,6,50,13,8,1,5,4,6,6,4,4,9,5,4,2,16,3,10,3,1,B12,7,6,1,8,2,8,,20,20,1,13,4,120.693444,24.114249,2
7734,66000,387130000C,(04)23274275,(04)23288582,2025,04,21,17,13,臺中市,西屯區,0,0,0,7,,,70,,,,,,,,,,,,,,,,,,,B02,,,1,,1,,,8,8,1,12,4,120.621594,24.180045,3
7735,66000,387130000C,(04)23274275,(04)23288582,2025,04,21,17,15,臺中市,北屯區,0,0,0,7,,,50,,,,,,,,,,,,,,17,,,,,B03,,,1,,2,,,50,50,1,12,4,120.689211,24.171481,3
7736,66000,387130000C,(04)23274275,(04)23288582,2025,04,21,17,16,臺中市,南屯區,0,1,0,7,2,6,50,4,1,1,5,4,6,6,1,1,10,5,5,2,13,3,10,2,1,C03,7,9,1,10,1,11,,59,59,1,12,4,120.649861,24.146773,2
7737,66000,387130000C,(04)23274275,(04)23288582,2025,04,21,17,16,臺中市,北屯區,0,1,0,7,1,6,50,3,1,1,5,4,6,6,4,4,10,5,5,2,17,3,10,5,4,B03,7,5,1,8,2,2,,47,47,1,13,4,120.720748,24.175446,2
7738,66000,387130000C,(04)23274275,(04)23288582,2025,04,21,17,18,臺中市,西屯區,0,0,0,7,,,50,,,,,,,,,,,,,,16,,,,,B03,,,1,,1,,,11,11,1,12,4,120.637432,24.180795,3
7739,66000,387130000C,(04)23274275,(04)23288582,2025,04,21,17,20,臺中市,南屯區,0,1,0,7,3,6,50,4,9,1,5,4,6,6,4,4,10,5,5,2,15,3,10,3,1,B03,7,9,1,8,2,1,,12,12,1,12,4,120.613601,24.151975,2
7740,66000,387130000C,(04)23274275,(04)23288582,2025,04,21,17,20,臺中市,北屯區,0,1,0,7,2,6,50,4,1,1,5,4,6,6,4,4,10,5,5,2,15,2,9,1,1,C03,7,9,1,10,2,11,,15,15,1,6,4,120.717407,24.172775,2
7741,66000,387130000C,(04)23274275,(04)23288582,2025,04,21,17,20,臺中市,神岡區,0,0,0,7,,,50,,,,,,,,,,,,,,13,,,,,C03,,,1,,2,,,7,7,1,12,4,120.694674,24.236515,3
7742,66000,387130000C,(04)23274275,(04)23288582,2025,04,21,17,22,臺中市,北屯區,0,1,0,7,2,6,40,13,8,1,5,4,6,6,4,4,1,4,1,2,17,3,10,1,1,C03,7,9,1,10,2,11,,5,5,1,4,4,120.731557,24.161307,2
7743,66000,387130000C,(04)23274275,(04)23288582,2025,04,21,17,27,臺中市,大里區,0,2,0,7,2,6,50,3,2,1,5,4,6,6,1,1,4,1,4,1,17,2,9,1,1,C03,7,15,1,10,2,12,,39,39,1,6,4,120.704223,24.095769,2
7744,66000,387130000C,(04)23274275,(04)23288582,2025,04,21,17,30,臺中市,北區,0,0,0,7,,,50,,,,,,,,,,,,,,12,,,,,C03,,,1,,1,,,48,48,1,13,4,120.678553,24.171373,3
7745,66000,387130000C,(04)23274275,(04)23288582,2025,04,21,17,31,臺中市,大里區,0,1,0,7,2,6,50,13,9,1,5,4,6,6,4,4,1,4,5,2,16,2,9,1,1,C03,7,1,1,8,2,14,,51,51,1,12,4,120.697329,24.083189,2
7746,66000,387130000C,(04)23274275,(04)23288582,2025,04,21,17,33,臺中市,東區,0,0,0,7,,,50,,,,,,,,,,,,,,,,,,,C03,,,1,,9,,,84,84,2,12,4,120.695919,24.129589,3
7747,66000,387130000C,(04)23274275,(04)23288582,2025,04,21,17,33,臺中市,西屯區,0,1,0,7,3,6,50,13,9,1,5,4,6,6,4,4,7,4,5,2,12,2,9,5,4,C03,7,8,1,10,2,14,,40,40,1,12,4,120.637483,24.176945,2
7748,66000,387130000C,(04)23274275,(04)23288582,2025,04,21,17,34,臺中市,南區,0,1,0,7,2,6,50,4,1,1,5,4,6,6,1,1,10,5,5,2,13,2,8,1,1,C03,7,9,1,10,2,11,,7,7,1,12,4,120.653659,24.113755,2
7749,66000,387130000C,(04)23274275,(04)23288582,2025,04,21,17,38,臺中市,西屯區,0,2,0,7,2,6,30,4,1,1,5,4,6,6,4,4,10,5,5,2,15,2,8,1,1,C03,7,9,1,10,2,11,,12,12,1,12,4,120.644435,24.178767,2
7750,66000,387130000C,(04)23274275,(04)23288582,2025,04,21,17,40,臺中市,北區,0,1,0,7,2,6,50,13,9,1,5,4,6,6,4,4,1,4,5,2,30,2,9,1,1,C03,7,9,1,10,2,14,,84,84,1,12,4,120.683916,24.14929,2
7751,66000,387130000C,(04)23274275,(04)23288582,2025,04,21,17,40,臺中市,北區,0,0,0,7,,,50,,,,,,,,,,,,,,,,,,,B03,,,1,,1,,,84,84,1,13,4,120.685222,24.158829,3
7752,66000,387130000C,(04)23274275,(04)23288582,2025,04,21,17,41,臺中市,南屯區,0,0,0,7,,,50,,,,,,,,,,,,,,13,,,,,C03,,,1,,1,,,7,7,1,6,4,120.652991,24.14384,3
7753,66000,387130000C,(04)23274275,(04)23288582,2025,04,21,17,41,臺中市,北屯區,0,0,0,7,,,50,,,,,,,,,,,,,,17,,,,,B03,,,1,,2,,,84,84,1,13,4,120.679422,24.169581,3
7754,66000,387130000C,(04)23274275,(04)23288582,2025,04,21,17,41,臺中市,豐原區,0,2,0,7,2,6,50,13,9,1,5,4,6,6,4,4,5,5,5,1,13,2,7,1,1,C03,7,9,1,10,2,11,,7,7,1,6,4,120.712022,24.267179,2
7755,66000,387130000C,(04)23274275,(04)23288582,2025,04,21,17,41,臺中市,神岡區,0,3,0,7,1,6,30,4,1,1,5,4,6,6,4,4,10,5,4,1,15,2,9,1,1,C03,7,9,1,10,2,11,,12,12,1,12,4,120.639703,24.28797,2
7756,66000,387130000C,(04)23274275,(04)23288582,2025,04,21,17,42,臺中市,太平區,0,1,0,7,2,6,50,4,1,1,5,4,6,6,1,1,10,5,5,2,17,3,10,3,1,B03,7,6,1,8,2,8,,84,84,1,12,4,120.716869,24.131566,2
7757,66000,387130000C,(04)23274275,(04)23288582,2025,04,21,17,43,臺中市,西屯區,0,0,0,7,,,50,,,,,,,,,,,,,,12,,,,,B03,,,1,,1,,,8,8,1,12,4,120.647732,24.173074,3
7758,66000,387130000C,(04)23274275,(04)23288582,2025,04,21,17,44,臺中市,太平區,0,0,0,7,,,50,,,,,,,,,,,,,,2,,,,,C03,,,1,,2,,,1,1,1,6,4,120.723638,24.146251,3
7759,66000,387130000C,(04)23274275,(04)23288582,2025,04,21,17,45,臺中市,北區,0,1,0,7,2,6,50,13,9,1,5,4,6,6,4,4,8,3,5,2,17,2,9,2,1,C03,7,1,1,10,1,11,,84,84,1,13,4,120.681172,24.148284,2
7760,66000,387130000C,(04)23274275,(04)23288582,2025,04,21,17,46,臺中市,大里區,0,0,0,7,2,6,50,11,9,1,5,4,6,6,4,4,1,5,5,2,13,,,,,B03,,,1,,1,,,7,7,1,12,4,120.690909,24.100987,3
7761,66000,387130000C,(04)23274275,(04)23288582,2025,04,21,17,46,臺中市,烏日區,0,0,0,7,,,50,,,,,,,,,,,,,,16,,,,,B03,,,1,,1,,,59,59,1,12,4,120.610348,24.110714,3
7762,66000,387130000C,(04)23274275,(04)23288582,2025,04,21,17,46,臺中市,豐原區,0,0,0,6,,,30,,,,,,,,,,,,,,9,,,,,B03,,,1,,9,,,85,85,1,12,4,120.729276,24.251867,3
7763,66000,387130000C,(04)23274275,(04)23288582,2025,04,21,17,47,臺中市,烏日區,0,0,0,7,,,50,,,,,,,,,,,,,,,,,,,C03,,,1,,1,,,7,7,1,6,4,120.59575,24.108749,3
7764,66000,387130000C,(04)23274275,(04)23288582,2025,04,21,17,49,臺中市,北屯區,0,0,0,7,,,50,,,,,,,,,,,,,,13,,,,,B03,,,1,,1,,,56,56,1,12,4,120.685669,24.168809,3
7765,66000,387130000C,(04)23274275,(04)23288582,2025,04,21,17,50,臺中市,沙鹿區,0,1,0,7,2,6,40,11,8,1,5,4,6,6,4,4,5,5,5,1,18,2,9,1,1,C03,7,9,1,10,2,14,,82,82,1,12,4,120.588841,24.252034,2
7766,66000,387130000C,(04)23274275,(04)23288582,2025,04,21,17,51,臺中市,北屯區,0,1,0,7,2,6,50,13,9,1,5,4,6,6,4,4,5,4,5,2,13,3,10,5,4,B13,7,9,1,7,2,8,,7,7,1,12,4,120.747026,24.192508,2
7767,66000,387130000C,(04)23274275,(04)23288582,2025,04,21,17,51,臺中市,霧峰區,0,0,0,7,,,50,,,,,,,,,,,,,,17,,,,,A12,,,1,,2,,,8,8,1,6,4,120.680695,24.055685,3
7768,66000,387130000C,(04)23274275,(04)23288582,2025,04,21,17,52,臺中市,西屯區,0,0,0,7,,,50,,,,,,,,,,,,,,13,,,,,C03,,,1,,1,,,7,7,1,12,4,120.644318,24.175137,3
7769,66000,387130000C,(04)23274275,(04)23288582,2025,04,21,17,57,臺中市,北屯區,0,0,0,7,,,40,,,,,,,,,,,,,,,,,,,B03,,,1,,1,,,84,84,1,13,4,120.694193,24.161349,3
7770,66000,387130000C,(04)23274275,(04)23288582,2025,04,21,17,58,臺中市,潭子區,0,1,0,7,2,6,30,3,1,1,5,4,6,6,4,4,10,5,5,2,16,3,10,3,1,B03,7,5,1,8,2,2,,84,84,1,13,4,120.710374,24.200273,2
7771,66000,387130000C,(04)23274275,(04)23288582,2025,04,21,18,3,臺中市,西區,0,0,0,7,,,30,,,,,,,,,,,,,,,,,,,C03,,,1,,1,,,40,40,1,12,4,120.681744,24.136845,3
7772,66000,387130000C,(04)23274275,(04)23288582,2025,04,21,18,4,臺中市,大甲區,0,1,0,7,3,6,50,4,1,1,5,4,6,6,4,4,5,5,5,1,15,2,9,4,1,F01,7,9,7,21,2,11,,12,12,1,3,4,120.621449,24.35139,2
7773,66000,387130000C,(04)23274275,(04)23288582,2025,04,21,18,5,臺中市,北屯區,0,0,0,7,,,50,,,,,,,,,,,,,,13,,,,,B02,,,1,,2,,,59,59,1,6,4,120.686296,24.189652,3
7774,66000,387130000C,(04)23274275,(04)23288582,2025,04,21,18,6,臺中市,太平區,0,0,0,7,,,50,,,,,,,,,,,,,,,,,,,C03,,,1,,2,,,7,7,1,4,4,120.733499,24.154605,3
7775,66000,387130000C,(04)23274275,(04)23288582,2025,04,21,18,6,臺中市,烏日區,0,1,0,7,1,6,50,13,7,1,5,4,6,3,4,4,10,4,4,2,17,3,10,3,1,B03,7,1,1,8,1,1,,51,51,1,6,4,120.635283,24.109801,2
7776,66000,387130000C,(04)23274275,(04)23288582,2025,04,21,18,7,臺中市,沙鹿區,0,0,0,7,,,60,,,,,,,,,,,,,,13,,,,,B03,,,1,,2,,,7,7,1,13,4,120.568472,24.237851,3
7777,66000,387130000C,(04)23274275,(04)23288582,2025,04,21,18,8,臺中市,大里區,0,2,0,7,2,6,30,3,1,1,5,4,3,3,4,4,10,5,5,2,17,2,9,1,1,C04,7,1,1,10,2,14,,51,51,1,13,4,120.689441,24.108897,2
7778,66000,387130000C,(04)23274275,(04)23288582,2025,04,21,18,10,臺中市,大雅區,0,2,0,7,1,6,50,11,9,1,5,4,5,6,4,4,5,5,5,1,17,2,9,1,1,C03,7,15,1,10,2,11,,84,84,1,13,4,120.653911,24.230368,2
7779,66000,387130000C,(04)23274275,(04)23288582,2025,04,21,18,14,臺中市,北屯區,0,1,0,7,3,6,50,4,1,1,5,4,6,6,1,1,10,5,5,2,16,2,9,2,1,C03,7,6,1,10,2,11,,84,84,1,13,4,120.671094,24.175055,2
7780,66000,387130000C,(04)23274275,(04)23288582,2025,04,21,18,14,臺中市,西屯區,0,0,0,7,,,0,,,,,,,,,,,,,,17,,,,,C03,,,1,,1,,,51,51,1,12,4,120.636622,24.179364,3
7781,66000,387130000C,(04)23274275,(04)23288582,2025,04,21,18,15,臺中市,南區,0,1,0,7,2,6,50,3,2,1,5,4,6,6,4,4,9,4,4,2,13,2,9,2,1,C03,7,9,1,10,2,11,,7,7,1,13,4,120.662177,24.128399,2
7782,66000,387130000C,(04)23274275,(04)23288582,2025,04,21,18,16,臺中市,北屯區,0,1,0,7,1,6,50,13,9,1,5,4,6,6,4,4,5,4,5,2,18,2,9,1,1,C03,7,9,1,10,2,12,,82,82,1,12,4,120.725382,24.176306,2
7783,66000,387130000C,(04)23274275,(04)23288582,2025,04,21,18,18,臺中市,北屯區,0,0,0,7,,,50,,,,,,,,,,,,,,17,,,,,C03,,,1,10,1,,,58,58,1,12,4,120.71944,24.18224,3
7784,66000,387130000C,(04)23274275,(04)23288582,2025,04,21,18,18,臺中市,龍井區,0,2,0,7,1,6,30,13,9,1,5,4,6,6,4,4,10,5,5,2,28,2,9,1,1,C03,7,9,1,10,2,11,,87,87,1,12,4,120.530922,24.195012,2
7785,66000,387130000C,(04)23274275,(04)23288582,2025,04,21,18,20,臺中市,西屯區,0,1,0,7,1,6,50,3,1,1,5,4,6,6,1,1,5,4,4,2,12,3,10,5,4,B03,7,9,1,8,2,5,,8,8,1,12,4,120.613989,24.174548,2
7786,66000,387130000C,(04)23274275,(04)23288582,2025,04,21,18,20,臺中市,霧峰區,0,1,0,7,3,6,50,3,2,1,5,4,6,6,1,1,5,5,5,1,12,3,10,3,1,B12,7,9,1,8,2,2,,8,8,1,12,4,120.701107,24.066945,2
7787,66000,387130000C,(04)23274275,(04)23288582,2025,04,21,18,24,臺中市,東勢區,0,1,0,7,2,6,60,5,1,1,5,4,6,6,1,1,5,5,5,2,12,2,9,1,1,C03,7,6,1,10,2,12,,39,39,1,12,4,120.826764,24.26215,2
7788,66000,387130000C,(04)23274275,(04)23288582,2025,04,21,18,27,臺中市,北區,0,1,0,7,3,6,50,4,9,1,5,4,6,6,1,1,5,4,5,2,13,2,9,5,4,C03,7,9,1,10,2,11,,84,84,1,13,4,120.670484,24.152219,2
7789,66000,387130000C,(04)23274275,(04)23288582,2025,04,21,18,29,臺中市,西屯區,0,0,0,7,,,30,,,,,,,,,,,,,,13,,,,,B03,,,1,,1,,,7,7,1,12,4,120.635466,24.186871,3
7790,66000,387130000C,(04)23274275,(04)23288582,2025,04,21,18,32,臺中市,大里區,0,0,0,7,,,40,,,,,,,,,,,,,,,,,,,B03,,,1,,2,,,84,84,1,12,4,120.696881,24.110977,3
7791,66000,387130000C,(04)23274275,(04)23288582,2025,04,21,18,34,臺中市,北屯區,0,0,0,7,,,30,,,,,,,,,,,,,,17,,,,,C03,,,1,,1,,,84,84,1,6,4,120.673635,24.174963,3
7792,66000,387130000C,(04)23274275,(04)23288582,2025,04,21,18,38,臺中市,太平區,0,2,0,7,1,6,50,13,7,1,5,4,6,6,4,4,7,4,4,1,3,2,9,1,1,C03,7,9,1,10,2,11,,59,59,1,12,4,120.728805,24.101248,2
7793,66000,387130000C,(04)23274275,(04)23288582,2025,04,21,18,40,臺中市,南屯區,0,0,0,7,,,50,,,,,,,,,,,,,,,,,,,B02,,,1,,2,,,59,59,1,6,4,120.638662,24.138379,3
7794,66000,387130000C,(04)23274275,(04)23288582,2025,04,21,18,40,臺中市,大肚區,0,0,0,7,,,50,,,,,,,,,,,,,,,,,,,B03,,,1,,2,,,84,84,1,6,4,120.543063,24.162822,3
7795,66000,387130000C,(04)23274275,(04)23288582,2025,04,21,18,43,臺中市,大肚區,0,0,0,7,,,50,,,,,,,,,,,,,,,,,,,B03,,,1,,2,,,8,8,1,6,4,120.562193,24.124777,3
7796,66000,387130000C,(04)23274275,(04)23288582,2025,04,21,18,48,臺中市,北區,0,0,0,7,,,50,,,,,,,,,,,,,,,,,,,C03,,,1,,2,,,39,39,1,13,4,120.6802,24.167296,4
7797,66000,387130000C,(04)23274275,(04)23288582,2025,04,21,18,49,臺中市,南屯區,0,0,0,7,,,50,,,,,,,,,,,,,,17,,,,,B03,,,1,,2,,,8,8,1,12,4,120.642765,24.1271,3
7798,66000,387130000C,(04)23274275,(04)23288582,2025,04,21,18,51,臺中市,西區,0,0,0,7,,,40,,,,,,,,,,,,,,11,,,,,C03,,,1,,1,,,84,84,1,12,4,120.665269,24.149019,3
7799,66000,387130000C,(04)23274275,(04)23288582,2025,04,21,18,52,臺中市,北屯區,0,1,0,7,1,6,40,3,1,1,5,4,6,6,4,4,10,5,5,2,17,3,10,5,4,C03,7,9,1,10,2,11,12,7,7,1,13,4,120.702359,24.185815,2
7800,66000,387130000C,(04)23274275,(04)23288582,2025,04,21,18,53,臺中市,西屯區,0,0,0,7,,,60,,,,,,,,,,,,,,,,,,,C03,,,1,,1,,,11,11,1,12,4,120.639547,24.171601,3
7801,66000,387130000C,(04)23274275,(04)23288582,2025,04,21,18,54,臺中市,西屯區,0,1,0,7,1,6,50,3,1,1,5,4,6,6,4,4,10,5,5,2,3,3,10,3,1,B01,7,6,1,4,2,8,,10,10,1,12,4,120.64863,24.155608,2
7802,66000,387130000C,(04)23274275,(04)23288582,2025,04,21,18,55,臺中市,大里區,0,2,0,6,1,6,50,5,2,1,5,4,6,6,2,1,10,5,5,2,11,2,9,1,1,C03,7,9,1,10,2,12,,84,84,1,12,4,120.690613,24.113139,2
7803,66000,387130000C,(04)23274275,(04)23288582,2025,04,21,18,59,臺中市,太平區,0,0,0,7,,,30,,,,,,,,,,,,,,,,,,,B03,,,1,,2,,,84,84,1,6,4,120.711609,24.15242,3
7804,66000,387130000C,(04)23274275,(04)23288582,2025,04,21,19,0,臺中市,大里區,0,0,0,7,1,6,50,3,1,1,5,4,5,5,4,4,5,5,4,2,17,,,,,B03,,,1,,2,,,14,14,1,13,4,120.694498,24.110617,3
7805,66000,387130000C,(04)23274275,(04)23288582,2025,04,21,19,0,臺中市,大里區,0,0,0,6,3,6,30,13,9,1,5,4,6,6,4,4,10,5,5,1,11,,,,,B03,,,1,,1,,,41,41,1,12,4,120.699041,24.123492,3
7806,66000,387130000C,(04)23274275,(04)23288582,2025,04,21,19,2,臺中市,西屯區,0,1,0,7,1,6,50,3,1,1,5,4,6,6,4,4,5,5,4,2,15,3,10,2,1,C03,7,1,1,10,2,13,,84,84,1,12,4,120.646543,24.171315,2
7807,66000,387130000C,(04)23274275,(04)23288582,2025,04,21,19,2,臺中市,豐原區,0,1,0,7,1,6,50,13,9,1,5,4,6,6,4,4,5,5,5,2,13,2,8,5,4,C03,7,9,1,10,2,11,,59,59,1,13,4,120.725461,24.240523,2
7808,66000,387130000C,(04)23274275,(04)23288582,2025,04,21,19,4,臺中市,西屯區,0,0,0,7,,,50,,,,,,,,,,,,,,12,,,,,C03,,,1,,1,,,84,84,1,12,4,120.647068,24.173339,3
7809,66000,387130000C,(04)23274275,(04)23288582,2025,04,21,19,4,臺中市,霧峰區,0,0,0,7,,,50,,,,,,,,,,,,,,17,,,,,B03,,,1,,2,,,84,84,1,6,4,120.701525,24.077699,3
7810,66000,387130000C,(04)23274275,(04)23288582,2025,04,21,19,17,臺中市,北屯區,0,0,0,7,,,30,,,,,,,,,,,,,,,,,,,B02,,,1,,2,,,84,84,1,12,4,120.717977,24.187458,3
7811,66000,387130000C,(04)23274275,(04)23288582,2025,04,21,19,19,臺中市,西區,0,2,0,7,1,6,50,3,2,1,5,4,6,6,1,1,10,5,5,2,13,2,9,2,1,C03,7,9,1,10,2,11,,7,7,1,12,4,120.65907,24.155745,2
7812,66000,387130000C,(04)23274275,(04)23288582,2025,04,21,19,19,臺中市,大里區,0,0,0,7,1,6,50,4,2,1,5,4,6,6,1,1,5,5,4,2,13,,,,,B03,,,1,,2,,,51,51,1,13,4,120.689685,24.100762,3
7813,66000,387130000C,(04)23274275,(04)23288582,2025,04,21,19,22,臺中市,西屯區,0,0,0,7,,,50,,,,,,,,,,,,,,13,,,,,B03,,,1,,1,,,7,7,1,12,4,120.624247,24.185601,3
7814,66000,387130000C,(04)23274275,(04)23288582,2025,04,21,19,22,臺中市,龍井區,0,0,0,7,1,6,50,4,1,1,5,4,6,6,4,4,5,2,5,2,14,3,10,3,1,B03,7,2,1,8,1,3,7,49,49,1,6,4,120.592528,24.189874,3
7815,66000,387130000C,(04)23274275,(04)23288582,2025,04,21,19,25,臺中市,大甲區,0,1,0,7,3,6,50,4,1,1,5,4,6,6,1,1,10,5,5,2,17,3,10,3,1,B03,7,5,1,8,2,2,,11,11,1,6,4,120.632358,24.345729,2
7816,66000,387130000C,(04)23274275,(04)23288582,2025,04,21,19,27,臺中市,南區,0,1,0,7,1,6,50,5,1,1,5,4,6,6,1,1,10,5,5,2,12,3,10,5,4,B03,7,5,1,8,2,2,,84,84,1,12,4,120.660102,24.124382,2