序號,縣市別代碼,機關代碼,市話,傳真,年,月,日,時,分,縣市,區,死亡數量,受傷數量,2-30,天候,道路照明設備,道路類別,道路速限,道路型態,事故位置,路面鋪裝,路面狀態,路面缺陷,障礙物,視距,號誌種類,號誌動作,分向設施,快車道或一般車道間,快慢車道間,路面邊線,事故類型及型態,受傷程度,主要傷處,保護裝備,行動電話或功能裝置,當事者區分（類別）,車輛用途,當事者行動狀態,駕照狀態,駕照種類,飲酒情形,車輛撞擊部位最初,車輛撞擊部位其他,肇事因素個別,肇事因素主要,肇事逃逸,職業,共享經濟或外送平台,GPS座標X,GPS座標Y,事故類別
7817,66000,387130000C,(04)23274275,(04)23288582,2025,04,21,19,34,臺中市,西區,0,0,0,7,,,50,,,,,,,,,,,,,,,,,,,C03,,,3,,9,,,42,42,1,6,4,120.669932,24.14675,3
7818,66000,387130000C,(04)23274275,(04)23288582,2025,04,21,19,36,臺中市,西區,0,0,0,7,,,30,,,,,,,,,,,,,,,,,,,,,,,,,,,87,87,1,,4,120.6684,24.153074,3
7819,66000,387130000C,(04)23274275,(04)23288582,2025,04,21,19,37,臺中市,大里區,0,1,0,7,1,6,50,3,1,1,5,4,6,6,4,4,5,5,5,2,16,3,10,3,1,B02,7,6,1,8,2,1,,48,48,1,13,4,120.67709,24.113559,2
7820,66000,387130000C,(04)23274275,(04)23288582,2025,04,21,19,39,臺中市,沙鹿區,0,1,0,7,1,6,50,3,1,1,5,4,6,6,3,1,10,5,5,2,13,3,10,3,1,B03,7,9,1,8,2,8,,84,84,1,12,4,120.56604,24.23445,2
7821,66000,387130000C,(04)23274275,(04)23288582,2025,04,21,19,53,臺中市,梧棲區,0,1,0,7,1,6,50,3,1,1,5,4,6,6,4,4,10,5,5,2,16,3,10,3,1,B03,7,5,1,8,2,5,,20,20,1,6,4,120.550417,24.252198,2
7822,66000,387130000C,(04)23274275,(04)23288582,2025,04,21,19,53,臺中市,神岡區,0,2,0,7,1,6,30,4,1,1,5,4,6,6,4,4,10,5,5,1,15,2,9,1,1,C03,7,9,1,10,2,11,,12,12,1,12,4,120.695517,24.247497,2
7823,66000,387130000C,(04)23274275,(04)23288582,2025,04,21,19,55,臺中市,北區,0,0,0,7,,,50,,,,,,,,,,,,,,17,,,,,B03,,,1,,1,,,84,84,1,13,4,120.677424,24.152478,3
7824,66000,387130000C,(04)23274275,(04)23288582,2025,04,21,19,59,臺中市,西屯區,0,1,0,7,1,6,50,13,9,1,5,4,6,6,4,4,1,4,5,2,17,2,9,2,1,C03,7,9,1,10,2,11,,59,59,1,12,4,120.636752,24.183363,2
7825,66000,387130000C,(04)23274275,(04)23288582,2025,04,21,20,7,臺中市,霧峰區,0,1,0,7,1,6,50,11,9,1,5,4,6,6,4,4,5,4,5,2,20,2,9,3,1,B03,7,9,1,4,2,5,,56,56,1,12,4,120.696057,24.064557,2
7826,66000,387130000C,(04)23274275,(04)23288582,2025,04,21,20,15,臺中市,北屯區,0,0,0,7,,,,,,,,,,,,,,,,,17,,,,,,,,,,,,,119,119,1,,,120.731004,24.166955,3
7827,66000,387130000C,(04)23274275,(04)23288582,2025,04,21,20,18,臺中市,西屯區,0,0,0,7,,,30,,,,,,,,,,,,,,14,,,,,A11,,,1,,2,,,49,49,1,6,4,120.595799,24.175923,3
7828,66000,387130000C,(04)23274275,(04)23288582,2025,04,21,20,39,臺中市,北區,0,1,0,7,1,6,50,4,2,1,5,4,6,6,4,4,5,4,5,2,16,2,9,1,1,C03,7,6,1,10,2,12,,14,14,1,12,4,120.684034,24.154715,2
7829,66000,387130000C,(04)23274275,(04)23288582,2025,04,21,20,40,臺中市,豐原區,0,1,0,6,1,6,50,4,1,1,5,4,6,6,1,1,5,4,4,2,17,3,10,3,1,B03,7,5,1,8,1,2,,20,20,1,6,4,120.712753,24.25084,2
7830,66000,387130000C,(04)23274275,(04)23288582,2025,04,21,20,41,臺中市,大里區,0,0,0,7,,,50,,,,,,,,,,,,,,17,,,,,C03,,,7,,10,,,87,87,1,6,4,120.711335,24.101802,3
7831,66000,387130000C,(04)23274275,(04)23288582,2025,04,21,21,0,臺中市,西屯區,0,1,0,7,1,6,50,4,1,1,5,4,6,6,1,1,10,5,5,2,20,2,9,3,1,B01,7,6,1,4,2,1,,59,59,1,12,4,120.638905,24.158797,2
7832,66000,387130000C,(04)23274275,(04)23288582,2025,04,21,21,13,臺中市,大里區,0,0,0,7,,,,,,,,,,,,,,,,,17,,,,,,,,,,,,,118,118,1,,,120.714147,24.099909,3
7833,66000,387130000C,(04)23274275,(04)23288582,2025,04,21,21,15,臺中市,大雅區,0,2,0,7,1,6,50,4,2,1,5,4,6,6,1,1,1,4,5,1,16,3,10,3,1,B03,7,5,1,8,2,2,,84,84,1,13,4,120.674232,24.240445,2
7834,66000,387130000C,(04)23274275,(04)23288582,2025,04,21,21,15,臺中市,太平區,0,0,0,7,,,50,,,,,,,,,,,,,,17,,,,,B03,,,1,,2,,,45,45,1,6,4,120.720378,24.156665,3
7835,66000,387130000C,(04)23274275,(04)23288582,2025,04,21,21,26,臺中市,北區,0,0,0,7,,,50,,,,,,,,,,,,,,,,,,,B03,,,1,,1,,,84,84,1,13,4,120.676962,24.159185,3
7836,66000,387130000C,(04)23274275,(04)23288582,2025,04,21,21,31,臺中市,大里區,0,0,0,6,1,6,30,3,9,1,5,4,6,6,4,4,10,5,5,2,11,,,,,B03,,,1,,2,,,85,85,1,12,4,120.695439,24.119544,3
7837,66000,387130000C,(04)23274275,(04)23288582,2025,04,21,21,55,臺中市,北屯區,0,0,0,7,,,50,,,,,,,,,,,,,,13,,,,,C03,,,1,,2,,,7,7,1,12,4,120.702514,24.18647,3
7838,66000,387130000C,(04)23274275,(04)23288582,2025,04,21,22,0,臺中市,神岡區,0,0,0,7,,,50,,,,,,,,,,,,,,14,,,,,B03,,,1,,2,,,49,49,1,12,4,120.668836,24.257341,3
7839,66000,387130000C,(04)23274275,(04)23288582,2025,04,21,22,1,臺中市,西區,0,1,0,7,1,6,50,13,9,1,5,4,6,6,4,4,9,5,5,1,14,3,10,3,1,B03,7,2,1,8,2,6,,49,49,1,13,4,120.661242,24.1381,2
7840,66000,387130000C,(04)23274275,(04)23288582,2025,04,21,22,7,臺中市,東區,0,1,0,7,1,6,50,4,4,1,5,4,6,6,1,1,5,2,5,2,13,3,10,3,1,B03,7,9,1,8,2,5,,7,7,1,13,4,120.696864,24.144694,2
7841,66000,387130000C,(04)23274275,(04)23288582,2025,04,21,22,14,臺中市,大雅區,0,1,0,7,1,6,50,4,2,1,5,4,6,6,1,1,1,5,4,1,17,3,10,1,1,C03,7,6,1,10,2,11,,11,11,1,13,4,120.656595,24.220887,2
7842,66000,387130000C,(04)23274275,(04)23288582,2025,04,21,22,32,臺中市,大里區,0,1,0,7,1,6,50,4,1,1,5,4,6,6,3,1,10,5,5,2,16,3,10,1,1,C03,7,6,1,10,2,11,,24,24,1,12,4,120.70179,24.099379,2
7843,66000,387130000C,(04)23274275,(04)23288582,2025,04,21,22,35,臺中市,西屯區,0,1,0,7,1,6,50,5,1,1,5,4,6,6,4,4,5,4,5,2,16,2,9,2,1,C03,7,6,1,10,2,13,,48,48,1,12,4,120.64528,24.177359,2
7844,66000,387130000C,(04)23274275,(04)23288582,2025,04,21,22,37,臺中市,東區,0,1,0,7,1,6,50,4,1,1,5,4,6,6,1,1,10,5,5,2,13,2,9,1,1,C03,7,9,1,10,2,11,,7,7,1,12,4,120.696201,24.14275,2
7845,66000,387130000C,(04)23274275,(04)23288582,2025,04,21,22,37,臺中市,豐原區,0,1,0,7,1,6,50,3,2,1,5,4,6,6,4,4,1,4,5,1,13,2,3,5,4,B03,7,9,1,8,2,1,,7,7,1,13,4,120.721756,24.274717,2
7846,66000,387130000C,(04)23274275,(04)23288582,2025,04,21,22,40,臺中市,西區,0,0,0,7,,,50,,,,,,,,,,,,,,,,,,,B03,,,1,,1,,,84,84,1,12,4,120.660028,24.146461,3
7847,66000,387130000C,(04)23274275,(04)23288582,2025,04,21,22,40,臺中市,沙鹿區,0,2,0,7,1,6,50,4,9,1,5,4,6,6,1,1,1,3,4,2,16,2,9,2,1,C03,7,6,3,19,2,12,,23,23,1,12,4,120.558678,24.229484,2
7848,66000,387130000C,(04)23274275,(04)23288582,2025,04,21,22,45,臺中市,北區,0,0,0,7,,,30,,,,,,,,,,,,,,17,,,,,B01,,,1,,2,,,8,8,1,13,4,120.680257,24.162697,3
7849,66000,387130000C,(04)23274275,(04)23288582,2025,04,21,23,11,臺中市,北屯區,0,1,0,7,1,6,50,4,2,1,5,4,6,6,1,1,4,3,5,2,13,3,10,2,1,C03,7,9,1,10,2,11,14,59,59,1,13,4,120.722497,24.174079,2
7850,66000,387130000C,(04)23274275,(04)23288582,2025,04,21,23,14,臺中市,南區,0,1,0,7,1,6,50,4,1,1,5,4,6,6,1,1,10,5,5,2,17,3,10,3,1,B03,7,6,1,8,2,16,,11,11,1,12,4,120.674485,24.130838,2
7851,66000,387130000C,(04)23274275,(04)23288582,2025,04,21,23,15,臺中市,西屯區,0,0,0,7,,,30,,,,,,,,,,,,,,14,,,,,B03,,,1,,2,,,85,85,1,12,4,120.649575,24.163046,3
7852,66000,387130000C,(04)23274275,(04)23288582,2025,04,21,23,20,臺中市,霧峰區,0,0,0,7,1,6,30,13,9,1,5,4,6,6,4,4,10,5,5,2,30,,,,,B03,,,1,,2,,,49,49,1,6,4,120.685218,24.051271,3
7853,66000,387130000C,(04)23274275,(04)23288582,2025,04,21,23,30,臺中市,大肚區,0,0,0,6,,,50,,,,,,,,,,,,,,15,,,,,C03,,,1,,2,,,48,48,1,6,4,120.574429,24.160112,3
7854,66000,387130000C,(04)23274275,(04)23288582,2025,04,21,23,50,臺中市,豐原區,0,2,0,6,1,6,60,13,9,1,5,4,6,6,4,4,1,4,5,1,17,2,9,1,1,C03,7,9,1,10,2,12,,8,8,1,6,4,120.702996,24.239615,2
7855,66000,387130000C,(04)23274275,(04)23288582,2025,04,22,0,1,臺中市,龍井區,0,0,0,7,,,50,,,,,,,,,,,,,,,,,,,A11,,,1,,1,,,93,93,1,6,4,120.534138,24.177501,3
7856,66000,387130000C,(04)23274275,(04)23288582,2025,04,22,0,12,臺中市,北屯區,0,1,0,7,1,6,50,4,1,1,5,4,6,6,1,1,10,5,5,2,23,2,9,5,4,B03,7,9,1,1,2,1,,59,59,1,12,4,120.693438,24.188137,2
7857,66000,387130000C,(04)23274275,(04)23288582,2025,04,22,0,34,臺中市,豐原區,0,0,0,7,,,50,,,,,,,,,,,,,,17,,,,,B03,,,1,,2,,,58,58,1,6,4,120.719046,24.253597,3
7858,66000,387130000C,(04)23274275,(04)23288582,2025,04,22,0,42,臺中市,大雅區,0,0,0,7,,,60,,,,,,,,,,,,,,28,,,,,C03,,,1,,2,,,6,6,1,13,4,120.673394,24.240039,3
7859,66000,387130000C,(04)23274275,(04)23288582,2025,04,22,3,20,臺中市,南屯區,0,0,0,7,,,50,,,,,,,,,,,,,,,,,,,B03,,,1,,2,,,49,49,1,12,4,120.652115,24.13539,3
7860,66000,387130000C,(04)23274275,(04)23288582,2025,04,22,5,21,臺中市,大肚區,0,2,0,7,3,6,15,13,9,1,5,4,6,6,4,4,10,5,5,2,2,2,9,2,1,C03,7,9,1,10,2,11,,59,59,1,6,4,120.552399,24.164746,2
7861,66000,387130000C,(04)23274275,(04)23288582,2025,04,22,5,51,臺中市,南屯區,0,1,0,7,3,6,0,18,21,4,5,4,6,6,4,4,10,5,5,2,18,2,9,2,4,C03,7,5,1,10,2,12,,39,39,1,6,4,120.638185,24.139825,2
7862,66000,387130000C,(04)23274275,(04)23288582,2025,04,22,5,51,臺中市,大甲區,0,1,0,7,3,6,50,13,9,1,5,4,6,6,4,4,5,4,4,2,17,3,10,1,1,C03,7,2,3,19,2,13,,49,49,1,12,4,120.624845,24.346532,2
7863,66000,387130000C,(04)23274275,(04)23288582,2025,04,22,5,59,臺中市,梧棲區,0,0,0,7,,,50,,,,,,,,,,,,,,13,,,,,B03,,,1,,1,,,59,59,1,6,4,120.513834,24.227285,3
7864,66000,387130000C,(04)23274275,(04)23288582,2025,04,22,6,7,臺中市,北區,0,1,0,7,2,6,30,4,1,1,5,4,6,6,4,4,10,5,5,2,17,2,9,5,4,C03,7,6,3,19,2,12,,4,4,1,13,4,120.678994,24.153727,2
7865,66000,387130000C,(04)23274275,(04)23288582,2025,04,22,6,14,臺中市,太平區,0,0,0,7,,,40,,,,,,,,,,,,,,17,,,,,C03,,,1,,1,,,84,84,1,6,4,120.729002,24.150035,3
7866,66000,387130000C,(04)23274275,(04)23288582,2025,04,22,6,19,臺中市,大雅區,0,0,0,7,,,30,,,,,,,,,,,,,,14,,,,,B03,,,1,,2,,,49,49,1,12,4,120.647098,24.2071,3
7867,66000,387130000C,(04)23274275,(04)23288582,2025,04,22,6,23,臺中市,北屯區,0,0,0,7,,,50,,,,,,,,,,,,,,15,,,,,B03,,,1,,1,,,12,12,1,13,4,120.689103,24.174131,3
7868,66000,387130000C,(04)23274275,(04)23288582,2025,04,22,6,36,臺中市,西區,0,0,0,7,,,50,,,,,,,,,,,,,,,,,,,A41,,,1,,2,,,49,49,1,12,4,120.663477,24.147634,3
7869,66000,387130000C,(04)23274275,(04)23288582,2025,04,22,6,37,臺中市,石岡區,0,0,0,7,2,6,,,7,1,5,4,5,6,4,4,1,4,4,1,35,,,,,,,,,,,,,116,116,1,,,120.779477,24.274361,3
7870,66000,387130000C,(04)23274275,(04)23288582,2025,04,22,6,42,臺中市,西屯區,0,2,0,7,2,6,50,3,1,1,5,4,6,6,1,1,10,5,5,2,13,2,9,5,1,C03,7,9,3,19,2,11,,7,7,1,12,4,120.662517,24.200756,2
7871,66000,387130000C,(04)23274275,(04)23288582,2025,04,22,6,44,臺中市,清水區,0,1,0,7,3,6,40,3,1,1,5,4,6,6,1,1,1,5,1,1,23,2,9,2,1,C03,7,9,1,10,2,11,,84,84,1,12,4,120.535503,24.279112,2
7872,66000,387130000C,(04)23274275,(04)23288582,2025,04,22,6,45,臺中市,大里區,0,0,0,7,,,30,,,,,,,,,,,,,,15,,,,,B03,,,1,,2,,,24,24,1,6,4,120.703993,24.09773,3
7873,66000,387130000C,(04)23274275,(04)23288582,2025,04,22,6,48,臺中市,烏日區,0,1,0,7,2,6,30,3,1,1,5,4,6,6,4,4,10,5,5,1,25,2,9,3,1,B02,7,9,1,8,2,8,,56,56,1,6,4,120.640593,24.099406,2
7874,66000,387130000C,(04)23274275,(04)23288582,2025,04,22,6,55,臺中市,龍井區,0,1,0,7,2,6,30,3,2,1,5,4,6,6,4,4,10,5,5,2,16,3,10,3,1,B03,7,6,1,8,2,8,,11,11,1,12,4,120.535963,24.17609,2
7875,66000,387130000C,(04)23274275,(04)23288582,2025,04,22,7,0,臺中市,神岡區,0,0,0,7,,,30,,,,,,,,,,,,,,11,,,,,A12,,,1,,1,,,8,8,1,13,4,120.687832,24.239085,3
7876,66000,387130000C,(04)23274275,(04)23288582,2025,04,22,7,4,臺中市,清水區,0,0,0,7,,,50,,,,,,,,,,,,,,,,,,,B03,,,1,,2,,,20,20,1,12,4,120.571522,24.260324,3
7877,66000,387130000C,(04)23274275,(04)23288582,2025,04,22,7,5,臺中市,南屯區,0,1,0,7,2,6,50,4,2,1,5,4,6,6,3,1,1,3,5,2,16,3,10,1,1,F01,7,5,7,21,2,11,14,84,84,1,3,4,120.646678,24.153691,2
7878,66000,387130000C,(04)23274275,(04)23288582,2025,04,22,7,5,臺中市,大里區,0,0,0,7,,,50,,,,,,,,,,,,,,,,,,,B03,,,1,,2,,,7,7,1,12,4,120.690704,24.098029,3
7879,66000,387130000C,(04)23274275,(04)23288582,2025,04,22,7,10,臺中市,南屯區,0,1,0,7,1,6,50,4,1,1,5,4,6,6,2,1,10,5,5,2,17,3,10,3,1,B03,7,6,1,8,2,5,,84,84,1,6,4,120.641658,24.125572,2
7880,66000,387130000C,(04)23274275,(04)23288582,2025,04,22,7,15,臺中市,大雅區,0,0,0,7,,,30,,,,,,,,,,,,,,13,,,,,C03,,,1,,2,,,7,7,1,12,4,120.647421,24.222823,3
7881,66000,387130000C,(04)23274275,(04)23288582,2025,04,22,7,16,臺中市,西區,0,1,0,7,3,6,50,3,1,1,5,4,6,6,4,4,10,5,5,2,16,3,10,3,1,B03,7,6,1,8,1,2,,14,14,1,6,4,120.665015,24.156554,2
7882,66000,387130000C,(04)23274275,(04)23288582,2025,04,22,7,17,臺中市,后里區,0,0,0,7,,,60,,,,,,,,,,,,,,12,,,,,B03,,,1,,2,,,84,84,1,12,4,120.723692,24.294721,3
7883,66000,387130000C,(04)23274275,(04)23288582,2025,04,22,7,18,臺中市,北屯區,0,1,0,7,3,6,50,4,1,1,5,4,6,6,4,4,10,5,5,2,15,3,10,3,1,B03,7,9,1,8,2,5,,15,15,1,6,4,120.715482,24.181175,2
7884,66000,387130000C,(04)23274275,(04)23288582,2025,04,22,7,20,臺中市,北屯區,0,1,0,7,3,6,50,4,2,1,5,4,6,6,4,4,5,5,5,2,12,3,10,3,1,B03,7,4,1,8,2,5,,1,1,1,6,4,120.690682,24.164341,2
7885,66000,387130000C,(04)23274275,(04)23288582,2025,04,22,7,20,臺中市,龍井區,0,2,0,7,2,6,30,4,13,1,5,4,6,6,4,4,5,2,5,2,16,2,9,1,1,C03,7,6,1,10,2,11,,12,12,1,12,4,120.522807,24.211122,2
7886,66000,387130000C,(04)23274275,(04)23288582,2025,04,22,7,23,臺中市,南屯區,0,2,0,7,2,6,50,4,2,1,5,4,6,6,2,1,5,4,4,2,17,2,9,2,1,C03,7,9,1,10,2,11,,7,7,1,12,4,120.643826,24.146854,2
7887,66000,387130000C,(04)23274275,(04)23288582,2025,04,22,7,25,臺中市,東區,0,1,0,7,2,6,50,3,9,1,5,4,6,6,1,1,9,4,4,2,17,3,10,3,1,B03,7,5,3,19,2,1,,47,47,1,12,4,120.703674,24.131436,2
7888,66000,387130000C,(04)23274275,(04)23288582,2025,04,22,7,25,臺中市,北屯區,0,1,0,7,2,6,50,4,24,1,5,4,6,6,2,1,10,5,5,2,16,2,8,6,1,F01,7,1,7,21,2,11,,51,51,1,12,4,120.733316,24.161155,2
7889,66000,387130000C,(04)23274275,(04)23288582,2025,04,22,7,25,臺中市,霧峰區,0,2,0,7,2,6,50,3,1,1,5,4,6,6,2,1,10,5,5,2,16,3,10,3,1,B03,7,6,1,8,2,1,,11,11,1,13,4,120.693968,24.034319,2
7890,66000,387130000C,(04)23274275,(04)23288582,2025,04,22,7,27,臺中市,大里區,0,5,0,7,2,6,50,3,2,1,5,4,6,6,4,4,10,5,5,2,17,2,9,1,1,C03,7,5,1,10,2,13,,14,14,1,12,4,120.704904,24.108023,2
7891,66000,387130000C,(04)23274275,(04)23288582,2025,04,22,7,29,臺中市,北屯區,0,1,0,7,1,6,50,13,7,1,5,4,6,6,4,4,9,4,4,2,12,2,9,1,1,C03,7,9,1,10,2,11,,84,84,1,13,4,120.689502,24.17066,2
7892,66000,387130000C,(04)23274275,(04)23288582,2025,04,22,7,29,臺中市,太平區,0,1,0,7,2,6,50,3,9,1,5,4,6,6,4,4,5,5,5,1,13,3,10,2,1,C03,7,9,1,10,2,11,,7,7,1,12,4,120.720774,24.120642,2
7893,66000,387130000C,(04)23274275,(04)23288582,2025,04,22,7,30,臺中市,北屯區,0,1,0,7,2,6,50,12,9,1,5,4,6,6,4,4,1,4,5,2,18,2,9,2,1,C03,7,9,1,10,2,12,,85,85,1,12,4,120.729708,24.177892,2
7894,66000,387130000C,(04)23274275,(04)23288582,2025,04,22,7,32,臺中市,南屯區,0,1,0,7,2,6,50,5,2,1,5,4,6,6,2,1,5,4,4,2,17,2,9,2,1,C03,7,9,1,10,1,11,,7,7,1,12,4,120.610887,24.145395,2
7895,66000,387130000C,(04)23274275,(04)23288582,2025,04,22,7,33,臺中市,豐原區,0,0,0,7,,,60,,,,,,,,,,,,,,17,,,,,B03,,,1,,9,,,49,49,2,13,4,120.728139,24.240398,3
7896,66000,387130000C,(04)23274275,(04)23288582,2025,04,22,7,35,臺中市,潭子區,0,0,0,7,,,30,,,,,,,,,,,,,,14,,,,,B03,,,1,,1,,,49,49,1,13,4,120.695744,24.224051,3
7897,66000,387130000C,(04)23274275,(04)23288582,2025,04,22,7,35,臺中市,豐原區,0,0,0,7,,,60,,,,,,,,,,,,,,,,,,,B03,,,1,,2,,,8,8,1,13,4,120.722968,24.23657,3
7898,66000,387130000C,(04)23274275,(04)23288582,2025,04,22,7,38,臺中市,龍井區,0,1,0,7,2,6,40,13,8,1,5,4,6,6,4,4,10,5,1,1,13,3,10,5,4,C03,7,9,1,10,2,11,,7,7,1,5,4,120.590126,24.183922,2
7899,66000,387130000C,(04)23274275,(04)23288582,2025,04,22,7,39,臺中市,太平區,0,0,0,7,,,40,,,,,,,,,,,,,,13,,,,,C03,,,1,,2,,,7,7,1,6,4,120.716007,24.133869,3
7900,66000,387130000C,(04)23274275,(04)23288582,2025,04,22,7,39,臺中市,烏日區,0,2,0,7,3,6,50,8,9,1,5,4,6,6,4,4,5,4,5,1,13,2,9,1,1,C03,7,12,1,10,2,11,13,7,7,1,6,4,120.641817,24.095355,2
7901,66000,387130000C,(04)23274275,(04)23288582,2025,04,22,7,41,臺中市,西屯區,0,1,0,7,2,6,50,4,1,1,5,4,6,6,1,1,8,4,5,1,17,2,9,5,4,C03,7,9,1,10,2,14,,59,59,1,13,4,120.667066,24.173203,2
7902,66000,387130000C,(04)23274275,(04)23288582,2025,04,22,7,42,臺中市,西屯區,0,1,0,7,2,6,50,3,1,1,5,4,6,6,4,4,10,5,5,2,17,2,9,5,4,F03,7,11,7,21,2,14,,46,46,1,13,4,120.636408,24.181711,2
7903,66000,387130000C,(04)23274275,(04)23288582,2025,04,22,7,42,臺中市,梧棲區,0,0,0,7,,,50,,,,,,,,,,,,,,13,,,,,B03,,,1,,1,,,7,7,1,6,4,120.519077,24.238353,3
7904,66000,387130000C,(04)23274275,(04)23288582,2025,04,22,7,42,臺中市,神岡區,0,1,0,7,2,6,40,13,9,1,5,4,6,6,4,4,9,4,4,2,17,2,9,5,4,C03,7,1,1,10,2,14,,51,51,1,13,4,120.69752,24.264917,2
7905,66000,387130000C,(04)23274275,(04)23288582,2025,04,22,7,43,臺中市,大肚區,0,0,0,7,,,70,,,,,,,,,,,,,,,,,,,B03,,,1,,1,,,59,59,1,6,4,120.548478,24.144596,3
7906,66000,387130000C,(04)23274275,(04)23288582,2025,04,22,7,44,臺中市,南屯區,0,0,0,7,,,50,,,,,,,,,,,,,,13,,,,,B03,,,1,,1,,,7,7,1,12,4,120.621331,24.151122,3
7907,66000,387130000C,(04)23274275,(04)23288582,2025,04,22,7,45,臺中市,西屯區,0,2,0,7,2,6,50,4,2,1,5,4,6,6,1,1,5,4,5,2,13,2,9,1,1,C03,7,9,1,10,1,11,,7,7,1,13,4,120.621487,24.172763,2
7908,66000,387130000C,(04)23274275,(04)23288582,2025,04,22,7,45,臺中市,新社區,0,2,0,7,2,6,50,3,1,1,5,4,6,6,4,4,10,5,5,2,13,2,9,5,4,C03,7,9,1,10,2,11,,7,7,1,13,4,120.794884,24.208557,2
7909,66000,387130000C,(04)23274275,(04)23288582,2025,04,22,7,46,臺中市,北區,0,2,0,7,3,6,50,13,9,1,5,4,6,6,4,4,5,5,5,2,17,2,9,1,1,C03,7,1,1,10,2,11,,51,51,1,12,4,120.701667,24.159672,2
7910,66000,387130000C,(04)23274275,(04)23288582,2025,04,22,7,46,臺中市,西屯區,0,1,0,7,2,6,50,3,1,1,5,4,6,6,4,4,10,5,5,2,16,3,10,5,4,B03,7,6,1,8,2,5,,14,14,1,12,4,120.616375,24.18029,2
7911,66000,387130000C,(04)23274275,(04)23288582,2025,04,22,7,47,臺中市,大雅區,0,1,0,7,2,6,50,4,1,1,5,4,6,6,1,1,5,5,5,1,13,2,8,2,1,C03,7,9,1,10,2,11,,7,7,1,13,4,120.650336,24.243547,2
7912,66000,387130000C,(04)23274275,(04)23288582,2025,04,22,7,47,臺中市,烏日區,0,2,0,7,3,6,30,3,1,1,5,4,6,6,4,4,10,5,5,1,16,2,9,5,4,C03,7,6,1,10,1,11,,14,14,1,13,4,120.639726,24.100587,2
7913,66000,387130000C,(04)23274275,(04)23288582,2025,04,22,7,48,臺中市,豐原區,0,1,0,7,2,6,50,13,9,1,5,4,6,6,4,4,5,4,4,2,17,3,10,5,4,B03,7,6,1,8,2,8,,39,39,1,12,4,120.703733,24.238793,2
7914,66000,387130000C,(04)23274275,(04)23288582,2025,04,22,7,50,臺中市,南屯區,0,1,0,7,1,6,50,3,1,1,5,4,6,6,4,4,10,5,5,2,17,3,10,3,1,B03,7,1,1,8,2,4,,51,51,1,6,4,120.626744,24.112425,2
7915,66000,387130000C,(04)23274275,(04)23288582,2025,04,22,7,50,臺中市,石岡區,0,1,0,7,1,6,50,13,9,1,5,4,6,6,4,4,1,4,5,1,13,2,9,5,4,C03,7,9,1,10,2,11,,7,7,1,13,4,120.762539,24.277022,2
7916,66000,387130000C,(04)23274275,(04)23288582,2025,04,22,7,52,臺中市,北區,0,0,0,7,,,30,,,,,,,,,,,,,,17,,,,,F01,,,7,,2,,,84,84,1,12,1,120.688823,24.159768,3
7917,66000,387130000C,(04)23274275,(04)23288582,2025,04,22,7,52,臺中市,北屯區,0,0,0,7,,,50,,,,,,,,,,,,,,12,,,,,B12,,,1,,1,,,39,39,1,6,4,120.692577,24.201007,3
7918,66000,387130000C,(04)23274275,(04)23288582,2025,04,22,7,52,臺中市,沙鹿區,0,0,0,7,,,50,,,,,,,,,,,,,,,,,,,B03,,,1,,1,,,59,59,1,13,4,120.598166,24.259878,3
7919,66000,387130000C,(04)23274275,(04)23288582,2025,04,22,7,52,臺中市,梧棲區,0,3,0,7,3,6,50,4,1,1,5,4,6,6,4,4,10,5,5,2,15,2,9,1,1,C03,7,9,1,10,2,11,,15,15,1,6,4,120.545597,24.256473,2
7920,66000,387130000C,(04)23274275,(04)23288582,2025,04,22,7,53,臺中市,南區,0,0,0,7,,,50,,,,,,,,,,,,,,17,,,,,C03,,,1,,1,,,45,45,1,13,4,120.666437,24.113041,4
7921,66000,387130000C,(04)23274275,(04)23288582,2025,04,22,7,53,臺中市,豐原區,0,1,0,7,3,6,30,3,1,1,5,4,6,6,4,4,10,5,5,2,17,3,10,1,1,C03,7,6,1,10,2,11,,14,14,1,13,4,120.713178,24.24901,2
7922,66000,387130000C,(04)23274275,(04)23288582,2025,04,22,7,54,臺中市,西屯區,0,1,0,7,2,6,40,4,2,1,5,4,6,6,2,1,1,4,1,2,13,2,8,5,4,C03,7,9,1,10,2,11,,7,7,1,13,4,120.64367,24.165654,2
7923,66000,387130000C,(04)23274275,(04)23288582,2025,04,22,7,55,臺中市,西區,0,0,0,7,2,6,50,13,9,1,5,4,6,6,4,4,5,5,5,2,17,,,,,C03,,,1,,1,,,48,48,1,13,4,120.666433,24.137437,3
7924,66000,387130000C,(04)23274275,(04)23288582,2025,04,22,7,55,臺中市,北屯區,0,1,0,7,3,6,40,3,1,1,5,4,6,6,4,4,10,5,5,2,16,2,9,2,1,C03,7,9,1,10,2,11,,84,84,1,6,4,120.686606,24.193876,2
7925,66000,387130000C,(04)23274275,(04)23288582,2025,04,22,7,56,臺中市,大雅區,0,0,0,7,,,30,,,,,,,,,,,,,,30,,,,,B03,,,1,,2,,,7,7,1,12,4,120.667605,24.224782,3
7926,66000,387130000C,(04)23274275,(04)23288582,2025,04,22,7,57,臺中市,南屯區,0,0,0,7,,,50,,,,,,,,,,,,,,17,,,,,A12,,,1,,1,,,59,59,1,12,4,120.608019,24.151116,3