序號,縣市別代碼,機關代碼,市話,傳真,年,月,日,時,分,縣市,區,死亡數量,受傷數量,2-30,天候,道路照明設備,道路類別,道路速限,道路型態,事故位置,路面鋪裝,路面狀態,路面缺陷,障礙物,視距,號誌種類,號誌動作,分向設施,快車道或一般車道間,快慢車道間,路面邊線,事故類型及型態,受傷程度,主要傷處,保護裝備,行動電話或功能裝置,當事者區分（類別）,車輛用途,當事者行動狀態,駕照狀態,駕照種類,飲酒情形,車輛撞擊部位最初,車輛撞擊部位其他,肇事因素個別,肇事因素主要,肇事逃逸,職業,共享經濟或外送平台,GPS座標X,GPS座標Y,事故類別
7927,66000,387130000C,(04)23274275,(04)23288582,2025,04,22,7,58,臺中市,豐原區,0,1,0,7,2,6,50,4,2,1,5,4,6,6,1,1,1,2,4,1,13,2,9,1,1,C03,7,9,1,10,2,11,,7,7,1,13,4,120.709007,24.250294,2
7928,66000,387130000C,(04)23274275,(04)23288582,2025,04,22,7,59,臺中市,豐原區,0,2,0,7,2,6,50,4,1,1,5,4,6,6,3,1,5,5,4,2,17,2,9,2,1,C03,7,9,3,19,2,11,,24,24,1,12,4,120.720827,24.25063,2
7929,66000,387130000C,(04)23274275,(04)23288582,2025,04,22,8,0,臺中市,西屯區,0,0,0,7,,,60,,,,,,,,,,,,,,13,,,,,B03,,,1,,1,,,7,7,1,13,4,120.622388,24.179667,4
7930,66000,387130000C,(04)23274275,(04)23288582,2025,04,22,8,0,臺中市,西屯區,0,1,0,7,2,6,40,13,8,1,5,4,6,6,4,4,1,5,1,1,13,3,10,2,4,C03,7,9,1,10,2,11,,59,59,1,12,4,120.641167,24.158393,2
7931,66000,387130000C,(04)23274275,(04)23288582,2025,04,22,8,0,臺中市,神岡區,0,2,0,7,2,6,50,3,1,5,5,4,6,6,1,1,10,5,5,2,16,2,9,5,4,C03,7,5,1,10,2,12,,47,47,1,12,4,120.659013,24.273623,2
7932,66000,387130000C,(04)23274275,(04)23288582,2025,04,22,8,2,臺中市,太平區,0,2,0,7,2,6,30,4,1,1,5,4,6,6,4,4,10,5,5,2,15,2,9,2,1,C03,7,9,1,10,2,12,,15,15,1,12,4,120.726666,24.143229,2
7933,66000,387130000C,(04)23274275,(04)23288582,2025,04,22,8,3,臺中市,西屯區,0,0,0,7,,,60,,,,,,,,,,,,,,,,,,,B03,,,1,,1,,,35,35,1,12,4,120.653098,24.204192,3
7934,66000,387130000C,(04)23274275,(04)23288582,2025,04,22,8,3,臺中市,豐原區,0,1,0,7,2,6,50,3,2,1,5,4,6,6,1,1,1,4,5,1,17,3,10,3,1,B03,7,5,1,8,2,6,,84,84,1,13,4,120.722248,24.276815,2
7935,66000,387130000C,(04)23274275,(04)23288582,2025,04,22,8,5,臺中市,西屯區,0,1,0,7,2,6,50,4,1,1,5,4,6,6,1,1,3,4,5,2,13,3,10,3,1,B03,7,9,1,8,2,1,,7,7,1,13,4,120.651614,24.165687,2
7936,66000,387130000C,(04)23274275,(04)23288582,2025,04,22,8,5,臺中市,神岡區,0,1,0,7,2,6,50,13,9,1,5,4,6,6,4,4,3,4,5,2,30,,,,,,,,,,,,,119,119,1,,,120.698359,24.248614,2
7937,66000,387130000C,(04)23274275,(04)23288582,2025,04,22,8,12,臺中市,大里區,0,1,0,7,2,6,50,5,2,1,5,4,6,6,1,1,10,5,5,2,17,3,10,3,1,B03,7,5,1,8,2,16,,65,65,1,12,4,120.674889,24.103611,2
7938,66000,387130000C,(04)23274275,(04)23288582,2025,04,22,8,15,臺中市,龍井區,0,2,0,7,2,6,50,13,9,1,5,4,6,6,4,4,5,5,5,1,14,3,10,3,1,B03,7,2,1,8,2,16,,49,49,1,12,4,120.524106,24.210248,2
7939,66000,387130000C,(04)23274275,(04)23288582,2025,04,22,8,16,臺中市,太平區,0,1,0,7,2,6,50,13,9,1,5,4,6,6,3,1,5,5,5,2,16,2,9,6,1,F01,7,11,7,21,2,14,,45,45,1,12,4,120.721002,24.113852,2
7940,66000,387130000C,(04)23274275,(04)23288582,2025,04,22,8,17,臺中市,西區,0,1,0,7,2,6,50,4,1,1,5,4,6,6,2,1,5,4,4,2,16,3,10,3,1,B03,7,6,1,8,2,6,,11,11,1,12,4,120.665269,24.149019,2
7941,66000,387130000C,(04)23274275,(04)23288582,2025,04,22,8,18,臺中市,龍井區,0,0,0,7,,,50,,,,,,,,,,,,,,,,,,,B03,,,1,,1,,,1,1,1,6,4,120.574355,24.175833,3
7942,66000,387130000C,(04)23274275,(04)23288582,2025,04,22,8,20,臺中市,大雅區,0,0,0,7,,,30,,,,,,,,,,,,,,14,,,,,B12,,,1,,1,,,49,49,1,13,4,120.653009,24.211641,3
7943,66000,387130000C,(04)23274275,(04)23288582,2025,04,22,8,20,臺中市,東區,0,2,0,7,2,6,50,4,1,1,5,4,6,6,2,1,10,5,5,2,16,2,7,1,1,C03,7,9,1,10,2,12,,1,1,1,12,4,120.70128,24.142716,2
7944,66000,387130000C,(04)23274275,(04)23288582,2025,04,22,8,25,臺中市,西區,0,1,0,7,3,6,40,13,8,1,5,4,6,6,4,4,1,4,1,2,13,2,8,1,1,C03,7,9,1,10,2,11,,7,7,1,6,4,120.659894,24.158815,2
7945,66000,387130000C,(04)23274275,(04)23288582,2025,04,22,8,25,臺中市,北屯區,0,0,0,7,,,40,,,,,,,,,,,,,,13,,,,,B03,,,1,,1,,,84,84,1,6,4,120.68273,24.200874,3
7946,66000,387130000C,(04)23274275,(04)23288582,2025,04,22,8,25,臺中市,龍井區,0,0,0,7,,,30,,,,,,,,,,,,,,,,,,,B03,,,1,,2,,,84,84,1,6,4,120.5766,24.180204,3
7947,66000,387130000C,(04)23274275,(04)23288582,2025,04,22,8,25,臺中市,龍井區,0,1,0,7,2,6,40,4,2,1,5,4,6,6,4,4,5,5,5,1,15,3,10,3,1,B12,7,9,1,8,2,4,,6,6,1,12,4,120.530459,24.177383,2
7948,66000,387130000C,(04)23274275,(04)23288582,2025,04,22,8,27,臺中市,大里區,0,1,0,7,3,6,50,5,1,1,5,4,6,6,1,1,10,5,5,2,16,2,8,1,1,C03,7,9,1,10,2,11,,84,84,1,6,4,120.698587,24.079487,2
7949,66000,387130000C,(04)23274275,(04)23288582,2025,04,22,8,28,臺中市,梧棲區,0,3,0,7,3,6,50,3,1,1,5,4,6,6,3,1,10,5,5,2,16,2,8,1,1,C03,7,9,1,10,2,11,,59,59,1,6,4,120.530171,24.259269,2
7950,66000,387130000C,(04)23274275,(04)23288582,2025,04,22,8,29,臺中市,霧峰區,0,2,0,7,2,6,50,3,1,1,5,4,6,6,3,1,10,5,5,2,16,2,9,2,1,C03,7,6,3,19,2,12,,11,11,1,6,4,120.682313,24.06523,2
7951,66000,387130000C,(04)23274275,(04)23288582,2025,04,22,8,30,臺中市,太平區,0,0,0,7,,,50,,,,,,,,,,,,,,13,,,,,B03,,,1,,2,,,7,7,1,12,4,120.700635,24.148038,3
7952,66000,387130000C,(04)23274275,(04)23288582,2025,04,22,8,35,臺中市,西屯區,0,0,0,7,,,80,,,,,,,,,,,,,,13,,,,,B03,,,1,,1,,,7,7,1,13,4,120.655041,24.199459,3
7953,66000,387130000C,(04)23274275,(04)23288582,2025,04,22,8,36,臺中市,南屯區,0,1,0,7,2,6,50,3,1,1,5,4,6,6,3,1,10,5,5,2,11,2,9,2,4,C03,7,6,1,10,1,11,12,11,11,1,13,4,120.654482,24.132009,2
7954,66000,387130000C,(04)23274275,(04)23288582,2025,04,22,8,40,臺中市,東區,0,2,0,7,2,6,50,13,9,1,5,4,6,6,4,4,5,4,5,2,17,2,8,2,1,C03,7,9,3,19,9,11,,58,58,1,6,4,120.68913,24.140534,2
7955,66000,387130000C,(04)23274275,(04)23288582,2025,04,22,8,40,臺中市,南屯區,0,1,0,7,1,6,50,3,1,1,5,4,6,6,2,1,10,5,5,2,17,2,9,1,1,C03,7,9,1,10,2,12,,6,6,1,6,4,120.634658,24.122407,2
7956,66000,387130000C,(04)23274275,(04)23288582,2025,04,22,8,40,臺中市,西屯區,0,1,0,7,3,6,50,5,1,1,5,4,6,6,1,1,1,4,5,1,23,2,9,5,4,C03,7,9,1,8,2,11,,59,59,1,13,4,120.658751,24.17621,2
7957,66000,387130000C,(04)23274275,(04)23288582,2025,04,22,8,41,臺中市,西屯區,0,0,0,7,,,50,,,,,,,,,,,,,,13,,,,,B03,,,1,,1,,,7,7,1,12,4,120.617592,24.1854,3
7958,66000,387130000C,(04)23274275,(04)23288582,2025,04,22,8,43,臺中市,西屯區,0,0,0,7,,,50,,,,,,,,,,,,,,13,,,,,B03,,,1,,1,,,84,84,1,12,4,120.617498,24.185346,3
7959,66000,387130000C,(04)23274275,(04)23288582,2025,04,22,8,44,臺中市,大里區,0,0,0,7,,,50,,,,,,,,,,,,,,17,,,,,A12,,,1,,2,,,8,8,1,12,4,120.675509,24.103035,3
7960,66000,387130000C,(04)23274275,(04)23288582,2025,04,22,8,46,臺中市,北屯區,0,0,0,7,,,50,,,,,,,,,,,,,,,,,,,C03,,,1,,1,,,7,7,1,12,4,120.671405,24.173838,3
7961,66000,387130000C,(04)23274275,(04)23288582,2025,04,22,8,46,臺中市,后里區,0,1,0,7,3,6,40,13,9,1,5,4,6,6,4,4,9,5,5,1,17,3,10,3,1,B03,7,11,1,8,2,1,,46,46,1,12,4,120.73151,24.301559,2
7962,66000,387130000C,(04)23274275,(04)23288582,2025,04,22,8,48,臺中市,西區,0,1,0,7,2,6,30,4,1,1,5,4,6,6,4,4,10,5,5,2,16,3,10,2,1,C03,7,6,1,10,2,11,,85,85,1,13,4,120.653964,24.146718,2
7963,66000,387130000C,(04)23274275,(04)23288582,2025,04,22,8,51,臺中市,西屯區,0,2,0,7,2,6,40,3,1,1,5,4,6,6,4,4,10,5,5,2,17,2,9,2,4,C03,7,9,1,10,2,11,,59,59,1,13,4,120.607897,24.183834,2
7964,66000,387130000C,(04)23274275,(04)23288582,2025,04,22,8,53,臺中市,南區,0,0,0,7,,,50,,,,,,,,,,,,,,17,,,,,C03,,,1,,2,,,7,7,1,12,4,120.667537,24.127725,3
7965,66000,387130000C,(04)23274275,(04)23288582,2025,04,22,8,54,臺中市,北區,0,1,0,7,2,6,50,4,1,1,5,4,6,6,4,4,10,5,5,2,13,3,10,1,1,C03,7,10,1,10,2,11,,34,34,1,13,4,120.686649,24.155888,2
7966,66000,387130000C,(04)23274275,(04)23288582,2025,04,22,8,55,臺中市,西區,0,0,0,7,,,50,,,,,,,,,,,,,,,,,,,B03,,,1,,2,,,51,51,1,12,4,120.663002,24.131635,3
7967,66000,387130000C,(04)23274275,(04)23288582,2025,04,22,8,55,臺中市,太平區,0,2,0,7,3,6,50,3,1,1,5,4,6,6,4,4,10,5,5,2,16,2,7,1,1,C03,7,11,1,10,2,11,,45,45,1,6,4,120.722991,24.118604,2
7968,66000,387130000C,(04)23274275,(04)23288582,2025,04,22,8,55,臺中市,大甲區,0,0,0,7,,,50,,,,,,,,,,,,,,,,,,,B03,,,1,,1,,,59,59,1,6,4,120.627748,24.346823,4
7969,66000,387130000C,(04)23274275,(04)23288582,2025,04,22,8,56,臺中市,中區,0,1,0,7,2,6,50,3,1,1,5,4,6,6,4,4,10,5,5,2,10,3,10,1,1,C03,7,9,1,10,9,11,,4,4,2,12,4,120.677787,24.142532,2
7970,66000,387130000C,(04)23274275,(04)23288582,2025,04,22,8,56,臺中市,西屯區,0,1,0,7,2,6,50,4,2,1,5,4,6,6,1,1,5,5,4,2,13,3,10,1,1,C03,7,9,6,20,2,11,,7,7,1,13,4,120.637283,24.173182,2
7971,66000,387130000C,(04)23274275,(04)23288582,2025,04,22,8,57,臺中市,沙鹿區,0,1,0,7,2,6,50,3,1,1,5,4,6,6,1,1,10,5,5,2,17,2,8,1,1,F03,7,9,7,21,9,11,14,21,21,1,6,4,120.579417,24.224518,2
7972,66000,387130000C,(04)23274275,(04)23288582,2025,04,22,8,58,臺中市,烏日區,0,2,0,7,2,6,50,3,2,1,5,4,6,6,4,4,10,4,5,1,12,2,9,5,4,C03,7,1,1,10,2,14,,51,51,1,13,4,120.644063,24.084702,2
7973,66000,387130000C,(04)23274275,(04)23288582,2025,04,22,8,59,臺中市,西屯區,0,0,0,7,,,50,,,,,,,,,,,,,,13,,,,,B11,,,1,,1,,,7,7,1,13,4,120.634688,24.179884,3
7974,66000,387130000C,(04)23274275,(04)23288582,2025,04,22,9,0,臺中市,龍井區,0,0,0,7,,,30,,,,,,,,,,,,,,,,,,,B12,,,1,,2,,,84,84,1,12,4,120.589472,24.181307,3
7975,66000,387130000C,(04)23274275,(04)23288582,2025,04,22,9,3,臺中市,神岡區,0,1,0,7,2,6,40,5,1,1,5,4,6,6,3,1,10,5,5,2,17,2,9,5,4,C03,7,9,1,10,2,14,,24,24,1,13,4,120.643664,24.24578,2
7976,66000,387130000C,(04)23274275,(04)23288582,2025,04,22,9,6,臺中市,大里區,0,1,0,7,2,6,40,13,8,1,5,4,6,6,4,4,5,5,4,2,12,2,9,1,1,C03,7,9,1,10,2,11,,7,7,1,12,4,120.681544,24.100507,2
7977,66000,387130000C,(04)23274275,(04)23288582,2025,04,22,9,9,臺中市,北屯區,0,0,0,7,,,50,,,,,,,,,,,,,,,,,,,B03,,,1,,1,,,51,51,1,12,4,120.724715,24.175041,3
7978,66000,387130000C,(04)23274275,(04)23288582,2025,04,22,9,10,臺中市,西區,0,2,0,7,3,6,50,4,1,1,5,4,6,6,1,1,10,5,5,2,16,2,9,1,1,C03,7,6,1,10,2,14,,42,42,1,6,4,120.669316,24.138836,2
7979,66000,387130000C,(04)23274275,(04)23288582,2025,04,22,9,14,臺中市,南區,0,0,0,7,,,50,,,,,,,,,,,,,,13,,,,,C03,,,1,,2,,,84,84,1,13,4,120.666932,24.114696,3
7980,66000,387130000C,(04)23274275,(04)23288582,2025,04,22,9,14,臺中市,西屯區,0,1,0,7,2,6,50,13,9,1,5,4,6,6,4,4,8,4,5,1,11,3,10,5,4,B02,7,11,1,8,2,1,,39,39,1,13,4,120.636504,24.181545,2
7981,66000,387130000C,(04)23274275,(04)23288582,2025,04,22,9,19,臺中市,西屯區,0,1,0,7,2,6,30,11,9,1,5,4,6,6,4,4,10,5,5,2,16,3,10,5,4,C03,7,6,1,10,2,11,,42,42,1,12,4,120.646563,24.177929,2
7982,66000,387130000C,(04)23274275,(04)23288582,2025,04,22,9,20,臺中市,烏日區,0,0,0,7,,,50,,,,,,,,,,,,,,,,,,,B02,,,1,,1,,,8,8,1,8,4,120.599047,24.107871,3
7983,66000,387130000C,(04)23274275,(04)23288582,2025,04,22,9,20,臺中市,豐原區,0,0,0,7,,,30,,,,,,,,,,,,,,17,,,,,B12,,,1,,2,,,8,8,1,6,4,120.733889,24.236692,3
7984,66000,387130000C,(04)23274275,(04)23288582,2025,04,22,9,20,臺中市,豐原區,0,1,0,7,2,6,60,4,1,1,5,4,6,6,1,1,1,2,4,1,16,3,10,5,4,B01,7,6,1,8,2,8,,48,48,1,13,4,120.710516,24.23722,2
7985,66000,387130000C,(04)23274275,(04)23288582,2025,04,22,9,30,臺中市,南屯區,0,1,0,7,1,6,50,13,7,1,5,4,6,6,4,4,9,5,4,2,13,2,8,1,1,C03,7,9,1,10,2,11,,59,59,1,6,4,120.636823,24.136583,2
7986,66000,387130000C,(04)23274275,(04)23288582,2025,04,22,9,30,臺中市,南屯區,0,1,0,7,1,6,50,13,8,1,5,4,6,6,4,4,1,4,1,2,12,3,10,3,1,B03,7,9,1,8,2,2,,59,59,1,6,4,120.629219,24.128199,2
7987,66000,387130000C,(04)23274275,(04)23288582,2025,04,22,9,30,臺中市,大里區,0,1,0,7,2,6,40,11,12,1,5,4,6,6,4,4,5,5,4,1,2,2,9,1,1,C03,7,9,1,10,2,11,,58,58,1,12,4,120.717414,24.094474,2
7988,66000,387130000C,(04)23274275,(04)23288582,2025,04,22,9,33,臺中市,西屯區,0,0,0,7,,,50,,,,,,,,,,,,,,13,,,,,B03,,,1,,1,,,7,7,1,12,4,120.636724,24.170849,3
7989,66000,387130000C,(04)23274275,(04)23288582,2025,04,22,9,34,臺中市,東區,0,0,0,7,,,50,,,,,,,,,,,,,,12,,,,,B03,,,1,,1,,,59,59,1,12,4,120.694946,24.141433,3
7990,66000,387130000C,(04)23274275,(04)23288582,2025,04,22,9,39,臺中市,沙鹿區,0,0,0,7,,,40,,,,,,,,,,,,,,,,,,,C03,,,1,,2,,,4,4,1,12,4,120.573102,24.230911,3
7991,66000,387130000C,(04)23274275,(04)23288582,2025,04,22,9,43,臺中市,北區,0,0,0,7,,,50,,,,,,,,,,,,,,12,,,,,B03,,,1,,1,,,59,59,1,12,4,120.673554,24.15679,3
7992,66000,387130000C,(04)23274275,(04)23288582,2025,04,22,9,44,臺中市,西屯區,0,0,0,7,,,50,,,,,,,,,,,,,,13,,,,,B03,,,1,,2,,,56,56,1,13,4,120.662912,24.163864,3
7993,66000,387130000C,(04)23274275,(04)23288582,2025,04,22,9,45,臺中市,中區,0,1,0,7,2,6,50,4,2,1,5,4,6,6,1,1,5,4,5,2,13,3,10,3,1,B03,7,9,1,8,2,2,,7,7,1,13,4,120.683559,24.141361,2
7994,66000,387130000C,(04)23274275,(04)23288582,2025,04,22,9,45,臺中市,南屯區,0,1,0,7,2,6,60,4,2,1,5,4,6,6,2,1,4,1,5,1,13,2,9,1,1,C03,7,9,1,10,2,14,,8,8,1,12,4,120.636902,24.153563,2
7995,66000,387130000C,(04)23274275,(04)23288582,2025,04,22,9,45,臺中市,烏日區,0,0,0,7,,,50,,,,,,,,,,,,,,17,,,,,B03,,,1,,9,,,85,85,1,13,4,120.5972,24.110336,3
7996,66000,387130000C,(04)23274275,(04)23288582,2025,04,22,9,47,臺中市,東區,0,2,0,7,2,6,30,3,1,1,5,4,6,6,4,4,1,4,5,2,16,2,9,2,1,C03,7,5,1,10,2,14,,12,12,1,6,4,120.682765,24.134977,2
7997,66000,387130000C,(04)23274275,(04)23288582,2025,04,22,9,48,臺中市,北屯區,0,1,0,7,2,6,50,3,1,1,5,4,6,6,1,1,10,5,5,2,17,3,10,3,1,B03,7,6,1,8,2,1,,11,11,1,12,4,120.698786,24.170272,2
7998,66000,387130000C,(04)23274275,(04)23288582,2025,04,22,9,49,臺中市,東區,0,1,0,7,2,6,50,5,1,1,5,4,6,6,1,1,9,4,4,2,17,3,10,3,1,B03,7,5,1,8,2,2,,8,8,1,12,4,120.693177,24.13311,2
7999,66000,387130000C,(04)23274275,(04)23288582,2025,04,22,9,54,臺中市,霧峰區,0,1,0,7,3,6,30,3,1,1,5,4,6,6,4,4,10,5,5,2,16,2,9,1,1,C03,7,9,1,10,2,16,,84,84,1,6,4,120.673591,24.075956,2
8000,66000,387130000C,(04)23274275,(04)23288582,2025,04,22,9,57,臺中市,太平區,0,0,0,7,,,50,,,,,,,,,,,,,,13,,,,,C03,,,1,,2,,,7,7,1,12,4,120.718221,24.126093,3
8001,66000,387130000C,(04)23274275,(04)23288582,2025,04,22,10,0,臺中市,西區,0,0,0,7,,,50,,,,,,,,,,,,,,16,,,,,C04,,,1,,11,,,85,85,1,12,4,120.674274,24.140152,3
8002,66000,387130000C,(04)23274275,(04)23288582,2025,04,22,10,1,臺中市,北屯區,0,0,0,7,,,50,,,,,,,,,,,,,,,,,,,C03,,,1,,9,,,4,4,1,13,4,120.696398,24.183043,3
8003,66000,387130000C,(04)23274275,(04)23288582,2025,04,22,10,3,臺中市,沙鹿區,0,0,0,7,,,50,,,,,,,,,,,,,,,,,,,B03,,,1,,1,,,59,59,1,13,4,120.555227,24.227361,3
8004,66000,387130000C,(04)23274275,(04)23288582,2025,04,22,10,3,臺中市,新社區,0,0,0,7,,,30,,,,,,,,,,,,,,17,,,,,B03,,,1,,1,,,50,50,1,12,4,120.805527,24.234686,3
8005,66000,387130000C,(04)23274275,(04)23288582,2025,04,22,10,5,臺中市,潭子區,0,1,0,7,2,6,60,3,1,1,5,4,6,6,2,1,10,5,5,2,16,3,10,3,1,B03,7,5,1,8,2,2,,11,11,1,13,4,120.708683,24.229873,2
8006,66000,387130000C,(04)23274275,(04)23288582,2025,04,22,10,5,臺中市,北屯區,0,0,0,7,,,40,,,,,,,,,,,,,,13,,,,,B12,,,1,,1,,,7,7,1,6,4,120.722231,24.18483,3
8007,66000,387130000C,(04)23274275,(04)23288582,2025,04,22,10,8,臺中市,南區,0,0,0,7,,,30,,,,,,,,,,,,,,24,,,,,B12,,,1,,9,,,84,84,1,6,4,120.681695,24.130323,3
8008,66000,387130000C,(04)23274275,(04)23288582,2025,04,22,10,13,臺中市,大里區,0,1,0,7,2,6,50,3,2,1,5,4,6,6,4,4,5,5,5,1,16,2,9,2,1,C03,7,5,1,10,2,14,,12,12,1,6,4,120.688939,24.091464,2
8009,66000,387130000C,(04)23274275,(04)23288582,2025,04,22,10,14,臺中市,南屯區,0,0,0,7,,,50,,,,,,,,,,,,,,13,,,,,B03,,,1,,1,,,84,84,1,13,4,120.585201,24.166763,3
8010,66000,387130000C,(04)23274275,(04)23288582,2025,04,22,10,20,臺中市,西屯區,0,0,0,7,,,80,,,,,,,,,,,,,,13,,,,,B03,,,1,,1,,,84,84,1,13,4,120.634948,24.179291,3
8011,66000,387130000C,(04)23274275,(04)23288582,2025,04,22,10,20,臺中市,豐原區,0,1,0,7,2,6,50,4,1,1,5,4,6,6,1,1,10,5,5,2,9,2,8,6,5,H01,8,16,7,21,10,17,,109,109,1,13,5,120.715806,24.25453,2
8012,66000,387130000C,(04)23274275,(04)23288582,2025,04,22,10,21,臺中市,東勢區,0,1,0,7,2,6,50,13,9,1,5,4,6,6,4,4,8,5,5,1,12,2,9,1,1,C03,7,9,1,10,2,11,,43,43,1,12,4,120.831293,24.260167,2
8013,66000,387130000C,(04)23274275,(04)23288582,2025,04,22,10,23,臺中市,大雅區,0,1,0,7,1,6,70,3,1,1,5,4,6,6,3,1,10,5,5,2,16,3,10,3,1,B12,7,11,1,8,2,2,,45,45,1,12,4,120.631541,24.23985,2
8014,66000,387130000C,(04)23274275,(04)23288582,2025,04,22,10,23,臺中市,西屯區,0,0,0,7,,,50,,,,,,,,,,,,,,13,,,,,B03,,,1,,2,,,7,7,1,13,4,120.634744,24.180083,3
8015,66000,387130000C,(04)23274275,(04)23288582,2025,04,22,10,24,臺中市,西區,0,0,0,7,,,50,,,,,,,,,,,,,,,,,,,B03,,,1,,1,,,8,8,1,6,4,120.674906,24.149123,3
8016,66000,387130000C,(04)23274275,(04)23288582,2025,04,22,10,25,臺中市,大里區,0,0,0,7,,,50,,,,,,,,,,,,,,17,,,,,B03,,,1,,1,,,7,7,1,12,4,120.707368,24.111768,3
8017,66000,387130000C,(04)23274275,(04)23288582,2025,04,22,10,28,臺中市,潭子區,0,1,0,7,2,6,50,5,2,1,5,4,6,6,1,1,1,4,4,2,13,2,9,2,1,C03,7,9,1,10,2,12,,85,85,1,12,4,120.698445,24.216674,2
8018,66000,387130000C,(04)23274275,(04)23288582,2025,04,22,10,30,臺中市,東區,0,0,0,7,,,50,,,,,,,,,,,,,,17,,,,,B12,,,1,,2,,,59,59,1,12,4,120.699182,24.142802,3
8019,66000,387130000C,(04)23274275,(04)23288582,2025,04,22,10,35,臺中市,東區,0,0,0,7,,,50,,,,,,,,,,,,,,17,,,,,B12,,,5,,1,,,84,84,1,6,4,120.690941,24.1445,3
8020,66000,387130000C,(04)23274275,(04)23288582,2025,04,22,10,37,臺中市,北屯區,0,0,0,7,,,50,,,,,,,,,,,,,,14,,,,,B03,,,1,8,1,,,49,49,1,6,4,120.707343,24.183741,3
8021,66000,387130000C,(04)23274275,(04)23288582,2025,04,22,10,40,臺中市,北屯區,0,0,0,7,,,50,,,,,,,,,,,,,,13,,,,,B03,,,1,,1,,,84,84,1,6,4,120.701858,24.181738,3
8022,66000,387130000C,(04)23274275,(04)23288582,2025,04,22,10,44,臺中市,大雅區,0,0,0,7,,,50,,,,,,,,,,,,,,12,,,,,B03,,,1,,1,,,51,51,1,13,4,120.645803,24.225698,3
8023,66000,387130000C,(04)23274275,(04)23288582,2025,04,22,10,45,臺中市,新社區,0,1,0,7,2,6,30,4,1,1,5,4,6,6,4,4,10,5,5,2,15,2,9,1,1,C03,7,9,1,10,2,12,,15,15,1,12,4,120.803262,24.216266,2
8024,66000,387130000C,(04)23274275,(04)23288582,2025,04,22,10,48,臺中市,潭子區,0,0,0,7,,,50,,,,,,,,,,,,,,13,,,,,B12,,,1,,2,,,7,7,1,13,4,120.717781,24.197709,3
8025,66000,387130000C,(04)23274275,(04)23288582,2025,04,22,10,49,臺中市,西屯區,0,0,0,7,,,50,,,,,,,,,,,,,,17,,,,,B01,,,1,,1,,,49,49,1,13,4,120.601134,24.185734,3
8026,66000,387130000C,(04)23274275,(04)23288582,2025,04,22,10,52,臺中市,北區,0,1,0,7,2,6,30,4,1,1,5,4,6,6,4,4,10,5,5,2,15,2,9,5,4,C03,7,9,3,19,2,11,,15,15,1,12,4,120.679622,24.151407,2
8027,66000,387130000C,(04)23274275,(04)23288582,2025,04,22,10,53,臺中市,豐原區,0,1,0,7,2,6,50,13,7,1,5,4,6,6,4,4,1,4,4,1,13,2,9,1,1,C03,7,9,1,10,2,11,,7,7,1,12,4,120.740892,24.263201,2
8028,66000,387130000C,(04)23274275,(04)23288582,2025,04,22,10,57,臺中市,烏日區,0,0,0,7,,,50,,,,,,,,,,,,,,13,,,,,B03,,,1,,2,,,59,59,1,13,4,120.614145,24.116778,3
8029,66000,387130000C,(04)23274275,(04)23288582,2025,04,22,10,57,臺中市,烏日區,0,1,0,7,3,6,50,4,1,1,5,4,6,6,2,1,1,4,5,2,16,3,10,3,1,B03,7,1,1,8,2,5,8,51,51,1,6,4,120.615663,24.113916,2
8030,66000,387130000C,(04)23274275,(04)23288582,2025,04,22,10,58,臺中市,太平區,0,0,0,7,,,50,,,,,,,,,,,,,,14,,,,,B03,,,1,,2,,,50,50,1,6,4,120.718598,24.126302,3
8031,66000,387130000C,(04)23274275,(04)23288582,2025,04,22,10,59,臺中市,太平區,0,2,0,7,2,6,50,4,1,1,5,4,6,6,4,4,10,5,5,2,15,2,9,2,1,C03,7,9,1,10,2,11,,15,15,1,12,4,120.721129,24.116515,2
8032,66000,387130000C,(04)23274275,(04)23288582,2025,04,22,11,3,臺中市,北區,0,0,0,7,,,50,,,,,,,,,,,,,,17,,,,,C03,,,1,,1,,,84,84,1,13,4,120.681745,24.158267,3
8033,66000,387130000C,(04)23274275,(04)23288582,2025,04,22,11,5,臺中市,北屯區,0,1,0,7,2,6,50,4,1,1,5,4,6,6,4,4,10,5,5,2,17,2,9,1,1,C03,7,9,1,10,2,14,,85,85,1,12,4,120.694403,24.172963,2
8034,66000,387130000C,(04)23274275,(04)23288582,2025,04,22,11,5,臺中市,大甲區,0,1,0,7,3,6,50,4,1,1,5,4,6,6,4,4,4,5,5,1,15,3,10,3,1,B03,7,9,1,8,2,5,2,15,15,1,6,4,120.62388,24.345332,2
8035,66000,387130000C,(04)23274275,(04)23288582,2025,04,22,11,7,臺中市,潭子區,0,2,0,7,2,6,50,13,7,1,5,4,6,6,4,4,4,5,4,2,17,3,10,3,1,B03,7,14,3,19,2,4,,76,76,1,13,4,120.706852,24.206638,2
8036,66000,387130000C,(04)23274275,(04)23288582,2025,04,22,11,9,臺中市,西區,0,0,0,7,,,50,,,,,,,,,,,,,,,,,,,B03,,,1,,1,,,42,42,1,12,4,120.665334,24.130023,3
8037,66000,387130000C,(04)23274275,(04)23288582,2025,04,22,11,9,臺中市,東勢區,0,0,0,7,,,50,,,,,,,,,,,,,,,,,,,B03,,,1,,1,,,43,43,1,12,4,120.852119,24.2577,3