序號,縣市別代碼,機關代碼,市話,傳真,年,月,日,時,分,縣市,區,死亡數量,受傷數量,2-30,天候,道路照明設備,道路類別,道路速限,道路型態,事故位置,路面鋪裝,路面狀態,路面缺陷,障礙物,視距,號誌種類,號誌動作,分向設施,快車道或一般車道間,快慢車道間,路面邊線,事故類型及型態,受傷程度,主要傷處,保護裝備,行動電話或功能裝置,當事者區分（類別）,車輛用途,當事者行動狀態,駕照狀態,駕照種類,飲酒情形,車輛撞擊部位最初,車輛撞擊部位其他,肇事因素個別,肇事因素主要,肇事逃逸,職業,共享經濟或外送平台,GPS座標X,GPS座標Y,事故類別
8150,66000,387130000C,(04)23274275,(04)23288582,2025,04,22,15,26,臺中市,西區,0,0,0,7,,,50,,,,,,,,,,,,,,14,,,,,B03,,,1,,1,,,49,49,1,12,4,120.662467,24.134404,4
8151,66000,387130000C,(04)23274275,(04)23288582,2025,04,22,15,27,臺中市,南屯區,0,2,0,7,2,6,50,4,2,1,5,4,6,6,2,1,5,2,5,2,16,2,9,2,1,C03,7,6,1,9,2,12,,48,48,1,13,4,120.650401,24.15657,2
8152,66000,387130000C,(04)23274275,(04)23288582,2025,04,22,15,34,臺中市,西屯區,0,0,0,7,3,6,60,3,1,1,5,4,6,6,1,1,1,4,1,2,12,,,,,B03,,,1,,1,,,26,26,1,12,4,120.62887,24.163109,3
8153,66000,387130000C,(04)23274275,(04)23288582,2025,04,22,15,38,臺中市,南屯區,0,0,0,7,3,6,30,13,9,1,5,4,6,6,4,4,10,5,5,2,11,,,,,A12,,,1,,1,,,84,84,1,12,4,120.636848,24.117203,3
8154,66000,387130000C,(04)23274275,(04)23288582,2025,04,22,15,38,臺中市,東勢區,0,0,0,7,,,50,,,,,,,,,,,,,,14,,,,,B12,,,1,,2,,,49,49,1,13,4,120.831484,24.245333,3
8155,66000,387130000C,(04)23274275,(04)23288582,2025,04,22,15,41,臺中市,西屯區,0,1,0,7,2,6,30,3,1,1,5,4,6,6,4,4,10,5,5,1,16,3,10,3,1,B03,7,5,1,8,2,7,,14,14,1,12,4,120.61503,24.183416,2
8156,66000,387130000C,(04)23274275,(04)23288582,2025,04,22,15,42,臺中市,西屯區,0,1,0,7,2,6,50,4,1,1,5,4,6,6,2,1,10,5,5,2,17,3,10,5,4,B03,7,6,1,8,2,8,,11,11,1,12,4,120.651611,24.158501,2
8157,66000,387130000C,(04)23274275,(04)23288582,2025,04,22,15,42,臺中市,大里區,0,2,0,7,3,6,0,13,14,2,5,4,6,6,4,4,9,5,5,1,3,2,9,6,5,H01,8,16,7,21,1,17,,95,95,1,12,5,120.681075,24.094911,2
8158,66000,387130000C,(04)23274275,(04)23288582,2025,04,22,15,44,臺中市,龍井區,0,0,0,7,2,6,50,5,1,1,5,4,6,6,3,1,5,2,5,2,12,3,10,3,1,B03,7,6,1,8,2,2,,7,7,1,6,4,120.592613,24.181559,3
8159,66000,387130000C,(04)23274275,(04)23288582,2025,04,22,15,45,臺中市,東區,0,0,0,7,,,40,,,,,,,,,,,,,,16,,,,,C03,,,1,,1,,,48,48,1,12,4,120.688484,24.135263,3
8160,66000,387130000C,(04)23274275,(04)23288582,2025,04,22,15,45,臺中市,龍井區,0,0,0,7,,,70,,,,,,,,,,,,,,,,,,,B03,,,1,,2,,,84,84,1,12,4,120.535731,24.194715,3
8161,66000,387130000C,(04)23274275,(04)23288582,2025,04,22,15,47,臺中市,西屯區,0,0,0,7,,,50,,,,,,,,,,,,,,12,,,,,B03,,,3,,1,,,8,8,1,12,4,120.636528,24.170784,3
8162,66000,387130000C,(04)23274275,(04)23288582,2025,04,22,15,55,臺中市,霧峰區,0,0,0,7,,,50,,,,,,,,,,,,,,16,,,,,B12,,,1,,2,,,11,11,1,12,4,120.695017,24.065904,3
8163,66000,387130000C,(04)23274275,(04)23288582,2025,04,22,16,0,臺中市,太平區,0,2,0,7,2,6,50,13,12,1,5,4,6,6,4,4,5,5,4,1,3,2,9,6,5,H01,8,18,7,21,10,17,,95,95,1,12,5,120.704551,24.148473,2
8164,66000,387130000C,(04)23274275,(04)23288582,2025,04,22,16,3,臺中市,南屯區,0,0,0,7,,,50,,,,,,,,,,,,,,,,,,,B03,,,1,,2,,,59,59,1,12,4,120.63311,24.140957,4
8165,66000,387130000C,(04)23274275,(04)23288582,2025,04,22,16,8,臺中市,東區,0,0,0,7,,,30,,,,,,,,,,,,,,17,,,,,B03,,,1,,2,,,51,51,1,12,4,120.698033,24.131985,3
8166,66000,387130000C,(04)23274275,(04)23288582,2025,04,22,16,12,臺中市,霧峰區,0,1,0,7,2,6,30,4,1,1,5,4,6,6,4,4,10,5,5,2,17,3,10,5,4,B03,7,6,1,8,2,8,,84,84,1,13,4,120.698273,24.062423,2
8167,66000,387130000C,(04)23274275,(04)23288582,2025,04,22,16,13,臺中市,神岡區,0,0,0,7,,,50,,,,,,,,,,,,,,14,,,,,B12,,,1,,2,,,49,49,1,12,4,120.665377,24.257958,3
8168,66000,387130000C,(04)23274275,(04)23288582,2025,04,22,16,15,臺中市,沙鹿區,0,1,0,7,2,6,40,13,8,1,5,4,6,6,4,4,1,4,1,2,13,3,10,1,1,C03,7,9,1,10,2,11,,59,59,1,12,4,120.566943,24.237711,2
8169,66000,387130000C,(04)23274275,(04)23288582,2025,04,22,16,17,臺中市,太平區,0,0,0,7,,,40,,,,,,,,,,,,,,,,,,,B03,,,1,,2,,,49,49,1,11,4,120.717116,24.151999,3
8170,66000,387130000C,(04)23274275,(04)23288582,2025,04,22,16,20,臺中市,沙鹿區,0,1,0,7,2,6,50,13,8,1,5,4,6,6,4,4,8,3,4,2,16,3,10,3,1,B03,7,11,1,8,2,8,,45,45,1,12,4,120.565362,24.204062,2
8171,66000,387130000C,(04)23274275,(04)23288582,2025,04,22,16,21,臺中市,霧峰區,0,1,0,7,3,6,40,13,9,1,5,4,6,6,4,4,5,5,5,2,12,3,10,3,1,B12,7,9,1,8,2,2,,1,1,1,12,4,120.700107,24.064529,2
8172,66000,387130000C,(04)23274275,(04)23288582,2025,04,22,16,24,臺中市,神岡區,0,2,0,7,3,6,30,3,1,1,5,4,6,6,4,4,10,5,5,1,16,2,8,5,4,B03,7,6,1,8,2,1,,14,14,1,12,4,120.662167,24.247973,2
8173,66000,387130000C,(04)23274275,(04)23288582,2025,04,22,16,25,臺中市,大雅區,0,0,0,7,,,30,,,,,,,,,,,,,,,,,,,B12,,,1,,1,,,84,84,1,12,4,120.645436,24.21287,3
8174,66000,387130000C,(04)23274275,(04)23288582,2025,04,22,16,27,臺中市,霧峰區,0,1,0,7,2,6,50,13,9,1,5,4,6,6,4,4,9,5,5,1,17,3,10,5,4,B02,7,9,1,8,2,2,,84,84,1,13,4,120.663165,24.059909,2
8175,66000,387130000C,(04)23274275,(04)23288582,2025,04,22,16,30,臺中市,大雅區,0,1,0,7,2,6,30,4,1,1,5,4,6,6,4,4,10,5,5,1,16,3,10,3,1,B03,7,6,1,8,2,5,,14,14,1,13,4,120.666861,24.237756,2
8176,66000,387130000C,(04)23274275,(04)23288582,2025,04,22,16,30,臺中市,北屯區,0,0,0,7,,,50,,,,,,,,,,,,,,,,,,,C03,,,1,,9,,,7,7,1,12,4,120.699208,24.175883,3
8177,66000,387130000C,(04)23274275,(04)23288582,2025,04,22,16,30,臺中市,沙鹿區,0,2,0,7,2,6,30,12,9,1,5,4,6,6,4,4,10,5,5,2,11,2,8,4,1,C03,7,9,1,10,2,11,,41,41,1,12,4,120.578976,24.213984,2
8178,66000,387130000C,(04)23274275,(04)23288582,2025,04,22,16,31,臺中市,北區,0,1,0,7,2,6,50,3,1,1,5,4,6,6,4,4,1,4,5,2,18,2,9,5,4,C03,7,12,1,10,2,14,,84,84,1,13,4,120.669279,24.172944,2
8179,66000,387130000C,(04)23274275,(04)23288582,2025,04,22,16,31,臺中市,西屯區,0,1,0,7,2,6,50,13,9,1,5,4,6,6,4,4,5,5,5,2,30,2,9,1,1,C04,7,9,1,11,2,11,,59,59,1,12,4,120.638355,24.181655,2
8180,66000,387130000C,(04)23274275,(04)23288582,2025,04,22,16,31,臺中市,太平區,0,0,0,7,2,6,50,,,,,,,,,,,,,,,,,,,B03,,,1,,2,5,,84,84,1,12,4,120.715847,24.116095,3
8181,66000,387130000C,(04)23274275,(04)23288582,2025,04,22,16,40,臺中市,西屯區,0,1,0,7,2,6,50,3,1,1,5,4,6,6,4,4,10,5,5,2,16,3,10,5,4,B03,7,5,1,8,2,2,,14,14,1,12,4,120.638325,24.169474,2
8182,66000,387130000C,(04)23274275,(04)23288582,2025,04,22,16,40,臺中市,西屯區,0,0,0,7,,,50,,,,,,,,,,,,,,13,,,,,C03,,,3,,1,,,40,40,1,12,4,120.638482,24.169172,3
8183,66000,387130000C,(04)23274275,(04)23288582,2025,04,22,16,40,臺中市,沙鹿區,0,0,0,7,,,30,,,,,,,,,,,,,,,,,,,C03,,,1,,2,,,82,82,1,12,4,120.552563,24.222666,3
8184,66000,387130000C,(04)23274275,(04)23288582,2025,04,22,16,41,臺中市,北屯區,0,0,0,7,,,50,,,,,,,,,,,,,,17,,,,,B03,,,1,,2,,,45,45,1,13,4,120.696676,24.177414,3
8185,66000,387130000C,(04)23274275,(04)23288582,2025,04,22,16,45,臺中市,龍井區,0,1,0,7,2,6,30,4,1,1,5,4,6,6,4,4,10,5,5,2,15,2,9,1,1,C03,7,9,1,10,2,11,,15,15,1,12,4,120.51819,24.202843,2
8186,66000,387130000C,(04)23274275,(04)23288582,2025,04,22,16,47,臺中市,豐原區,0,1,0,7,2,6,30,13,9,1,5,4,6,6,4,4,10,5,5,1,12,3,10,5,4,C03,7,1,1,10,2,14,,51,51,1,13,4,120.722802,24.263889,2
8187,66000,387130000C,(04)23274275,(04)23288582,2025,04,22,16,50,臺中市,南屯區,0,0,0,7,3,6,50,13,9,1,5,4,6,6,4,4,5,4,5,2,17,,,,,F01,,,1,,1,,,39,39,1,12,4,120.648171,24.146924,3
8188,66000,387130000C,(04)23274275,(04)23288582,2025,04,22,16,50,臺中市,后里區,0,1,0,7,2,6,50,3,8,1,5,4,6,6,1,1,1,4,4,1,17,3,10,3,1,B03,7,1,3,19,2,4,,51,51,1,12,4,120.723131,24.300033,2
8189,66000,387130000C,(04)23274275,(04)23288582,2025,04,22,16,50,臺中市,大甲區,0,0,0,7,,,50,,,,,,,,,,,,,,12,,,,,B03,,,1,,1,,,84,84,1,6,4,120.62287,24.341836,3
8190,66000,387130000C,(04)23274275,(04)23288582,2025,04,22,16,53,臺中市,東區,0,1,0,7,2,6,40,13,12,1,5,4,6,6,4,4,5,5,4,2,12,3,10,3,1,B03,7,1,1,8,2,8,,51,51,1,13,4,120.706932,24.148384,2
8191,66000,387130000C,(04)23274275,(04)23288582,2025,04,22,16,56,臺中市,西區,0,0,0,7,,,50,,,,,,,,,,,,,,,,,,,B03,,,1,,1,,,11,11,1,10,4,120.658583,24.155097,3
8192,66000,387130000C,(04)23274275,(04)23288582,2025,04,22,16,57,臺中市,西屯區,0,1,0,7,3,6,40,3,2,1,5,4,6,6,1,1,1,4,1,2,13,2,8,5,4,C03,7,9,1,10,2,11,,7,7,1,12,4,120.619199,24.181355,2
8193,66000,387130000C,(04)23274275,(04)23288582,2025,04,22,16,57,臺中市,太平區,0,0,0,7,2,6,50,3,2,1,5,4,6,6,1,1,5,2,5,1,16,3,10,5,4,B12,7,8,1,10,9,7,,40,40,2,12,4,120.710632,24.150218,3
8194,66000,387130000C,(04)23274275,(04)23288582,2025,04,22,16,57,臺中市,太平區,0,1,0,7,3,6,50,4,9,1,5,4,6,6,1,1,5,5,5,2,17,3,10,1,1,C03,7,9,1,10,2,11,,84,84,1,12,4,120.725052,24.108333,2
8195,66000,387130000C,(04)23274275,(04)23288582,2025,04,22,17,0,臺中市,沙鹿區,0,1,0,7,2,6,50,3,7,1,5,4,6,6,4,4,4,3,4,2,12,2,8,1,1,F01,7,6,7,21,2,14,,48,48,1,12,4,120.568572,24.220242,2
8196,66000,387130000C,(04)23274275,(04)23288582,2025,04,22,17,0,臺中市,豐原區,0,0,0,7,,,30,,,,,,,,,,,,,,17,,,,,B03,,,1,,2,,,51,51,1,12,4,120.704353,24.25211,3
8197,66000,387130000C,(04)23274275,(04)23288582,2025,04,22,17,0,臺中市,豐原區,0,1,0,7,2,6,50,13,12,1,5,4,6,6,4,4,1,4,4,1,12,3,10,5,4,B03,7,5,1,8,2,6,,20,20,1,13,4,120.747724,24.266328,2
8198,66000,387130000C,(04)23274275,(04)23288582,2025,04,22,17,1,臺中市,西屯區,0,0,0,7,,,40,,,,,,,,,,,,,,17,,,,,B03,,,1,,2,,,50,50,1,12,4,120.644576,24.17885,3
8199,66000,387130000C,(04)23274275,(04)23288582,2025,04,22,17,2,臺中市,北區,0,0,0,7,,,50,,,,,,,,,,,,,,,,,,,C03,,,1,,1,,,45,45,1,13,4,120.680072,24.148616,3
8200,66000,387130000C,(04)23274275,(04)23288582,2025,04,22,17,2,臺中市,西屯區,0,0,0,7,,,60,,,,,,,,,,,,,,13,,,,,B03,,,1,,1,,,56,56,1,13,4,120.649026,24.162868,3
8201,66000,387130000C,(04)23274275,(04)23288582,2025,04,22,17,8,臺中市,北屯區,0,0,0,7,,,50,,,,,,,,,,,,,,,,,,,B03,,,1,,1,,,39,39,1,12,4,120.721559,24.181953,3
8202,66000,387130000C,(04)23274275,(04)23288582,2025,04,22,17,10,臺中市,西區,0,0,0,7,,,50,,,,,,,,,,,,,,,,,,,B12,,,6,,11,,,50,50,1,12,4,120.654362,24.14509,3
8203,66000,387130000C,(04)23274275,(04)23288582,2025,04,22,17,10,臺中市,沙鹿區,0,2,0,7,2,6,50,13,9,1,5,4,6,6,4,4,1,3,1,1,12,2,7,2,1,C03,7,8,3,19,2,14,,40,40,1,12,4,120.570576,24.235828,2
8204,66000,387130000C,(04)23274275,(04)23288582,2025,04,22,17,10,臺中市,豐原區,0,2,0,7,1,6,30,5,1,1,5,4,6,6,4,4,10,5,5,1,17,2,9,1,1,C03,7,9,1,10,2,11,,41,41,1,6,4,120.71834,24.239498,2
8205,66000,387130000C,(04)23274275,(04)23288582,2025,04,22,17,11,臺中市,大雅區,0,1,0,7,2,6,50,4,1,1,5,4,6,6,1,1,1,4,3,2,15,3,10,3,1,B12,7,9,1,8,2,5,,84,84,1,13,4,120.629044,24.206074,2
8206,66000,387130000C,(04)23274275,(04)23288582,2025,04,22,17,11,臺中市,沙鹿區,0,0,0,7,,,50,,,,,,,,,,,,,,17,,,,,B03,,,1,,2,,,51,51,1,12,4,120.568763,24.236967,3
8207,66000,387130000C,(04)23274275,(04)23288582,2025,04,22,17,13,臺中市,大里區,0,1,0,7,2,6,50,4,2,1,5,4,6,6,1,1,1,1,4,1,17,2,9,2,1,C02,7,9,1,9,2,12,,39,39,1,6,4,120.698356,24.080595,2
8208,66000,387130000C,(04)23274275,(04)23288582,2025,04,22,17,15,臺中市,北屯區,0,0,0,7,,,50,,,,,,,,,,,,,,13,,,,,C03,,,1,,1,,,84,84,1,13,4,120.727538,24.169209,3
8209,66000,387130000C,(04)23274275,(04)23288582,2025,04,22,17,16,臺中市,北區,0,0,0,7,3,6,50,13,,1,5,4,6,6,1,1,5,5,5,2,17,,,,,B12,,,1,,1,,,59,59,1,12,4,120.694553,24.156839,3
8210,66000,387130000C,(04)23274275,(04)23288582,2025,04,22,17,20,臺中市,西屯區,0,1,0,7,2,6,50,3,1,1,5,4,6,6,4,4,10,5,5,2,17,2,8,2,1,C03,7,5,1,10,2,12,,59,59,1,12,4,120.61811,24.185281,2
8211,66000,387130000C,(04)23274275,(04)23288582,2025,04,22,17,20,臺中市,大里區,0,1,0,7,2,6,50,4,2,1,5,4,6,6,4,4,10,5,5,1,17,3,10,1,1,F01,7,15,7,21,2,11,,4,4,1,3,4,120.675893,24.107876,2
8212,66000,387130000C,(04)23274275,(04)23288582,2025,04,22,17,22,臺中市,烏日區,0,2,0,7,3,6,30,3,1,1,5,4,6,6,4,4,10,5,5,1,16,2,8,1,1,C03,7,6,1,10,2,14,,14,14,1,6,4,120.646361,24.070374,2
8213,66000,387130000C,(04)23274275,(04)23288582,2025,04,22,17,22,臺中市,烏日區,0,0,0,7,2,6,50,3,1,1,5,4,6,6,1,1,10,5,5,2,14,3,10,3,1,B03,7,2,1,8,1,6,,49,49,1,6,4,120.643632,24.08196,3
8214,66000,387130000C,(04)23274275,(04)23288582,2025,04,22,17,22,臺中市,沙鹿區,0,1,0,7,3,6,50,11,9,1,5,4,6,6,4,4,5,5,5,2,18,2,9,2,1,C03,7,15,1,10,2,14,,85,85,1,6,4,120.582833,24.244477,2
8215,66000,387130000C,(04)23274275,(04)23288582,2025,04,22,17,23,臺中市,梧棲區,0,1,0,7,3,6,50,13,14,1,5,4,6,6,4,4,1,4,1,1,17,2,9,1,1,C03,7,9,1,10,2,11,,59,59,1,6,4,120.549139,24.249092,2
8216,66000,387130000C,(04)23274275,(04)23288582,2025,04,22,17,24,臺中市,大甲區,0,1,0,7,3,6,30,3,1,1,5,4,6,6,4,4,10,5,5,2,17,2,9,5,4,C03,7,6,1,10,2,11,,12,12,1,4,4,120.654556,24.382262,2
8217,66000,387130000C,(04)23274275,(04)23288582,2025,04,22,17,25,臺中市,西區,0,2,0,7,2,6,50,4,1,1,5,4,6,6,2,1,10,5,5,2,15,2,9,1,1,C03,7,9,1,10,2,11,,21,21,1,6,4,120.655125,24.152342,2
8218,66000,387130000C,(04)23274275,(04)23288582,2025,04,22,17,25,臺中市,北區,0,0,0,7,,,50,,,,,,,,,,,,,,13,,,,,C03,,,1,,1,,,7,7,1,13,4,120.682228,24.163294,3
8219,66000,387130000C,(04)23274275,(04)23288582,2025,04,22,17,26,臺中市,南區,0,0,0,7,,,50,,,,,,,,,,,,,,13,,,,,B03,,,1,,1,,,84,84,1,12,4,120.664653,24.124633,3
8220,66000,387130000C,(04)23274275,(04)23288582,2025,04,22,17,27,臺中市,南屯區,0,0,0,7,,,50,,,,,,,,,,,,,,17,,,,,B03,,,1,,1,,,84,84,1,6,4,120.640808,24.149903,3
8221,66000,387130000C,(04)23274275,(04)23288582,2025,04,22,17,28,臺中市,大里區,0,1,0,7,2,6,40,4,2,1,5,4,6,6,1,1,1,2,1,1,13,2,8,1,1,C03,7,9,1,10,2,11,,7,7,1,13,4,120.688127,24.094536,2
8222,66000,387130000C,(04)23274275,(04)23288582,2025,04,22,17,28,臺中市,大肚區,0,0,0,7,2,6,50,3,2,1,5,4,6,6,4,4,5,2,5,1,12,3,10,3,1,B03,7,5,1,8,2,8,,8,8,1,6,4,120.579616,24.170254,3
8223,66000,387130000C,(04)23274275,(04)23288582,2025,04,22,17,29,臺中市,西區,0,1,0,7,2,6,40,4,2,1,5,4,6,6,4,4,5,4,4,2,18,2,9,2,1,C03,7,9,1,10,2,12,,84,84,1,12,4,120.6651,24.149952,2
8224,66000,387130000C,(04)23274275,(04)23288582,2025,04,22,17,29,臺中市,大里區,0,0,0,7,,,30,,,,,,,,,,,,,,17,,,,,B03,,,1,8,2,,,84,84,1,13,4,120.706181,24.094602,3
8225,66000,387130000C,(04)23274275,(04)23288582,2025,04,22,17,29,臺中市,龍井區,0,1,0,7,2,6,70,4,2,1,5,4,6,6,1,1,1,2,4,2,16,3,10,3,1,B03,7,5,1,8,2,2,,47,47,1,12,4,120.538871,24.206747,2
8226,66000,387130000C,(04)23274275,(04)23288582,2025,04,22,17,29,臺中市,大甲區,0,0,0,7,,,70,,,,,,,,,,,,,,13,,,,,B03,,,1,,1,,,40,40,1,12,4,120.64875,24.378823,3
8227,66000,387130000C,(04)23274275,(04)23288582,2025,04,22,17,30,臺中市,西區,0,2,0,7,1,6,50,4,1,1,5,4,6,6,4,4,10,5,5,2,3,2,9,5,4,C03,7,9,1,10,2,11,,10,10,1,12,4,120.655271,24.143344,2
8228,66000,387130000C,(04)23274275,(04)23288582,2025,04,22,17,30,臺中市,北屯區,0,0,0,7,,,50,,,,,,,,,,,,,,,,,,,B03,,,1,,2,,,50,50,1,12,4,120.693568,24.163155,3
8229,66000,387130000C,(04)23274275,(04)23288582,2025,04,22,17,30,臺中市,西屯區,0,1,0,7,2,6,40,13,9,1,5,4,6,6,4,4,5,5,4,1,13,2,9,1,1,C03,7,9,1,10,2,11,,7,7,1,12,4,120.636011,24.168972,2
8230,66000,387130000C,(04)23274275,(04)23288582,2025,04,22,17,30,臺中市,龍井區,0,1,0,7,2,6,40,11,9,1,5,4,6,6,4,4,4,5,5,1,17,3,10,3,1,B03,7,9,1,8,2,1,,85,85,1,6,4,120.56975,24.187398,2
8231,66000,387130000C,(04)23274275,(04)23288582,2025,04,22,17,30,臺中市,沙鹿區,0,1,0,6,2,6,40,13,8,1,5,4,6,6,4,4,1,4,1,2,12,3,10,1,1,C03,7,15,1,10,2,11,14,84,84,1,12,4,120.569522,24.202044,2
8232,66000,387130000C,(04)23274275,(04)23288582,2025,04,22,17,31,臺中市,西區,0,1,0,7,2,6,50,13,7,1,5,4,6,6,4,4,1,4,4,2,13,3,10,3,1,B03,7,9,1,8,2,1,,84,84,1,12,4,120.671679,24.146087,2
8233,66000,387130000C,(04)23274275,(04)23288582,2025,04,22,17,32,臺中市,龍井區,0,1,0,7,2,6,30,4,2,1,5,4,6,6,4,4,5,2,5,1,15,2,9,1,1,C03,7,9,1,10,2,11,,15,15,1,12,4,120.544408,24.20971,2
8234,66000,387130000C,(04)23274275,(04)23288582,2025,04,22,17,34,臺中市,后里區,0,0,0,7,2,6,50,3,9,1,5,4,6,6,1,1,5,4,5,1,17,3,10,3,1,A04,7,5,1,2,1,6,,82,82,1,6,4,120.731015,24.30477,3
8235,66000,387130000C,(04)23274275,(04)23288582,2025,04,22,17,34,臺中市,大甲區,0,1,0,7,3,6,50,11,9,1,5,4,6,6,4,4,10,5,5,2,12,2,9,4,1,F01,7,6,7,21,1,11,,6,6,1,2,4,120.631836,24.34715,2
8236,66000,387130000C,(04)23274275,(04)23288582,2025,04,22,17,35,臺中市,北屯區,0,1,0,7,2,6,30,3,2,1,5,4,6,6,4,4,10,5,5,2,3,2,1,6,5,H01,8,18,7,21,10,17,,98,98,1,1,5,120.703124,24.168937,2
8237,66000,387130000C,(04)23274275,(04)23288582,2025,04,22,17,35,臺中市,大里區,0,0,0,7,,,50,,,,,,,,,,,,,,17,,,,,C03,,,1,,1,,,7,7,1,6,4,120.695815,24.096469,3
8238,66000,387130000C,(04)23274275,(04)23288582,2025,04,22,17,35,臺中市,大肚區,0,2,0,7,2,6,50,3,1,1,5,4,6,6,4,4,10,5,5,2,16,2,9,1,1,C03,7,6,1,10,2,11,,14,14,1,6,4,120.551179,24.146647,2
8239,66000,387130000C,(04)23274275,(04)23288582,2025,04,22,17,38,臺中市,清水區,0,2,0,7,2,6,60,4,1,1,5,4,6,6,1,1,8,3,4,1,16,2,9,1,1,F03,7,9,7,21,2,12,,21,21,1,12,4,120.602018,24.310473,2
8240,66000,387130000C,(04)23274275,(04)23288582,2025,04,22,17,39,臺中市,烏日區,0,2,0,7,2,6,40,13,7,1,5,4,6,6,4,4,5,5,4,1,12,2,9,5,4,C03,7,1,1,10,2,14,,51,51,1,13,4,120.62092,24.106502,2
8241,66000,387130000C,(04)23274275,(04)23288582,2025,04,22,17,40,臺中市,大雅區,0,1,0,7,1,6,70,13,8,1,5,4,6,6,4,4,1,5,4,1,17,3,10,3,1,B12,7,7,1,8,2,5,,40,40,1,13,4,120.639931,24.231114,2
8242,66000,387130000C,(04)23274275,(04)23288582,2025,04,22,17,40,臺中市,沙鹿區,0,0,0,7,2,6,40,3,9,1,5,4,6,6,4,4,1,3,4,1,16,,,,,C03,,,1,,1,,,45,45,1,12,4,120.609693,24.245892,4
8243,66000,387130000C,(04)23274275,(04)23288582,2025,04,22,17,42,臺中市,潭子區,0,1,0,7,3,6,50,13,9,1,5,4,6,6,1,1,5,4,5,1,13,2,7,1,1,C03,7,9,1,10,2,11,,7,7,1,12,4,120.701126,24.216249,2
8244,66000,387130000C,(04)23274275,(04)23288582,2025,04,22,17,42,臺中市,大甲區,0,0,0,7,,,50,,,,,,,,,,,,,,,,,,,B03,,,1,,2,,,49,49,1,6,4,120.628434,24.339817,3
8245,66000,387130000C,(04)23274275,(04)23288582,2025,04,22,17,44,臺中市,西屯區,0,0,0,7,,,50,,,,,,,,,,,,,,12,,,,,B03,,,1,,2,,,40,40,1,12,4,120.620343,24.183512,3
8246,66000,387130000C,(04)23274275,(04)23288582,2025,04,22,17,45,臺中市,北屯區,0,0,0,7,,,50,,,,,,,,,,,,,,13,,,,,B03,,,1,,1,,,84,84,1,6,4,120.692014,24.171602,3
8247,66000,387130000C,(04)23274275,(04)23288582,2025,04,22,17,45,臺中市,龍井區,0,1,0,7,1,6,70,13,9,1,5,4,6,6,1,1,10,4,4,1,13,2,9,1,1,C02,7,9,1,10,2,11,,7,7,1,12,4,120.541325,24.218598,2
8248,66000,387130000C,(04)23274275,(04)23288582,2025,04,22,17,47,臺中市,北區,0,2,0,7,2,6,40,13,8,1,5,4,6,6,4,4,1,4,4,2,17,2,9,5,1,C03,7,9,1,10,2,11,,58,58,1,13,4,120.674587,24.162356,2
8249,66000,387130000C,(04)23274275,(04)23288582,2025,04,22,17,48,臺中市,東區,0,1,0,7,2,6,50,13,9,1,5,4,6,6,4,4,5,5,5,2,17,2,9,1,1,C03,7,9,1,10,2,14,,84,84,1,12,4,120.701289,24.142576,2
8250,66000,387130000C,(04)23274275,(04)23288582,2025,04,22,17,48,臺中市,北屯區,0,1,0,7,3,6,50,4,1,1,5,4,6,6,1,1,10,5,5,2,16,3,10,3,1,B03,7,5,1,8,2,16,,85,85,1,13,4,120.703857,24.17818,2
8251,66000,387130000C,(04)23274275,(04)23288582,2025,04,22,17,49,臺中市,潭子區,0,1,0,7,3,6,50,3,1,1,5,4,6,6,4,4,9,4,5,1,17,3,10,3,1,B03,7,5,1,8,5,8,,14,14,1,12,4,120.69519,24.203944,2
8252,66000,387130000C,(04)23274275,(04)23288582,2025,04,22,17,49,臺中市,潭子區,0,0,0,7,,,80,,,,,,,,,,,,,,,,,,,B03,,,3,,2,,,7,7,1,13,4,120.722353,24.191905,3
8253,66000,387130000C,(04)23274275,(04)23288582,2025,04,22,17,50,臺中市,南屯區,0,0,0,7,3,6,40,13,8,1,5,4,6,6,4,4,5,5,5,2,12,,,,,B03,,,1,,1,,,59,59,1,12,4,120.60898,24.136994,3
8254,66000,387130000C,(04)23274275,(04)23288582,2025,04,22,17,50,臺中市,梧棲區,0,0,0,7,,,50,,,,,,,,,,,,,,17,,,,,B03,,,1,,9,,,85,85,1,6,4,120.544873,24.243155,3
8255,66000,387130000C,(04)23274275,(04)23288582,2025,04,22,17,53,臺中市,西屯區,0,1,0,7,2,6,30,13,9,1,5,4,6,6,4,4,10,5,5,2,16,3,10,5,4,B03,7,6,1,8,2,8,,20,20,1,12,4,120.649644,24.168688,2
8256,66000,387130000C,(04)23274275,(04)23288582,2025,04,22,17,55,臺中市,北區,0,0,0,7,2,6,50,4,1,1,5,4,6,6,1,1,1,4,5,2,17,3,10,3,1,B03,7,6,1,8,1,8,,59,59,1,12,4,120.677293,24.151241,3
8257,66000,387130000C,(04)23274275,(04)23288582,2025,04,22,18,1,臺中市,北區,0,1,0,7,3,6,50,3,2,1,5,4,6,6,4,4,5,4,4,2,13,3,10,5,4,C03,7,12,1,10,11,13,,84,84,1,13,4,120.68488,24.161012,2
8258,66000,387130000C,(04)23274275,(04)23288582,2025,04,22,18,1,臺中市,南區,0,1,0,7,2,6,50,3,1,1,5,4,6,6,4,4,9,5,5,2,13,2,9,2,1,C03,7,9,1,10,2,11,,7,7,1,13,4,120.673233,24.131331,2