序號,縣市別代碼,機關代碼,市話,傳真,年,月,日,時,分,縣市,區,死亡數量,受傷數量,2-30,天候,道路照明設備,道路類別,道路速限,道路型態,事故位置,路面鋪裝,路面狀態,路面缺陷,障礙物,視距,號誌種類,號誌動作,分向設施,快車道或一般車道間,快慢車道間,路面邊線,事故類型及型態,受傷程度,主要傷處,保護裝備,行動電話或功能裝置,當事者區分（類別）,車輛用途,當事者行動狀態,駕照狀態,駕照種類,飲酒情形,車輛撞擊部位最初,車輛撞擊部位其他,肇事因素個別,肇事因素主要,肇事逃逸,職業,共享經濟或外送平台,GPS座標X,GPS座標Y,事故類別
8259,66000,387130000C,(04)23274275,(04)23288582,2025,04,22,18,9,臺中市,烏日區,0,2,0,7,3,6,30,13,9,1,5,4,6,6,4,4,10,5,5,1,17,2,9,2,1,C03,7,9,3,19,2,11,,7,7,1,12,4,120.657625,24.099113,2
8260,66000,387130000C,(04)23274275,(04)23288582,2025,04,22,18,12,臺中市,西屯區,0,1,0,7,1,6,50,3,2,1,5,4,6,6,4,4,10,5,5,2,17,3,10,1,1,C03,7,9,3,19,2,11,,39,39,1,12,4,120.644546,24.174269,2
8261,66000,387130000C,(04)23274275,(04)23288582,2025,04,22,18,15,臺中市,西區,0,2,0,7,2,6,40,4,1,1,5,4,6,6,1,1,10,5,5,2,17,2,9,2,1,C03,7,9,1,10,2,11,,84,84,1,12,4,120.661689,24.132214,2
8262,66000,387130000C,(04)23274275,(04)23288582,2025,04,22,18,19,臺中市,西區,0,0,0,7,,,50,,,,,,,,,,,,,,,,,,,B03,,,1,,1,,,8,8,1,12,4,120.653177,24.154556,3
8263,66000,387130000C,(04)23274275,(04)23288582,2025,04,22,18,20,臺中市,沙鹿區,0,0,0,7,1,6,50,13,9,1,5,4,6,6,4,4,4,5,5,2,14,,,,,B03,,,1,,2,,,49,49,1,12,4,120.567422,24.242667,4
8264,66000,387130000C,(04)23274275,(04)23288582,2025,04,22,18,21,臺中市,西屯區,0,0,0,7,,,50,,,,,,,,,,,,,,12,,,,,B03,,,1,,1,,,40,40,1,12,4,120.639588,24.169265,4
8265,66000,387130000C,(04)23274275,(04)23288582,2025,04,22,18,24,臺中市,北屯區,0,1,0,7,2,6,50,4,1,1,5,4,6,6,2,1,10,5,5,2,13,2,7,2,1,C03,7,9,5,19,2,12,,84,84,1,12,4,120.686807,24.200812,2
8266,66000,387130000C,(04)23274275,(04)23288582,2025,04,22,18,24,臺中市,西屯區,0,1,0,7,2,6,40,4,2,1,5,4,6,6,2,1,1,5,1,2,18,2,9,5,4,C03,7,5,1,10,2,14,,59,59,1,12,4,120.593491,24.182669,2
8267,66000,387130000C,(04)23274275,(04)23288582,2025,04,22,18,24,臺中市,梧棲區,0,2,0,7,1,6,30,4,1,1,5,4,6,6,4,4,10,5,5,2,13,2,8,1,1,C03,7,9,1,10,1,11,,7,7,1,5,4,120.540957,24.230397,2
8268,66000,387130000C,(04)23274275,(04)23288582,2025,04,22,18,25,臺中市,清水區,0,0,0,7,1,6,50,13,7,1,5,4,6,6,4,,8,3,5,2,17,,,,,B12,,,1,,1,,,68,68,1,12,4,120.592681,24.304348,3
8269,66000,387130000C,(04)23274275,(04)23288582,2025,04,22,18,30,臺中市,北區,0,1,0,7,3,6,50,13,7,1,5,4,6,6,4,4,3,4,4,2,17,2,9,5,4,C03,7,9,1,10,2,11,,59,59,1,13,4,120.684874,24.16089,2
8270,66000,387130000C,(04)23274275,(04)23288582,2025,04,22,18,30,臺中市,西屯區,0,0,0,7,1,6,40,13,9,1,5,4,6,6,4,4,4,4,4,2,17,,,,,C03,,,1,,2,,,50,50,1,12,4,120.66116,24.163977,3
8271,66000,387130000C,(04)23274275,(04)23288582,2025,04,22,18,31,臺中市,北區,0,2,0,7,1,6,50,4,2,1,5,4,6,6,2,1,10,5,5,2,12,2,9,1,1,C03,7,9,1,10,2,12,,84,84,1,13,4,120.678474,24.160485,2
8272,66000,387130000C,(04)23274275,(04)23288582,2025,04,22,18,35,臺中市,南區,0,1,0,7,1,6,50,13,9,1,5,4,6,6,4,4,9,5,5,2,12,2,9,2,1,C03,7,1,1,10,2,13,12,51,51,1,12,4,120.649114,24.123291,2
8273,66000,387130000C,(04)23274275,(04)23288582,2025,04,22,18,38,臺中市,北屯區,0,0,0,7,,,80,,,,,,,,,,,,,,13,,,,,B03,,,1,,2,,,7,7,1,13,4,120.696625,24.200604,3
8274,66000,387130000C,(04)23274275,(04)23288582,2025,04,22,18,39,臺中市,南區,0,0,0,7,,,50,,,,,,,,,,,,,,13,,,,,B03,,,1,,1,,,7,7,1,12,4,120.659791,24.125102,3
8275,66000,387130000C,(04)23274275,(04)23288582,2025,04,22,18,43,臺中市,潭子區,0,1,0,6,1,6,50,4,1,1,5,4,6,6,4,4,5,4,4,1,17,2,9,2,1,C03,7,4,3,19,2,12,,84,84,1,13,4,120.707927,24.210926,2
8276,66000,387130000C,(04)23274275,(04)23288582,2025,04,22,18,43,臺中市,西屯區,0,1,0,7,1,6,50,13,9,1,5,4,6,6,4,4,5,4,5,2,16,3,10,1,1,C03,7,6,1,10,2,13,,48,48,1,12,4,120.62143,24.185437,2
8277,66000,387130000C,(04)23274275,(04)23288582,2025,04,22,18,44,臺中市,北區,0,0,0,7,,,50,,,,,,,,,,,,,,17,,,,,B13,,,1,,1,,,8,8,1,13,4,120.679897,24.163322,3
8278,66000,387130000C,(04)23274275,(04)23288582,2025,04,22,18,46,臺中市,北屯區,0,0,0,7,,,50,,,,,,,,,,,,,,,,,,,B03,,,1,,1,,,59,59,1,12,4,120.720106,24.162915,3
8279,66000,387130000C,(04)23274275,(04)23288582,2025,04,22,18,48,臺中市,南屯區,0,1,0,7,2,6,50,13,9,1,5,4,6,6,4,4,5,4,5,2,17,2,9,2,1,C03,7,9,1,10,2,14,,7,7,1,13,4,120.649732,24.130114,2
8280,66000,387130000C,(04)23274275,(04)23288582,2025,04,22,18,50,臺中市,大雅區,0,0,0,7,,,50,,,,,,,,,,,,,,,,,,,F01,,,7,,2,,,84,84,1,13,4,120.665674,24.214006,3
8281,66000,387130000C,(04)23274275,(04)23288582,2025,04,22,18,54,臺中市,豐原區,0,2,0,7,1,6,50,4,1,1,5,4,6,6,1,1,5,5,4,2,12,2,9,5,4,C03,7,15,1,10,2,12,,42,42,1,13,4,120.714777,24.250503,2
8282,66000,387130000C,(04)23274275,(04)23288582,2025,04,22,18,56,臺中市,太平區,0,3,0,7,1,6,50,4,1,1,5,4,6,6,1,1,10,5,5,2,16,2,9,2,1,C03,7,11,1,10,2,11,,45,45,1,12,4,120.711313,24.152599,2
8283,66000,387130000C,(04)23274275,(04)23288582,2025,04,22,18,58,臺中市,西區,0,0,0,7,,,,,,,,,,,,,,,,,13,,,,,,,,,,,,,86,86,1,,,120.669801,24.150724,3
8284,66000,387130000C,(04)23274275,(04)23288582,2025,04,22,19,1,臺中市,潭子區,0,0,0,7,,,50,,,,,,,,,,,,,,,,,,,B03,,,1,,2,,,41,41,1,13,4,120.694147,24.221653,4
8285,66000,387130000C,(04)23274275,(04)23288582,2025,04,22,19,2,臺中市,后里區,0,0,0,7,1,6,50,13,14,1,5,4,6,6,4,4,9,5,5,1,30,3,10,3,1,B12,7,9,1,3,2,5,,84,84,1,12,4,120.719425,24.325362,3
8286,66000,387130000C,(04)23274275,(04)23288582,2025,04,22,19,4,臺中市,北區,0,0,0,7,3,9,,13,,1,5,4,6,6,4,4,10,5,5,2,17,,,,,,,,,,,,,119,119,1,,,120.674028,24.173638,3
8287,66000,387130000C,(04)23274275,(04)23288582,2025,04,22,19,9,臺中市,北區,0,0,0,7,2,6,50,13,9,1,5,4,6,6,4,4,1,4,5,2,17,3,10,3,1,B03,7,2,1,8,2,3,,49,49,1,12,4,120.685094,24.167674,3
8288,66000,387130000C,(04)23274275,(04)23288582,2025,04,22,19,14,臺中市,北區,0,0,0,7,,,50,,,,,,,,,,,,,,,,,,,B03,,,1,,2,,,84,84,1,13,4,120.68107,24.149617,3
8289,66000,387130000C,(04)23274275,(04)23288582,2025,04,22,19,16,臺中市,北屯區,0,1,0,7,1,6,50,13,9,1,5,4,6,6,4,4,5,4,5,2,18,2,9,1,1,C03,7,9,1,10,2,14,,82,82,1,6,4,120.706209,24.169718,2
8290,66000,387130000C,(04)23274275,(04)23288582,2025,04,22,19,27,臺中市,南屯區,0,1,0,7,1,6,50,3,1,1,5,4,6,6,2,1,10,5,5,2,16,3,10,5,4,B03,7,5,1,8,2,2,,20,20,1,6,4,120.622269,24.14031,2
8291,66000,387130000C,(04)23274275,(04)23288582,2025,04,22,19,27,臺中市,太平區,0,2,0,7,1,6,30,3,9,1,5,4,6,6,3,1,5,5,5,1,16,2,9,2,1,C03,7,5,1,10,2,14,,24,24,1,12,4,120.721921,24.119554,2
8292,66000,387130000C,(04)23274275,(04)23288582,2025,04,22,19,33,臺中市,南屯區,0,0,0,7,,,50,,,,,,,,,,,,,,12,,,,,B03,,,1,,2,,,8,8,1,12,4,120.652231,24.149136,3
8293,66000,387130000C,(04)23274275,(04)23288582,2025,04,22,19,34,臺中市,西屯區,0,2,0,7,1,6,50,3,1,1,5,4,6,6,1,1,10,5,5,2,16,3,10,5,4,B03,7,6,1,8,2,4,,59,59,1,12,4,120.618859,24.178962,2
8294,66000,387130000C,(04)23274275,(04)23288582,2025,04,22,19,39,臺中市,大里區,0,0,0,6,1,6,25,13,9,1,5,4,6,6,4,4,5,5,5,2,9,,,,,H01,,,7,,9,,,109,109,1,12,4,120.690368,24.114336,3
8295,66000,387130000C,(04)23274275,(04)23288582,2025,04,22,19,39,臺中市,太平區,0,3,0,7,1,6,50,4,1,1,5,4,6,6,1,1,10,5,5,2,16,2,9,2,1,C03,7,6,3,19,2,11,,11,11,1,12,4,120.723768,24.105611,2
8296,66000,387130000C,(04)23274275,(04)23288582,2025,04,22,19,40,臺中市,潭子區,0,0,0,7,,,50,,,,,,,,,,,,,,,,,,,B03,,,1,,1,,,8,8,1,12,4,120.715985,24.229085,4
8297,66000,387130000C,(04)23274275,(04)23288582,2025,04,22,19,40,臺中市,豐原區,0,0,0,7,,,50,,,,,,,,,,,,,,17,,,,,B03,,,1,,1,,,84,84,1,6,4,120.70612,24.250038,3
8298,66000,387130000C,(04)23274275,(04)23288582,2025,04,22,19,45,臺中市,西區,0,1,0,7,1,6,50,4,1,1,5,4,6,6,1,1,10,5,5,2,17,3,10,5,4,B03,7,5,1,8,2,2,,84,84,1,12,4,120.677206,24.140111,2
8299,66000,387130000C,(04)23274275,(04)23288582,2025,04,22,19,46,臺中市,豐原區,0,1,0,7,1,6,50,4,1,1,5,4,6,6,1,1,5,2,4,2,16,2,9,1,4,C04,7,5,1,10,2,11,,22,22,1,12,4,120.717955,24.254384,2
8300,66000,387130000C,(04)23274275,(04)23288582,2025,04,22,19,52,臺中市,北屯區,0,0,0,7,,,50,,,,,,,,,,,,,,,,,,,B03,,,1,,9,,,51,51,1,12,4,120.725143,24.176166,3
8301,66000,387130000C,(04)23274275,(04)23288582,2025,04,22,20,8,臺中市,沙鹿區,0,1,0,6,1,6,60,13,9,1,5,4,6,6,4,4,1,4,5,1,17,2,9,1,1,C03,7,9,1,10,2,16,,5,5,1,12,4,120.606838,24.247154,2
8302,66000,387130000C,(04)23274275,(04)23288582,2025,04,22,20,12,臺中市,北區,0,1,0,7,1,6,50,4,2,1,5,4,6,6,1,1,5,5,5,2,17,2,9,5,1,C03,7,1,1,10,2,14,,51,51,1,13,4,120.680616,24.149186,2
8303,66000,387130000C,(04)23274275,(04)23288582,2025,04,22,20,15,臺中市,西屯區,0,1,0,7,1,6,50,3,9,1,5,4,6,6,1,1,5,4,5,2,20,2,9,1,1,C03,7,9,1,10,2,11,,59,59,1,12,4,120.603248,24.175286,2
8304,66000,387130000C,(04)23274275,(04)23288582,2025,04,22,20,25,臺中市,南屯區,0,0,0,7,,,50,,,,,,,,,,,,,,,,,,,B03,,,5,,9,,,84,84,1,12,4,120.64208,24.140758,3
8305,66000,387130000C,(04)23274275,(04)23288582,2025,04,22,20,32,臺中市,北區,0,1,0,7,1,6,40,3,19,1,5,4,6,6,4,4,1,4,4,2,3,3,10,1,1,C03,7,9,1,10,2,12,,10,10,1,12,4,120.685166,24.165979,2
8306,66000,387130000C,(04)23274275,(04)23288582,2025,04,22,20,34,臺中市,烏日區,0,0,0,7,,,50,,,,,,,,,,,,,,13,,,,,B01,,,1,,2,,,84,84,1,6,4,120.616684,24.113986,3
8307,66000,387130000C,(04)23274275,(04)23288582,2025,04,22,20,35,臺中市,西屯區,0,0,0,7,,,50,,,,,,,,,,,,,,13,,,,,B03,,,1,,1,,,7,7,1,12,4,120.654016,24.162444,3
8308,66000,387130000C,(04)23274275,(04)23288582,2025,04,22,20,38,臺中市,北區,0,0,0,7,,,50,,,,,,,,,,,,,,,,,,,B01,,,1,,2,,,84,84,1,13,4,120.678887,24.150006,3
8309,66000,387130000C,(04)23274275,(04)23288582,2025,04,22,20,53,臺中市,西區,0,1,0,7,2,6,40,13,8,1,5,4,6,6,4,4,9,5,4,2,17,2,9,2,1,C04,7,9,1,10,2,12,,84,84,1,12,4,120.666599,24.132061,2
8310,66000,387130000C,(04)23274275,(04)23288582,2025,04,22,20,53,臺中市,東勢區,0,0,0,7,,,30,,,,,,,,,,,,,,12,,,,,B03,,,1,,1,,,8,8,1,13,4,120.825546,24.258905,3
8311,66000,387130000C,(04)23274275,(04)23288582,2025,04,22,21,3,臺中市,西屯區,0,0,0,7,,,60,,,,,,,,,,,,,,16,,,,,B03,,,1,,1,,,20,20,1,12,4,120.653258,24.160817,3
8312,66000,387130000C,(04)23274275,(04)23288582,2025,04,22,21,6,臺中市,神岡區,0,1,0,7,1,6,30,3,2,1,5,4,6,6,4,4,10,5,5,2,17,3,10,5,4,B01,7,5,1,4,2,16,,20,20,1,12,4,120.658433,24.271133,2
8313,66000,387130000C,(04)23274275,(04)23288582,2025,04,22,21,14,臺中市,大里區,0,3,0,7,1,6,30,3,1,1,5,4,6,6,4,4,10,5,5,2,15,2,9,1,1,C03,7,1,3,19,2,14,,51,51,1,6,4,120.71303,24.088026,2
8314,66000,387130000C,(04)23274275,(04)23288582,2025,04,22,21,17,臺中市,南區,0,1,0,7,1,6,50,13,9,1,5,4,6,6,4,4,9,5,5,2,12,2,9,4,1,F01,7,11,7,21,2,14,,42,42,1,12,1,120.649201,24.118398,2
8315,66000,387130000C,(04)23274275,(04)23288582,2025,04,22,21,20,臺中市,西屯區,0,0,0,7,,,50,,,,,,,,,,,,,,13,,,,,B02,,,1,,1,,,77,77,1,11,4,120.637056,24.172139,3
8316,66000,387130000C,(04)23274275,(04)23288582,2025,04,22,21,21,臺中市,北屯區,0,0,0,7,,,50,,,,,,,,,,,,,,,,,,,B03,,,1,,1,,,84,84,1,12,4,120.730259,24.174204,3
8317,66000,387130000C,(04)23274275,(04)23288582,2025,04,22,21,22,臺中市,霧峰區,0,2,0,7,1,6,30,5,1,1,5,4,6,6,4,4,10,5,5,2,17,2,9,5,4,C03,7,6,1,10,2,11,,14,14,1,13,4,120.666253,24.079664,2
8318,66000,387130000C,(04)23274275,(04)23288582,2025,04,22,21,23,臺中市,大甲區,0,1,0,7,3,6,50,3,1,1,5,4,6,6,4,4,10,5,5,2,2,3,10,3,1,B03,7,9,5,19,2,1,,7,7,1,6,4,120.627399,24.339534,2
8319,66000,387130000C,(04)23274275,(04)23288582,2025,04,22,21,29,臺中市,北區,0,1,0,7,1,6,50,4,1,1,5,4,6,6,2,1,10,5,5,2,17,2,9,5,4,C03,7,9,1,10,2,12,,7,7,1,13,4,120.682656,24.145854,2
8320,66000,387130000C,(04)23274275,(04)23288582,2025,04,22,21,31,臺中市,西屯區,0,0,0,7,,,50,,,,,,,,,,,,,,14,,,,,B03,,,1,,1,,,49,49,1,12,4,120.60271,24.183885,3
8321,66000,387130000C,(04)23274275,(04)23288582,2025,04,22,21,37,臺中市,龍井區,0,1,0,7,1,6,50,3,2,1,5,4,6,6,4,4,5,2,5,2,13,2,9,2,1,C03,7,9,3,19,2,11,,59,59,1,6,4,120.579971,24.183783,2
8322,66000,387130000C,(04)23274275,(04)23288582,2025,04,22,21,40,臺中市,霧峰區,0,1,0,7,2,6,50,3,5,1,5,4,6,6,4,4,4,3,5,1,17,2,9,2,1,C03,7,9,1,10,2,16,,7,7,1,6,4,120.665233,24.07958,2
8323,66000,387130000C,(04)23274275,(04)23288582,2025,04,22,21,45,臺中市,北屯區,0,0,0,7,,,50,,,,,,,,,,,,,,30,,,,,B03,,,1,,1,,,49,49,1,6,4,120.72727,24.160298,3
8324,66000,387130000C,(04)23274275,(04)23288582,2025,04,22,21,45,臺中市,龍井區,0,2,0,7,1,6,50,5,1,1,5,4,6,6,4,4,9,5,5,2,16,3,10,2,1,C03,7,6,3,19,1,11,,14,14,1,13,4,120.589657,24.180837,2
8325,66000,387130000C,(04)23274275,(04)23288582,2025,04,22,22,0,臺中市,西區,0,0,0,7,,,50,,,,,,,,,,,,,,16,,,,,B01,,,1,,2,,,47,47,1,12,4,120.653116,24.150758,3
8326,66000,387130000C,(04)23274275,(04)23288582,2025,04,22,22,3,臺中市,北區,0,3,0,7,1,6,50,4,1,1,5,4,6,6,4,4,5,5,5,2,15,2,8,2,1,C03,7,9,1,10,2,12,,15,15,1,12,4,120.669449,24.171635,2
8327,66000,387130000C,(04)23274275,(04)23288582,2025,04,22,22,4,臺中市,霧峰區,0,1,0,6,1,6,40,3,2,1,5,4,6,6,4,4,10,4,5,1,16,3,10,3,1,B03,7,6,1,8,2,4,,48,48,1,6,4,120.662623,24.068416,2
8328,66000,387130000C,(04)23274275,(04)23288582,2025,04,22,22,5,臺中市,南屯區,0,1,0,7,2,6,50,4,1,1,5,4,6,6,2,1,5,4,5,2,13,3,10,3,1,B03,7,9,1,8,2,1,,21,21,1,12,4,120.653038,24.135749,2
8329,66000,387130000C,(04)23274275,(04)23288582,2025,04,22,22,5,臺中市,太平區,0,0,0,7,,,50,,,,,,,,,,,,,,,,,,,B03,,,1,,2,,,51,51,1,12,4,120.714591,24.15911,3
8330,66000,387130000C,(04)23274275,(04)23288582,2025,04,22,22,12,臺中市,南區,0,1,0,7,1,6,50,4,1,1,5,4,6,6,1,1,10,5,5,2,16,2,9,5,4,C03,7,6,1,10,2,14,,84,84,1,12,4,120.671901,24.122343,2
8331,66000,387130000C,(04)23274275,(04)23288582,2025,04,22,22,12,臺中市,南區,0,2,0,7,1,6,50,4,1,1,5,4,6,6,1,1,5,5,5,2,13,2,9,2,1,C03,7,9,1,10,2,11,,84,84,1,13,4,120.64582,24.120559,2
8332,66000,387130000C,(04)23274275,(04)23288582,2025,04,22,22,12,臺中市,西屯區,0,0,0,7,,,50,,,,,,,,,,,,,,17,,,,,B03,,,1,,1,,,45,45,1,12,4,120.620419,24.188364,3
8333,66000,387130000C,(04)23274275,(04)23288582,2025,04,22,22,13,臺中市,北區,0,0,0,7,1,6,50,4,2,1,5,4,6,6,4,4,10,5,5,2,17,,,,,B02,,,1,,2,,,84,84,1,13,4,120.691041,24.158738,3
8334,66000,387130000C,(04)23274275,(04)23288582,2025,04,22,22,17,臺中市,東區,0,0,0,7,,,50,,,,,,,,,,,,,,12,,,,,B03,,,,,,,,86,86,1,,,120.700511,24.132358,3
8335,66000,387130000C,(04)23274275,(04)23288582,2025,04,22,22,22,臺中市,北區,0,1,0,7,1,6,50,4,1,1,5,4,6,6,1,1,10,5,5,2,16,3,10,5,4,B03,7,5,1,8,2,5,,47,47,1,13,4,120.685275,24.161398,2
8336,66000,387130000C,(04)23274275,(04)23288582,2025,04,22,22,29,臺中市,大里區,0,1,0,7,1,6,50,4,2,1,5,4,6,6,1,1,5,5,4,2,17,2,7,1,1,C03,7,15,1,10,2,11,,84,84,1,13,4,120.690926,24.114088,2
8337,66000,387130000C,(04)23274275,(04)23288582,2025,04,22,22,35,臺中市,后里區,0,2,0,7,1,6,50,3,1,1,5,4,6,6,4,4,5,5,5,2,11,2,9,1,1,C03,7,9,3,19,4,11,,53,53,1,12,4,120.687491,24.312238,2
8338,66000,387130000C,(04)23274275,(04)23288582,2025,04,22,22,36,臺中市,北屯區,0,1,0,7,1,6,50,13,8,1,5,4,6,6,4,4,9,4,4,2,25,2,9,2,1,C03,7,6,3,19,2,11,,84,84,1,12,4,120.693809,24.168672,2
8339,66000,387130000C,(04)23274275,(04)23288582,2025,04,22,22,38,臺中市,后里區,0,0,0,7,1,6,50,13,14,1,5,4,6,6,4,4,9,5,5,1,14,3,10,3,1,B03,7,2,1,8,2,3,,49,49,1,12,4,120.723957,24.308821,3
8340,66000,387130000C,(04)23274275,(04)23288582,2025,04,22,22,48,臺中市,東區,0,2,0,7,1,6,50,4,1,1,5,4,6,6,4,4,10,5,5,2,15,2,9,1,1,C03,7,9,1,10,2,11,,15,15,1,12,4,120.702246,24.134141,2
8341,66000,387130000C,(04)23274275,(04)23288582,2025,04,22,23,8,臺中市,北屯區,0,0,0,7,,,50,,,,,,,,,,,,,,,,,,,B03,,,1,,9,,,49,49,2,13,4,120.660274,24.183967,3
8342,66000,387130000C,(04)23274275,(04)23288582,2025,04,22,23,12,臺中市,神岡區,0,1,0,7,1,6,50,4,1,1,5,4,6,6,3,1,1,5,5,1,16,3,10,1,4,C03,7,6,1,10,2,12,,11,11,1,12,4,120.689294,24.25768,2
8343,66000,387130000C,(04)23274275,(04)23288582,2025,04,22,23,14,臺中市,西屯區,0,0,0,7,,,50,,,,,,,,,,,,,,13,,,,,B03,,,1,,1,,,58,58,1,12,4,120.634595,24.176292,3
8344,66000,387130000C,(04)23274275,(04)23288582,2025,04,22,23,20,臺中市,太平區,0,1,0,7,3,6,50,4,1,1,5,4,6,6,1,1,10,5,5,2,18,2,9,5,4,C03,7,5,1,10,2,14,,84,84,1,12,4,120.721444,24.142731,2
8345,66000,387130000C,(04)23274275,(04)23288582,2025,04,22,23,25,臺中市,霧峰區,0,1,0,7,1,6,30,13,9,1,5,4,6,6,4,4,5,5,5,1,18,2,9,1,1,C03,7,9,1,10,2,14,,84,84,1,5,4,120.724123,24.063413,2
8346,66000,387130000C,(04)23274275,(04)23288582,2025,04,22,23,39,臺中市,西區,0,1,0,7,1,6,50,4,1,1,5,4,6,6,4,4,10,5,5,1,17,2,9,5,4,C03,7,9,1,10,2,16,,20,20,1,12,4,120.66013,24.153704,2
8347,66000,387130000C,(04)23274275,(04)23288582,2025,04,22,23,39,臺中市,大里區,0,1,0,7,1,6,50,13,9,1,5,4,6,6,4,4,5,5,5,1,12,2,8,5,4,C03,7,9,1,10,2,11,,8,8,1,13,4,120.665844,24.111276,2
8348,66000,387130000C,(04)23274275,(04)23288582,2025,04,22,23,49,臺中市,大里區,0,1,0,7,1,6,50,13,9,1,5,4,6,6,4,4,3,4,4,2,18,2,9,5,4,C03,7,9,1,10,2,14,,84,84,1,13,4,120.6901,24.123736,2
8349,66000,387130000C,(04)23274275,(04)23288582,2025,04,23,0,56,臺中市,西區,0,0,0,7,1,6,40,13,8,1,5,4,6,6,4,4,5,5,4,2,13,3,10,3,1,B03,7,9,1,8,8,5,,53,53,1,12,4,120.670626,24.152544,3
8350,66000,387130000C,(04)23274275,(04)23288582,2025,04,23,0,58,臺中市,西區,0,0,0,7,,,40,,,,,,,,,,,,,,,,,,,C03,,,1,,1,,,84,84,1,12,4,120.660529,24.157366,4
8351,66000,387130000C,(04)23274275,(04)23288582,2025,04,23,1,29,臺中市,西區,0,1,0,7,1,6,50,13,7,1,5,4,6,6,4,4,1,4,4,2,12,2,9,1,1,C03,7,9,1,10,2,14,,8,8,1,12,4,120.664435,24.140217,2
8352,66000,387130000C,(04)23274275,(04)23288582,2025,04,23,2,5,臺中市,沙鹿區,0,1,0,6,1,6,50,4,1,1,5,4,6,6,4,4,5,4,4,1,16,3,10,3,1,B03,7,5,1,8,2,8,1,13,13,1,12,4,120.580838,24.224046,2
8353,66000,387130000C,(04)23274275,(04)23288582,2025,04,23,3,6,臺中市,西屯區,0,1,0,7,1,6,50,3,1,1,5,4,6,6,1,1,10,5,5,2,16,3,10,5,1,B03,7,6,1,8,2,5,,11,11,1,12,4,120.643344,24.170436,2
8354,66000,387130000C,(04)23274275,(04)23288582,2025,04,23,3,34,臺中市,西屯區,0,2,0,7,1,6,50,4,1,1,5,4,6,6,1,1,1,4,5,2,16,2,9,2,1,C03,7,6,1,10,2,14,,48,48,1,12,4,120.649796,24.162755,2
8355,66000,387130000C,(04)23274275,(04)23288582,2025,04,23,4,0,臺中市,南區,0,0,0,7,1,6,30,4,9,1,5,4,6,6,4,4,10,5,5,2,17,3,10,5,4,B03,7,9,1,8,8,15,,84,84,1,6,4,120.656833,24.128187,3
8356,66000,387130000C,(04)23274275,(04)23288582,2025,04,23,4,10,臺中市,北區,0,1,0,7,1,6,30,4,1,1,5,4,6,6,4,4,10,5,5,2,15,2,9,5,4,C03,7,9,1,10,2,11,,15,15,1,13,4,120.687892,24.165871,2
8357,66000,387130000C,(04)23274275,(04)23288582,2025,04,23,5,0,臺中市,太平區,0,1,0,7,1,6,40,13,9,1,5,4,6,6,4,4,9,4,5,1,18,2,9,2,1,C03,7,9,1,10,2,12,,84,84,1,12,4,120.726198,24.119512,2
8358,66000,387130000C,(04)23274275,(04)23288582,2025,04,23,5,49,臺中市,北屯區,0,0,0,7,,,50,,,,,,,,,,,,,,15,,,,,C03,,,1,,1,,,84,84,1,13,4,120.669954,24.176559,3
8359,66000,387130000C,(04)23274275,(04)23288582,2025,04,23,6,11,臺中市,豐原區,0,0,0,7,,,60,,,,,,,,,,,,,,17,,,,,A05,,,1,,2,,,49,49,1,13,4,120.727127,24.264729,3
8360,66000,387130000C,(04)23274275,(04)23288582,2025,04,23,6,28,臺中市,龍井區,0,0,0,7,,,30,,,,,,,,,,,,,,,,,,,B03,,,1,,2,,,15,15,1,12,4,120.532069,24.191292,3
8361,66000,387130000C,(04)23274275,(04)23288582,2025,04,23,6,30,臺中市,西屯區,0,1,0,7,2,6,30,3,1,1,5,4,6,6,4,4,10,5,5,2,16,3,10,5,1,B03,7,5,3,19,2,4,,12,12,1,12,4,120.638078,24.169637,2
8362,66000,387130000C,(04)23274275,(04)23288582,2025,04,23,6,36,臺中市,北屯區,0,1,0,7,1,6,50,13,9,1,5,4,6,6,4,4,5,4,5,2,17,3,10,5,4,B03,7,11,1,8,2,4,,39,39,1,13,4,120.708655,24.170206,2
8363,66000,387130000C,(04)23274275,(04)23288582,2025,04,23,6,50,臺中市,沙鹿區,0,0,0,7,,,60,,,,,,,,,,,,,,30,,,,,,,,,,,,,119,119,1,,,120.571286,24.19833,3
8364,66000,387130000C,(04)23274275,(04)23288582,2025,04,23,6,58,臺中市,梧棲區,0,1,0,7,3,6,60,3,1,1,5,4,6,6,1,1,10,5,5,2,16,3,10,3,1,B03,7,9,1,8,2,8,,21,21,1,6,4,120.537028,24.252305,2
8365,66000,387130000C,(04)23274275,(04)23288582,2025,04,23,7,1,臺中市,北屯區,0,0,0,7,,,50,,,,,,,,,,,,,,16,,,,,B03,,,1,,2,,,40,40,1,12,4,120.67867,24.187495,3
8366,66000,387130000C,(04)23274275,(04)23288582,2025,04,23,7,3,臺中市,大里區,0,0,0,6,,,50,,,,,,,,,,,,,,12,,,,,B03,,,1,,2,,,7,7,1,12,4,120.696707,24.11127,3
8367,66000,387130000C,(04)23274275,(04)23288582,2025,04,23,7,8,臺中市,大里區,0,0,0,7,2,6,50,13,7,1,5,4,6,6,4,4,5,5,4,2,13,3,10,3,1,B03,7,9,1,8,5,1,,84,84,1,12,4,120.694959,24.101727,3