序號,縣市別代碼,機關代碼,市話,傳真,年,月,日,時,分,縣市,區,死亡數量,受傷數量,2-30,天候,道路照明設備,道路類別,道路速限,道路型態,事故位置,路面鋪裝,路面狀態,路面缺陷,障礙物,視距,號誌種類,號誌動作,分向設施,快車道或一般車道間,快慢車道間,路面邊線,事故類型及型態,受傷程度,主要傷處,保護裝備,行動電話或功能裝置,當事者區分（類別）,車輛用途,當事者行動狀態,駕照狀態,駕照種類,飲酒情形,車輛撞擊部位最初,車輛撞擊部位其他,肇事因素個別,肇事因素主要,肇事逃逸,職業,共享經濟或外送平台,GPS座標X,GPS座標Y,事故類別
8368,66000,387130000C,(04)23274275,(04)23288582,2025,04,23,7,8,臺中市,東勢區,0,1,0,7,1,6,50,13,9,1,5,4,6,6,1,1,4,1,3,1,16,3,10,5,1,B03,7,5,1,8,2,2,,22,22,1,12,4,120.81103,24.281685,2
8369,66000,387130000C,(04)23274275,(04)23288582,2025,04,23,7,9,臺中市,烏日區,0,1,0,6,3,6,50,13,8,1,5,4,6,6,4,4,1,4,4,1,12,3,10,3,1,B03,7,5,1,8,2,2,,47,47,1,9,4,120.58414,24.111515,2
8370,66000,387130000C,(04)23274275,(04)23288582,2025,04,23,7,10,臺中市,神岡區,0,1,0,7,2,6,30,4,1,1,5,4,6,6,3,1,10,5,5,2,17,3,10,3,1,B03,7,6,1,8,2,4,,24,24,1,6,4,120.695897,24.250714,2
8371,66000,387130000C,(04)23274275,(04)23288582,2025,04,23,7,11,臺中市,梧棲區,0,2,0,7,3,6,30,13,9,1,5,4,6,6,4,4,5,5,5,1,16,2,8,1,1,F03,7,6,7,21,2,11,,20,20,1,6,4,120.537361,24.242853,2
8372,66000,387130000C,(04)23274275,(04)23288582,2025,04,23,7,12,臺中市,北區,0,1,0,7,2,6,50,4,2,1,5,4,6,6,1,1,5,4,4,2,17,3,10,5,1,B03,7,5,1,8,2,2,,47,47,1,13,4,120.664089,24.162142,2
8373,66000,387130000C,(04)23274275,(04)23288582,2025,04,23,7,14,臺中市,北屯區,0,0,0,7,,,0,,,,,,,,,,,,,,12,,,,,B03,,,1,8,2,,,84,84,1,6,4,120.724801,24.162656,3
8374,66000,387130000C,(04)23274275,(04)23288582,2025,04,23,7,18,臺中市,大里區,0,1,0,6,2,6,50,4,1,1,5,4,6,6,1,1,10,5,5,1,17,3,10,1,1,C03,7,11,5,19,2,11,,23,23,1,13,4,120.692453,24.112025,2
8375,66000,387130000C,(04)23274275,(04)23288582,2025,04,23,7,18,臺中市,大肚區,0,1,0,7,2,6,50,13,9,1,5,4,6,6,4,4,5,5,5,1,16,3,10,3,1,B03,7,5,1,8,2,16,,8,8,1,6,4,120.582077,24.112552,2
8376,66000,387130000C,(04)23274275,(04)23288582,2025,04,23,7,22,臺中市,南區,0,1,0,7,3,6,50,13,7,1,5,4,6,6,4,4,1,4,4,2,18,2,9,2,1,C03,7,9,1,10,2,15,,84,84,1,12,4,120.663295,24.124374,2
8377,66000,387130000C,(04)23274275,(04)23288582,2025,04,23,7,22,臺中市,西屯區,0,2,0,7,2,6,30,13,9,1,5,4,6,6,4,4,10,5,5,1,13,2,9,1,1,C03,7,9,1,10,2,11,12,59,59,1,12,4,120.624974,24.192087,2
8378,66000,387130000C,(04)23274275,(04)23288582,2025,04,23,7,29,臺中市,后里區,0,0,0,5,,,30,,,,,,,,,,,,,,12,,,,,B03,,,1,,2,,,48,48,1,6,4,120.752785,24.324987,3
8379,66000,387130000C,(04)23274275,(04)23288582,2025,04,23,7,30,臺中市,沙鹿區,0,1,0,7,3,6,50,13,7,1,5,4,6,6,4,4,1,4,4,2,12,2,7,2,1,C03,7,6,1,10,2,14,,48,48,1,13,4,120.558694,24.233129,2
8380,66000,387130000C,(04)23274275,(04)23288582,2025,04,23,7,31,臺中市,西屯區,0,1,0,7,2,6,50,4,1,1,5,4,6,6,4,4,5,2,5,2,15,2,9,2,1,C03,7,9,1,10,2,11,,12,12,1,12,4,120.623594,24.181038,2
8381,66000,387130000C,(04)23274275,(04)23288582,2025,04,23,7,33,臺中市,大雅區,0,0,0,7,,,50,,,,,,,,,,,,,,,,,,,C03,,,1,,2,,,7,7,1,12,4,120.649494,24.241931,3
8382,66000,387130000C,(04)23274275,(04)23288582,2025,04,23,7,33,臺中市,南屯區,0,1,0,7,2,6,50,4,1,1,5,4,6,6,2,1,10,5,5,2,12,3,10,2,1,C03,7,9,1,10,2,12,,39,39,1,13,4,120.638276,24.147192,2
8383,66000,387130000C,(04)23274275,(04)23288582,2025,04,23,7,36,臺中市,北區,0,0,0,7,,,50,,,,,,,,,,,,,,12,,,,,B12,,,1,,1,,,40,40,1,12,4,120.680209,24.163337,3
8384,66000,387130000C,(04)23274275,(04)23288582,2025,04,23,7,37,臺中市,烏日區,0,1,0,7,2,6,40,13,7,1,5,4,6,6,4,4,5,5,4,1,12,3,10,5,4,B03,7,1,1,8,2,4,,51,51,1,13,4,120.620863,24.106505,2
8385,66000,387130000C,(04)23274275,(04)23288582,2025,04,23,7,40,臺中市,大雅區,0,1,0,6,2,6,30,3,2,1,5,4,6,6,4,4,10,5,5,2,15,3,10,3,1,B03,7,9,1,8,2,1,,84,84,1,13,4,120.661041,24.240973,2
8386,66000,387130000C,(04)23274275,(04)23288582,2025,04,23,7,43,臺中市,西屯區,0,0,0,7,2,6,50,3,2,1,5,4,6,6,2,1,9,4,5,2,12,,,,,C03,,,1,,9,,,8,8,1,13,4,120.616673,24.18313,3
8387,66000,387130000C,(04)23274275,(04)23288582,2025,04,23,7,44,臺中市,北區,0,0,0,7,2,6,50,4,1,1,5,4,6,6,4,4,10,5,5,2,17,3,10,5,4,C03,7,15,5,19,6,12,,39,39,1,12,4,120.676217,24.161632,3
8388,66000,387130000C,(04)23274275,(04)23288582,2025,04,23,7,44,臺中市,南區,0,0,0,7,,,50,,,,,,,,,,,,,,17,,,,,C03,,,1,,2,,,7,7,1,12,4,120.669869,24.112372,3
8389,66000,387130000C,(04)23274275,(04)23288582,2025,04,23,7,46,臺中市,大里區,0,1,0,6,2,6,50,13,9,1,5,4,6,6,4,4,10,5,5,2,17,3,10,3,1,B03,7,1,1,8,2,1,,51,51,1,12,4,120.688423,24.109216,2
8390,66000,387130000C,(04)23274275,(04)23288582,2025,04,23,7,48,臺中市,梧棲區,0,0,0,7,,,30,,,,,,,,,,,,,,14,,,,,B03,,,1,,2,,,49,49,1,6,4,120.533925,24.225368,3
8391,66000,387130000C,(04)23274275,(04)23288582,2025,04,23,7,48,臺中市,東勢區,0,0,0,6,,,50,,,,,,,,,,,,,,,,,,,B03,,,6,,9,,,59,59,1,13,4,120.826161,24.264679,3
8392,66000,387130000C,(04)23274275,(04)23288582,2025,04,23,7,49,臺中市,大里區,0,0,0,7,,,40,,,,,,,,,,,,,,16,,,,,C03,,,1,,1,,,84,84,1,12,4,120.715757,24.094517,3
8393,66000,387130000C,(04)23274275,(04)23288582,2025,04,23,7,50,臺中市,大雅區,0,0,0,6,,,70,,,,,,,,,,,,,,,,,,,B03,,,1,,1,,,8,8,1,12,4,120.634193,24.236843,3
8394,66000,387130000C,(04)23274275,(04)23288582,2025,04,23,7,50,臺中市,西屯區,0,0,0,7,,,50,,,,,,,,,,,,,,,3,10,3,1,A11,7,3,1,3,2,2,,84,84,1,12,4,120.606718,24.158653,3
8395,66000,387130000C,(04)23274275,(04)23288582,2025,04,23,7,51,臺中市,神岡區,0,1,0,6,2,6,50,13,9,1,5,4,6,6,4,4,9,5,5,1,9,3,10,6,5,H01,8,16,7,21,10,17,,99,99,1,12,5,120.673394,24.26002,2
8396,66000,387130000C,(04)23274275,(04)23288582,2025,04,23,7,55,臺中市,南屯區,0,2,0,6,2,6,50,4,1,1,5,4,1,6,3,1,10,5,5,2,16,2,9,1,1,C03,7,6,1,10,2,14,,14,14,1,12,4,120.635849,24.131102,2
8397,66000,387130000C,(04)23274275,(04)23288582,2025,04,23,7,55,臺中市,清水區,0,0,0,7,,,50,,,,,,,,,,,,,,,,,,,C03,,,1,,2,,,84,84,1,12,4,120.571233,24.290779,3
8398,66000,387130000C,(04)23274275,(04)23288582,2025,04,23,7,56,臺中市,南屯區,0,0,0,7,,,50,,,,,,,,,,,,,,16,,,,,B03,,,1,,1,,,51,51,1,13,4,120.60735,24.145223,3
8399,66000,387130000C,(04)23274275,(04)23288582,2025,04,23,7,58,臺中市,西屯區,0,0,0,7,,,50,,,,,,,,,,,,,,12,,,,,C03,,,1,,1,,,35,35,1,13,4,120.606271,24.161776,3
8400,66000,387130000C,(04)23274275,(04)23288582,2025,04,23,7,58,臺中市,沙鹿區,0,1,0,7,2,6,50,4,2,1,5,4,6,6,4,4,8,3,5,1,18,2,9,5,4,C03,7,5,1,10,2,12,,84,84,1,13,4,120.567378,24.250604,2
8401,66000,387130000C,(04)23274275,(04)23288582,2025,04,23,7,59,臺中市,烏日區,0,0,0,7,,,50,,,,,,,,,,,,,,,,,,,B03,,,1,,1,,,51,51,1,6,4,120.630657,24.099932,3
8402,66000,387130000C,(04)23274275,(04)23288582,2025,04,23,8,0,臺中市,北屯區,0,2,0,6,3,6,50,4,1,1,5,4,6,6,4,4,10,5,5,2,15,2,9,2,1,C03,7,9,1,10,2,11,,12,12,1,6,4,120.673558,24.194708,2
8403,66000,387130000C,(04)23274275,(04)23288582,2025,04,23,8,2,臺中市,西屯區,0,0,0,7,,,30,,,,,,,,,,,,,,13,,,,,B03,,,1,,2,,,59,59,1,13,4,120.660028,24.175757,3
8404,66000,387130000C,(04)23274275,(04)23288582,2025,04,23,8,2,臺中市,大里區,0,0,0,7,,,50,,,,,,,,,,,,,,13,,,,,B03,,,1,,1,,,7,7,1,12,4,120.699542,24.110174,3
8405,66000,387130000C,(04)23274275,(04)23288582,2025,04,23,8,2,臺中市,大甲區,0,1,0,6,2,6,50,4,2,1,5,4,6,6,1,1,10,5,5,2,17,3,10,3,1,B03,7,1,1,8,2,8,,51,51,1,6,4,120.621829,24.353426,2
8406,66000,387130000C,(04)23274275,(04)23288582,2025,04,23,8,2,臺中市,豐原區,0,1,0,6,2,6,50,5,19,1,4,4,6,6,2,1,1,4,4,1,2,3,10,3,1,B03,7,6,1,8,2,5,,10,10,1,6,4,120.723619,24.244748,2
8407,66000,387130000C,(04)23274275,(04)23288582,2025,04,23,8,7,臺中市,大肚區,0,1,0,7,2,6,50,3,1,1,5,4,6,6,2,1,10,5,5,2,16,3,10,3,1,B03,7,5,1,8,2,2,,11,11,1,6,4,120.57658,24.118823,2
8408,66000,387130000C,(04)23274275,(04)23288582,2025,04,23,8,8,臺中市,霧峰區,0,0,0,7,,,50,,,,,,,,,,,,,,17,,,,,A04,,,1,,9,,,84,84,1,6,4,120.654543,24.084791,3
8409,66000,387130000C,(04)23274275,(04)23288582,2025,04,23,8,8,臺中市,太平區,0,0,0,7,,,50,,,,,,,,,,,,,,12,,,,,C04,,,1,,2,,,84,84,1,12,4,120.716509,24.13233,3
8410,66000,387130000C,(04)23274275,(04)23288582,2025,04,23,8,8,臺中市,梧棲區,0,1,0,7,3,6,50,13,9,1,5,4,6,6,4,4,5,5,5,1,16,3,10,1,1,C03,7,6,1,8,2,11,,39,39,1,6,4,120.538625,24.248651,2
8411,66000,387130000C,(04)23274275,(04)23288582,2025,04,23,8,15,臺中市,南屯區,0,0,0,7,,,50,,,,,,,,,,,,,,,,,,,B03,,,1,,1,,,84,84,1,6,4,120.643925,24.141495,3
8412,66000,387130000C,(04)23274275,(04)23288582,2025,04,23,8,19,臺中市,大肚區,0,1,0,6,1,6,50,13,9,1,5,4,6,6,4,4,9,4,5,1,16,3,10,1,1,C03,7,11,3,19,2,12,,20,20,1,6,4,120.578083,24.166619,2
8413,66000,387130000C,(04)23274275,(04)23288582,2025,04,23,8,20,臺中市,龍井區,0,0,0,6,,,50,,,,,,,,,,,,,,13,,,,,C03,,,3,,2,,,7,7,1,6,4,120.582919,24.186531,3
8414,66000,387130000C,(04)23274275,(04)23288582,2025,04,23,8,22,臺中市,西屯區,0,2,0,6,2,6,40,4,1,1,5,4,6,6,1,1,10,5,5,2,13,2,9,2,1,C03,7,9,1,10,2,11,,7,7,1,12,4,120.662138,24.165401,2
8415,66000,387130000C,(04)23274275,(04)23288582,2025,04,23,8,24,臺中市,南屯區,0,1,0,7,2,6,50,5,2,1,5,4,6,6,1,1,5,4,4,2,17,3,10,3,1,A11,7,5,1,7,2,2,,11,11,1,12,4,120.640363,24.11713,2
8416,66000,387130000C,(04)23274275,(04)23288582,2025,04,23,8,25,臺中市,北屯區,0,0,0,7,,,50,,,,,,,,,,,,,,,,,,,C03,,,1,,1,,,7,7,1,12,4,120.670941,24.201011,3
8417,66000,387130000C,(04)23274275,(04)23288582,2025,04,23,8,29,臺中市,大雅區,0,0,0,7,,,50,,,,,,,,,,,,,,,,,,,B03,,,1,,1,,,7,7,1,12,4,120.645268,24.226311,3
8418,66000,387130000C,(04)23274275,(04)23288582,2025,04,23,8,30,臺中市,龍井區,0,2,0,6,2,6,30,4,2,1,5,4,6,6,4,4,10,5,5,1,15,2,9,3,1,B03,7,9,1,10,2,1,,12,12,1,12,4,120.535862,24.213214,2
8419,66000,387130000C,(04)23274275,(04)23288582,2025,04,23,8,33,臺中市,北區,0,1,0,7,3,6,50,3,2,1,5,4,6,6,4,4,10,5,5,2,12,3,10,3,1,B01,7,9,1,4,2,5,,84,84,1,13,4,120.679869,24.166988,2
8420,66000,387130000C,(04)23274275,(04)23288582,2025,04,23,8,37,臺中市,大甲區,0,0,0,5,,,40,,,,,,,,,,,,,,,,,,,B12,,,1,,2,,,45,45,1,13,4,120.656361,24.380974,3
8421,66000,387130000C,(04)23274275,(04)23288582,2025,04,23,8,38,臺中市,大里區,0,0,0,6,,,50,,,,,,,,,,,,,,9,,,,,B12,,,1,,2,,,7,7,1,12,4,120.687208,24.093734,3
8422,66000,387130000C,(04)23274275,(04)23288582,2025,04,23,8,40,臺中市,西屯區,0,1,0,7,2,6,50,13,9,1,5,4,6,6,3,1,1,5,5,1,12,3,10,3,4,B03,7,5,1,8,2,2,,8,8,1,12,4,120.603336,24.185648,2
8423,66000,387130000C,(04)23274275,(04)23288582,2025,04,23,8,44,臺中市,西屯區,0,3,0,7,2,6,50,3,1,1,5,4,6,6,4,4,10,5,5,2,16,2,8,1,1,C03,7,5,1,10,2,12,,14,14,1,12,4,120.651654,24.165213,2
8424,66000,387130000C,(04)23274275,(04)23288582,2025,04,23,8,49,臺中市,大肚區,0,2,0,7,2,6,50,13,9,1,5,4,6,6,4,4,5,4,5,1,16,3,10,3,1,B03,7,11,1,8,2,8,,39,39,1,6,4,120.544434,24.154092,2
8425,66000,387130000C,(04)23274275,(04)23288582,2025,04,23,8,50,臺中市,中區,0,1,0,7,3,6,50,13,9,1,5,4,6,6,4,4,5,4,5,2,17,3,10,1,1,C03,7,1,1,10,1,16,,51,51,1,12,4,120.678888,24.142953,2
8426,66000,387130000C,(04)23274275,(04)23288582,2025,04,23,8,50,臺中市,東區,0,0,0,7,,,40,,,,,,,,,,,,,,26,,,,,B03,,,1,,1,,,84,84,1,13,4,120.694944,24.133819,3
8427,66000,387130000C,(04)23274275,(04)23288582,2025,04,23,8,53,臺中市,豐原區,0,0,0,5,,,30,,,,,,,,,,,,,,,,,,,B03,,,1,,2,,,49,49,1,13,4,120.733073,24.274017,3
8428,66000,387130000C,(04)23274275,(04)23288582,2025,04,23,8,55,臺中市,北區,0,1,0,7,2,6,50,5,2,1,5,4,6,6,2,1,10,5,5,2,13,2,9,2,1,C03,7,9,1,10,2,11,,7,7,1,13,4,120.676291,24.162832,2
8429,66000,387130000C,(04)23274275,(04)23288582,2025,04,23,8,55,臺中市,梧棲區,0,0,0,6,,,50,,,,,,,,,,,,,,17,,,,,B03,,,1,,1,,,51,51,1,6,4,120.536029,24.261576,3
8430,66000,387130000C,(04)23274275,(04)23288582,2025,04,23,8,55,臺中市,大甲區,0,1,0,5,3,6,50,13,9,1,4,4,6,6,4,4,5,5,5,1,30,2,9,5,4,C03,7,1,1,10,2,15,,84,84,1,6,4,120.645104,24.404885,2
8431,66000,387130000C,(04)23274275,(04)23288582,2025,04,23,8,55,臺中市,后里區,0,0,0,5,,,50,,,,,,,,,,,,,,13,,,,,A41,,,1,,2,,,7,7,1,12,4,120.687931,24.354483,3
8432,66000,387130000C,(04)23274275,(04)23288582,2025,04,23,8,56,臺中市,南屯區,0,0,0,7,,,50,,,,,,,,,,,,,,17,,,,,B03,,,1,,1,,,50,50,1,12,4,120.654385,24.137551,3
8433,66000,387130000C,(04)23274275,(04)23288582,2025,04,23,8,57,臺中市,北屯區,0,0,0,7,,,50,,,,,,,,,,,,,,,,,,,B03,,,1,,9,,,84,84,2,12,4,120.666792,24.179062,3
8434,66000,387130000C,(04)23274275,(04)23288582,2025,04,23,8,58,臺中市,北區,0,0,0,7,,,50,,,,,,,,,,,,,,17,,,,,,,,,,,,,85,85,1,,,120.678678,24.169136,4
8435,66000,387130000C,(04)23274275,(04)23288582,2025,04,23,9,3,臺中市,北屯區,0,0,0,7,,,50,,,,,,,,,,,,,,,,,,,A12,,,1,,1,,,49,49,1,13,4,120.717965,24.19096,3
8436,66000,387130000C,(04)23274275,(04)23288582,2025,04,23,9,4,臺中市,龍井區,0,0,0,7,,,30,,,,,,,,,,,,,,2,,,,,C03,,,1,,9,,,8,8,1,6,4,120.593087,24.181335,3
8437,66000,387130000C,(04)23274275,(04)23288582,2025,04,23,9,8,臺中市,東區,0,0,0,7,,,80,,,,,,,,,,,,,,13,,,,,B03,,,1,,2,,,7,7,1,12,4,120.703903,24.126097,3
8438,66000,387130000C,(04)23274275,(04)23288582,2025,04,23,9,12,臺中市,北屯區,0,1,0,7,3,6,80,13,9,1,5,4,6,6,4,4,1,4,5,1,13,2,9,3,1,B03,7,9,1,8,1,1,,7,7,1,6,4,120.721235,24.170313,2
8439,66000,387130000C,(04)23274275,(04)23288582,2025,04,23,9,15,臺中市,西屯區,0,0,0,7,,,50,,,,,,,,,,,,,,,,,,,B03,,,1,,1,,,49,49,1,12,4,120.663416,24.167306,3
8440,66000,387130000C,(04)23274275,(04)23288582,2025,04,23,9,16,臺中市,東區,0,0,0,7,,,50,,,,,,,,,,,,,,17,,,,,C03,,,1,,9,,,39,39,1,12,4,120.685548,24.128892,3
8441,66000,387130000C,(04)23274275,(04)23288582,2025,04,23,9,18,臺中市,大里區,0,0,0,7,,,,,,,,,,,,,,,,,17,,,,,,,,,,,,,119,119,1,,,120.692476,24.120745,3
8442,66000,387130000C,(04)23274275,(04)23288582,2025,04,23,9,18,臺中市,沙鹿區,0,1,0,6,2,6,50,4,1,1,4,4,6,6,4,4,10,5,5,2,17,3,10,3,1,B03,7,6,1,8,2,15,,85,85,1,6,4,120.575345,24.214943,2
8443,66000,387130000C,(04)23274275,(04)23288582,2025,04,23,9,24,臺中市,南區,0,0,0,7,,,50,,,,,,,,,,,,,,14,,,,,B12,,,1,,2,,,49,49,1,12,4,120.683367,24.128286,3
8444,66000,387130000C,(04)23274275,(04)23288582,2025,04,23,9,25,臺中市,北屯區,0,0,0,7,,,50,,,,,,,,,,,,,,9,,,,,C03,,,1,,1,,,84,84,1,6,4,120.685417,24.170805,3
8445,66000,387130000C,(04)23274275,(04)23288582,2025,04,23,9,26,臺中市,大雅區,0,1,0,7,3,6,40,4,1,1,4,4,6,6,1,1,10,5,5,2,18,2,8,2,1,C03,7,5,1,10,2,12,,84,84,1,12,4,120.629674,24.208473,2
8446,66000,387130000C,(04)23274275,(04)23288582,2025,04,23,9,27,臺中市,豐原區,0,0,0,7,,,50,,,,,,,,,,,,,,13,,,,,B03,,,1,,1,,,59,59,1,13,4,120.70847,24.250172,3
8447,66000,387130000C,(04)23274275,(04)23288582,2025,04,23,9,32,臺中市,神岡區,0,0,0,7,,,50,,,,,,,,,,,,,,13,,,,,C03,,,1,,1,,,7,7,1,6,4,120.664313,24.258241,3
8448,66000,387130000C,(04)23274275,(04)23288582,2025,04,23,9,37,臺中市,烏日區,0,0,0,7,,,40,,,,,,,,,,,,,,12,,,,,B03,,,1,,1,,,43,43,1,13,4,120.64072,24.107511,3
8449,66000,387130000C,(04)23274275,(04)23288582,2025,04,23,9,39,臺中市,南屯區,0,1,0,7,3,6,40,13,8,1,5,4,6,6,1,1,5,5,4,2,17,2,9,1,1,C03,7,1,1,10,2,14,,51,51,1,12,4,120.6262,24.114414,2
8450,66000,387130000C,(04)23274275,(04)23288582,2025,04,23,9,40,臺中市,梧棲區,0,0,0,7,,,50,,,,,,,,,,,,,,17,,,,,B03,,,1,,1,,,50,50,1,6,4,120.534301,24.248753,3
8451,66000,387130000C,(04)23274275,(04)23288582,2025,04,23,9,48,臺中市,北屯區,0,1,0,7,2,6,50,5,2,1,5,4,6,6,3,1,5,4,4,2,12,3,10,3,1,B03,7,9,1,8,2,2,,8,8,1,12,4,120.680885,24.190148,2
8452,66000,387130000C,(04)23274275,(04)23288582,2025,04,23,9,53,臺中市,西屯區,0,1,0,7,2,6,40,13,8,1,5,4,6,6,4,4,5,4,4,2,16,2,9,1,1,C03,7,9,1,10,1,14,,7,7,1,12,4,120.649532,24.17544,2
8453,66000,387130000C,(04)23274275,(04)23288582,2025,04,23,9,54,臺中市,烏日區,0,0,0,7,2,6,40,13,9,1,5,4,6,6,4,4,10,5,5,1,14,3,10,3,1,B12,7,2,1,8,1,3,,49,49,1,6,4,120.637546,24.033393,3
8454,66000,387130000C,(04)23274275,(04)23288582,2025,04,23,10,0,臺中市,西區,0,1,0,7,3,6,50,13,9,1,5,4,6,6,4,4,5,5,5,2,12,3,10,1,1,C03,7,6,1,10,2,14,,34,34,1,6,4,120.65321,24.149898,2
8455,66000,387130000C,(04)23274275,(04)23288582,2025,04,23,10,1,臺中市,南區,0,0,0,7,,,50,,,,,,,,,,,,,,17,,,,,B03,,,1,,2,,,50,50,1,13,4,120.654536,24.11341,3
8456,66000,387130000C,(04)23274275,(04)23288582,2025,04,23,10,3,臺中市,南屯區,0,1,0,7,2,6,50,13,9,1,5,4,6,6,4,4,5,4,5,2,17,3,10,3,1,B03,7,1,1,8,2,8,,39,39,1,13,4,120.61676,24.139574,2
8457,66000,387130000C,(04)23274275,(04)23288582,2025,04,23,10,3,臺中市,霧峰區,0,2,0,7,2,6,50,4,1,1,5,4,6,6,4,4,10,5,5,2,16,2,9,1,1,C03,7,6,1,8,2,13,,84,84,1,13,4,120.67408,24.046746,2
8458,66000,387130000C,(04)23274275,(04)23288582,2025,04,23,10,4,臺中市,南屯區,0,1,0,7,2,6,50,4,1,1,5,4,3,6,1,1,10,5,5,2,12,2,9,1,1,C03,7,9,1,10,2,14,,8,8,1,12,4,120.632705,24.137476,2
8459,66000,387130000C,(04)23274275,(04)23288582,2025,04,23,10,10,臺中市,潭子區,0,0,0,7,,,60,,,,,,,,,,,,,,13,,,,,C03,,,1,,2,,,84,84,1,12,4,120.712956,24.224258,3
8460,66000,387130000C,(04)23274275,(04)23288582,2025,04,23,10,10,臺中市,南屯區,0,0,0,7,,,50,,,,,,,,,,,,,,,,,,,B03,,,1,,1,,,7,7,1,6,4,120.652894,24.150472,4
8461,66000,387130000C,(04)23274275,(04)23288582,2025,04,23,10,10,臺中市,神岡區,0,0,0,5,,,50,,,,,,,,,,,,,,14,,,,,A12,,,1,,2,,,49,49,1,12,4,120.707491,24.277927,3
8462,66000,387130000C,(04)23274275,(04)23288582,2025,04,23,10,14,臺中市,大雅區,0,1,0,6,3,6,50,3,2,1,5,4,6,6,4,4,9,2,5,1,17,3,10,1,1,C03,7,6,1,10,2,14,,48,48,1,12,4,120.646776,24.219029,2
8463,66000,387130000C,(04)23274275,(04)23288582,2025,04,23,10,16,臺中市,潭子區,0,0,0,7,,,50,,,,,,,,,,,,,,9,,,,,B11,,,1,,2,,,93,93,1,13,4,120.698145,24.196281,3
8464,66000,387130000C,(04)23274275,(04)23288582,2025,04,23,10,16,臺中市,太平區,0,0,0,7,,,50,,,,,,,,,,,,,,16,,,,,B12,,,1,,1,,,84,84,1,12,4,120.7034,24.156592,3
8465,66000,387130000C,(04)23274275,(04)23288582,2025,04,23,10,19,臺中市,烏日區,0,0,0,7,,,60,,,,,,,,,,,,,,,,,,,A21,,,1,,2,,,59,59,1,6,4,120.64659,24.059554,3
8466,66000,387130000C,(04)23274275,(04)23288582,2025,04,23,10,21,臺中市,南屯區,0,2,0,7,2,6,50,3,1,1,5,4,6,6,4,4,10,4,5,2,16,2,9,2,4,C03,7,6,1,19,2,11,14,14,14,1,13,4,120.609824,24.139118,2
8467,66000,387130000C,(04)23274275,(04)23288582,2025,04,23,10,22,臺中市,北屯區,0,0,0,7,,,50,,,,,,,,,,,,,,,,,,,B03,,,1,,9,,,84,84,1,12,4,120.687333,24.173937,3
8468,66000,387130000C,(04)23274275,(04)23288582,2025,04,23,10,30,臺中市,大里區,0,1,0,7,2,6,50,3,1,1,5,4,6,6,4,4,10,5,5,2,17,2,7,2,1,C03,7,5,1,10,2,14,,14,14,1,6,4,120.696606,24.091516,2
8469,66000,387130000C,(04)23274275,(04)23288582,2025,04,23,10,34,臺中市,沙鹿區,0,0,0,6,,,30,,,,,,,,,,,,,,14,,,,,B03,,,1,,1,,,49,49,1,6,4,120.576444,24.231315,3
8470,66000,387130000C,(04)23274275,(04)23288582,2025,04,23,10,35,臺中市,南區,0,1,0,7,3,6,50,4,24,1,5,4,6,6,4,4,10,5,5,2,18,2,9,2,1,C03,7,9,1,10,2,12,,84,84,1,13,4,120.66171,24.121735,2
8471,66000,387130000C,(04)23274275,(04)23288582,2025,04,23,10,37,臺中市,清水區,0,1,0,7,3,6,50,3,1,1,5,4,6,6,3,1,5,5,4,2,16,3,10,3,1,B03,7,5,1,8,2,5,,14,14,1,12,4,120.615687,24.289131,2
8472,66000,387130000C,(04)23274275,(04)23288582,2025,04,23,10,44,臺中市,霧峰區,0,1,0,7,3,6,50,13,9,1,5,4,6,6,4,4,9,5,5,2,17,2,9,1,1,C03,7,9,1,10,2,12,,84,84,1,5,4,120.718115,24.078218,2
8473,66000,387130000C,(04)23274275,(04)23288582,2025,04,23,10,45,臺中市,大肚區,0,0,0,6,,,30,,,,,,,,,,,,,,,,,,,B03,,,1,,2,,,8,8,1,6,4,120.545078,24.148404,3
8474,66000,387130000C,(04)23274275,(04)23288582,2025,04,23,10,49,臺中市,梧棲區,0,1,0,7,3,6,50,13,9,1,5,4,6,6,4,4,9,5,5,2,16,3,10,3,1,B12,7,11,1,8,2,1,,45,45,1,6,4,120.534623,24.260252,2
8475,66000,387130000C,(04)23274275,(04)23288582,2025,04,23,10,49,臺中市,后里區,0,0,0,6,,,60,,,,,,,,,,,,,,1,,,,,B03,,,1,,2,,,48,48,1,6,4,120.728518,24.325975,3
8476,66000,387130000C,(04)23274275,(04)23288582,2025,04,23,10,51,臺中市,霧峰區,0,1,0,7,2,6,50,13,9,1,5,4,6,6,4,4,5,4,5,2,17,3,10,3,1,B03,7,2,1,8,2,3,,49,49,1,13,4,120.700107,24.064529,2
8477,66000,387130000C,(04)23274275,(04)23288582,2025,04,23,10,55,臺中市,北屯區,0,1,0,7,1,6,50,4,2,1,5,4,6,6,1,1,5,4,5,2,16,3,10,3,1,B12,7,9,1,8,2,1,,21,21,1,13,4,120.67357,24.200764,2
8478,66000,387130000C,(04)23274275,(04)23288582,2025,04,23,10,56,臺中市,烏日區,0,2,0,7,2,6,50,4,2,1,5,4,6,6,2,1,1,2,1,2,13,3,10,5,4,A31,7,9,1,1,2,1,,59,59,1,13,4,120.648077,24.084468,2
8479,66000,387130000C,(04)23274275,(04)23288582,2025,04,23,11,2,臺中市,北區,0,0,0,7,,,1,,,,,,,,,,,,,,14,,,,,C03,,,1,,1,,,84,84,1,12,4,120.682089,24.154584,4