序號,縣市別代碼,機關代碼,市話,傳真,年,月,日,時,分,縣市,區,死亡數量,受傷數量,2-30,天候,道路照明設備,道路類別,道路速限,道路型態,事故位置,路面鋪裝,路面狀態,路面缺陷,障礙物,視距,號誌種類,號誌動作,分向設施,快車道或一般車道間,快慢車道間,路面邊線,事故類型及型態,受傷程度,主要傷處,保護裝備,行動電話或功能裝置,當事者區分（類別）,車輛用途,當事者行動狀態,駕照狀態,駕照種類,飲酒情形,車輛撞擊部位最初,車輛撞擊部位其他,肇事因素個別,肇事因素主要,肇事逃逸,職業,共享經濟或外送平台,GPS座標X,GPS座標Y,事故類別
8592,66000,387130000C,(04)23274275,(04)23288582,2025,04,23,16,45,臺中市,豐原區,0,2,0,7,2,6,50,3,1,1,5,4,6,6,4,4,5,5,5,1,12,3,10,2,1,C03,7,9,3,19,2,15,,85,85,1,12,4,120.728725,24.254912,2
8593,66000,387130000C,(04)23274275,(04)23288582,2025,04,23,16,49,臺中市,西屯區,0,0,0,7,,,50,,,,,,,,,,,,,,13,,,,,B03,,,1,,1,,,7,7,1,12,4,120.639012,24.182267,3
8594,66000,387130000C,(04)23274275,(04)23288582,2025,04,23,16,53,臺中市,北區,0,0,0,7,,,50,,,,,,,,,,,,,,17,,,,,F03,,,7,,2,,,51,51,1,13,4,120.685568,24.156019,3
8595,66000,387130000C,(04)23274275,(04)23288582,2025,04,23,16,54,臺中市,北屯區,0,0,0,7,,,50,,,,,,,,,,,,,,,,,,,B03,,,1,,9,,,84,84,2,13,4,120.68153,24.170456,3
8596,66000,387130000C,(04)23274275,(04)23288582,2025,04,23,16,54,臺中市,西屯區,0,0,0,7,,,50,,,,,,,,,,,,,,13,,,,,B03,,,1,,1,,,40,40,1,12,4,120.64651,24.175184,3
8597,66000,387130000C,(04)23274275,(04)23288582,2025,04,23,16,55,臺中市,沙鹿區,0,0,0,7,2,6,40,3,8,1,5,4,6,6,1,1,1,3,1,1,13,,,,,B03,,,1,,2,,,84,84,1,12,4,120.575738,24.227118,3
8598,66000,387130000C,(04)23274275,(04)23288582,2025,04,23,16,58,臺中市,沙鹿區,0,0,0,7,,,50,,,,,,,,,,,,,,12,,,,,B03,,,1,,2,,,8,8,1,12,4,120.55867,24.232572,3
8599,66000,387130000C,(04)23274275,(04)23288582,2025,04,23,17,0,臺中市,南屯區,0,1,0,7,2,6,10,13,9,1,5,4,6,6,4,4,9,4,5,2,9,3,10,5,1,F01,7,9,7,21,2,11,,59,59,1,12,4,120.638391,24.151464,2
8600,66000,387130000C,(04)23274275,(04)23288582,2025,04,23,17,3,臺中市,南區,0,2,0,7,2,6,40,13,8,1,5,4,6,6,4,4,7,5,4,2,13,2,8,1,1,C03,7,9,1,10,1,11,,84,84,1,12,4,120.653223,24.121344,2
8601,66000,387130000C,(04)23274275,(04)23288582,2025,04,23,17,3,臺中市,西屯區,0,2,0,7,2,6,50,13,9,1,5,4,6,6,4,4,10,5,5,2,19,2,9,5,4,C03,7,9,1,10,2,12,,84,84,1,13,4,120.612478,24.165176,2
8602,66000,387130000C,(04)23274275,(04)23288582,2025,04,23,17,8,臺中市,梧棲區,0,1,0,7,3,6,50,3,8,1,5,4,6,6,1,1,5,2,4,2,13,3,10,3,1,A01,7,9,1,7,2,5,,59,59,1,6,4,120.536867,24.252381,2
8603,66000,387130000C,(04)23274275,(04)23288582,2025,04,23,17,9,臺中市,西區,0,0,0,7,,,30,,,,,,,,,,,,,,,,,,,B03,,,1,,2,,,50,50,1,6,4,120.665449,24.13779,3
8604,66000,387130000C,(04)23274275,(04)23288582,2025,04,23,17,10,臺中市,北屯區,0,0,0,7,,,40,,,,,,,,,,,,,,,,,,,F01,,,1,,1,,,84,84,1,12,4,120.729106,24.160679,3
8605,66000,387130000C,(04)23274275,(04)23288582,2025,04,23,17,10,臺中市,西屯區,0,2,0,6,2,6,50,4,2,1,5,4,6,6,2,1,1,4,5,2,13,2,9,1,1,C03,7,9,1,10,2,11,,7,7,1,12,4,120.634627,24.17962,2
8606,66000,387130000C,(04)23274275,(04)23288582,2025,04,23,17,10,臺中市,豐原區,0,0,0,7,,,50,,,,,,,,,,,,,,17,,,,,B03,,,1,,1,,,7,7,1,6,4,120.703301,24.242789,3
8607,66000,387130000C,(04)23274275,(04)23288582,2025,04,23,17,11,臺中市,太平區,0,1,0,7,2,6,50,4,1,1,5,4,6,6,4,4,10,5,5,2,16,3,10,2,1,C03,7,6,1,10,2,11,,12,12,1,12,4,120.712672,24.125769,2
8608,66000,387130000C,(04)23274275,(04)23288582,2025,04,23,17,12,臺中市,清水區,0,1,0,7,2,6,50,13,9,1,5,4,6,6,4,4,8,3,5,1,12,2,9,1,1,C03,7,9,1,10,2,16,,28,28,1,12,4,120.567208,24.268477,2
8609,66000,387130000C,(04)23274275,(04)23288582,2025,04,23,17,13,臺中市,大里區,0,1,0,7,3,6,0,11,7,1,5,4,6,6,4,4,5,4,4,2,3,2,9,6,5,H01,8,16,7,21,1,17,,95,95,1,12,5,120.684158,24.095661,2
8610,66000,387130000C,(04)23274275,(04)23288582,2025,04,23,17,14,臺中市,北區,0,0,0,7,2,6,40,3,1,1,5,4,6,6,1,1,5,4,4,2,13,3,10,1,1,C03,7,6,1,10,1,13,,48,48,1,12,4,120.682066,24.151966,3
8611,66000,387130000C,(04)23274275,(04)23288582,2025,04,23,17,16,臺中市,南區,0,2,0,7,3,6,50,3,1,1,5,4,6,6,1,1,10,5,5,2,16,3,10,5,4,B03,7,5,1,8,2,6,,47,47,1,12,4,120.657578,24.124635,2
8612,66000,387130000C,(04)23274275,(04)23288582,2025,04,23,17,16,臺中市,神岡區,0,1,0,7,2,6,50,5,1,1,5,4,6,6,2,1,10,5,5,2,16,3,10,5,4,B03,7,6,1,8,2,6,,11,11,1,13,4,120.66508,24.273751,2
8613,66000,387130000C,(04)23274275,(04)23288582,2025,04,23,17,17,臺中市,豐原區,0,0,0,7,2,6,30,8,9,1,5,4,6,6,4,4,1,4,5,1,13,3,10,3,1,B03,7,9,1,8,2,1,,56,56,1,12,4,120.703288,24.250183,3
8614,66000,387130000C,(04)23274275,(04)23288582,2025,04,23,17,18,臺中市,南屯區,0,0,0,7,,,50,,,,,,,,,,,,,,14,,,,,B03,,,1,,9,,,49,49,1,6,4,120.640421,24.131569,3
8615,66000,387130000C,(04)23274275,(04)23288582,2025,04,23,17,20,臺中市,大雅區,0,1,0,7,1,6,50,13,9,1,5,4,6,6,4,4,9,5,5,1,17,3,10,3,1,B12,7,9,1,8,2,6,,87,87,1,13,4,120.668089,24.21809,2
8616,66000,387130000C,(04)23274275,(04)23288582,2025,04,23,17,20,臺中市,潭子區,0,1,0,7,3,6,80,13,9,1,5,4,6,6,4,4,2,4,5,1,13,3,10,3,1,B03,7,14,1,8,2,1,,59,59,1,13,4,120.709531,24.200459,2
8617,66000,387130000C,(04)23274275,(04)23288582,2025,04,23,17,20,臺中市,南屯區,0,0,0,7,,,50,,,,,,,,,,,,,,12,,,,,B03,,,1,,1,,,85,85,1,12,4,120.623485,24.152419,3
8618,66000,387130000C,(04)23274275,(04)23288582,2025,04,23,17,20,臺中市,南屯區,0,0,0,7,,,50,,,,,,,,,,,,,,13,,,,,B03,,,1,,1,,,7,7,1,6,4,120.636627,24.154458,3
8619,66000,387130000C,(04)23274275,(04)23288582,2025,04,23,17,21,臺中市,大甲區,0,0,0,5,,,50,,,,,,,,,,,,,,18,,,,,C03,,,1,,2,,,54,54,1,6,4,120.622385,24.345016,3
8620,66000,387130000C,(04)23274275,(04)23288582,2025,04,23,17,24,臺中市,北屯區,0,0,0,7,,,50,,,,,,,,,,,,,,12,,,,,B03,,,1,,1,,,51,51,1,6,4,120.721629,24.178583,3
8621,66000,387130000C,(04)23274275,(04)23288582,2025,04,23,17,30,臺中市,潭子區,0,0,0,7,,,50,,,,,,,,,,,,,,,,,,,B03,,,1,,1,,,40,40,1,12,4,120.722619,24.203621,3
8622,66000,387130000C,(04)23274275,(04)23288582,2025,04,23,17,30,臺中市,太平區,0,1,0,7,2,6,50,3,1,1,5,4,6,6,4,4,10,5,5,2,16,3,10,2,1,C03,7,6,1,10,2,11,,14,14,1,13,4,120.717494,24.148727,2
8623,66000,387130000C,(04)23274275,(04)23288582,2025,04,23,17,31,臺中市,中區,0,2,0,7,2,6,50,4,1,1,5,4,6,6,4,4,10,5,5,2,17,2,9,1,1,C03,7,9,1,10,2,14,,12,12,1,12,4,120.678476,24.145842,2
8624,66000,387130000C,(04)23274275,(04)23288582,2025,04,23,17,37,臺中市,北區,0,0,0,7,,,30,,,,,,,,,,,,,,17,,,,,C03,,,7,,10,,,87,87,1,13,4,120.68663,24.156542,3
8625,66000,387130000C,(04)23274275,(04)23288582,2025,04,23,17,40,臺中市,沙鹿區,0,0,0,7,2,6,50,3,9,1,5,4,6,6,1,1,1,3,5,1,12,,,,,C03,,,6,,11,,,7,7,1,12,4,120.608504,24.24354,3
8626,66000,387130000C,(04)23274275,(04)23288582,2025,04,23,17,46,臺中市,東區,0,1,0,7,3,6,50,4,1,1,5,4,6,6,1,1,5,5,5,2,17,3,10,2,1,C03,7,6,3,19,2,11,,48,48,1,6,4,120.701509,24.140184,2
8627,66000,387130000C,(04)23274275,(04)23288582,2025,04,23,17,46,臺中市,沙鹿區,0,1,0,7,3,6,50,13,7,1,5,4,6,6,4,4,5,5,4,2,17,2,9,2,1,C03,7,8,1,10,2,13,,20,20,1,12,4,120.579166,24.218477,2
8628,66000,387130000C,(04)23274275,(04)23288582,2025,04,23,17,48,臺中市,大里區,0,0,0,7,,,30,,,,,,,,,,,,,,13,,,,,C03,,,1,,2,,,7,7,1,6,4,120.687332,24.111997,3
8629,66000,387130000C,(04)23274275,(04)23288582,2025,04,23,17,49,臺中市,北屯區,0,0,0,7,,,50,,,,,,,,,,,,,,12,,,,,B03,,,1,,1,,,40,40,1,12,4,120.687132,24.175667,3
8630,66000,387130000C,(04)23274275,(04)23288582,2025,04,23,17,50,臺中市,大雅區,0,0,0,7,,,70,,,,,,,,,,,,,,,,,,,B03,,,1,,2,,,7,7,1,13,4,120.642493,24.228642,3
8631,66000,387130000C,(04)23274275,(04)23288582,2025,04,23,17,50,臺中市,霧峰區,0,0,0,7,,,40,,,,,,,,,,,,,,,,,,,B03,,,1,,1,,,49,49,1,6,4,120.669361,24.058656,3
8632,66000,387130000C,(04)23274275,(04)23288582,2025,04,23,17,55,臺中市,北屯區,0,1,0,7,1,6,50,13,7,1,5,4,6,6,4,4,5,5,4,2,18,2,9,1,1,C03,7,9,1,10,1,12,,84,84,1,12,4,120.694529,24.173852,2
8633,66000,387130000C,(04)23274275,(04)23288582,2025,04,23,17,56,臺中市,北屯區,0,0,0,7,,,40,,,,,,,,,,,,,,12,,,,,C03,,,1,,1,,,84,84,1,13,4,120.7217,24.185983,3
8634,66000,387130000C,(04)23274275,(04)23288582,2025,04,23,17,58,臺中市,南屯區,0,1,0,7,2,6,30,3,1,1,5,4,6,6,4,4,5,4,5,2,15,3,10,3,1,B02,7,11,1,8,2,1,,13,13,1,13,4,120.645662,24.134688,2
8635,66000,387130000C,(04)23274275,(04)23288582,2025,04,23,17,58,臺中市,北屯區,0,1,0,7,3,6,50,4,1,1,5,4,6,6,2,1,10,5,5,2,16,3,10,2,1,C03,7,6,1,10,2,12,,48,48,1,12,4,120.704821,24.169578,2
8636,66000,387130000C,(04)23274275,(04)23288582,2025,04,23,18,0,臺中市,烏日區,0,0,0,7,,,70,,,,,,,,,,,,,,13,,,,,B02,,,1,,2,,,7,7,1,6,4,120.604008,24.109443,3
8637,66000,387130000C,(04)23274275,(04)23288582,2025,04,23,18,1,臺中市,北區,0,1,0,7,1,6,50,4,2,1,5,4,6,6,2,1,10,5,5,2,11,3,10,3,1,B12,7,6,1,8,2,6,,48,48,1,13,4,120.684837,24.167096,2
8638,66000,387130000C,(04)23274275,(04)23288582,2025,04,23,18,5,臺中市,南屯區,0,2,0,7,2,6,50,13,8,1,5,4,6,6,4,4,9,5,4,2,17,2,9,2,1,C03,7,7,1,10,2,12,,84,84,1,12,4,120.634726,24.130932,2
8639,66000,387130000C,(04)23274275,(04)23288582,2025,04,23,18,7,臺中市,西屯區,0,0,0,7,,,50,,,,,,,,,,,,,,17,,,,,B12,,,1,,1,,,8,8,1,12,4,120.637592,24.172848,3
8640,66000,387130000C,(04)23274275,(04)23288582,2025,04,23,18,10,臺中市,北屯區,0,1,0,7,1,6,50,13,7,1,5,4,6,6,4,4,9,5,4,1,16,2,9,2,1,C03,7,11,1,10,2,13,,46,46,1,12,4,120.695326,24.163707,2
8641,66000,387130000C,(04)23274275,(04)23288582,2025,04,23,18,10,臺中市,太平區,0,0,0,7,,,30,,,,,,,,,,,,,,,,,,,,,,,,,,,119,119,1,,,120.71443,24.131491,3
8642,66000,387130000C,(04)23274275,(04)23288582,2025,04,23,18,12,臺中市,龍井區,0,2,0,7,2,6,50,4,1,1,5,4,6,6,2,1,10,5,5,2,15,2,8,2,1,C03,7,9,1,10,2,11,,25,25,1,6,4,120.585795,24.186276,2
8643,66000,387130000C,(04)23274275,(04)23288582,2025,04,23,18,15,臺中市,東區,0,0,0,7,,,50,,,,,,,,,,,,,,,,,,,B03,,,1,,1,,,8,8,1,12,4,120.687308,24.134867,3
8644,66000,387130000C,(04)23274275,(04)23288582,2025,04,23,18,19,臺中市,大里區,0,2,0,6,1,6,50,4,1,1,5,4,6,6,2,1,5,5,4,2,16,2,8,4,1,F01,7,6,7,21,2,14,,11,11,1,13,1,120.683765,24.115319,2
8645,66000,387130000C,(04)23274275,(04)23288582,2025,04,23,18,20,臺中市,東區,0,1,0,7,1,6,50,13,7,1,5,4,6,6,4,4,5,5,4,2,13,3,10,3,1,B03,7,9,1,8,2,5,,84,84,1,12,4,120.706136,24.136896,2
8646,66000,387130000C,(04)23274275,(04)23288582,2025,04,23,18,22,臺中市,潭子區,0,2,0,7,2,6,50,4,1,1,5,4,6,6,4,4,10,5,5,2,15,2,9,2,1,C03,7,9,1,10,2,11,,15,15,1,12,4,120.6765,24.205336,2
8647,66000,387130000C,(04)23274275,(04)23288582,2025,04,23,18,22,臺中市,大里區,0,0,0,7,,,50,,,,,,,,,,,,,,,,,,,B03,,,1,,1,,,7,7,1,6,4,120.695773,24.096526,3
8648,66000,387130000C,(04)23274275,(04)23288582,2025,04,23,18,27,臺中市,南區,0,0,0,7,,,50,,,,,,,,,,,,,,12,,,,,B03,,,1,,2,,,50,50,1,12,4,120.654423,24.119204,3
8649,66000,387130000C,(04)23274275,(04)23288582,2025,04,23,18,29,臺中市,烏日區,0,0,0,6,,,50,,,,,,,,,,,,,,,,,,,B03,,,5,,9,,,40,40,1,6,4,120.587478,24.113207,3
8650,66000,387130000C,(04)23274275,(04)23288582,2025,04,23,18,30,臺中市,北區,0,3,0,7,1,6,50,4,2,1,5,4,6,6,4,4,5,5,5,2,3,2,9,5,1,C03,7,9,1,10,2,11,,85,85,1,13,4,120.693543,24.155635,2
8651,66000,387130000C,(04)23274275,(04)23288582,2025,04,23,18,33,臺中市,大里區,0,2,0,7,1,6,50,4,1,1,5,4,6,6,1,1,10,5,5,2,17,2,9,5,4,F01,7,6,7,21,2,14,,84,84,1,13,4,120.699967,24.092142,2
8652,66000,387130000C,(04)23274275,(04)23288582,2025,04,23,18,35,臺中市,北區,0,0,0,7,2,6,40,13,8,1,5,4,6,6,4,4,1,4,4,2,13,3,10,1,1,C03,7,9,1,10,1,11,,7,7,1,12,4,120.672426,24.169698,4
8653,66000,387130000C,(04)23274275,(04)23288582,2025,04,23,18,38,臺中市,西屯區,0,1,0,7,1,6,50,13,9,1,5,4,6,6,4,4,5,5,4,2,13,2,9,1,1,C03,7,9,3,19,2,11,,7,7,1,12,4,120.645284,24.172765,2
8654,66000,387130000C,(04)23274275,(04)23288582,2025,04,23,18,41,臺中市,潭子區,0,0,0,7,,,50,,,,,,,,,,,,,,,,,,,B03,,,1,,2,,,49,49,1,13,4,120.712065,24.213362,3
8655,66000,387130000C,(04)23274275,(04)23288582,2025,04,23,18,43,臺中市,大甲區,0,1,0,7,1,6,50,13,9,1,5,4,6,6,4,4,9,5,5,1,17,3,10,5,4,B03,7,11,1,8,2,4,,45,45,1,6,4,120.622739,24.351927,2
8656,66000,387130000C,(04)23274275,(04)23288582,2025,04,23,18,43,臺中市,豐原區,0,1,0,7,1,6,50,3,1,1,5,4,6,6,4,4,5,5,4,2,17,3,10,3,4,B03,7,6,1,8,2,16,,14,14,1,12,4,120.727228,24.243594,2
8657,66000,387130000C,(04)23274275,(04)23288582,2025,04,23,18,45,臺中市,潭子區,0,3,0,7,1,6,60,13,12,1,5,4,6,6,4,4,3,4,4,1,17,2,9,1,1,C03,7,9,1,10,2,11,,7,7,1,12,4,120.705796,24.217152,2
8658,66000,387130000C,(04)23274275,(04)23288582,2025,04,23,18,49,臺中市,潭子區,0,0,0,7,,,40,,,,,,,,,,,,,,,,,,,C03,,,1,,2,,,85,85,1,12,4,120.686833,24.210439,3
8659,66000,387130000C,(04)23274275,(04)23288582,2025,04,23,18,54,臺中市,潭子區,0,0,0,7,,,60,,,,,,,,,,,,,,,,,,,B03,,,1,,2,,,40,40,1,13,4,120.701906,24.193696,3
8660,66000,387130000C,(04)23274275,(04)23288582,2025,04,23,18,58,臺中市,北屯區,0,0,0,7,,,50,,,,,,,,,,,,,,,,,,,B03,,,1,,2,,,84,84,1,13,4,120.685201,24.179124,3
8661,66000,387130000C,(04)23274275,(04)23288582,2025,04,23,18,59,臺中市,沙鹿區,0,0,0,6,,,30,,,,,,,,,,,,,,11,,,,,B03,,,1,,1,,,85,85,1,12,4,120.564403,24.241345,4
8662,66000,387130000C,(04)23274275,(04)23288582,2025,04,23,19,3,臺中市,后里區,0,2,0,7,1,6,40,3,1,1,5,4,6,6,1,1,1,4,4,1,16,2,9,1,1,C03,7,5,1,10,2,12,,84,84,1,12,4,120.72214,24.304437,2
8663,66000,387130000C,(04)23274275,(04)23288582,2025,04,23,19,4,臺中市,北區,0,0,0,7,,,0,,,,,,,,,,,,,,17,,,,,B03,,,6,,2,,,85,85,1,13,4,120.691038,24.159189,3
8664,66000,387130000C,(04)23274275,(04)23288582,2025,04,23,19,4,臺中市,大里區,0,0,0,7,,,50,,,,,,,,,,,,,,13,,,,,C03,,,1,,1,,,7,7,1,12,4,120.698099,24.080371,3
8665,66000,387130000C,(04)23274275,(04)23288582,2025,04,23,19,6,臺中市,南屯區,0,1,0,7,1,6,50,4,1,1,5,4,6,6,2,1,10,5,5,2,15,3,10,5,4,B03,7,9,1,8,2,6,,84,84,1,6,4,120.646473,24.129528,2
8666,66000,387130000C,(04)23274275,(04)23288582,2025,04,23,19,6,臺中市,烏日區,0,0,0,7,,,70,,,,,,,,,,,,,,17,,,,,B12,,,1,,2,,,20,20,1,6,4,120.600466,24.110793,3
8667,66000,387130000C,(04)23274275,(04)23288582,2025,04,23,19,9,臺中市,南屯區,0,2,0,7,2,6,50,4,1,1,5,4,6,6,2,1,9,4,4,2,11,3,10,3,1,B03,7,6,1,8,2,2,,11,11,1,12,4,120.610591,24.131987,2
8668,66000,387130000C,(04)23274275,(04)23288582,2025,04,23,19,13,臺中市,南區,0,1,0,7,1,6,40,13,8,1,5,4,6,6,4,4,1,4,4,2,18,2,9,5,4,C03,7,9,1,10,2,14,,84,84,1,12,4,120.660622,24.120324,2
8669,66000,387130000C,(04)23274275,(04)23288582,2025,04,23,19,15,臺中市,南區,0,0,0,7,,,50,,,,,,,,,,,,,,,,,,,,,,,,,,,86,86,1,,,120.654286,24.122509,3
8670,66000,387130000C,(04)23274275,(04)23288582,2025,04,23,19,17,臺中市,西區,0,1,0,7,1,6,40,4,1,1,5,4,6,6,2,1,10,5,5,2,16,2,9,1,1,C03,7,5,1,10,2,12,,11,11,1,5,4,120.65777,24.15806,2
8671,66000,387130000C,(04)23274275,(04)23288582,2025,04,23,19,17,臺中市,西屯區,0,1,0,7,1,6,50,4,1,1,5,4,6,6,2,1,10,5,5,2,15,2,7,5,4,C03,7,9,1,10,2,12,,21,21,1,12,4,120.661459,24.163004,2
8672,66000,387130000C,(04)23274275,(04)23288582,2025,04,23,19,20,臺中市,北屯區,0,0,0,7,,,50,,,,,,,,,,,,,,17,,,,,B03,,,1,,9,,,8,8,1,13,4,120.691576,24.170094,3
8673,66000,387130000C,(04)23274275,(04)23288582,2025,04,23,19,26,臺中市,大雅區,0,0,0,7,,,30,,,,,,,,,,,,,,,,,,,,,,,,,,,86,86,1,,,120.628104,24.241308,3
8674,66000,387130000C,(04)23274275,(04)23288582,2025,04,23,19,28,臺中市,北區,0,1,0,7,2,6,50,3,2,1,5,4,6,6,2,1,10,5,5,2,17,3,10,2,1,C03,7,9,1,10,2,11,,7,7,1,13,4,120.688235,24.151604,2
8675,66000,387130000C,(04)23274275,(04)23288582,2025,04,23,19,33,臺中市,梧棲區,0,1,0,7,1,6,70,13,12,1,5,4,6,6,4,4,1,4,1,1,18,2,9,1,1,F01,7,9,7,21,2,16,,87,87,1,6,4,120.557031,24.253567,2
8676,66000,387130000C,(04)23274275,(04)23288582,2025,04,23,19,41,臺中市,南屯區,0,2,0,7,2,6,30,3,1,1,1,4,6,6,4,4,10,5,5,2,16,2,9,2,1,C03,7,11,1,10,2,14,,38,38,1,12,4,120.619759,24.130763,2
8677,66000,387130000C,(04)23274275,(04)23288582,2025,04,23,19,44,臺中市,北屯區,0,1,0,6,1,6,50,4,1,1,5,4,6,6,2,1,10,5,5,2,16,3,10,3,1,B03,7,6,1,8,2,2,,11,11,1,6,4,120.692835,24.168127,2
8678,66000,387130000C,(04)23274275,(04)23288582,2025,04,23,19,52,臺中市,神岡區,0,0,0,7,,,50,,,,,,,,,,,,,,16,,,,,B03,,,1,,1,,,21,21,1,12,4,120.683169,24.246558,3
8679,66000,387130000C,(04)23274275,(04)23288582,2025,04,23,19,54,臺中市,南區,0,1,0,7,1,6,50,13,9,1,5,4,6,6,4,4,5,5,5,2,18,2,9,2,1,C03,7,9,1,10,2,14,,84,84,1,12,4,120.660602,24.122411,2
8680,66000,387130000C,(04)23274275,(04)23288582,2025,04,23,20,0,臺中市,西屯區,0,0,0,7,,,50,,,,,,,,,,,,,,17,,,,,B03,,,1,,9,,,59,59,1,12,4,120.642751,24.172533,3
8681,66000,387130000C,(04)23274275,(04)23288582,2025,04,23,20,0,臺中市,烏日區,0,1,0,7,1,6,50,13,9,1,5,4,6,6,4,4,5,5,5,2,17,3,10,3,1,B03,7,11,1,8,2,4,,45,45,1,6,4,120.60936,24.11178,2
8682,66000,387130000C,(04)23274275,(04)23288582,2025,04,23,20,4,臺中市,潭子區,0,0,0,7,,,,,,,,,,,,,,,,,,,,,,,,,,,,,,118,118,1,,,120.683484,24.224258,3
8683,66000,387130000C,(04)23274275,(04)23288582,2025,04,23,20,5,臺中市,西區,0,0,0,7,,,50,,,,,,,,,,,,,,13,,,,,C03,,,1,,1,,,7,7,1,13,4,120.665554,24.153803,3
8684,66000,387130000C,(04)23274275,(04)23288582,2025,04,23,20,16,臺中市,北屯區,0,0,0,7,,,50,,,,,,,,,,,,,,,,,,,B03,,,1,,9,,,84,84,1,12,4,120.73011,24.177122,3
8685,66000,387130000C,(04)23274275,(04)23288582,2025,04,23,20,16,臺中市,西屯區,0,1,0,7,2,6,30,13,9,1,5,4,6,6,4,4,10,5,5,2,18,2,9,5,4,C03,7,9,1,10,2,11,,84,84,1,13,4,120.661522,24.20333,2
8686,66000,387130000C,(04)23274275,(04)23288582,2025,04,23,20,25,臺中市,西區,0,0,0,7,,,50,,,,,,,,,,,,,,13,,,,,B03,,,1,,1,,,59,59,1,12,4,120.661688,24.160672,3
8687,66000,387130000C,(04)23274275,(04)23288582,2025,04,23,20,28,臺中市,西屯區,0,1,0,7,1,6,50,4,1,1,5,4,6,6,1,1,10,5,5,2,17,2,9,1,1,C03,7,9,1,10,2,13,,85,85,1,12,4,120.652321,24.206362,2
8688,66000,387130000C,(04)23274275,(04)23288582,2025,04,23,20,30,臺中市,太平區,0,2,0,7,1,6,30,13,9,1,5,4,6,6,4,4,9,4,5,2,6,2,9,6,5,H01,8,18,7,21,10,17,,98,98,1,6,5,120.724136,24.138778,2
8689,66000,387130000C,(04)23274275,(04)23288582,2025,04,23,20,33,臺中市,大甲區,0,0,0,7,,,40,,,,,,,,,,,,,,,,,,,B03,,,1,,1,,,49,49,1,12,4,120.621292,24.3605,3
8690,66000,387130000C,(04)23274275,(04)23288582,2025,04,23,20,36,臺中市,龍井區,0,0,0,7,,,60,,,,,,,,,,,,,,13,,,,,B03,,,1,,1,,,7,7,1,6,4,120.586874,24.185688,3
8691,66000,387130000C,(04)23274275,(04)23288582,2025,04,23,20,41,臺中市,太平區,0,0,0,7,,,40,,,,,,,,,,,,,,,,,,,B03,,,1,,2,,,59,59,1,12,4,120.709985,24.134747,3
8692,66000,387130000C,(04)23274275,(04)23288582,2025,04,23,20,52,臺中市,南區,0,0,0,7,,,50,,,,,,,,,,,,,,12,,,,,B03,,,1,,1,,,8,8,1,12,4,120.66151,24.12151,3
8693,66000,387130000C,(04)23274275,(04)23288582,2025,04,23,20,54,臺中市,南屯區,0,0,0,7,,,30,,,,,,,,,,,,,,12,,,,,C03,,,1,,9,,,50,50,1,12,4,120.647759,24.149161,3
8694,66000,387130000C,(04)23274275,(04)23288582,2025,04,23,20,54,臺中市,外埔區,0,1,0,7,1,6,30,4,1,1,5,4,6,6,4,4,10,5,5,1,11,3,10,3,1,B03,7,6,1,4,1,8,,41,41,1,12,4,120.662012,24.3518,2
8695,66000,387130000C,(04)23274275,(04)23288582,2025,04,23,20,57,臺中市,北屯區,0,1,0,7,1,6,50,5,1,1,5,4,6,6,1,1,10,5,5,2,16,3,10,3,1,B03,7,6,1,8,2,1,,11,11,1,13,4,120.712705,24.169062,2
8696,66000,387130000C,(04)23274275,(04)23288582,2025,04,23,21,0,臺中市,霧峰區,0,2,0,7,1,6,40,13,9,1,5,4,6,6,4,4,10,5,5,2,17,2,9,1,1,C03,7,11,1,10,2,14,,45,45,1,13,4,120.700462,24.063451,2
8697,66000,387130000C,(04)23274275,(04)23288582,2025,04,23,21,5,臺中市,北區,0,1,0,7,2,6,50,4,1,1,5,4,6,6,2,1,5,4,5,2,17,2,9,1,1,C03,7,9,1,10,2,12,,42,42,1,12,4,120.680949,24.15816,2
8698,66000,387130000C,(04)23274275,(04)23288582,2025,04,23,21,19,臺中市,大里區,0,1,0,7,3,6,50,3,1,1,5,4,6,6,4,4,10,5,5,2,16,3,10,1,1,C03,7,6,1,10,2,11,,11,11,1,6,4,120.702523,24.081307,2
8699,66000,387130000C,(04)23274275,(04)23288582,2025,04,23,21,21,臺中市,北屯區,0,1,0,7,1,6,50,13,9,1,5,4,6,6,4,4,1,4,5,1,13,2,9,2,1,C03,7,9,1,10,2,11,,84,84,1,12,2,120.693438,24.195961,2
8700,66000,387130000C,(04)23274275,(04)23288582,2025,04,23,21,23,臺中市,清水區,0,0,0,7,1,6,60,4,2,1,5,4,6,6,1,1,8,3,4,1,14,3,10,3,1,B03,7,2,1,8,1,3,,49,49,1,12,4,120.540382,24.289041,3
8701,66000,387130000C,(04)23274275,(04)23288582,2025,04,23,21,33,臺中市,大甲區,0,0,0,7,,,40,,,,,,,,,,,,,,,,,,,C03,,,1,,1,,,4,4,1,12,2,120.617602,24.350732,3
8702,66000,387130000C,(04)23274275,(04)23288582,2025,04,23,21,34,臺中市,西屯區,0,2,0,7,1,6,40,3,8,1,5,4,6,6,4,4,1,4,5,2,12,3,10,5,4,C03,7,9,1,10,2,12,,8,8,1,12,4,120.640119,24.168739,2