序號,縣市別代碼,機關代碼,市話,傳真,年,月,日,時,分,縣市,區,死亡數量,受傷數量,2-30,天候,道路照明設備,道路類別,道路速限,道路型態,事故位置,路面鋪裝,路面狀態,路面缺陷,障礙物,視距,號誌種類,號誌動作,分向設施,快車道或一般車道間,快慢車道間,路面邊線,事故類型及型態,受傷程度,主要傷處,保護裝備,行動電話或功能裝置,當事者區分（類別）,車輛用途,當事者行動狀態,駕照狀態,駕照種類,飲酒情形,車輛撞擊部位最初,車輛撞擊部位其他,肇事因素個別,肇事因素主要,肇事逃逸,職業,共享經濟或外送平台,GPS座標X,GPS座標Y,事故類別
8814,66000,387130000C,(04)23274275,(04)23288582,2025,04,24,9,15,臺中市,大雅區,0,0,0,7,,,0,,,,,,,,,,,,,,,,,,,B03,,,1,,1,,,49,49,1,13,4,120.65843,24.220071,3
8815,66000,387130000C,(04)23274275,(04)23288582,2025,04,24,9,21,臺中市,霧峰區,0,1,0,6,3,6,40,4,2,1,5,4,6,6,1,1,5,5,5,1,12,3,10,1,1,C03,7,5,1,10,2,13,,42,42,1,12,4,120.701316,24.067073,2
8816,66000,387130000C,(04)23274275,(04)23288582,2025,04,24,9,22,臺中市,北屯區,0,2,0,7,3,6,50,4,1,1,5,4,6,6,1,1,10,5,5,2,12,3,10,3,1,B12,7,9,1,8,2,2,,84,84,1,12,4,120.672566,24.181009,2
8817,66000,387130000C,(04)23274275,(04)23288582,2025,04,24,9,22,臺中市,沙鹿區,0,0,0,7,,,40,,,,,,,,,,,,,,,,,,,,,,,,,,,86,86,2,,,120.570154,24.200218,3
8818,66000,387130000C,(04)23274275,(04)23288582,2025,04,24,9,29,臺中市,烏日區,0,0,0,7,,,30,,,,,,,,,,,,,,,,,,,A12,,,1,,2,,,49,49,1,6,4,120.644717,24.107843,3
8819,66000,387130000C,(04)23274275,(04)23288582,2025,04,24,9,32,臺中市,西屯區,0,0,0,7,2,6,50,4,2,1,5,4,6,6,2,1,9,4,5,2,13,,,,,B03,,,1,,1,,,7,7,1,13,4,120.629084,24.2057,3
8820,66000,387130000C,(04)23274275,(04)23288582,2025,04,24,9,33,臺中市,大里區,0,0,0,6,,,50,,,,,,,,,,,,,,13,,,,,A03,,,1,,2,,,59,59,1,12,4,120.714255,24.095597,3
8821,66000,387130000C,(04)23274275,(04)23288582,2025,04,24,9,33,臺中市,大里區,0,1,0,6,2,6,30,11,9,1,5,4,6,6,4,4,10,5,5,1,10,2,9,2,1,C03,7,9,1,10,2,11,,58,58,1,13,4,120.686739,24.081644,2
8822,66000,387130000C,(04)23274275,(04)23288582,2025,04,24,9,33,臺中市,大里區,0,0,0,7,,,50,,,,,,,,,,,,,,16,,,,,C03,,,1,,2,,,14,14,1,6,4,120.70855,24.086789,3
8823,66000,387130000C,(04)23274275,(04)23288582,2025,04,24,9,33,臺中市,豐原區,0,2,0,6,2,6,50,13,9,1,4,4,6,6,4,4,10,5,5,1,17,3,10,3,1,B13,7,1,1,8,1,8,,51,51,1,12,4,120.732775,24.237169,2
8824,66000,387130000C,(04)23274275,(04)23288582,2025,04,24,9,35,臺中市,南屯區,0,0,0,6,,,50,,,,,,,,,,,,,,14,,,,,B03,,,1,,1,,,49,49,1,12,4,120.649877,24.144172,4
8825,66000,387130000C,(04)23274275,(04)23288582,2025,04,24,9,36,臺中市,北屯區,0,0,0,7,,,40,,,,,,,,,,,,,,15,,,,,C03,,,1,10,1,,,21,21,1,6,4,120.722512,24.170987,3
8826,66000,387130000C,(04)23274275,(04)23288582,2025,04,24,9,38,臺中市,東區,0,0,0,7,,,50,,,,,,,,,,,,,,9,,,,,,,,,,,,,86,86,1,,,120.686032,24.140027,4
8827,66000,387130000C,(04)23274275,(04)23288582,2025,04,24,9,41,臺中市,南屯區,0,0,0,7,3,6,40,13,8,1,5,4,6,6,4,4,9,5,4,2,14,,,,,B12,,,1,,2,,,50,50,1,12,4,120.635505,24.149088,3
8828,66000,387130000C,(04)23274275,(04)23288582,2025,04,24,9,46,臺中市,大里區,0,0,0,7,,,30,,,,,,,,,,,,,,17,,,,,B02,,,1,,2,,,49,49,1,12,4,120.68059,24.11528,3
8829,66000,387130000C,(04)23274275,(04)23288582,2025,04,24,9,49,臺中市,太平區,0,0,0,7,,,30,,,,,,,,,,,,,,17,,,,,B12,,,1,,2,,,56,56,1,12,4,120.709175,24.131814,3
8830,66000,387130000C,(04)23274275,(04)23288582,2025,04,24,9,52,臺中市,南屯區,0,0,0,7,,,50,,,,,,,,,,,,,,14,,,,,B12,,,1,,2,,,49,49,1,12,4,120.650503,24.134725,3
8831,66000,387130000C,(04)23274275,(04)23288582,2025,04,24,9,58,臺中市,潭子區,0,1,0,7,2,6,50,13,9,1,5,4,6,6,2,1,1,1,5,2,18,2,9,1,1,C03,7,9,1,10,2,12,,84,84,1,13,4,120.712913,24.223781,2
8832,66000,387130000C,(04)23274275,(04)23288582,2025,04,24,10,0,臺中市,南區,0,0,0,7,,,50,,,,,,,,,,,,,,17,,,,,B03,,,1,,2,,,50,50,1,12,4,120.66401,24.116305,3
8833,66000,387130000C,(04)23274275,(04)23288582,2025,04,24,10,0,臺中市,外埔區,0,0,0,7,,,30,,,,,,,,,,,,,,17,,,,,B02,,,1,,2,,,50,50,1,12,4,120.654198,24.331491,3
8834,66000,387130000C,(04)23274275,(04)23288582,2025,04,24,10,1,臺中市,西區,0,1,0,6,1,6,50,13,7,1,5,4,6,6,4,4,10,5,5,2,17,2,3,5,4,B03,7,9,1,8,2,5,,8,8,1,12,4,120.672471,24.149506,2
8835,66000,387130000C,(04)23274275,(04)23288582,2025,04,24,10,6,臺中市,西屯區,0,0,0,7,,,30,,,,,,,,,,,,,,17,,,,,B12,,,1,,1,,,59,59,1,12,4,120.653511,24.171534,3
8836,66000,387130000C,(04)23274275,(04)23288582,2025,04,24,10,9,臺中市,大甲區,0,0,0,7,,,50,,,,,,,,,,,,,,25,,,,,B03,,,1,,2,,,84,84,1,6,4,120.620189,24.346927,3
8837,66000,387130000C,(04)23274275,(04)23288582,2025,04,24,10,10,臺中市,清水區,0,0,0,7,,,70,,,,,,,,,,,,,,,,,,,A41,,,1,,1,,,7,7,1,12,4,120.567562,24.270255,3
8838,66000,387130000C,(04)23274275,(04)23288582,2025,04,24,10,11,臺中市,西屯區,0,0,0,7,,,50,,,,,,,,,,,,,,17,,,,,B03,,,1,,1,,,45,45,1,13,4,120.639995,24.179184,3
8839,66000,387130000C,(04)23274275,(04)23288582,2025,04,24,10,11,臺中市,烏日區,0,0,0,7,,,50,,,,,,,,,,,,,,17,,,,,B03,,,1,,9,,,85,85,1,13,4,120.610365,24.1106,3
8840,66000,387130000C,(04)23274275,(04)23288582,2025,04,24,10,22,臺中市,大里區,0,1,0,7,2,6,50,3,1,1,5,4,6,6,4,4,3,4,5,2,16,3,10,3,1,B12,7,5,1,8,2,8,,13,13,1,6,4,120.692295,24.09077,2
8841,66000,387130000C,(04)23274275,(04)23288582,2025,04,24,10,25,臺中市,石岡區,0,0,0,7,,,70,,,,,,,,,,,,,,,,,,,B03,,,1,,2,,,45,45,1,12,4,120.813198,24.262199,3
8842,66000,387130000C,(04)23274275,(04)23288582,2025,04,24,10,26,臺中市,大肚區,0,1,0,6,2,6,50,11,9,1,5,4,6,6,4,4,4,5,4,2,20,2,9,1,1,C03,7,6,1,10,2,12,,84,84,1,6,4,120.55904,24.156031,2
8843,66000,387130000C,(04)23274275,(04)23288582,2025,04,24,10,26,臺中市,外埔區,0,0,0,5,,,50,,,,,,,,,,,,,,13,,,,,B03,,,5,,2,,,7,7,1,6,4,120.637508,24.342629,4
8844,66000,387130000C,(04)23274275,(04)23288582,2025,04,24,10,27,臺中市,西屯區,0,0,0,7,,,60,,,,,,,,,,,,,,13,,,,,B03,,,5,,1,,,59,59,1,12,4,120.640918,24.157875,3
8845,66000,387130000C,(04)23274275,(04)23288582,2025,04,24,10,30,臺中市,西屯區,0,0,0,7,,,30,,,,,,,,,,,,,,,,,,,A12,,,1,,1,,,84,84,1,12,4,120.619214,24.179044,3
8846,66000,387130000C,(04)23274275,(04)23288582,2025,04,24,10,33,臺中市,北區,0,1,0,7,2,6,50,4,1,1,5,4,6,6,4,4,10,5,5,2,13,2,8,3,1,B03,7,9,5,8,2,1,,59,59,1,12,4,120.681968,24.167058,2
8847,66000,387130000C,(04)23274275,(04)23288582,2025,04,24,10,33,臺中市,西屯區,0,0,0,7,,,40,,,,,,,,,,,,,,17,,,,,B03,,,1,,1,,,50,50,1,12,4,120.633786,24.160356,3
8848,66000,387130000C,(04)23274275,(04)23288582,2025,04,24,10,37,臺中市,西區,0,0,0,7,,,50,,,,,,,,,,,,,,17,,,,,B03,,,1,,2,,,51,51,1,12,4,120.661966,24.151694,3
8849,66000,387130000C,(04)23274275,(04)23288582,2025,04,24,10,42,臺中市,北區,0,2,0,7,3,6,50,4,1,1,5,4,6,6,1,1,10,5,5,2,15,2,9,1,1,C03,7,9,1,10,2,13,,21,21,1,12,4,120.677956,24.148963,2
8850,66000,387130000C,(04)23274275,(04)23288582,2025,04,24,10,43,臺中市,南區,0,1,0,7,3,6,50,4,1,1,5,4,6,6,1,1,10,5,5,2,16,3,10,3,1,B03,7,6,1,8,2,6,,11,11,1,13,4,120.656316,24.119647,2
8851,66000,387130000C,(04)23274275,(04)23288582,2025,04,24,10,44,臺中市,豐原區,0,0,0,7,,,50,,,,,,,,,,,,,,12,,,,,B03,,,1,,2,,,8,8,1,12,4,120.74209,24.251138,3
8852,66000,387130000C,(04)23274275,(04)23288582,2025,04,24,10,45,臺中市,西區,0,1,0,7,3,6,50,4,1,1,5,4,6,6,1,1,10,5,5,2,16,3,10,3,1,B03,7,6,5,8,2,2,,11,11,1,12,4,120.657975,24.133748,2
8853,66000,387130000C,(04)23274275,(04)23288582,2025,04,24,10,45,臺中市,神岡區,0,0,0,7,,,50,,,,,,,,,,,,,,12,,,,,B03,,,1,,1,,,40,40,1,13,4,120.695288,24.248218,3
8854,66000,387130000C,(04)23274275,(04)23288582,2025,04,24,10,46,臺中市,豐原區,0,0,0,6,,,1,,,,,,,,,,,,,,,,,,,C03,,,1,,2,,,58,58,1,13,4,120.717566,24.252738,3
8855,66000,387130000C,(04)23274275,(04)23288582,2025,04,24,10,50,臺中市,北屯區,0,0,0,7,,,50,,,,,,,,,,,,,,13,,,,,B03,,,1,,2,,,7,7,1,6,4,120.68673,24.194516,3
8856,66000,387130000C,(04)23274275,(04)23288582,2025,04,24,10,51,臺中市,南區,0,0,0,7,,,50,,,,,,,,,,,,,,13,,,,,B12,,,1,,2,,,7,7,1,12,4,120.653279,24.122504,3
8857,66000,387130000C,(04)23274275,(04)23288582,2025,04,24,10,54,臺中市,烏日區,0,2,0,7,2,6,30,4,2,1,5,2,6,6,4,4,10,5,5,2,18,2,9,5,4,C03,7,8,1,10,2,14,,84,84,1,6,4,120.640365,24.112575,2
8858,66000,387130000C,(04)23274275,(04)23288582,2025,04,24,10,58,臺中市,南區,0,1,0,7,3,6,50,13,8,1,5,4,6,6,4,4,1,4,4,2,16,3,10,3,1,B12,7,5,1,6,2,5,,47,47,1,12,4,120.653957,24.113776,2
8859,66000,387130000C,(04)23274275,(04)23288582,2025,04,24,11,3,臺中市,大甲區,0,1,0,5,3,6,50,13,9,1,4,4,6,6,4,4,5,4,4,1,18,2,9,1,1,C03,7,9,3,19,2,11,14,59,59,1,6,4,120.625597,24.339913,2
8860,66000,387130000C,(04)23274275,(04)23288582,2025,04,24,11,5,臺中市,中區,0,1,0,7,3,6,50,4,2,4,5,4,6,6,4,4,10,5,5,2,18,2,9,1,1,C03,7,9,1,10,2,12,,84,84,1,6,4,120.682353,24.138809,2
8861,66000,387130000C,(04)23274275,(04)23288582,2025,04,24,11,5,臺中市,大甲區,0,0,0,7,,,50,,,,,,,,,,,,,,1,,,,,B03,,,1,,1,,,51,51,1,12,4,120.620604,24.350452,3
8862,66000,387130000C,(04)23274275,(04)23288582,2025,04,24,11,7,臺中市,西屯區,0,0,0,7,2,6,50,4,2,1,5,4,6,6,1,1,1,4,5,2,13,,,,,B03,,,1,,1,,,7,7,1,13,4,120.656502,24.200405,3
8863,66000,387130000C,(04)23274275,(04)23288582,2025,04,24,11,11,臺中市,北區,0,0,0,7,,,50,,,,,,,,,,,,,,17,,,,,B13,,,1,,2,,,84,84,1,13,4,120.674175,24.171687,3
8864,66000,387130000C,(04)23274275,(04)23288582,2025,04,24,11,13,臺中市,北屯區,0,0,0,7,,,50,,,,,,,,,,,,,,13,,,,,C03,,,1,,1,,,7,7,1,6,4,120.69854,24.168082,4
8865,66000,387130000C,(04)23274275,(04)23288582,2025,04,24,11,15,臺中市,后里區,0,2,0,6,2,6,40,4,1,1,5,4,6,6,3,1,9,4,5,1,15,2,9,2,1,C03,7,9,1,10,2,13,,24,24,1,12,4,120.717491,24.307445,2
8866,66000,387130000C,(04)23274275,(04)23288582,2025,04,24,11,22,臺中市,大雅區,0,0,0,7,,,70,,,,,,,,,,,,,,,,,,,B03,,,1,,1,,,84,84,1,12,4,120.627423,24.242215,3
8867,66000,387130000C,(04)23274275,(04)23288582,2025,04,24,11,29,臺中市,大雅區,0,0,0,7,,,50,,,,,,,,,,,,,,,,,,,B02,,,1,,2,,,8,8,1,13,4,120.628505,24.24071,3
8868,66000,387130000C,(04)23274275,(04)23288582,2025,04,24,11,30,臺中市,西屯區,0,1,0,7,2,6,80,13,7,1,5,4,6,6,4,4,1,4,5,2,13,2,9,5,4,B12,7,9,1,8,2,1,,59,59,1,13,4,120.634948,24.179291,2
8869,66000,387130000C,(04)23274275,(04)23288582,2025,04,24,11,40,臺中市,豐原區,0,0,0,7,2,6,50,13,8,1,5,4,6,6,4,4,9,5,4,2,12,3,10,3,1,B03,7,7,1,8,2,6,,50,50,1,12,4,120.714597,24.250514,3
8870,66000,387130000C,(04)23274275,(04)23288582,2025,04,24,11,41,臺中市,霧峰區,0,2,0,7,2,6,50,3,1,1,5,4,6,6,4,4,10,5,5,2,16,2,9,2,1,C03,7,11,1,10,2,14,,14,14,1,13,4,120.686502,24.049604,2
8871,66000,387130000C,(04)23274275,(04)23288582,2025,04,24,11,41,臺中市,神岡區,0,1,0,6,2,6,50,3,1,1,5,4,6,6,4,4,10,5,5,1,12,3,10,3,1,B03,7,4,1,8,2,2,,84,84,1,6,4,120.689494,24.241107,2
8872,66000,387130000C,(04)23274275,(04)23288582,2025,04,24,11,45,臺中市,北屯區,0,1,0,7,2,6,50,13,9,1,5,4,6,6,4,4,1,4,5,2,13,3,10,1,1,C03,7,9,1,10,2,11,,7,7,1,6,4,120.670872,24.173967,2
8873,66000,387130000C,(04)23274275,(04)23288582,2025,04,24,11,55,臺中市,北屯區,0,0,0,7,,,50,,,,,,,,,,,,,,13,,,,,B03,,,1,,1,,,7,7,1,12,4,120.685912,24.179354,3
8874,66000,387130000C,(04)23274275,(04)23288582,2025,04,24,12,4,臺中市,西屯區,0,0,0,7,,,50,,,,,,,,,,,,,,12,,,,,B01,,,1,,1,,,8,8,1,12,4,120.628402,24.162811,3
8875,66000,387130000C,(04)23274275,(04)23288582,2025,04,24,12,6,臺中市,大里區,0,1,0,7,2,6,50,4,2,1,5,4,6,6,3,1,5,5,4,1,16,3,10,3,1,A05,7,1,1,2,2,1,,51,51,1,6,4,120.690504,24.10602,2
8876,66000,387130000C,(04)23274275,(04)23288582,2025,04,24,12,8,臺中市,北區,0,1,0,7,2,6,50,3,1,1,5,4,6,6,4,4,1,5,5,2,17,3,10,3,1,B03,7,5,1,8,2,5,,84,84,1,12,4,120.680584,24.152449,2
8877,66000,387130000C,(04)23274275,(04)23288582,2025,04,24,12,9,臺中市,霧峰區,0,1,0,6,3,6,50,5,1,1,5,4,6,6,4,4,5,5,5,1,15,3,10,3,1,B12,7,9,1,8,2,8,4,12,12,1,12,4,120.700281,24.069729,2
8878,66000,387130000C,(04)23274275,(04)23288582,2025,04,24,12,10,臺中市,大雅區,0,2,0,7,3,6,50,3,2,1,5,4,6,6,4,4,9,4,5,1,16,3,10,3,1,B03,7,1,1,8,2,8,,51,51,1,13,4,120.644622,24.223543,2
8879,66000,387130000C,(04)23274275,(04)23288582,2025,04,24,12,10,臺中市,中區,0,1,0,7,2,6,50,4,1,1,5,4,6,6,2,1,10,5,5,2,18,2,9,1,1,C03,7,9,1,10,2,14,,56,56,1,12,4,120.677018,24.143228,2
8880,66000,387130000C,(04)23274275,(04)23288582,2025,04,24,12,10,臺中市,大甲區,0,0,0,6,,,50,,,,,,,,,,,,,,,,,,,C03,,,1,,2,,,45,45,1,6,4,120.623259,24.344566,3
8881,66000,387130000C,(04)23274275,(04)23288582,2025,04,24,12,12,臺中市,太平區,0,2,0,7,3,6,50,13,9,1,5,4,6,6,4,4,5,5,5,1,16,2,7,1,1,C03,7,8,1,10,2,12,,35,35,1,12,4,120.724952,24.143088,2
8882,66000,387130000C,(04)23274275,(04)23288582,2025,04,24,12,13,臺中市,東區,0,0,0,7,,,50,,,,,,,,,,,,,,17,,,,,C03,,,1,,2,,,45,45,1,12,4,120.698063,24.142776,3
8883,66000,387130000C,(04)23274275,(04)23288582,2025,04,24,12,20,臺中市,北屯區,0,0,0,7,,,50,,,,,,,,,,,,,,9,,,,,B03,,,1,,1,,,87,87,1,6,4,120.685994,24.190671,3
8884,66000,387130000C,(04)23274275,(04)23288582,2025,04,24,12,20,臺中市,西屯區,0,0,0,7,,,70,,,,,,,,,,,,,,,,,,,B03,,,3,,2,,,40,40,1,12,4,120.630113,24.16266,3
8885,66000,387130000C,(04)23274275,(04)23288582,2025,04,24,12,22,臺中市,北屯區,0,1,0,6,3,6,50,13,9,1,5,4,6,6,4,4,5,5,5,2,18,2,9,2,1,C03,7,9,1,10,1,12,,84,84,1,6,4,120.687105,24.16791,2
8886,66000,387130000C,(04)23274275,(04)23288582,2025,04,24,12,23,臺中市,潭子區,0,0,0,7,,,60,,,,,,,,,,,,,,,,,,,B03,,,1,,2,,,8,8,1,13,4,120.703563,24.202007,3
8887,66000,387130000C,(04)23274275,(04)23288582,2025,04,24,12,25,臺中市,北屯區,0,0,0,7,,,50,,,,,,,,,,,,,,12,,,,,B03,,,1,,1,,,8,8,1,6,4,120.708097,24.17008,3
8888,66000,387130000C,(04)23274275,(04)23288582,2025,04,24,12,28,臺中市,西區,0,2,0,7,2,6,30,4,1,1,5,4,6,6,4,4,10,5,5,2,15,2,9,1,1,C03,7,9,1,10,2,11,,15,15,1,12,4,120.658002,24.15598,2
8889,66000,387130000C,(04)23274275,(04)23288582,2025,04,24,12,28,臺中市,太平區,0,0,0,6,2,6,40,3,2,1,5,4,6,6,4,4,5,5,4,1,16,3,10,1,1,C03,7,5,1,9,1,14,,13,13,1,6,4,120.717858,24.148531,3
8890,66000,387130000C,(04)23274275,(04)23288582,2025,04,24,12,29,臺中市,太平區,0,1,0,5,2,6,30,3,1,1,4,4,6,6,4,4,5,5,4,1,17,3,10,3,1,B12,7,6,1,8,2,5,,12,12,1,12,4,120.726856,24.14982,2
8891,66000,387130000C,(04)23274275,(04)23288582,2025,04,24,12,33,臺中市,西屯區,0,1,0,7,2,6,50,4,1,1,5,4,6,6,1,1,9,5,5,2,12,3,10,5,4,C03,7,9,1,10,2,13,,7,7,1,13,2,120.642519,24.181538,2
8892,66000,387130000C,(04)23274275,(04)23288582,2025,04,24,12,38,臺中市,北屯區,0,0,0,7,,,60,,,,,,,,,,,,,,12,,,,,B03,,,1,,1,,,40,40,1,6,4,120.721868,24.162451,3
8893,66000,387130000C,(04)23274275,(04)23288582,2025,04,24,12,40,臺中市,豐原區,0,0,0,7,,,50,,,,,,,,,,,,,,16,,,,,C03,,,1,,2,,,14,14,1,6,4,120.720246,24.251666,4
8894,66000,387130000C,(04)23274275,(04)23288582,2025,04,24,12,41,臺中市,北屯區,0,0,0,7,,,50,,,,,,,,,,,,,,13,,,,,C03,,,1,,1,,,84,84,1,5,4,120.6723,24.174133,3
8895,66000,387130000C,(04)23274275,(04)23288582,2025,04,24,12,42,臺中市,東區,0,0,0,7,,,40,,,,,,,,,,,,,,17,,,,,A12,,,1,,1,,,84,84,1,6,4,120.707722,24.142639,3
8896,66000,387130000C,(04)23274275,(04)23288582,2025,04,24,12,46,臺中市,西區,0,2,0,7,3,6,50,4,1,1,5,4,6,6,1,1,10,5,5,2,17,2,9,1,1,C03,7,9,1,10,2,12,,84,84,1,12,4,120.667313,24.137023,2
8897,66000,387130000C,(04)23274275,(04)23288582,2025,04,24,12,47,臺中市,北屯區,0,2,0,7,3,6,50,4,1,1,5,4,6,6,4,4,10,5,5,2,15,3,10,2,1,C03,7,9,1,8,2,13,,15,15,1,6,4,120.714531,24.172452,2
8898,66000,387130000C,(04)23274275,(04)23288582,2025,04,24,12,48,臺中市,北屯區,0,1,0,6,3,6,50,4,1,1,5,4,6,6,1,1,10,5,5,2,16,3,10,4,1,F01,7,6,7,21,2,12,,11,11,1,6,4,120.670074,24.177917,2
8899,66000,387130000C,(04)23274275,(04)23288582,2025,04,24,12,54,臺中市,西屯區,0,0,0,7,,,50,,,,,,,,,,,,,,14,,,,,B03,,,1,,1,,,49,49,1,13,4,120.616891,24.188607,3
8900,66000,387130000C,(04)23274275,(04)23288582,2025,04,24,13,3,臺中市,霧峰區,0,1,0,7,3,6,50,4,1,1,5,4,6,6,4,4,10,5,5,2,15,2,9,1,1,C03,7,9,1,10,2,11,,15,15,1,5,4,120.726714,24.059793,2
8901,66000,387130000C,(04)23274275,(04)23288582,2025,04,24,13,11,臺中市,西屯區,0,0,0,7,,,,,,,,,,,,,,,,,17,,,,,,,,,,,,,86,86,1,,,120.633869,24.162458,3
8902,66000,387130000C,(04)23274275,(04)23288582,2025,04,24,13,19,臺中市,霧峰區,0,1,0,6,2,6,50,4,1,1,5,4,6,6,1,1,10,5,5,1,17,3,10,3,1,B03,7,5,1,8,2,6,,85,85,1,13,4,120.698803,24.064386,2
8903,66000,387130000C,(04)23274275,(04)23288582,2025,04,24,13,30,臺中市,東區,0,0,0,7,1,6,,3,1,1,5,4,6,6,4,4,10,5,5,2,17,,,,,,,,,,,,,119,119,1,,,120.704865,24.129606,3
8904,66000,387130000C,(04)23274275,(04)23288582,2025,04,24,13,34,臺中市,烏日區,0,0,0,7,,,50,,,,,,,,,,,,,,13,,,,,B03,,,1,,1,,,7,7,1,6,4,120.638628,24.108127,3
8905,66000,387130000C,(04)23274275,(04)23288582,2025,04,24,13,43,臺中市,北屯區,0,0,0,7,,,50,,,,,,,,,,,,,,13,,,,,B03,,,1,,1,,,59,59,1,6,4,120.72227,24.18179,3
8906,66000,387130000C,(04)23274275,(04)23288582,2025,04,24,13,45,臺中市,烏日區,0,0,0,7,,,50,,,,,,,,,,,,,,12,,,,,B03,,,1,,1,,,8,8,1,13,4,120.62734,24.10404,4
8907,66000,387130000C,(04)23274275,(04)23288582,2025,04,24,13,55,臺中市,北區,0,2,0,7,2,6,50,4,2,1,5,4,6,6,2,1,10,5,5,2,13,3,10,3,1,B03,7,5,1,8,2,1,,7,7,1,13,4,120.676103,24.145615,2
8908,66000,387130000C,(04)23274275,(04)23288582,2025,04,24,13,57,臺中市,清水區,0,0,0,7,,,60,,,,,,,,,,,,,,,,,,,B03,,,1,,2,,,39,39,1,12,4,120.59243,24.304312,3
8909,66000,387130000C,(04)23274275,(04)23288582,2025,04,24,14,3,臺中市,南區,0,1,0,7,2,6,40,4,2,1,5,4,6,6,2,1,1,2,4,2,13,2,8,1,1,C03,7,9,1,10,2,11,,7,7,1,12,4,120.669629,24.126217,2
8910,66000,387130000C,(04)23274275,(04)23288582,2025,04,24,14,3,臺中市,烏日區,0,2,0,7,2,6,50,5,1,1,5,4,6,6,1,1,10,5,5,2,17,2,9,5,4,C03,7,6,1,10,2,13,,84,84,1,6,4,120.646723,24.11045,2
8911,66000,387130000C,(04)23274275,(04)23288582,2025,04,24,14,4,臺中市,北區,0,0,0,7,,,50,,,,,,,,,,,,,,17,,,,,C03,,,3,,9,,,48,48,1,13,4,120.679048,24.171143,3
8912,66000,387130000C,(04)23274275,(04)23288582,2025,04,24,14,5,臺中市,大雅區,0,0,0,7,,,30,,,,,,,,,,,,,,,,,,,A11,,,1,,2,,,49,49,1,13,4,120.665498,24.219301,3
8913,66000,387130000C,(04)23274275,(04)23288582,2025,04,24,14,10,臺中市,西屯區,0,0,0,7,,,50,,,,,,,,,,,,,,,,,,,B03,,,1,,2,,,84,84,1,12,4,120.590149,24.177258,3
8914,66000,387130000C,(04)23274275,(04)23288582,2025,04,24,14,10,臺中市,豐原區,0,1,0,7,2,6,50,4,1,1,5,4,6,6,4,4,5,5,4,2,15,3,10,5,4,B12,7,9,1,8,2,1,,12,12,1,12,4,120.703949,24.243505,2
8915,66000,387130000C,(04)23274275,(04)23288582,2025,04,24,14,15,臺中市,中區,0,1,0,7,2,6,50,13,7,1,5,4,6,6,4,4,5,4,5,2,17,2,9,1,1,C03,7,9,1,10,2,11,,4,4,1,13,4,120.679926,24.142621,2
8916,66000,387130000C,(04)23274275,(04)23288582,2025,04,24,14,24,臺中市,西區,0,1,0,7,2,6,50,4,1,1,5,4,6,6,2,1,10,5,5,2,17,2,9,1,1,C03,7,6,1,10,2,14,,48,48,1,12,4,120.661677,24.137964,2
8917,66000,387130000C,(04)23274275,(04)23288582,2025,04,24,14,30,臺中市,大雅區,0,0,0,7,,,30,,,,,,,,,,,,,,,,,,,C03,,,1,,1,,,6,6,1,13,4,120.665691,24.214545,3
8918,66000,387130000C,(04)23274275,(04)23288582,2025,04,24,14,35,臺中市,大里區,0,2,0,6,3,6,50,13,9,1,5,4,6,6,4,4,1,4,5,1,12,2,7,2,1,C03,7,7,1,10,2,12,,84,84,1,13,4,120.679502,24.11115,2
8919,66000,387130000C,(04)23274275,(04)23288582,2025,04,24,14,38,臺中市,西屯區,0,2,0,7,2,6,50,3,1,1,5,4,6,6,1,1,10,5,5,2,17,2,9,5,4,C03,7,9,1,10,1,11,,21,21,1,13,4,120.634595,24.176292,2
8920,66000,387130000C,(04)23274275,(04)23288582,2025,04,24,14,38,臺中市,烏日區,0,0,0,7,,,30,,,,,,,,,,,,,,17,,,,,B03,,,1,,1,,,51,51,1,8,4,120.624399,24.105101,3
8921,66000,387130000C,(04)23274275,(04)23288582,2025,04,24,14,38,臺中市,后里區,0,0,0,7,,,50,,,,,,,,,,,,,,17,,,,,B12,,,1,,9,,,51,51,2,12,4,120.715456,24.306672,3
8922,66000,387130000C,(04)23274275,(04)23288582,2025,04,24,14,39,臺中市,大雅區,0,0,0,7,,,30,,,,,,,,,,,,,,,,,,,B03,,,1,,1,,,49,49,1,13,4,120.67308,24.232389,3
8923,66000,387130000C,(04)23274275,(04)23288582,2025,04,24,14,39,臺中市,大里區,0,1,0,7,2,6,50,3,2,1,5,4,6,6,4,4,10,5,5,2,17,3,10,3,1,B03,7,11,3,19,2,4,,45,45,1,12,4,120.688774,24.103582,2
8924,66000,387130000C,(04)23274275,(04)23288582,2025,04,24,14,43,臺中市,西屯區,0,0,0,7,,,50,,,,,,,,,,,,,,12,,,,,B13,,,1,,2,,,8,8,1,12,4,120.618195,24.174296,3
8925,66000,387130000C,(04)23274275,(04)23288582,2025,04,24,14,46,臺中市,大雅區,0,2,0,7,1,6,50,3,1,1,5,4,6,6,1,1,5,5,5,1,17,2,9,1,1,C03,7,6,1,10,2,11,,48,48,1,13,4,120.638189,24.24656,2
8926,66000,387130000C,(04)23274275,(04)23288582,2025,04,24,14,48,臺中市,潭子區,0,1,0,7,3,6,60,4,1,1,5,4,6,6,1,1,1,4,4,1,17,3,10,3,1,B03,7,5,1,8,2,2,,11,11,1,13,4,120.690061,24.224983,2