序號,縣市別代碼,機關代碼,市話,傳真,年,月,日,時,分,縣市,區,死亡數量,受傷數量,2-30,天候,道路照明設備,道路類別,道路速限,道路型態,事故位置,路面鋪裝,路面狀態,路面缺陷,障礙物,視距,號誌種類,號誌動作,分向設施,快車道或一般車道間,快慢車道間,路面邊線,事故類型及型態,受傷程度,主要傷處,保護裝備,行動電話或功能裝置,當事者區分（類別）,車輛用途,當事者行動狀態,駕照狀態,駕照種類,飲酒情形,車輛撞擊部位最初,車輛撞擊部位其他,肇事因素個別,肇事因素主要,肇事逃逸,職業,共享經濟或外送平台,GPS座標X,GPS座標Y,事故類別
8927,66000,387130000C,(04)23274275,(04)23288582,2025,04,24,14,48,臺中市,西屯區,0,0,0,7,,,50,,,,,,,,,,,,,,12,,,,,B03,,,1,,1,,,2,2,1,12,4,120.656139,24.19868,3
8928,66000,387130000C,(04)23274275,(04)23288582,2025,04,24,14,57,臺中市,外埔區,0,0,0,7,,,50,,,,,,,,,,,,,,17,,,,,B03,,,1,,2,,,8,8,1,12,4,120.65439,24.330769,3
8929,66000,387130000C,(04)23274275,(04)23288582,2025,04,24,15,3,臺中市,烏日區,0,1,0,7,2,6,30,4,1,1,5,4,6,6,4,4,10,5,5,2,15,3,10,3,1,B03,7,9,1,8,2,5,2,20,20,1,6,4,120.639792,24.111362,2
8930,66000,387130000C,(04)23274275,(04)23288582,2025,04,24,15,4,臺中市,西屯區,0,0,0,7,,,50,,,,,,,,,,,,,,12,,,,,B03,,,1,,1,,,8,8,1,13,4,120.637307,24.181132,3
8931,66000,387130000C,(04)23274275,(04)23288582,2025,04,24,15,12,臺中市,西屯區,0,0,0,7,,,0,,,,,,,,,,,,,,14,,,,,B12,,,1,,1,,,49,49,1,12,4,120.655818,24.195951,3
8932,66000,387130000C,(04)23274275,(04)23288582,2025,04,24,15,15,臺中市,霧峰區,0,0,0,7,,,30,,,,,,,,,,,,,,,,,,,B03,,,1,,2,,,8,8,1,5,4,120.679255,24.054887,3
8933,66000,387130000C,(04)23274275,(04)23288582,2025,04,24,15,16,臺中市,豐原區,0,1,0,7,2,6,30,3,1,1,5,4,6,6,4,4,10,5,5,2,1,3,10,3,1,B03,7,6,1,8,2,8,,58,58,1,13,4,120.706824,24.252692,2
8934,66000,387130000C,(04)23274275,(04)23288582,2025,04,24,15,23,臺中市,西屯區,0,2,0,7,2,6,50,4,1,1,5,4,6,6,2,1,10,5,5,2,16,2,5,2,1,C03,7,5,1,10,2,12,,22,22,1,13,4,120.610803,24.191005,2
8935,66000,387130000C,(04)23274275,(04)23288582,2025,04,24,15,24,臺中市,北區,0,1,0,7,2,6,50,4,1,1,5,4,6,6,2,1,2,4,5,2,17,3,10,3,1,B03,7,5,1,8,2,2,,59,59,1,12,4,120.691825,24.160146,2
8936,66000,387130000C,(04)23274275,(04)23288582,2025,04,24,15,24,臺中市,西屯區,0,2,0,7,2,6,50,4,1,1,5,4,6,6,1,1,10,5,5,2,15,2,9,1,1,C03,7,9,1,10,2,11,,42,42,1,12,4,120.620195,24.187171,2
8937,66000,387130000C,(04)23274275,(04)23288582,2025,04,24,15,25,臺中市,北屯區,0,0,0,7,,,50,,,,,,,,,,,,,,17,,,,,C03,,,1,,2,,,84,84,1,12,4,120.68139,24.189866,3
8938,66000,387130000C,(04)23274275,(04)23288582,2025,04,24,15,30,臺中市,北區,0,0,0,7,,,30,,,,,,,,,,,,,,17,,,,,B03,,,1,,2,,,8,8,1,13,4,120.689844,24.15046,3
8939,66000,387130000C,(04)23274275,(04)23288582,2025,04,24,15,32,臺中市,北屯區,0,0,0,7,,,50,,,,,,,,,,,,,,14,,,,,B12,,,1,,1,,,49,49,1,12,4,120.706474,24.187149,3
8940,66000,387130000C,(04)23274275,(04)23288582,2025,04,24,15,35,臺中市,北屯區,0,0,0,7,,,80,,,,,,,,,,,,,,30,,,,,B02,,,1,,1,,,87,87,1,6,4,120.693233,24.200978,3
8941,66000,387130000C,(04)23274275,(04)23288582,2025,04,24,15,40,臺中市,大雅區,0,2,0,7,1,6,50,4,1,1,5,4,6,6,4,4,10,4,5,1,17,2,9,1,1,C03,7,9,1,10,2,11,,7,7,1,12,4,120.654773,24.228773,2
8942,66000,387130000C,(04)23274275,(04)23288582,2025,04,24,15,41,臺中市,潭子區,0,0,0,7,,,50,,,,,,,,,,,,,,,,,,,C03,,,1,,2,,,84,84,1,12,4,120.686516,24.210607,3
8943,66000,387130000C,(04)23274275,(04)23288582,2025,04,24,15,41,臺中市,北屯區,0,0,0,6,,,50,,,,,,,,,,,,,,13,,,,,B03,,,1,,1,,,84,84,1,6,4,120.719343,24.163246,3
8944,66000,387130000C,(04)23274275,(04)23288582,2025,04,24,15,41,臺中市,北屯區,0,1,0,7,2,6,50,4,1,1,5,4,6,6,1,1,10,5,5,2,16,3,10,3,1,B03,7,5,1,8,2,5,,47,47,1,6,4,120.668456,24.178301,2
8945,66000,387130000C,(04)23274275,(04)23288582,2025,04,24,15,49,臺中市,中區,0,0,0,7,,,0,,,,,,,,,,,,,,17,,,,,C03,,,1,,9,,,85,85,1,12,4,120.678351,24.139639,4
8946,66000,387130000C,(04)23274275,(04)23288582,2025,04,24,15,50,臺中市,西屯區,0,1,0,7,2,6,50,4,1,1,5,4,6,6,1,1,10,5,5,2,17,3,10,3,4,B03,7,6,1,7,2,1,,11,11,1,13,4,120.649064,24.193666,2
8947,66000,387130000C,(04)23274275,(04)23288582,2025,04,24,15,52,臺中市,西區,0,1,0,7,3,6,30,13,9,1,5,4,6,6,4,4,10,5,5,2,17,3,10,3,1,B03,7,1,1,8,2,8,,51,51,1,12,4,120.659577,24.150487,2
8948,66000,387130000C,(04)23274275,(04)23288582,2025,04,24,15,53,臺中市,潭子區,0,0,0,7,,,50,,,,,,,,,,,,,,,,,,,B03,,,1,,2,,,59,59,1,13,4,120.70044,24.21201,3
8949,66000,387130000C,(04)23274275,(04)23288582,2025,04,24,16,2,臺中市,東區,0,1,0,7,1,6,50,4,1,1,5,4,6,6,1,1,9,4,5,2,12,3,10,3,1,B03,7,5,1,8,1,2,,47,47,1,12,4,120.699679,24.125352,2
8950,66000,387130000C,(04)23274275,(04)23288582,2025,04,24,16,6,臺中市,南區,0,1,0,7,3,6,50,13,9,1,5,4,6,6,4,4,5,5,5,2,9,3,10,2,1,C04,7,9,1,10,2,14,,84,84,1,6,4,120.684876,24.130473,2
8951,66000,387130000C,(04)23274275,(04)23288582,2025,04,24,16,8,臺中市,太平區,0,1,0,7,3,6,50,13,7,1,5,4,6,6,4,4,5,5,4,1,10,2,9,3,1,B03,7,9,5,8,2,1,,39,39,1,12,4,120.71473,24.159063,2
8952,66000,387130000C,(04)23274275,(04)23288582,2025,04,24,16,9,臺中市,西區,0,1,0,7,3,6,50,5,1,1,5,4,6,6,1,1,10,5,5,2,16,2,9,2,1,C03,7,6,1,10,2,11,,48,48,1,12,4,120.672709,24.131577,2
8953,66000,387130000C,(04)23274275,(04)23288582,2025,04,24,16,12,臺中市,西屯區,0,0,0,7,,,30,,,,,,,,,,,,,,12,,,,,B03,,,1,,1,,,8,8,1,12,4,120.612488,24.185147,3
8954,66000,387130000C,(04)23274275,(04)23288582,2025,04,24,16,13,臺中市,烏日區,0,0,0,7,,,50,,,,,,,,,,,,,,12,,,,,A31,,,1,,1,,,40,40,1,13,4,120.651781,24.104945,3
8955,66000,387130000C,(04)23274275,(04)23288582,2025,04,24,16,15,臺中市,神岡區,0,0,0,7,,,30,,,,,,,,,,,,,,17,,,,,B03,,,1,,1,,,84,84,1,13,4,120.685197,24.248607,3
8956,66000,387130000C,(04)23274275,(04)23288582,2025,04,24,16,16,臺中市,沙鹿區,0,0,0,7,,,50,,,,,,,,,,,,,,,,,,,C03,,,1,,1,,,47,47,1,12,4,120.578696,24.221269,3
8957,66000,387130000C,(04)23274275,(04)23288582,2025,04,24,16,22,臺中市,大雅區,0,2,0,7,1,6,30,4,2,1,5,4,6,6,4,4,10,5,5,1,17,2,1,1,1,C03,7,6,1,10,2,11,,14,14,1,13,4,120.667245,24.221307,2
8958,66000,387130000C,(04)23274275,(04)23288582,2025,04,24,16,23,臺中市,北屯區,0,1,0,7,2,6,50,3,1,1,5,4,6,6,4,4,10,5,5,2,17,2,9,1,1,C03,7,6,1,10,11,11,,41,41,1,6,4,120.697675,24.176058,2
8959,66000,387130000C,(04)23274275,(04)23288582,2025,04,24,16,25,臺中市,大里區,0,1,0,6,3,6,50,3,1,1,5,4,6,6,4,4,10,5,5,2,16,2,9,4,1,F01,7,6,7,21,2,14,,48,48,1,6,4,120.686122,24.114936,2
8960,66000,387130000C,(04)23274275,(04)23288582,2025,04,24,16,29,臺中市,大雅區,0,2,0,7,1,6,50,13,9,1,5,4,6,6,4,4,5,5,5,1,17,2,8,1,1,C04,7,6,1,10,2,11,,39,39,1,13,4,120.667936,24.218557,2
8961,66000,387130000C,(04)23274275,(04)23288582,2025,04,24,16,33,臺中市,東區,0,0,0,7,,,50,,,,,,,,,,,,,,16,,,,,B03,,,1,,1,,,84,84,1,12,4,120.684831,24.130832,3
8962,66000,387130000C,(04)23274275,(04)23288582,2025,04,24,16,33,臺中市,沙鹿區,0,1,0,7,3,6,50,4,1,1,5,4,6,6,1,1,10,5,5,2,16,3,10,3,1,B03,7,6,1,8,2,8,,11,11,1,12,4,120.568728,24.229776,2
8963,66000,387130000C,(04)23274275,(04)23288582,2025,04,24,16,33,臺中市,梧棲區,0,1,0,7,3,6,30,4,9,1,5,4,6,6,1,1,10,5,5,2,18,2,9,1,1,F03,7,9,7,21,2,16,,87,87,1,6,4,120.545515,24.229142,2
8964,66000,387130000C,(04)23274275,(04)23288582,2025,04,24,16,34,臺中市,大雅區,0,0,0,7,,,40,,,,,,,,,,,,,,,,,,,B12,,,1,,1,,,84,84,1,12,4,120.631762,24.211748,3
8965,66000,387130000C,(04)23274275,(04)23288582,2025,04,24,16,34,臺中市,大肚區,0,0,0,7,,,50,,,,,,,,,,,,,,,,,,,B03,,,1,,1,,,49,49,1,6,4,120.544915,24.155634,3
8966,66000,387130000C,(04)23274275,(04)23288582,2025,04,24,16,36,臺中市,南屯區,0,0,0,7,,,50,,,,,,,,,,,,,,13,,,,,B03,,,1,,1,,,7,7,1,12,4,120.647597,24.124399,3
8967,66000,387130000C,(04)23274275,(04)23288582,2025,04,24,16,36,臺中市,南屯區,0,0,0,7,,,50,,,,,,,,,,,,,,13,,,,,B03,,,1,,1,,,7,7,1,12,4,120.648167,24.123412,3
8968,66000,387130000C,(04)23274275,(04)23288582,2025,04,24,16,37,臺中市,后里區,0,2,0,7,3,6,50,4,1,1,5,4,6,6,1,1,10,5,5,2,11,2,8,1,1,C03,7,6,1,10,2,12,,23,23,1,12,4,120.730475,24.309263,2
8969,66000,387130000C,(04)23274275,(04)23288582,2025,04,24,16,38,臺中市,大里區,0,1,0,6,3,6,50,3,2,1,5,4,6,6,1,1,5,4,5,2,12,3,10,3,1,B03,7,1,1,8,2,8,,51,51,1,8,4,120.685434,24.11525,2
8970,66000,387130000C,(04)23274275,(04)23288582,2025,04,24,16,40,臺中市,大雅區,0,0,0,7,,,30,,,,,,,,,,,,,,,,,,,B12,,,1,,1,,,85,85,1,13,4,120.63507,24.218373,3
8971,66000,387130000C,(04)23274275,(04)23288582,2025,04,24,16,40,臺中市,大里區,0,1,0,6,3,6,50,5,2,1,5,4,6,6,1,1,10,5,5,2,12,3,10,3,1,B01,7,5,1,8,2,6,,11,11,1,12,4,120.686527,24.095206,2
8972,66000,387130000C,(04)23274275,(04)23288582,2025,04,24,16,42,臺中市,北區,0,0,0,7,,,50,,,,,,,,,,,,,,17,,,,,B03,,,1,,1,,,49,49,1,13,4,120.670749,24.162047,3
8973,66000,387130000C,(04)23274275,(04)23288582,2025,04,24,16,44,臺中市,西區,0,1,0,7,2,6,50,4,1,1,5,4,6,6,1,1,10,5,5,2,17,2,9,1,1,C03,7,9,1,10,2,11,,43,43,1,12,4,120.661871,24.150996,2
8974,66000,387130000C,(04)23274275,(04)23288582,2025,04,24,16,44,臺中市,清水區,0,1,0,7,2,6,50,5,1,1,5,4,6,6,1,1,8,3,4,1,17,3,10,3,1,B03,7,9,1,8,2,2,,58,58,1,12,4,120.559776,24.266979,2
8975,66000,387130000C,(04)23274275,(04)23288582,2025,04,24,16,50,臺中市,西區,0,1,0,7,2,6,50,4,1,1,5,4,6,6,2,1,10,5,5,2,17,2,9,1,1,C03,7,9,1,10,2,11,,59,59,1,12,4,120.6626,24.140217,2
8976,66000,387130000C,(04)23274275,(04)23288582,2025,04,24,16,51,臺中市,梧棲區,0,0,0,7,,,50,,,,,,,,,,,,,,13,,,,,B03,,,1,,2,,,7,7,1,12,4,120.532721,24.259722,3
8977,66000,387130000C,(04)23274275,(04)23288582,2025,04,24,16,52,臺中市,龍井區,0,2,0,7,2,6,30,3,1,1,5,4,6,6,4,4,10,5,5,2,16,2,9,2,1,C03,7,6,1,10,2,14,,14,14,1,6,4,120.578496,24.181793,2
8978,66000,387130000C,(04)23274275,(04)23288582,2025,04,24,16,57,臺中市,南屯區,0,0,0,7,,,50,,,,,,,,,,,,,,,,,,,B03,,,1,,1,,,84,84,1,13,4,120.635837,24.133062,3
8979,66000,387130000C,(04)23274275,(04)23288582,2025,04,24,16,57,臺中市,大里區,0,2,0,6,3,6,50,4,2,1,5,4,6,6,1,1,5,4,5,1,30,2,9,1,1,C03,7,9,1,10,2,11,,59,59,1,12,4,120.68432,24.11693,2
8980,66000,387130000C,(04)23274275,(04)23288582,2025,04,24,16,58,臺中市,大里區,0,1,0,6,2,6,50,13,8,1,5,4,6,6,4,4,9,4,5,1,17,3,10,3,1,B12,7,1,1,8,2,4,,51,51,1,13,4,120.682228,24.081869,2
8981,66000,387130000C,(04)23274275,(04)23288582,2025,04,24,16,59,臺中市,南屯區,0,0,0,7,,,50,,,,,,,,,,,,,,13,,,,,B03,,,1,,1,,,84,84,1,6,4,120.644606,24.139514,3
8982,66000,387130000C,(04)23274275,(04)23288582,2025,04,24,17,0,臺中市,西屯區,0,0,0,7,,,50,,,,,,,,,,,,,,13,,,,,A12,,,1,,1,,,88,88,1,12,4,120.633848,24.182352,3
8983,66000,387130000C,(04)23274275,(04)23288582,2025,04,24,17,3,臺中市,大雅區,0,2,0,7,1,6,30,3,2,1,5,4,6,6,4,4,5,5,5,1,17,2,9,1,1,C03,7,6,1,10,2,11,,14,14,1,13,4,120.647307,24.226408,2
8984,66000,387130000C,(04)23274275,(04)23288582,2025,04,24,17,3,臺中市,龍井區,0,0,0,7,,,70,,,,,,,,,,,,,,,,,,,B12,,,1,,1,,,59,59,1,6,4,120.54019,24.210471,3
8985,66000,387130000C,(04)23274275,(04)23288582,2025,04,24,17,4,臺中市,沙鹿區,0,0,0,7,,,50,,,,,,,,,,,,,,13,,,,,C03,,,1,,2,,,7,7,1,6,4,120.566077,24.243372,3
8986,66000,387130000C,(04)23274275,(04)23288582,2025,04,24,17,10,臺中市,北屯區,0,0,0,7,,,50,,,,,,,,,,,,,,15,,,,,B03,,,1,,2,,,15,15,1,12,4,120.686101,24.181523,3
8987,66000,387130000C,(04)23274275,(04)23288582,2025,04,24,17,11,臺中市,太平區,0,1,0,7,2,6,30,4,1,1,5,4,6,6,4,4,10,5,5,2,15,2,9,2,1,C03,7,9,1,10,2,11,,15,15,1,12,4,120.723958,24.142864,2
8988,66000,387130000C,(04)23274275,(04)23288582,2025,04,24,17,14,臺中市,霧峰區,0,0,0,7,,,40,,,,,,,,,,,,,,,,,,,B03,,,1,,2,,,7,7,1,13,4,120.669934,24.024599,3
8989,66000,387130000C,(04)23274275,(04)23288582,2025,04,24,17,15,臺中市,潭子區,0,0,0,7,,,50,,,,,,,,,,,,,,,,,,,B03,,,1,,2,,,84,84,1,12,4,120.702994,24.200645,3
8990,66000,387130000C,(04)23274275,(04)23288582,2025,04,24,17,15,臺中市,神岡區,0,3,0,7,2,6,50,4,9,1,5,4,6,6,4,4,10,5,5,2,15,2,8,5,4,C03,7,9,1,10,2,11,,15,15,1,12,4,120.660209,24.272024,2
8991,66000,387130000C,(04)23274275,(04)23288582,2025,04,24,17,16,臺中市,沙鹿區,0,1,0,7,2,6,50,13,9,1,5,4,6,6,4,4,5,4,5,2,16,3,10,1,1,C03,7,11,1,10,2,11,12,46,46,1,12,4,120.564874,24.240437,2
8992,66000,387130000C,(04)23274275,(04)23288582,2025,04,24,17,17,臺中市,北區,0,1,0,7,2,6,50,4,1,1,5,4,6,6,4,4,10,5,5,2,13,2,9,1,1,C03,7,9,1,10,2,11,,7,7,1,13,4,120.680181,24.149407,2
8993,66000,387130000C,(04)23274275,(04)23288582,2025,04,24,17,17,臺中市,北屯區,0,1,0,7,3,6,40,3,1,1,5,4,6,6,4,4,1,4,1,2,16,3,10,3,1,B03,7,5,1,8,2,6,,84,84,1,12,4,120.720875,24.165629,2
8994,66000,387130000C,(04)23274275,(04)23288582,2025,04,24,17,18,臺中市,北屯區,0,0,0,6,,,40,,,,,,,,,,,,,,17,,,,,B03,,,1,,1,,,50,50,1,6,4,120.681471,24.170318,3
8995,66000,387130000C,(04)23274275,(04)23288582,2025,04,24,17,20,臺中市,西屯區,0,0,0,7,,,50,,,,,,,,,,,,,,13,,,,,B03,,,1,,1,,,56,56,1,12,4,120.602785,24.184786,3
8996,66000,387130000C,(04)23274275,(04)23288582,2025,04,24,17,23,臺中市,北區,0,0,0,7,,,40,,,,,,,,,,,,,,17,,,,,B03,,,1,,2,,,85,85,1,12,4,120.69357,24.157581,3
8997,66000,387130000C,(04)23274275,(04)23288582,2025,04,24,17,24,臺中市,北屯區,0,1,0,7,2,6,50,4,1,1,5,4,6,6,1,1,5,5,4,2,13,3,10,3,1,B03,7,6,1,8,2,5,,84,84,1,12,4,120.690675,24.178743,2
8998,66000,387130000C,(04)23274275,(04)23288582,2025,04,24,17,25,臺中市,大雅區,0,0,0,7,1,7,30,3,1,1,5,4,6,6,4,4,10,5,5,1,17,,,,,C03,,,1,,1,,,14,14,1,13,4,120.667813,24.229383,3
8999,66000,387130000C,(04)23274275,(04)23288582,2025,04,24,17,25,臺中市,東區,0,2,0,7,2,6,40,13,8,1,5,4,6,6,4,4,1,4,5,2,1,2,9,1,1,C03,7,9,1,10,2,11,,59,59,1,12,4,120.690088,24.130015,2
9000,66000,387130000C,(04)23274275,(04)23288582,2025,04,24,17,25,臺中市,大里區,0,0,0,7,,,50,,,,,,,,,,,,,,,,,,,C03,,,1,,2,,,8,8,1,6,4,120.70118,24.100283,3
9001,66000,387130000C,(04)23274275,(04)23288582,2025,04,24,17,26,臺中市,西屯區,0,0,0,7,,,50,,,,,,,,,,,,,,15,,,,,B03,,,1,,1,,,11,,1,12,4,120.637721,24.166826,3
9002,66000,387130000C,(04)23274275,(04)23288582,2025,04,24,17,26,臺中市,梧棲區,0,2,0,7,2,6,50,4,1,1,5,4,6,6,4,4,10,5,5,2,15,2,9,3,1,B03,7,9,1,8,2,1,,15,15,1,12,4,120.549136,24.24279,2
9003,66000,387130000C,(04)23274275,(04)23288582,2025,04,24,17,28,臺中市,清水區,0,1,0,7,2,6,50,4,1,1,5,4,6,6,1,1,8,3,4,1,12,3,10,3,1,B03,7,7,1,8,1,6,,8,8,1,12,4,120.564366,24.26543,2
9004,66000,387130000C,(04)23274275,(04)23288582,2025,04,24,17,34,臺中市,西區,0,1,0,7,2,6,50,4,1,1,5,4,6,6,1,1,10,5,5,2,16,3,10,3,1,B03,7,5,1,8,2,5,2,41,41,1,12,4,120.655131,24.15079,2
9005,66000,387130000C,(04)23274275,(04)23288582,2025,04,24,17,34,臺中市,梧棲區,0,1,0,7,3,6,70,4,1,1,5,4,6,6,1,1,10,5,5,2,16,3,10,3,1,B03,7,6,1,8,2,6,,87,87,1,6,4,120.557031,24.253567,2
9006,66000,387130000C,(04)23274275,(04)23288582,2025,04,24,17,35,臺中市,大里區,0,0,0,7,1,6,50,4,1,1,5,4,6,6,1,1,10,5,5,2,17,3,10,3,1,B03,7,1,1,8,2,8,,51,51,1,12,4,120.680152,24.115045,3
9007,66000,387130000C,(04)23274275,(04)23288582,2025,04,24,17,36,臺中市,北屯區,0,1,0,7,2,6,50,4,1,1,5,4,6,6,2,1,10,5,5,2,13,2,8,1,1,C03,7,9,1,10,2,11,,7,7,1,12,4,120.704067,24.164629,2
9008,66000,387130000C,(04)23274275,(04)23288582,2025,04,24,17,37,臺中市,北屯區,0,2,0,7,1,6,30,3,2,1,5,4,6,6,4,4,10,5,5,2,16,2,8,1,1,C03,7,6,1,10,2,11,,14,14,1,5,4,120.737446,24.175077,2
9009,66000,387130000C,(04)23274275,(04)23288582,2025,04,24,17,38,臺中市,南屯區,0,1,0,7,2,6,50,13,9,1,5,4,6,6,4,4,9,4,5,2,13,2,9,1,1,C03,7,9,1,10,2,11,,7,7,1,6,4,120.605876,24.138178,2
9010,66000,387130000C,(04)23274275,(04)23288582,2025,04,24,17,39,臺中市,大里區,0,0,0,6,,,50,,,,,,,,,,,,,,,,,,,A02,,,1,,1,,,51,51,1,12,4,120.683973,24.110009,3
9011,66000,387130000C,(04)23274275,(04)23288582,2025,04,24,17,40,臺中市,大里區,0,0,0,6,,,50,,,,,,,,,,,,,,17,,,,,B03,,,1,,2,,,40,40,1,13,4,120.691907,24.101319,3
9012,66000,387130000C,(04)23274275,(04)23288582,2025,04,24,17,40,臺中市,太平區,0,2,0,7,2,6,30,4,2,1,5,4,6,6,4,4,10,5,5,2,1,3,10,3,1,B12,7,9,1,8,8,2,,84,84,1,12,4,120.72543,24.121284,2
9013,66000,387130000C,(04)23274275,(04)23288582,2025,04,24,17,40,臺中市,神岡區,0,1,0,7,2,6,40,13,9,1,5,4,6,6,4,4,5,4,4,2,17,2,9,5,4,C03,7,15,1,10,2,14,,40,40,1,13,4,120.644699,24.284523,2
9014,66000,387130000C,(04)23274275,(04)23288582,2025,04,24,17,41,臺中市,潭子區,0,1,0,7,3,6,60,13,8,1,5,4,6,6,4,4,1,4,4,1,17,3,10,3,1,B03,7,1,1,8,2,4,,51,51,1,13,4,120.702264,24.193868,2
9015,66000,387130000C,(04)23274275,(04)23288582,2025,04,24,17,43,臺中市,神岡區,0,0,0,7,,,50,,,,,,,,,,,,,,2,,,,,B03,,,1,,2,,,2,2,1,12,4,120.689322,24.257744,3
9016,66000,387130000C,(04)23274275,(04)23288582,2025,04,24,17,44,臺中市,北屯區,0,1,0,6,1,6,50,3,1,1,5,4,6,6,4,4,10,5,5,2,16,2,9,2,1,C03,7,6,1,10,1,14,,14,14,1,6,4,120.710821,24.176012,2
9017,66000,387130000C,(04)23274275,(04)23288582,2025,04,24,17,45,臺中市,南屯區,0,0,0,7,,,50,,,,,,,,,,,,,,12,,,,,B03,,,1,,1,,,51,51,1,12,4,120.616674,24.151752,3
9018,66000,387130000C,(04)23274275,(04)23288582,2025,04,24,17,47,臺中市,大甲區,0,0,0,7,,,50,,,,,,,,,,,,,,,,,,,C03,,,1,,1,,,49,49,1,6,4,120.619475,24.347296,3
9019,66000,387130000C,(04)23274275,(04)23288582,2025,04,24,17,52,臺中市,西屯區,0,0,0,7,,,50,,,,,,,,,,,,,,12,,,,,C03,,,1,,2,,,8,8,1,13,4,120.664774,24.166553,3
9020,66000,387130000C,(04)23274275,(04)23288582,2025,04,24,17,52,臺中市,大甲區,0,1,0,7,2,6,50,3,1,1,5,4,6,6,1,1,10,5,5,2,13,2,9,2,1,C03,7,9,1,10,2,11,,21,21,1,6,4,120.626397,24.350705,2
9021,66000,387130000C,(04)23274275,(04)23288582,2025,04,24,17,58,臺中市,豐原區,0,0,0,7,,,50,,,,,,,,,,,,,,12,,,,,C03,,,3,,9,,,8,8,1,12,4,120.718667,24.244792,3
9022,66000,387130000C,(04)23274275,(04)23288582,2025,04,24,18,0,臺中市,烏日區,0,0,0,7,,,30,,,,,,,,,,,,,,17,,,,,B03,,,1,,1,,,87,87,1,6,4,120.643022,24.065824,3
9023,66000,387130000C,(04)23274275,(04)23288582,2025,04,24,18,1,臺中市,南區,0,0,0,7,,,50,,,,,,,,,,,,,,,,,,,A02,,,1,,2,,,40,40,1,6,4,120.655717,24.114616,3
9024,66000,387130000C,(04)23274275,(04)23288582,2025,04,24,18,2,臺中市,北屯區,0,0,0,7,,,50,,,,,,,,,,,,,,,,,,,B03,,,1,,9,,,84,84,1,12,4,120.699372,24.175414,3
9025,66000,387130000C,(04)23274275,(04)23288582,2025,04,24,18,2,臺中市,沙鹿區,0,1,0,7,1,6,50,4,1,1,5,4,6,6,1,1,10,5,5,2,17,2,9,2,1,C03,7,6,1,10,2,14,,36,36,1,12,4,120.567965,24.253996,2
9026,66000,387130000C,(04)23274275,(04)23288582,2025,04,24,18,4,臺中市,烏日區,0,1,0,7,1,6,30,3,2,1,5,4,6,6,4,4,10,5,5,2,18,2,9,5,4,C03,7,9,1,10,2,14,,84,84,1,5,4,120.648145,24.049992,2
9027,66000,387130000C,(04)23274275,(04)23288582,2025,04,24,18,5,臺中市,北屯區,0,0,0,7,,,50,,,,,,,,,,,,,,,,,,,B03,,,1,,2,,,50,50,1,12,4,120.710557,24.165941,3
9028,66000,387130000C,(04)23274275,(04)23288582,2025,04,24,18,7,臺中市,西屯區,0,0,0,7,,,50,,,,,,,,,,,,,,13,,,,,C03,,,1,,1,,,7,7,1,12,4,120.655678,24.172447,3
9029,66000,387130000C,(04)23274275,(04)23288582,2025,04,24,18,7,臺中市,太平區,0,0,0,7,,,50,,,,,,,,,,,,,,,,,,,C03,,,1,,2,,,84,84,1,12,4,120.733405,24.154491,3
9030,66000,387130000C,(04)23274275,(04)23288582,2025,04,24,18,9,臺中市,豐原區,0,0,0,7,,,50,,,,,,,,,,,,,,17,,,,,C03,,,1,,2,,,84,84,1,12,4,120.736032,24.250913,4
9031,66000,387130000C,(04)23274275,(04)23288582,2025,04,24,18,10,臺中市,西區,0,0,0,7,,,50,,,,,,,,,,,,,,,,,,,B03,,,1,,1,,,7,7,1,12,4,120.671941,24.145808,3
9032,66000,387130000C,(04)23274275,(04)23288582,2025,04,24,18,10,臺中市,后里區,0,0,0,7,2,7,50,4,2,1,5,4,6,6,1,1,1,2,5,1,12,3,10,1,1,C03,7,9,1,10,2,12,,8,8,1,12,4,120.724305,24.316572,3
9033,66000,387130000C,(04)23274275,(04)23288582,2025,04,24,18,11,臺中市,太平區,0,0,0,7,,,80,,,,,,,,,,,,,,12,,,,,B03,,,1,,1,,,40,40,1,12,4,120.710725,24.141557,3
9034,66000,387130000C,(04)23274275,(04)23288582,2025,04,24,18,12,臺中市,西區,0,1,0,6,2,6,50,13,9,1,5,4,6,6,4,4,9,5,5,2,17,3,10,3,1,B03,7,1,1,8,2,8,,51,51,1,13,4,120.660609,24.137855,2
9035,66000,387130000C,(04)23274275,(04)23288582,2025,04,24,18,13,臺中市,北屯區,0,0,0,7,,,50,,,,,,,,,,,,,,17,,,,,B03,,,1,,9,,,58,58,1,12,4,120.703981,24.171809,3
9036,66000,387130000C,(04)23274275,(04)23288582,2025,04,24,18,14,臺中市,大肚區,0,2,0,7,2,6,30,4,1,1,5,4,6,6,3,1,10,5,5,2,16,2,9,1,1,C03,7,6,1,10,2,14,,24,24,1,6,4,120.551859,24.136947,2
9037,66000,387130000C,(04)23274275,(04)23288582,2025,04,24,18,14,臺中市,豐原區,0,1,0,7,1,6,50,3,2,1,5,4,6,6,1,1,5,2,5,1,17,2,8,1,1,C03,7,1,3,19,2,14,,51,51,1,12,4,120.721757,24.239186,2