序號,縣市別代碼,機關代碼,市話,傳真,年,月,日,時,分,縣市,區,死亡數量,受傷數量,2-30,天候,道路照明設備,道路類別,道路速限,道路型態,事故位置,路面鋪裝,路面狀態,路面缺陷,障礙物,視距,號誌種類,號誌動作,分向設施,快車道或一般車道間,快慢車道間,路面邊線,事故類型及型態,受傷程度,主要傷處,保護裝備,行動電話或功能裝置,當事者區分（類別）,車輛用途,當事者行動狀態,駕照狀態,駕照種類,飲酒情形,車輛撞擊部位最初,車輛撞擊部位其他,肇事因素個別,肇事因素主要,肇事逃逸,職業,共享經濟或外送平台,GPS座標X,GPS座標Y,事故類別
9038,66000,387130000C,(04)23274275,(04)23288582,2025,04,24,18,15,臺中市,豐原區,0,0,0,7,,,50,,,,,,,,,,,,,,13,,,,,B03,,,5,,2,,,59,59,1,12,4,120.706011,24.249574,3
9039,66000,387130000C,(04)23274275,(04)23288582,2025,04,24,18,18,臺中市,北屯區,0,0,0,7,,,50,,,,,,,,,,,,,,,,,,,C03,,,1,,2,,,85,85,1,12,2,120.690406,24.170623,3
9040,66000,387130000C,(04)23274275,(04)23288582,2025,04,24,18,19,臺中市,北屯區,0,0,0,7,,,50,,,,,,,,,,,,,,12,,,,,B02,,,1,,2,,,84,84,1,12,4,120.685805,24.181501,3
9041,66000,387130000C,(04)23274275,(04)23288582,2025,04,24,18,19,臺中市,沙鹿區,0,0,0,7,,,30,,,,,,,,,,,,,,16,,,,,C03,,,1,,2,,,14,14,1,6,4,120.583287,24.218333,3
9042,66000,387130000C,(04)23274275,(04)23288582,2025,04,24,18,20,臺中市,北區,0,1,0,7,1,6,40,4,2,1,5,4,6,6,1,1,2,4,4,2,18,2,9,5,1,C04,7,9,1,11,2,12,,84,84,1,13,4,120.687369,24.155611,2
9043,66000,387130000C,(04)23274275,(04)23288582,2025,04,24,18,20,臺中市,北區,0,2,0,7,2,6,50,3,2,1,5,4,6,6,1,1,3,4,4,2,17,2,8,5,1,C03,7,9,1,10,2,11,,59,59,1,13,4,120.693828,24.161218,2
9044,66000,387130000C,(04)23274275,(04)23288582,2025,04,24,18,20,臺中市,南屯區,0,1,0,7,2,6,50,13,7,1,5,4,6,6,4,4,9,4,4,2,13,2,9,6,1,F01,7,9,7,21,2,11,,84,84,1,12,4,120.638391,24.151464,2
9045,66000,387130000C,(04)23274275,(04)23288582,2025,04,24,18,23,臺中市,大肚區,0,0,0,7,,,50,,,,,,,,,,,,,,,,,,,B03,,,1,,2,,,8,8,1,6,4,120.545137,24.151716,3
9046,66000,387130000C,(04)23274275,(04)23288582,2025,04,24,18,25,臺中市,北區,0,0,0,7,,,50,,,,,,,,,,,,,,13,,,,,B03,,,1,,1,,,7,7,1,13,4,120.671934,24.163333,3
9047,66000,387130000C,(04)23274275,(04)23288582,2025,04,24,18,28,臺中市,北屯區,0,1,0,7,1,6,50,5,1,1,5,4,6,6,2,1,10,5,5,2,16,3,10,3,1,B03,7,5,1,8,2,5,,84,84,1,12,4,120.6761,24.201326,2
9048,66000,387130000C,(04)23274275,(04)23288582,2025,04,24,18,31,臺中市,南屯區,0,0,0,7,,,40,,,,,,,,,,,,,,9,,,,,B03,,,1,,2,,,40,40,1,6,4,120.622699,24.146132,4
9049,66000,387130000C,(04)23274275,(04)23288582,2025,04,24,18,36,臺中市,大里區,0,2,0,7,1,6,60,5,2,1,5,4,6,6,1,1,3,4,5,2,13,2,8,2,1,C03,7,9,1,10,2,11,,7,7,1,13,4,120.687883,24.086195,2
9050,66000,387130000C,(04)23274275,(04)23288582,2025,04,24,18,36,臺中市,外埔區,0,0,0,7,,,50,,,,,,,,,,,,,,13,,,,,B03,,,1,,2,,,59,59,1,12,4,120.638696,24.341664,3
9051,66000,387130000C,(04)23274275,(04)23288582,2025,04,24,18,38,臺中市,西區,0,1,0,7,1,6,50,3,1,1,5,4,6,6,4,4,10,5,5,2,17,3,10,1,1,C03,7,6,1,10,1,12,,14,14,1,12,4,120.657387,24.15723,2
9052,66000,387130000C,(04)23274275,(04)23288582,2025,04,24,18,38,臺中市,西屯區,0,2,0,7,1,6,30,4,1,1,5,4,6,6,4,4,10,5,5,2,15,2,9,5,4,C03,7,9,1,10,2,11,,15,15,1,13,2,120.648124,24.17601,2
9053,66000,387130000C,(04)23274275,(04)23288582,2025,04,24,18,39,臺中市,梧棲區,0,1,0,7,1,6,50,4,1,1,5,4,6,6,4,4,10,5,5,2,15,3,10,3,1,B03,7,9,1,8,1,1,,12,12,1,12,4,120.539762,24.262694,2
9054,66000,387130000C,(04)23274275,(04)23288582,2025,04,24,18,40,臺中市,大雅區,0,0,0,7,,,0,,,,,,,,,,,,,,,,,,,B03,,,1,,2,,,49,49,1,12,4,120.648021,24.227215,3
9055,66000,387130000C,(04)23274275,(04)23288582,2025,04,24,18,40,臺中市,南屯區,0,0,0,7,,,50,,,,,,,,,,,,,,12,,,,,B03,,,1,,2,,,40,40,1,6,4,120.623034,24.140515,3
9056,66000,387130000C,(04)23274275,(04)23288582,2025,04,24,18,40,臺中市,西屯區,0,2,0,7,1,6,50,13,9,1,5,4,6,6,4,4,10,5,5,2,16,2,9,1,1,C03,7,11,1,10,2,11,,45,45,1,12,4,120.645421,24.175147,2
9057,66000,387130000C,(04)23274275,(04)23288582,2025,04,24,18,42,臺中市,東區,0,0,0,7,,,50,,,,,,,,,,,,,,,,,,,B03,,,1,,9,,,7,7,2,12,4,120.699172,24.145144,3
9058,66000,387130000C,(04)23274275,(04)23288582,2025,04,24,18,44,臺中市,大里區,0,0,0,7,,,50,,,,,,,,,,,,,,12,,,,,B02,,,1,,2,,,49,49,1,6,4,120.690002,24.111047,3
9059,66000,387130000C,(04)23274275,(04)23288582,2025,04,24,18,45,臺中市,北區,0,1,0,7,1,6,50,4,1,1,5,4,6,6,4,4,10,5,5,2,15,3,10,1,1,C03,7,9,1,10,2,11,,20,20,1,12,4,120.679966,24.162541,2
9060,66000,387130000C,(04)23274275,(04)23288582,2025,04,24,18,45,臺中市,太平區,0,1,0,7,1,6,50,4,1,1,5,4,6,6,1,1,10,5,5,2,17,3,10,3,1,B01,7,6,1,4,2,16,,11,11,1,12,4,120.721331,24.101346,2
9061,66000,387130000C,(04)23274275,(04)23288582,2025,04,24,18,46,臺中市,烏日區,0,0,0,7,,,50,,,,,,,,,,,,,,12,,,,,B03,,,1,,1,,,59,59,1,13,4,120.596751,24.107621,4
9062,66000,387130000C,(04)23274275,(04)23288582,2025,04,24,18,48,臺中市,東區,0,0,0,7,,,50,,,,,,,,,,,,,,13,,,,,B03,,,1,,2,,,84,84,1,12,4,120.703312,24.144687,3
9063,66000,387130000C,(04)23274275,(04)23288582,2025,04,24,18,51,臺中市,梧棲區,0,0,0,7,,,50,,,,,,,,,,,,,,,,,,,B03,,,1,,1,,,50,50,1,6,4,120.53813,24.247321,3
9064,66000,387130000C,(04)23274275,(04)23288582,2025,04,24,18,53,臺中市,龍井區,0,1,0,7,1,6,50,3,1,1,5,4,6,6,4,4,10,5,5,1,16,2,2,1,1,C03,7,9,1,10,2,12,,84,84,1,6,4,120.545733,24.189522,2
9065,66000,387130000C,(04)23274275,(04)23288582,2025,04,24,18,57,臺中市,大雅區,0,0,0,7,,,0,,,,,,,,,,,,,,,,,,,B03,,,1,,1,,,49,49,1,13,4,120.649975,24.227105,3
9066,66000,387130000C,(04)23274275,(04)23288582,2025,04,24,19,1,臺中市,北區,0,1,0,7,1,6,50,4,1,1,5,4,6,6,4,4,10,5,5,2,15,3,10,3,1,B03,7,9,1,8,2,1,,13,13,1,12,4,120.668303,24.17278,2
9067,66000,387130000C,(04)23274275,(04)23288582,2025,04,24,19,8,臺中市,潭子區,0,0,0,7,,,60,,,,,,,,,,,,,,13,,,,,B03,,,1,,2,,,58,58,1,12,4,120.702326,24.19523,3
9068,66000,387130000C,(04)23274275,(04)23288582,2025,04,24,19,17,臺中市,南屯區,0,0,0,7,,,50,,,,,,,,,,,,,,,,,,,B03,,,1,,1,,,8,8,1,6,4,120.614963,24.146931,3
9069,66000,387130000C,(04)23274275,(04)23288582,2025,04,24,19,18,臺中市,太平區,0,1,0,7,1,6,50,5,1,1,5,4,6,6,1,1,10,5,5,2,17,3,10,3,1,B03,7,6,1,8,2,1,,84,84,1,12,4,120.731491,24.140327,2
9070,66000,387130000C,(04)23274275,(04)23288582,2025,04,24,19,21,臺中市,太平區,0,1,0,7,1,6,80,13,9,1,5,4,6,6,4,4,1,3,5,1,13,2,7,3,1,B12,7,9,1,8,2,5,,7,7,1,12,4,120.710725,24.141557,2
9071,66000,387130000C,(04)23274275,(04)23288582,2025,04,24,19,32,臺中市,西屯區,0,0,0,7,,,40,,,,,,,,,,,,,,13,,,,,C03,,,1,,1,,,59,59,1,13,4,120.604613,24.183536,3
9072,66000,387130000C,(04)23274275,(04)23288582,2025,04,24,19,34,臺中市,西屯區,0,0,0,7,,,50,,,,,,,,,,,,,,17,,,,,B13,,,1,,1,,,42,42,1,13,4,120.624045,24.194182,3
9073,66000,387130000C,(04)23274275,(04)23288582,2025,04,24,19,34,臺中市,西屯區,0,1,0,7,1,6,50,4,1,1,5,4,6,6,1,1,5,4,5,2,13,3,10,5,4,B03,7,5,1,8,2,1,,7,7,1,12,4,120.645545,24.172416,2
9074,66000,387130000C,(04)23274275,(04)23288582,2025,04,24,19,40,臺中市,北屯區,0,1,0,7,1,6,50,4,1,1,5,4,6,6,4,4,10,5,5,2,15,2,9,1,1,C03,7,9,1,10,2,13,,13,13,1,6,4,120.714653,24.178241,2
9075,66000,387130000C,(04)23274275,(04)23288582,2025,04,24,19,41,臺中市,北屯區,0,0,0,7,,,80,,,,,,,,,,,,,,13,,,,,B03,,,1,,2,,,40,40,1,12,4,120.675172,24.20086,3
9076,66000,387130000C,(04)23274275,(04)23288582,2025,04,24,19,44,臺中市,西區,0,1,0,7,1,6,50,3,1,1,5,4,6,6,1,1,10,5,5,2,12,3,10,3,1,B02,7,5,1,16,2,5,,22,22,1,12,4,120.665757,24.140083,2
9077,66000,387130000C,(04)23274275,(04)23288582,2025,04,24,19,49,臺中市,潭子區,0,0,0,7,,,50,,,,,,,,,,,,,,,,,,,B03,,,1,,2,,,84,84,1,12,4,120.705362,24.207155,3
9078,66000,387130000C,(04)23274275,(04)23288582,2025,04,24,19,57,臺中市,龍井區,0,1,0,7,1,6,50,4,1,1,5,4,6,6,4,4,10,5,5,2,15,2,8,1,1,C03,7,9,1,10,2,12,,20,20,1,6,4,120.545495,24.201861,2
9079,66000,387130000C,(04)23274275,(04)23288582,2025,04,24,19,59,臺中市,豐原區,0,1,0,7,1,6,50,13,11,1,5,4,6,6,1,1,1,4,5,2,13,3,10,1,1,C03,7,9,1,10,2,11,,84,84,1,12,4,120.72241,24.277861,2
9080,66000,387130000C,(04)23274275,(04)23288582,2025,04,24,20,1,臺中市,北屯區,0,0,0,7,,,50,,,,,,,,,,,,,,17,,,,,B03,,,1,,9,,,50,50,2,12,4,120.708421,24.180125,3
9081,66000,387130000C,(04)23274275,(04)23288582,2025,04,24,20,6,臺中市,大甲區,0,1,0,7,1,6,40,13,9,1,5,4,6,6,4,4,6,3,5,1,26,2,9,4,1,C03,7,9,1,10,2,11,,59,59,1,12,4,120.660063,24.370271,2
9082,66000,387130000C,(04)23274275,(04)23288582,2025,04,24,20,8,臺中市,太平區,0,1,0,7,1,6,50,13,9,1,5,4,6,6,4,4,5,5,5,1,11,2,9,1,1,C03,7,9,1,10,2,14,,84,84,1,12,4,120.716552,24.132927,2
9083,66000,387130000C,(04)23274275,(04)23288582,2025,04,24,20,10,臺中市,北屯區,0,0,0,7,,,50,,,,,,,,,,,,,,17,,,,,B03,,,1,,1,,,51,51,1,12,4,120.690506,24.176594,3
9084,66000,387130000C,(04)23274275,(04)23288582,2025,04,24,20,12,臺中市,大里區,0,1,0,6,1,6,50,13,9,1,5,4,6,6,4,4,1,4,5,1,17,3,10,1,1,C03,7,9,1,10,2,11,,7,7,1,12,4,120.69324,24.105639,2
9085,66000,387130000C,(04)23274275,(04)23288582,2025,04,24,20,12,臺中市,大里區,0,1,0,6,1,6,40,13,9,1,5,4,6,6,4,4,5,4,5,1,17,2,9,1,1,C03,7,9,1,10,2,16,,7,7,1,6,4,120.693635,24.105451,2
9086,66000,387130000C,(04)23274275,(04)23288582,2025,04,24,20,25,臺中市,潭子區,0,0,0,7,,,40,,,,,,,,,,,,,,12,,,,,B03,,,1,,2,,,85,85,1,12,4,120.707697,24.199418,3
9087,66000,387130000C,(04)23274275,(04)23288582,2025,04,24,20,27,臺中市,太平區,0,2,0,7,1,6,50,13,7,1,5,4,6,6,4,4,9,5,4,1,13,2,8,2,1,C03,7,9,1,10,2,11,,7,7,1,12,2,120.716559,24.150537,2
9088,66000,387130000C,(04)23274275,(04)23288582,2025,04,24,20,29,臺中市,南屯區,0,0,0,7,,,50,,,,,,,,,,,,,,17,,,,,B03,,,1,,2,,,8,8,1,6,4,120.653255,24.129949,3
9089,66000,387130000C,(04)23274275,(04)23288582,2025,04,24,20,30,臺中市,清水區,0,1,0,7,1,6,30,13,9,1,5,4,6,6,4,4,10,3,5,2,18,2,9,1,1,C03,7,9,1,10,2,12,,58,58,1,12,4,120.582438,24.291001,2
9090,66000,387130000C,(04)23274275,(04)23288582,2025,04,24,20,35,臺中市,后里區,0,0,0,7,,,50,,,,,,,,,,,,,,14,,,,,B12,,,1,,2,,,49,49,1,12,4,120.7005,24.322286,3
9091,66000,387130000C,(04)23274275,(04)23288582,2025,04,24,20,55,臺中市,西屯區,0,1,0,7,1,6,40,4,1,1,5,4,6,6,1,1,10,5,5,2,16,3,10,3,1,B03,7,5,1,8,2,5,,47,47,1,12,4,120.638905,24.158797,2
9092,66000,387130000C,(04)23274275,(04)23288582,2025,04,24,21,23,臺中市,西區,0,0,0,7,,,60,,,,,,,,,,,,,,,,,,,B03,,,1,,1,,,7,7,1,12,4,120.66672,24.153123,3
9093,66000,387130000C,(04)23274275,(04)23288582,2025,04,24,21,26,臺中市,烏日區,0,0,0,7,,,50,,,,,,,,,,,,,,17,,,,,B13,,,1,,1,,,8,8,1,6,4,120.621989,24.105088,3
9094,66000,387130000C,(04)23274275,(04)23288582,2025,04,24,21,29,臺中市,中區,0,0,0,7,,,50,,,,,,,,,,,,,,,,,,,B03,,,1,,1,,,49,49,1,12,4,120.683635,24.139473,3
9095,66000,387130000C,(04)23274275,(04)23288582,2025,04,24,21,42,臺中市,龍井區,0,0,0,7,,,40,,,,,,,,,,,,,,13,,,,,C03,,,1,,2,,,61,61,1,5,4,120.586637,24.192665,3
9096,66000,387130000C,(04)23274275,(04)23288582,2025,04,24,22,15,臺中市,北屯區,0,1,0,7,1,6,50,13,9,1,5,4,6,6,2,1,1,4,5,2,12,3,10,1,1,C03,7,14,1,10,9,12,,77,77,1,12,4,120.692542,24.162337,2
9097,66000,387130000C,(04)23274275,(04)23288582,2025,04,24,22,33,臺中市,清水區,0,0,0,7,,,50,,,,,,,,,,,,,,,,,,,B03,,,1,,2,,,49,49,1,12,4,120.568118,24.259299,3
9098,66000,387130000C,(04)23274275,(04)23288582,2025,04,24,22,38,臺中市,大里區,0,1,0,6,1,6,50,13,14,1,5,4,6,6,4,4,5,5,5,1,17,3,10,1,1,C03,7,5,1,10,2,12,,84,84,1,12,4,120.692419,24.121728,2
9099,66000,387130000C,(04)23274275,(04)23288582,2025,04,24,22,41,臺中市,西屯區,0,0,0,7,,,50,,,,,,,,,,,,,,13,,,,,B03,,,1,,11,,,7,7,1,13,4,120.651201,24.166899,3
9100,66000,387130000C,(04)23274275,(04)23288582,2025,04,24,22,46,臺中市,北屯區,0,1,0,7,1,6,50,4,1,1,5,4,6,6,2,1,10,5,5,2,23,2,7,3,1,B03,7,9,3,19,2,8,,56,56,1,12,4,120.685494,24.173358,2
9101,66000,387130000C,(04)23274275,(04)23288582,2025,04,24,22,48,臺中市,北區,0,0,0,7,1,6,50,4,1,1,5,4,6,6,3,1,10,5,5,2,17,,,,,B03,,,5,,1,,,20,20,1,13,4,120.676066,24.148135,4
9102,66000,387130000C,(04)23274275,(04)23288582,2025,04,24,22,50,臺中市,西屯區,0,0,0,7,,,50,,,,,,,,,,,,,,13,,,,,B12,,,1,,2,,,59,59,1,13,4,120.645046,24.178949,3
9103,66000,387130000C,(04)23274275,(04)23288582,2025,04,24,22,57,臺中市,西區,0,0,0,6,,,50,,,,,,,,,,,,,,,,,,,B03,,,1,,2,,,50,50,1,13,4,120.662941,24.156835,3
9104,66000,387130000C,(04)23274275,(04)23288582,2025,04,24,23,6,臺中市,西屯區,0,0,0,7,,,,,,,,,,,,,,,,,17,,,,,,,,,,,,,87,87,1,,,120.615067,24.180106,3
9105,66000,387130000C,(04)23274275,(04)23288582,2025,04,24,23,30,臺中市,大雅區,0,1,0,7,1,6,0,13,14,1,5,4,6,6,4,4,5,5,5,1,17,2,9,1,1,C03,7,9,1,10,11,12,,84,84,1,13,4,120.65337,24.219817,2
9106,66000,387130000C,(04)23274275,(04)23288582,2025,04,24,23,32,臺中市,北區,0,1,0,7,1,6,50,3,1,1,5,4,6,6,4,4,5,5,5,2,17,2,9,5,1,C03,7,9,1,10,1,11,,84,84,1,13,4,120.684732,24.148595,2
9107,66000,387130000C,(04)23274275,(04)23288582,2025,04,24,23,42,臺中市,南區,0,0,0,7,,,50,,,,,,,,,,,,,,,,,,,B12,,,1,,2,,,84,84,1,6,4,120.682075,24.13516,3
9108,66000,387130000C,(04)23274275,(04)23288582,2025,04,25,0,6,臺中市,南區,0,0,0,7,,,0,,,,,,,,,,,,,,30,,,,,C03,,,1,,9,,,87,87,1,6,4,120.674247,24.128584,3
9109,66000,387130000C,(04)23274275,(04)23288582,2025,04,25,0,12,臺中市,北屯區,0,1,0,7,2,6,50,3,9,1,5,4,6,6,4,4,1,4,5,2,13,2,9,3,1,B03,7,9,1,8,2,1,,84,84,1,12,4,120.694058,24.164538,2
9110,66000,387130000C,(04)23274275,(04)23288582,2025,04,25,0,20,臺中市,烏日區,0,0,0,7,,,50,,,,,,,,,,,,,,13,,,,,B03,,,1,,1,,,7,7,1,6,4,120.597272,24.108378,3
9111,66000,387130000C,(04)23274275,(04)23288582,2025,04,25,0,46,臺中市,南屯區,0,0,0,7,2,6,40,5,2,1,5,4,6,6,1,1,8,3,5,1,15,,,,,C03,,,1,,1,,,24,24,1,12,4,120.65255,24.129711,3
9112,66000,387130000C,(04)23274275,(04)23288582,2025,04,25,1,28,臺中市,西屯區,0,0,0,7,,,50,,,,,,,,,,,,,,13,,,,,B03,,,1,,1,,,59,59,1,12,4,120.644268,24.171377,3
9113,66000,387130000C,(04)23274275,(04)23288582,2025,04,25,1,39,臺中市,西屯區,0,1,0,7,1,6,40,3,8,1,5,4,6,6,4,4,1,3,1,2,16,3,10,5,4,B01,7,7,1,8,2,2,,40,40,1,13,4,120.650964,24.162311,2
9114,66000,387130000C,(04)23274275,(04)23288582,2025,04,25,1,45,臺中市,北區,0,0,0,7,,,50,,,,,,,,,,,,,,13,,,,,C03,,,1,,2,,,7,7,1,13,4,120.676266,24.157113,3
9115,66000,387130000C,(04)23274275,(04)23288582,2025,04,25,2,56,臺中市,太平區,0,0,0,7,,,50,,,,,,,,,,,,,,,,,,,B03,,,5,,1,,,8,8,1,6,4,120.716611,24.153101,3
9116,66000,387130000C,(04)23274275,(04)23288582,2025,04,25,3,17,臺中市,北區,0,0,0,7,,,50,,,,,,,,,,,,,,35,,,,,B03,,,5,,1,,,59,59,1,13,4,120.689527,24.146928,3
9117,66000,387130000C,(04)23274275,(04)23288582,2025,04,25,4,4,臺中市,南屯區,0,2,0,7,1,6,50,4,2,1,5,4,6,6,2,1,1,2,4,2,13,2,9,5,4,B02,7,9,3,19,2,1,,59,59,1,13,4,120.646662,24.148676,2
9118,66000,387130000C,(04)23274275,(04)23288582,2025,04,25,4,17,臺中市,南屯區,0,1,0,7,1,6,40,13,9,1,5,4,6,6,4,4,1,4,4,2,13,3,10,5,4,B03,7,9,1,8,2,1,,84,84,1,13,4,120.640306,24.117036,2
9119,66000,387130000C,(04)23274275,(04)23288582,2025,04,25,5,42,臺中市,北區,0,1,0,7,2,6,50,4,1,1,5,4,6,6,3,1,10,5,5,2,15,3,10,5,4,C03,7,9,1,10,9,11,,24,24,2,13,4,120.68245,24.160254,2
9120,66000,387130000C,(04)23274275,(04)23288582,2025,04,25,6,13,臺中市,北區,0,1,0,7,3,6,50,4,1,1,5,4,6,6,4,4,10,5,5,2,18,2,9,5,4,C03,7,9,1,10,2,12,,59,59,1,13,4,120.678951,24.158288,2
9121,66000,387130000C,(04)23274275,(04)23288582,2025,04,25,6,48,臺中市,大雅區,0,3,0,7,1,6,50,3,2,1,5,4,6,6,1,1,5,5,5,1,17,2,9,1,1,C03,7,9,1,10,2,11,,7,7,1,13,4,120.641203,24.219188,2
9122,66000,387130000C,(04)23274275,(04)23288582,2025,04,25,6,50,臺中市,龍井區,0,0,0,7,,,60,,,,,,,,,,,,,,13,,,,,B03,,,1,,1,,,7,7,1,6,4,120.585513,24.185928,3
9123,66000,387130000C,(04)23274275,(04)23288582,2025,04,25,6,54,臺中市,南區,0,1,0,7,3,6,50,4,1,1,5,4,6,5,1,1,5,5,5,2,2,3,10,3,1,B03,7,6,1,8,2,1,,10,10,1,6,4,120.666832,24.117777,2
9124,66000,387130000C,(04)23274275,(04)23288582,2025,04,25,6,58,臺中市,豐原區,0,1,0,6,2,6,50,13,7,1,5,4,6,6,2,1,5,5,4,2,16,2,9,1,1,C03,7,15,1,8,2,11,14,40,40,1,12,4,120.720605,24.251733,2
9125,66000,387130000C,(04)23274275,(04)23288582,2025,04,25,6,59,臺中市,北區,0,0,0,7,,,30,,,,,,,,,,,,,,17,,,,,B03,,,1,,2,,,51,51,1,13,4,120.687003,24.146139,3
9126,66000,387130000C,(04)23274275,(04)23288582,2025,04,25,7,3,臺中市,烏日區,0,0,0,6,,,50,,,,,,,,,,,,,,24,,,,,B03,,,1,,1,,,7,7,1,12,4,120.593166,24.11047,3
9127,66000,387130000C,(04)23274275,(04)23288582,2025,04,25,7,5,臺中市,北屯區,0,0,0,7,,,50,,,,,,,,,,,,,,,,,,,B03,,,1,,2,,,40,40,1,13,4,120.719805,24.179727,3
9128,66000,387130000C,(04)23274275,(04)23288582,2025,04,25,7,8,臺中市,大肚區,0,0,0,7,,,30,,,,,,,,,,,,,,9,,,,,B03,,,1,,2,,,84,84,1,6,4,120.577948,24.174997,3
9129,66000,387130000C,(04)23274275,(04)23288582,2025,04,25,7,9,臺中市,大甲區,0,0,0,5,,,50,,,,,,,,,,,,,,13,,,,,C03,,,1,,1,,,7,7,1,12,4,120.630013,24.343136,3
9130,66000,387130000C,(04)23274275,(04)23288582,2025,04,25,7,10,臺中市,大雅區,0,1,0,7,1,6,50,3,2,1,5,4,6,6,1,1,5,5,5,1,24,2,7,1,1,C03,7,9,1,10,2,11,12,84,84,1,13,4,120.641203,24.219188,2
9131,66000,387130000C,(04)23274275,(04)23288582,2025,04,25,7,11,臺中市,沙鹿區,0,2,0,7,2,6,50,13,9,1,5,4,6,6,4,4,5,5,5,2,3,2,9,1,1,C03,7,9,2,19,2,11,,10,10,1,13,4,120.597377,24.260231,2
9132,66000,387130000C,(04)23274275,(04)23288582,2025,04,25,7,14,臺中市,潭子區,0,1,0,6,3,6,50,13,9,1,5,4,6,6,4,4,1,4,5,2,30,2,9,2,1,C03,7,9,1,10,2,12,,59,59,1,13,4,120.717698,24.198056,2
9133,66000,387130000C,(04)23274275,(04)23288582,2025,04,25,7,14,臺中市,北屯區,0,0,0,6,,,40,,,,,,,,,,,,,,12,,,,,B03,,,1,,2,,,84,84,1,12,4,120.709842,24.164795,3
9134,66000,387130000C,(04)23274275,(04)23288582,2025,04,25,7,15,臺中市,西屯區,0,0,0,6,,,50,,,,,,,,,,,,,,12,,,,,C03,,,3,,9,,,84,84,1,12,4,120.65686,24.196252,3
9135,66000,387130000C,(04)23274275,(04)23288582,2025,04,25,7,17,臺中市,北屯區,0,0,0,7,,,50,,,,,,,,,,,,,,12,,,,,B03,,,1,8,2,,,42,42,1,6,4,120.699938,24.167567,3
9136,66000,387130000C,(04)23274275,(04)23288582,2025,04,25,7,18,臺中市,大甲區,0,0,0,5,,,50,,,,,,,,,,,,,,13,,,,,B03,,,1,,2,,,7,7,1,6,4,120.619369,24.340624,3
9137,66000,387130000C,(04)23274275,(04)23288582,2025,04,25,7,20,臺中市,北屯區,0,1,0,7,3,6,50,13,9,1,5,4,6,6,4,4,1,4,5,2,13,2,9,2,1,C03,7,9,1,10,2,11,,7,7,1,6,4,120.685286,24.173058,2
9138,66000,387130000C,(04)23274275,(04)23288582,2025,04,25,7,23,臺中市,東區,0,0,0,7,,,50,,,,,,,,,,,,,,13,,,,,C03,,,1,,1,,,7,7,1,13,4,120.697064,24.13316,3
9139,66000,387130000C,(04)23274275,(04)23288582,2025,04,25,7,23,臺中市,太平區,0,0,0,6,2,6,50,4,14,1,5,4,6,6,1,1,5,5,5,2,13,3,10,3,1,C03,7,9,1,10,2,12,,7,7,1,6,4,120.716877,24.131827,3
9140,66000,387130000C,(04)23274275,(04)23288582,2025,04,25,7,25,臺中市,大里區,0,0,0,7,,,30,,,,,,,,,,,,,,12,,,,,B03,,,1,,2,,,8,8,1,13,4,120.699965,24.082255,3
9141,66000,387130000C,(04)23274275,(04)23288582,2025,04,25,7,26,臺中市,北屯區,0,1,0,7,2,6,50,4,1,1,5,4,6,6,2,1,10,5,5,2,16,3,10,5,4,B02,7,5,1,5,2,5,,20,20,1,12,4,120.719248,24.159418,2
9142,66000,387130000C,(04)23274275,(04)23288582,2025,04,25,7,26,臺中市,豐原區,0,2,0,6,2,6,40,3,1,1,5,4,6,6,3,1,10,5,5,2,13,2,9,1,1,C03,7,5,1,10,2,11,,7,7,1,6,4,120.704968,24.24047,2
9143,66000,387130000C,(04)23274275,(04)23288582,2025,04,25,7,29,臺中市,烏日區,0,2,0,7,2,6,50,13,9,1,5,4,6,6,4,4,5,4,5,1,13,2,9,2,1,C03,7,8,1,10,2,11,,7,7,1,6,4,120.644035,24.084954,2
9144,66000,387130000C,(04)23274275,(04)23288582,2025,04,25,7,30,臺中市,南屯區,0,0,0,7,3,6,50,13,9,1,5,4,6,6,4,4,10,5,5,2,24,,,,,B03,,,1,,2,,,84,84,1,12,4,120.618452,24.154628,3
9145,66000,387130000C,(04)23274275,(04)23288582,2025,04,25,7,31,臺中市,南屯區,0,0,0,7,,,50,,,,,,,,,,,,,,17,,,,,C03,,,1,,1,,,8,8,1,12,4,120.626044,24.113482,3
9146,66000,387130000C,(04)23274275,(04)23288582,2025,04,25,7,33,臺中市,清水區,0,1,0,7,3,6,50,11,8,1,4,4,6,6,4,4,5,4,4,2,18,2,9,1,1,C03,7,5,1,10,2,12,,58,58,1,12,4,120.632685,24.292154,2
9147,66000,387130000C,(04)23274275,(04)23288582,2025,04,25,7,39,臺中市,西屯區,0,1,0,7,2,6,50,4,2,1,5,4,6,6,4,4,5,5,5,2,13,2,9,5,4,C03,7,9,1,10,2,11,,8,8,1,13,4,120.664765,24.17588,2
9148,66000,387130000C,(04)23274275,(04)23288582,2025,04,25,7,39,臺中市,豐原區,0,2,0,7,2,6,50,11,9,4,5,4,6,6,4,4,10,5,5,2,11,2,9,1,1,C03,7,9,1,10,2,11,,41,41,1,12,4,120.73836,24.26641,2
9149,66000,387130000C,(04)23274275,(04)23288582,2025,04,25,7,46,臺中市,南屯區,0,0,0,7,,,60,,,,,,,,,,,,,,,,,,,B03,,,1,,1,,,84,84,1,13,4,120.623186,24.144796,3