序號,縣市別代碼,機關代碼,市話,傳真,年,月,日,時,分,縣市,區,死亡數量,受傷數量,2-30,天候,道路照明設備,道路類別,道路速限,道路型態,事故位置,路面鋪裝,路面狀態,路面缺陷,障礙物,視距,號誌種類,號誌動作,分向設施,快車道或一般車道間,快慢車道間,路面邊線,事故類型及型態,受傷程度,主要傷處,保護裝備,行動電話或功能裝置,當事者區分（類別）,車輛用途,當事者行動狀態,駕照狀態,駕照種類,飲酒情形,車輛撞擊部位最初,車輛撞擊部位其他,肇事因素個別,肇事因素主要,肇事逃逸,職業,共享經濟或外送平台,GPS座標X,GPS座標Y,事故類別
9260,66000,387130000C,(04)23274275,(04)23288582,2025,04,25,11,32,臺中市,西屯區,0,0,0,7,,,50,,,,,,,,,,,,,,12,,,,,B03,,,1,,2,,,56,56,1,12,4,120.635403,24.172392,3
9261,66000,387130000C,(04)23274275,(04)23288582,2025,04,25,11,32,臺中市,沙鹿區,0,0,0,7,,,50,,,,,,,,,,,,,,17,,,,,B12,,,1,,2,,,50,50,1,13,4,120.574133,24.226497,3
9262,66000,387130000C,(04)23274275,(04)23288582,2025,04,25,11,33,臺中市,沙鹿區,0,0,0,7,,,50,,,,,,,,,,,,,,,,,,,B03,,,1,,2,,,14,14,1,12,4,120.567046,24.1998,3
9263,66000,387130000C,(04)23274275,(04)23288582,2025,04,25,11,35,臺中市,東區,0,0,0,7,,,30,,,,,,,,,,,,,,,,,,,C03,,,1,,1,,,51,51,1,13,4,120.6884,24.130185,3
9264,66000,387130000C,(04)23274275,(04)23288582,2025,04,25,11,38,臺中市,西屯區,0,0,0,7,,,50,,,,,,,,,,,,,,17,,,,,A01,,,1,,1,,,8,8,1,13,4,120.642433,24.176976,3
9265,66000,387130000C,(04)23274275,(04)23288582,2025,04,25,11,40,臺中市,西屯區,0,1,0,6,2,6,40,3,1,1,5,4,6,6,4,4,10,5,5,2,16,3,10,3,1,B03,7,5,5,19,2,2,,14,14,1,12,4,120.616868,24.182537,2
9266,66000,387130000C,(04)23274275,(04)23288582,2025,04,25,11,41,臺中市,潭子區,0,1,0,6,3,6,30,3,2,1,5,4,6,6,4,4,10,5,5,2,18,2,7,2,1,C03,7,9,3,19,2,12,,84,84,1,13,4,120.721603,24.204176,2
9267,66000,387130000C,(04)23274275,(04)23288582,2025,04,25,11,41,臺中市,東區,0,2,0,7,3,6,50,4,1,1,5,4,6,6,4,4,10,5,5,2,16,2,9,2,1,C03,7,9,1,10,2,11,,84,84,1,12,4,120.690311,24.130815,2
9268,66000,387130000C,(04)23274275,(04)23288582,2025,04,25,11,42,臺中市,太平區,0,0,0,7,,,30,,,,,,,,,,,,,,17,,,,,B12,,,1,,2,,,51,51,1,13,4,120.726287,24.142661,3
9269,66000,387130000C,(04)23274275,(04)23288582,2025,04,25,11,43,臺中市,北區,0,0,0,7,,,50,,,,,,,,,,,,,,13,,,,,B03,,,1,,1,,,82,82,1,13,4,120.687787,24.155863,3
9270,66000,387130000C,(04)23274275,(04)23288582,2025,04,25,11,45,臺中市,中區,0,0,0,7,,,50,,,,,,,,,,,,,,,,,,,C03,,,1,,1,,,8,8,1,12,4,120.681034,24.13822,3
9271,66000,387130000C,(04)23274275,(04)23288582,2025,04,25,11,48,臺中市,大里區,0,1,0,6,3,6,50,13,9,1,5,4,6,6,3,1,5,4,5,1,17,2,5,1,1,C03,7,9,1,10,2,16,,84,84,1,13,4,120.68921,24.117201,2
9272,66000,387130000C,(04)23274275,(04)23288582,2025,04,25,11,48,臺中市,沙鹿區,0,1,0,6,2,6,30,11,9,1,5,4,6,6,4,4,10,5,5,2,17,3,10,3,1,B12,7,9,1,8,2,4,,8,8,1,13,4,120.55981,24.221976,2
9273,66000,387130000C,(04)23274275,(04)23288582,2025,04,25,11,54,臺中市,西屯區,0,1,0,6,2,6,40,3,1,1,5,4,6,6,4,4,10,5,5,2,17,3,10,3,1,B03,7,6,1,8,2,16,,48,48,1,12,4,120.649208,24.168437,2
9274,66000,387130000C,(04)23274275,(04)23288582,2025,04,25,11,56,臺中市,西屯區,0,1,0,6,2,6,50,13,9,1,5,4,6,6,4,4,9,4,5,2,16,3,10,3,1,B03,7,6,1,8,2,8,,20,20,1,12,4,120.627348,24.184236,2
9275,66000,387130000C,(04)23274275,(04)23288582,2025,04,25,11,57,臺中市,大肚區,0,1,0,7,2,6,40,13,14,1,5,4,6,6,4,4,1,3,4,1,14,3,10,3,1,B03,7,2,1,8,2,6,,49,49,1,6,4,120.553917,24.13349,2
9276,66000,387130000C,(04)23274275,(04)23288582,2025,04,25,12,0,臺中市,太平區,0,1,0,6,2,6,30,3,2,1,5,4,6,6,4,4,10,5,5,2,18,2,9,1,1,C03,7,9,1,10,2,16,,84,84,1,6,4,120.737374,24.154323,2
9277,66000,387130000C,(04)23274275,(04)23288582,2025,04,25,12,1,臺中市,大里區,0,1,0,7,2,6,50,4,2,1,5,4,6,6,1,1,10,5,5,1,17,2,9,1,1,C03,7,15,1,10,2,14,,84,84,1,12,4,120.679477,24.116603,2
9278,66000,387130000C,(04)23274275,(04)23288582,2025,04,25,12,4,臺中市,西屯區,0,1,0,7,2,6,50,3,2,1,5,4,6,6,4,4,5,5,5,2,13,2,9,5,4,C03,7,9,1,10,2,11,,7,7,1,13,4,120.644304,24.175166,2
9279,66000,387130000C,(04)23274275,(04)23288582,2025,04,25,12,8,臺中市,北區,0,1,0,7,2,6,50,5,2,1,5,4,6,6,2,1,10,5,5,2,12,3,10,3,1,B03,7,9,1,8,2,5,,84,84,1,13,4,120.686542,24.154783,2
9280,66000,387130000C,(04)23274275,(04)23288582,2025,04,25,12,8,臺中市,西屯區,0,0,0,7,,,50,,,,,,,,,,,,,,12,,,,,B03,,,1,,2,,,40,40,1,12,4,120.614123,24.183851,3
9281,66000,387130000C,(04)23274275,(04)23288582,2025,04,25,12,10,臺中市,中區,0,1,0,7,3,6,50,4,2,1,5,4,6,6,2,1,10,5,5,2,17,3,10,3,1,B03,7,5,1,8,2,2,,26,26,1,12,4,120.676568,24.145044,2
9282,66000,387130000C,(04)23274275,(04)23288582,2025,04,25,12,13,臺中市,南屯區,0,0,0,7,,,50,,,,,,,,,,,,,,17,,,,,B03,,,1,,1,,,50,50,1,12,4,120.612894,24.148972,3
9283,66000,387130000C,(04)23274275,(04)23288582,2025,04,25,12,15,臺中市,西區,0,0,0,7,3,6,50,13,9,1,5,4,6,6,4,4,4,1,5,2,12,,,,,B03,,,1,,1,,,8,8,1,13,4,120.658687,24.135711,3
9284,66000,387130000C,(04)23274275,(04)23288582,2025,04,25,12,15,臺中市,太平區,0,0,0,7,,,50,,,,,,,,,,,,,,,,,,,B12,,,1,,2,,,84,84,1,12,4,120.726515,24.115809,3
9285,66000,387130000C,(04)23274275,(04)23288582,2025,04,25,12,17,臺中市,太平區,0,2,0,6,2,6,30,4,1,1,5,4,6,6,4,4,10,5,5,2,15,2,9,2,1,C03,7,9,1,10,2,14,,12,12,1,12,4,120.719004,24.12566,2
9286,66000,387130000C,(04)23274275,(04)23288582,2025,04,25,12,24,臺中市,南屯區,0,1,0,7,3,6,50,13,8,1,5,4,6,6,4,4,5,5,4,2,12,3,10,3,1,B03,7,7,1,8,2,2,,40,40,1,12,4,120.637438,24.143789,2
9287,66000,387130000C,(04)23274275,(04)23288582,2025,04,25,12,24,臺中市,豐原區,0,0,0,7,,,30,,,,,,,,,,,,,,12,,,,,B03,,,1,,2,,,8,8,1,12,4,120.722469,24.265334,3
9288,66000,387130000C,(04)23274275,(04)23288582,2025,04,25,12,26,臺中市,后里區,0,1,0,7,3,6,50,13,9,1,5,4,6,6,4,4,9,5,5,2,16,3,10,3,1,B03,7,11,1,8,2,8,,45,45,1,12,4,120.723342,24.304992,2
9289,66000,387130000C,(04)23274275,(04)23288582,2025,04,25,12,32,臺中市,霧峰區,0,1,0,6,3,6,30,11,9,1,4,4,6,6,4,4,10,5,5,2,11,3,10,3,1,B03,7,9,3,19,2,8,,84,84,1,12,4,120.716459,24.072376,2
9290,66000,387130000C,(04)23274275,(04)23288582,2025,04,25,12,33,臺中市,東區,0,0,0,7,,,50,,,,,,,,,,,,,,13,,,,,B03,,,1,,2,,,84,84,1,13,4,120.694678,24.138791,3
9291,66000,387130000C,(04)23274275,(04)23288582,2025,04,25,12,35,臺中市,神岡區,0,0,0,7,,,30,,,,,,,,,,,,,,12,,,,,B12,,,1,,2,,,8,8,1,13,4,120.659669,24.257684,3
9292,66000,387130000C,(04)23274275,(04)23288582,2025,04,25,12,39,臺中市,烏日區,0,0,0,7,,,50,,,,,,,,,,,,,,12,,,,,B01,,,1,,2,,,26,26,1,6,4,120.618724,24.115942,3
9293,66000,387130000C,(04)23274275,(04)23288582,2025,04,25,12,41,臺中市,南屯區,0,0,0,6,,,60,,,,,,,,,,,,,,,,,,,B03,,,1,,1,,,8,8,1,12,4,120.636739,24.146979,3
9294,66000,387130000C,(04)23274275,(04)23288582,2025,04,25,12,48,臺中市,潭子區,0,1,0,6,3,6,50,13,9,1,5,4,6,6,4,4,1,4,5,2,18,2,9,2,1,C03,7,9,1,10,2,12,,84,84,1,13,4,120.715298,24.199835,2
9295,66000,387130000C,(04)23274275,(04)23288582,2025,04,25,12,50,臺中市,霧峰區,0,0,0,6,,,50,,,,,,,,,,,,,,17,,,,,C03,,,1,,1,,,7,7,1,13,4,120.697121,24.060794,3
9296,66000,387130000C,(04)23274275,(04)23288582,2025,04,25,12,57,臺中市,西屯區,0,0,0,7,,,30,,,,,,,,,,,,,,17,,,,,B03,,,1,,9,,,8,8,1,12,4,120.648149,24.182959,3
9297,66000,387130000C,(04)23274275,(04)23288582,2025,04,25,12,59,臺中市,西屯區,0,0,0,6,,,50,,,,,,,,,,,,,,13,,,,,B12,,,5,,2,,,59,59,1,12,4,120.620165,24.170254,3
9298,66000,387130000C,(04)23274275,(04)23288582,2025,04,25,13,0,臺中市,西區,0,0,0,7,,,50,,,,,,,,,,,,,,12,,,,,C03,,,1,,2,,,84,84,1,12,2,120.659036,24.145488,3
9299,66000,387130000C,(04)23274275,(04)23288582,2025,04,25,13,1,臺中市,南區,0,1,0,7,2,6,50,3,1,1,5,4,6,6,4,4,9,4,4,2,17,3,10,3,1,B03,7,1,1,8,2,6,,51,51,1,13,4,120.666023,24.123179,2
9300,66000,387130000C,(04)23274275,(04)23288582,2025,04,25,13,1,臺中市,龍井區,0,1,0,7,2,6,30,3,1,1,5,4,6,6,4,4,10,5,5,2,16,3,10,3,1,B03,7,6,1,8,2,1,,14,14,1,6,4,120.589663,24.18389,2
9301,66000,387130000C,(04)23274275,(04)23288582,2025,04,25,13,3,臺中市,西屯區,0,0,0,7,,,50,,,,,,,,,,,,,,14,,,,,B12,,,1,,1,,,49,49,1,13,4,120.605101,24.154429,3
9302,66000,387130000C,(04)23274275,(04)23288582,2025,04,25,13,3,臺中市,烏日區,0,0,0,7,,,70,,,,,,,,,,,,,,,,,,,B03,,,1,,1,,,84,84,1,13,4,120.589786,24.113491,3
9303,66000,387130000C,(04)23274275,(04)23288582,2025,04,25,13,4,臺中市,西屯區,0,0,0,7,,,50,,,,,,,,,,,,,,13,,,,,B02,,,1,,1,,,59,59,1,12,4,120.649585,24.162858,3
9304,66000,387130000C,(04)23274275,(04)23288582,2025,04,25,13,5,臺中市,南屯區,0,0,0,7,,,50,,,,,,,,,,,,,,,,,,,B03,,,1,,2,,,84,84,1,6,4,120.625781,24.144592,3
9305,66000,387130000C,(04)23274275,(04)23288582,2025,04,25,13,7,臺中市,南區,0,1,0,7,3,6,30,3,1,1,5,4,6,6,4,4,10,5,5,2,17,2,9,2,1,C03,7,1,1,10,2,11,,51,51,1,13,4,120.651078,24.113226,2
9306,66000,387130000C,(04)23274275,(04)23288582,2025,04,25,13,8,臺中市,西區,0,1,0,7,2,6,50,4,1,1,5,4,6,6,3,1,10,5,5,2,17,3,10,3,1,B03,7,5,1,8,2,2,,11,11,1,12,4,120.669952,24.148318,2
9307,66000,387130000C,(04)23274275,(04)23288582,2025,04,25,13,14,臺中市,東區,0,0,0,7,,,50,,,,,,,,,,,,,,17,,,,,C03,,,3,,1,,,84,84,1,12,4,120.680143,24.126545,3
9308,66000,387130000C,(04)23274275,(04)23288582,2025,04,25,13,20,臺中市,北屯區,0,0,0,7,,,50,,,,,,,,,,,,,,,,,,,B03,,,1,,1,,,7,7,1,12,4,120.697745,24.170349,3
9309,66000,387130000C,(04)23274275,(04)23288582,2025,04,25,13,22,臺中市,東區,0,1,0,7,2,6,30,13,9,1,5,4,6,6,4,4,10,5,5,2,16,3,10,2,1,C03,7,6,1,10,2,11,,20,20,1,13,4,120.690558,24.132306,2
9310,66000,387130000C,(04)23274275,(04)23288582,2025,04,25,13,22,臺中市,西屯區,0,0,0,6,,,40,,,,,,,,,,,,,,12,,,,,C03,,,1,,9,,,47,47,1,12,4,120.593044,24.183185,3
9311,66000,387130000C,(04)23274275,(04)23288582,2025,04,25,13,24,臺中市,南區,0,0,0,7,,,50,,,,,,,,,,,,,,17,,,,,B03,,,1,,1,,,7,7,1,13,4,120.669135,24.119016,3
9312,66000,387130000C,(04)23274275,(04)23288582,2025,04,25,13,24,臺中市,大里區,0,2,0,7,2,6,50,4,1,1,5,4,6,6,1,1,10,5,5,2,15,2,7,1,1,F03,7,9,7,21,2,11,,21,21,1,13,4,120.688751,24.080626,2
9313,66000,387130000C,(04)23274275,(04)23288582,2025,04,25,13,30,臺中市,西屯區,0,1,0,6,2,6,40,13,8,1,5,4,6,6,4,4,9,4,4,2,17,3,10,3,1,B12,7,14,1,8,2,4,,76,76,1,12,4,120.63904,24.171891,2
9314,66000,387130000C,(04)23274275,(04)23288582,2025,04,25,13,34,臺中市,梧棲區,0,0,0,7,,,50,,,,,,,,,,,,,,14,,,,,B03,,,1,,1,,,49,49,1,6,4,120.538406,24.248603,3
9315,66000,387130000C,(04)23274275,(04)23288582,2025,04,25,13,47,臺中市,南區,0,0,0,7,,,50,,,,,,,,,,,,,,13,,,,,A04,,,1,,1,,,84,84,1,12,4,120.679378,24.121938,4
9316,66000,387130000C,(04)23274275,(04)23288582,2025,04,25,13,47,臺中市,南屯區,0,0,0,7,,,50,,,,,,,,,,,,,,17,,,,,C03,,,5,,2,,,39,39,1,12,4,120.65514,24.143817,3
9317,66000,387130000C,(04)23274275,(04)23288582,2025,04,25,13,50,臺中市,大雅區,0,0,0,7,,,30,,,,,,,,,,,,,,,,,,,B12,,,,,1,,,49,49,1,13,4,120.663042,24.22254,3
9318,66000,387130000C,(04)23274275,(04)23288582,2025,04,25,13,52,臺中市,沙鹿區,0,1,0,7,2,6,50,4,1,1,5,4,6,6,4,4,5,5,5,1,15,2,9,1,1,C03,7,9,1,10,2,11,12,12,12,1,12,4,120.5608,24.237029,2
9319,66000,387130000C,(04)23274275,(04)23288582,2025,04,25,13,56,臺中市,北屯區,0,2,0,6,3,6,30,4,1,1,5,4,6,6,4,4,10,5,5,2,16,2,9,2,1,C03,7,6,1,10,2,14,,14,14,1,6,4,120.699951,24.185882,2
9320,66000,387130000C,(04)23274275,(04)23288582,2025,04,25,13,59,臺中市,大雅區,0,0,0,7,1,6,30,13,9,1,5,4,6,6,4,4,10,5,5,1,17,,,,,B03,,,1,,1,,,8,8,1,13,4,120.664388,24.218598,3
9321,66000,387130000C,(04)23274275,(04)23288582,2025,04,25,14,0,臺中市,西屯區,0,0,0,7,,,50,,,,,,,,,,,,,,17,,,,,B03,,,1,,2,,,1,1,1,13,4,120.653372,24.203622,3
9322,66000,387130000C,(04)23274275,(04)23288582,2025,04,25,14,1,臺中市,南區,0,1,0,7,3,6,40,4,1,1,5,4,6,6,2,1,10,5,5,2,18,2,9,2,1,C03,7,9,1,10,2,12,,87,87,1,13,4,120.679112,24.126971,2
9323,66000,387130000C,(04)23274275,(04)23288582,2025,04,25,14,3,臺中市,霧峰區,0,0,0,7,,,50,,,,,,,,,,,,,,13,,,,,B03,,,1,,2,,,7,7,1,12,4,120.667621,24.061356,3
9324,66000,387130000C,(04)23274275,(04)23288582,2025,04,25,14,7,臺中市,北屯區,0,1,0,7,2,6,30,3,2,1,5,4,6,6,4,4,10,5,5,2,16,2,8,5,4,C03,7,5,1,10,2,14,,14,14,1,12,4,120.692381,24.164353,2
9325,66000,387130000C,(04)23274275,(04)23288582,2025,04,25,14,12,臺中市,北區,0,1,0,6,2,6,50,13,7,1,5,4,6,6,4,4,5,5,4,2,13,2,8,1,2,C03,7,9,3,19,2,11,,62,62,1,12,4,120.677187,24.171491,2
9326,66000,387130000C,(04)23274275,(04)23288582,2025,04,25,14,14,臺中市,西屯區,0,0,0,7,,,50,,,,,,,,,,,,,,13,,,,,B03,,,1,,2,,,59,59,1,12,4,120.643833,24.154729,3
9327,66000,387130000C,(04)23274275,(04)23288582,2025,04,25,14,17,臺中市,太平區,0,0,0,7,,,30,,,,,,,,,,,,,,11,,,,,B12,,,1,,2,,,8,8,1,13,4,120.711799,24.125702,3
9328,66000,387130000C,(04)23274275,(04)23288582,2025,04,25,14,20,臺中市,南屯區,0,1,0,7,2,6,50,4,1,1,5,4,6,6,1,1,9,4,4,2,12,3,10,3,1,B03,7,5,1,8,2,2,,11,11,1,11,4,120.613725,24.142655,2
9329,66000,387130000C,(04)23274275,(04)23288582,2025,04,25,14,20,臺中市,北屯區,0,0,0,7,,,80,,,,,,,,,,,,,,13,,,,,B12,,,1,,1,,,7,7,1,6,4,120.718385,24.160873,3
9330,66000,387130000C,(04)23274275,(04)23288582,2025,04,25,14,20,臺中市,神岡區,0,0,0,7,,,50,,,,,,,,,,,,,,9,,,,,B12,,,1,,2,,,84,84,1,12,4,120.703758,24.263971,3
9331,66000,387130000C,(04)23274275,(04)23288582,2025,04,25,14,30,臺中市,北區,0,2,0,7,2,6,50,4,2,1,5,4,6,6,2,1,10,5,5,2,13,2,9,1,1,C03,7,9,1,10,2,14,,7,7,1,13,4,120.668103,24.173205,2
9332,66000,387130000C,(04)23274275,(04)23288582,2025,04,25,14,32,臺中市,大里區,0,1,0,6,3,6,30,11,9,1,5,4,6,6,4,4,10,5,5,2,14,3,10,3,1,B03,7,2,1,8,2,3,,49,49,1,12,4,120.717679,24.088829,2
9333,66000,387130000C,(04)23274275,(04)23288582,2025,04,25,14,33,臺中市,北屯區,0,0,0,7,,,50,,,,,,,,,,,,,,,,,,,B03,,,1,,2,,,49,49,1,13,4,120.681033,24.172424,3
9334,66000,387130000C,(04)23274275,(04)23288582,2025,04,25,14,35,臺中市,大里區,0,0,0,6,,,50,,,,,,,,,,,,,,,,,,,B02,,,1,,2,,,84,84,1,12,4,120.694931,24.099883,3
9335,66000,387130000C,(04)23274275,(04)23288582,2025,04,25,14,37,臺中市,霧峰區,0,0,0,6,,,50,,,,,,,,,,,,,,18,,,,,C03,,,1,,2,,,84,84,1,13,4,120.690676,24.048128,3
9336,66000,387130000C,(04)23274275,(04)23288582,2025,04,25,14,39,臺中市,南區,0,0,0,7,,,50,,,,,,,,,,,,,,9,,,,,B03,,,1,,1,,,51,51,1,13,4,120.648954,24.122311,3
9337,66000,387130000C,(04)23274275,(04)23288582,2025,04,25,14,39,臺中市,大里區,0,0,0,6,,,40,,,,,,,,,,,,,,17,,,,,F01,,,7,,1,,,45,45,1,13,4,120.68047,24.109063,3
9338,66000,387130000C,(04)23274275,(04)23288582,2025,04,25,14,40,臺中市,大里區,0,1,0,7,2,6,50,5,2,1,5,4,6,6,1,1,10,5,5,1,16,3,10,3,1,B03,7,5,1,8,2,5,,47,47,1,12,4,120.68656,24.095602,2
9339,66000,387130000C,(04)23274275,(04)23288582,2025,04,25,14,40,臺中市,清水區,0,0,0,7,,,50,,,,,,,,,,,,,,17,,,,,B03,,,3,,9,,,84,84,1,12,4,120.559962,24.271769,3
9340,66000,387130000C,(04)23274275,(04)23288582,2025,04,25,14,45,臺中市,大甲區,0,1,0,6,3,6,50,5,1,1,5,4,5,6,1,1,10,5,5,2,16,3,10,3,1,B03,7,6,1,8,2,2,,48,48,1,6,4,120.627569,24.350887,2
9341,66000,387130000C,(04)23274275,(04)23288582,2025,04,25,14,46,臺中市,南屯區,0,0,0,7,3,6,50,13,9,1,5,4,6,6,1,1,5,4,5,2,13,,,,,B03,,,1,,1,,,7,7,1,12,4,120.638346,24.153719,3
9342,66000,387130000C,(04)23274275,(04)23288582,2025,04,25,14,46,臺中市,豐原區,0,1,0,7,2,6,50,4,1,1,5,4,6,6,2,1,5,5,4,1,12,3,10,3,1,B11,7,5,1,3,2,5,,11,11,1,12,4,120.704228,24.231647,2
9343,66000,387130000C,(04)23274275,(04)23288582,2025,04,25,14,52,臺中市,太平區,0,0,0,7,,,50,,,,,,,,,,,,,,13,,,,,B12,,,1,,2,,,7,7,1,12,4,120.700532,24.148107,3
9344,66000,387130000C,(04)23274275,(04)23288582,2025,04,25,14,52,臺中市,太平區,0,0,0,7,,,50,,,,,,,,,,,,,,14,,,,,B13,,,1,,2,,,49,49,1,12,4,120.703493,24.151867,3
9345,66000,387130000C,(04)23274275,(04)23288582,2025,04,25,14,54,臺中市,南屯區,0,1,0,7,2,6,50,13,8,1,5,4,6,6,4,4,9,4,4,2,12,2,9,3,1,B03,7,9,1,8,2,1,,59,59,1,12,4,120.616792,24.156368,2
9346,66000,387130000C,(04)23274275,(04)23288582,2025,04,25,14,59,臺中市,北屯區,0,0,0,7,,,50,,,,,,,,,,,,,,14,,,,,B03,,,1,,1,,,49,49,1,12,4,120.721937,24.160261,3
9347,66000,387130000C,(04)23274275,(04)23288582,2025,04,25,15,0,臺中市,大里區,0,0,0,7,2,6,50,13,7,1,5,4,3,6,4,4,5,5,4,2,17,,,,,B03,,,1,,2,,,85,85,1,13,4,120.677113,24.098361,3
9348,66000,387130000C,(04)23274275,(04)23288582,2025,04,25,15,2,臺中市,太平區,0,0,0,7,,,50,,,,,,,,,,,,,,17,,,,,B02,,,1,,2,,,50,50,1,13,4,120.717726,24.154105,3
9349,66000,387130000C,(04)23274275,(04)23288582,2025,04,25,15,8,臺中市,西屯區,0,3,0,7,2,6,50,4,1,1,5,4,6,6,2,1,10,5,5,2,16,2,9,2,1,C04,7,6,1,10,2,11,,11,11,1,13,4,120.638827,24.180171,2
9350,66000,387130000C,(04)23274275,(04)23288582,2025,04,25,15,12,臺中市,豐原區,0,0,0,7,,,50,,,,,,,,,,,,,,13,,,,,B03,,,1,,2,,,84,84,1,6,4,120.749501,24.268523,3
9351,66000,387130000C,(04)23274275,(04)23288582,2025,04,25,15,21,臺中市,大里區,0,1,0,7,2,6,30,13,9,1,5,4,6,6,4,4,10,5,5,2,18,2,9,1,1,C03,7,9,1,10,2,12,,54,54,1,13,4,120.698955,24.081215,2
9352,66000,387130000C,(04)23274275,(04)23288582,2025,04,25,15,23,臺中市,沙鹿區,0,1,0,7,3,6,50,4,1,1,5,4,6,6,1,1,10,4,4,2,12,2,8,2,1,C03,7,5,1,10,2,12,,7,7,1,13,4,120.575202,24.226688,2
9353,66000,387130000C,(04)23274275,(04)23288582,2025,04,25,15,25,臺中市,西屯區,0,0,0,7,,,,,,,,,,,,,,,,,30,,,,,,,,,,,,,112,112,1,,,120.629742,24.180432,4
9354,66000,387130000C,(04)23274275,(04)23288582,2025,04,25,15,26,臺中市,豐原區,0,0,0,7,,,30,,,,,,,,,,,,,,17,,,,,B03,,,1,,2,,,8,8,1,12,4,120.71512,24.246205,3
9355,66000,387130000C,(04)23274275,(04)23288582,2025,04,25,15,30,臺中市,北屯區,0,0,0,7,,,50,,,,,,,,,,,,,,9,,,,,B03,,,1,8,2,,,59,59,1,12,4,120.676731,24.195581,3
9356,66000,387130000C,(04)23274275,(04)23288582,2025,04,25,15,30,臺中市,梧棲區,0,0,0,7,,,50,,,,,,,,,,,,,,13,,,,,,,,,,,,,119,119,1,,,120.534962,24.250933,3
9357,66000,387130000C,(04)23274275,(04)23288582,2025,04,25,15,34,臺中市,西區,0,0,0,7,,,50,,,,,,,,,,,,,,,,,,,B03,,,1,,9,,,50,50,1,13,4,120.674553,24.137483,3
9358,66000,387130000C,(04)23274275,(04)23288582,2025,04,25,15,35,臺中市,霧峰區,0,1,0,6,2,6,50,4,1,1,5,4,6,6,1,1,10,5,5,1,17,3,10,1,1,C03,7,9,1,10,2,11,,84,84,1,13,4,120.703016,24.07078,2
9359,66000,387130000C,(04)23274275,(04)23288582,2025,04,25,15,35,臺中市,太平區,0,1,0,6,2,6,30,13,9,1,5,4,6,6,4,4,10,5,5,2,17,3,10,1,1,C03,7,4,1,10,2,12,,59,59,1,12,4,120.727378,24.147793,2
9360,66000,387130000C,(04)23274275,(04)23288582,2025,04,25,15,36,臺中市,神岡區,0,2,0,7,1,6,50,5,2,1,5,4,6,6,1,1,5,4,5,1,12,2,9,1,1,C03,7,1,1,10,2,11,,51,51,1,12,4,120.664594,24.258174,2
9361,66000,387130000C,(04)23274275,(04)23288582,2025,04,25,15,38,臺中市,北區,0,0,0,7,,,30,,,,,,,,,,,,,,17,,,,,C03,,,1,,1,,,84,84,1,13,4,120.676952,24.154925,3
9362,66000,387130000C,(04)23274275,(04)23288582,2025,04,25,15,38,臺中市,大甲區,0,1,0,6,2,6,30,4,1,1,5,4,6,6,4,4,10,5,5,2,15,3,10,3,1,B03,7,9,1,8,2,1,,12,12,1,6,4,120.62992,24.343513,2
9363,66000,387130000C,(04)23274275,(04)23288582,2025,04,25,15,39,臺中市,西屯區,0,1,0,7,2,6,30,3,1,1,5,4,6,6,3,1,5,4,5,2,13,2,9,5,4,C03,7,9,1,10,2,11,14,7,7,1,12,4,120.646076,24.190758,2
9364,66000,387130000C,(04)23274275,(04)23288582,2025,04,25,15,41,臺中市,烏日區,0,0,0,7,,,50,,,,,,,,,,,,,,9,,,,,A02,,,1,,1,,,7,7,1,6,4,120.60936,24.11178,3
9365,66000,387130000C,(04)23274275,(04)23288582,2025,04,25,15,47,臺中市,龍井區,0,0,0,7,,,40,,,,,,,,,,,,,,11,,,,,B03,,,1,,1,,,14,14,1,12,4,120.549903,24.214481,3
9366,66000,387130000C,(04)23274275,(04)23288582,2025,04,25,15,55,臺中市,太平區,0,1,0,7,2,6,30,11,9,1,4,4,6,6,4,4,10,5,5,2,18,2,8,2,1,C03,7,9,1,10,2,12,,84,84,1,12,4,120.760876,24.124982,2
9367,66000,387130000C,(04)23274275,(04)23288582,2025,04,25,15,58,臺中市,南屯區,0,0,0,7,,,50,,,,,,,,,,,,,,,,,,,B03,,,1,,1,,,40,40,1,6,4,120.647392,24.139521,3
9368,66000,387130000C,(04)23274275,(04)23288582,2025,04,25,15,59,臺中市,西屯區,0,0,0,7,,,40,,,,,,,,,,,,,,13,,,,,B03,,,1,,1,,,58,58,1,13,4,120.639069,24.168932,3
9369,66000,387130000C,(04)23274275,(04)23288582,2025,04,25,16,2,臺中市,大雅區,0,0,0,6,1,6,0,13,9,1,5,4,6,6,1,1,5,,5,2,17,,,,,B12,,,1,,2,,,49,49,1,13,4,120.668362,24.218358,3
9370,66000,387130000C,(04)23274275,(04)23288582,2025,04,25,16,3,臺中市,梧棲區,0,1,0,7,3,6,40,13,8,1,5,4,6,6,4,4,1,4,1,1,13,2,9,1,1,C03,7,9,1,10,2,11,,87,87,1,6,4,120.545205,24.247004,2
9371,66000,387130000C,(04)23274275,(04)23288582,2025,04,25,16,4,臺中市,梧棲區,0,0,0,7,,,50,,,,,,,,,,,,,,16,,,,,C03,,,1,,2,,,12,12,1,6,4,120.530356,24.240906,3