序號,縣市別代碼,機關代碼,市話,傳真,年,月,日,時,分,縣市,區,死亡數量,受傷數量,2-30,天候,道路照明設備,道路類別,道路速限,道路型態,事故位置,路面鋪裝,路面狀態,路面缺陷,障礙物,視距,號誌種類,號誌動作,分向設施,快車道或一般車道間,快慢車道間,路面邊線,事故類型及型態,受傷程度,主要傷處,保護裝備,行動電話或功能裝置,當事者區分（類別）,車輛用途,當事者行動狀態,駕照狀態,駕照種類,飲酒情形,車輛撞擊部位最初,車輛撞擊部位其他,肇事因素個別,肇事因素主要,肇事逃逸,職業,共享經濟或外送平台,GPS座標X,GPS座標Y,事故類別
9483,66000,387130000C,(04)23274275,(04)23288582,2025,04,25,18,48,臺中市,西屯區,0,1,0,7,2,6,40,3,7,1,5,4,6,6,1,1,5,5,4,2,12,3,10,5,4,B03,7,8,1,8,2,4,,40,40,1,12,4,120.657188,24.162568,2
9484,66000,387130000C,(04)23274275,(04)23288582,2025,04,25,18,55,臺中市,北屯區,0,0,0,6,,,80,,,,,,,,,,,,,,13,,,,,B03,,,1,,1,,,7,7,1,6,4,120.683475,24.200732,3
9485,66000,387130000C,(04)23274275,(04)23288582,2025,04,25,18,57,臺中市,沙鹿區,0,0,0,7,,,60,,,,,,,,,,,,,,,,,,,B12,,,1,,2,,,68,68,1,6,4,120.573792,24.261969,3
9486,66000,387130000C,(04)23274275,(04)23288582,2025,04,25,19,0,臺中市,西屯區,0,1,0,7,1,6,50,13,9,1,5,4,6,6,4,4,1,4,5,1,28,2,9,2,1,C03,7,9,1,10,2,11,,87,87,1,13,4,120.596816,24.191092,2
9487,66000,387130000C,(04)23274275,(04)23288582,2025,04,25,19,0,臺中市,大里區,0,0,0,6,1,6,50,4,2,1,5,4,6,6,1,1,5,2,5,1,13,,,,,C03,,,1,,1,,,7,7,1,13,4,120.688187,24.101532,3
9488,66000,387130000C,(04)23274275,(04)23288582,2025,04,25,19,2,臺中市,大里區,0,0,0,7,,,50,,,,,,,,,,,,,,13,,,,,B03,,,1,,2,,,59,59,1,13,4,120.700284,24.11846,3
9489,66000,387130000C,(04)23274275,(04)23288582,2025,04,25,19,6,臺中市,南屯區,0,0,0,7,,,50,,,,,,,,,,,,,,13,,,,,C03,,,1,,1,,,7,7,1,12,4,120.637844,24.145594,3
9490,66000,387130000C,(04)23274275,(04)23288582,2025,04,25,19,9,臺中市,西屯區,0,0,0,7,,,50,,,,,,,,,,,,,,13,,,,,B03,,,1,,1,,,59,59,1,13,4,120.609135,24.184264,3
9491,66000,387130000C,(04)23274275,(04)23288582,2025,04,25,19,12,臺中市,北屯區,0,0,0,7,,,1,,,,,,,,,,,,,,17,,,,,B03,,,1,,1,,,65,65,1,12,4,120.679782,24.1851,3
9492,66000,387130000C,(04)23274275,(04)23288582,2025,04,25,19,13,臺中市,北區,0,2,0,7,1,6,50,4,1,1,5,4,6,6,1,1,5,5,5,2,13,2,9,2,1,C03,7,5,1,10,2,14,,59,59,1,12,4,120.670556,24.164305,2
9493,66000,387130000C,(04)23274275,(04)23288582,2025,04,25,19,21,臺中市,南屯區,0,1,0,7,1,6,50,4,19,1,5,4,6,6,4,4,5,2,5,2,3,3,10,3,1,B03,7,6,1,10,2,1,,10,10,1,6,4,120.647804,24.141783,2
9494,66000,387130000C,(04)23274275,(04)23288582,2025,04,25,19,22,臺中市,烏日區,0,0,0,7,,,50,,,,,,,,,,,,,,,,,,,C03,,,2,,2,,,84,84,1,13,4,120.639221,24.104791,3
9495,66000,387130000C,(04)23274275,(04)23288582,2025,04,25,19,25,臺中市,西區,0,0,0,7,,,50,,,,,,,,,,,,,,16,,,,,B03,,,1,,2,,,11,11,1,12,4,120.664298,24.150856,3
9496,66000,387130000C,(04)23274275,(04)23288582,2025,04,25,19,27,臺中市,北屯區,0,0,0,7,,,80,,,,,,,,,,,,,,,,,,,B03,,,1,,2,,,84,84,1,6,4,120.674515,24.200947,3
9497,66000,387130000C,(04)23274275,(04)23288582,2025,04,25,19,30,臺中市,大雅區,0,2,0,7,1,6,30,13,9,1,5,4,6,6,4,4,10,5,5,2,17,2,8,1,1,F03,7,9,7,21,2,11,,41,41,1,13,4,120.630618,24.212985,2
9498,66000,387130000C,(04)23274275,(04)23288582,2025,04,25,19,30,臺中市,北屯區,0,1,0,7,1,6,80,13,9,1,5,4,6,6,4,4,1,4,5,1,13,2,3,3,3,B03,7,9,1,10,1,1,,55,55,1,12,4,120.721027,24.173193,2
9499,66000,387130000C,(04)23274275,(04)23288582,2025,04,25,19,40,臺中市,西屯區,0,0,0,7,,,50,,,,,,,,,,,,,,17,,,,,A05,,,1,,9,,,76,76,1,13,4,120.644977,24.179527,3
9500,66000,387130000C,(04)23274275,(04)23288582,2025,04,25,19,41,臺中市,豐原區,0,0,0,7,,,50,,,,,,,,,,,,,,16,,,,,B03,,,1,,2,,,47,47,1,12,4,120.720114,24.264298,3
9501,66000,387130000C,(04)23274275,(04)23288582,2025,04,25,19,44,臺中市,大雅區,0,0,0,6,1,6,60,4,1,1,5,4,6,6,1,1,1,4,5,1,17,,,,,B03,,,1,,1,,,7,7,1,13,4,120.649219,24.216172,3
9502,66000,387130000C,(04)23274275,(04)23288582,2025,04,25,19,47,臺中市,西區,0,1,0,7,1,6,50,4,1,1,5,4,6,6,1,1,10,5,5,2,17,3,10,2,1,C03,7,15,1,10,2,12,,42,42,1,12,4,120.667402,24.132119,2
9503,66000,387130000C,(04)23274275,(04)23288582,2025,04,25,19,47,臺中市,霧峰區,0,2,0,6,1,6,50,13,8,1,5,4,6,6,4,4,3,4,4,1,17,2,9,1,1,C03,7,9,1,10,2,11,,7,7,1,13,4,120.694887,24.032844,2
9504,66000,387130000C,(04)23274275,(04)23288582,2025,04,25,19,49,臺中市,東區,0,2,0,7,1,6,50,4,1,1,5,4,6,1,1,1,9,4,5,2,12,3,10,3,1,A04,7,9,1,1,2,1,,84,84,1,12,4,120.695456,24.141881,2
9505,66000,387130000C,(04)23274275,(04)23288582,2025,04,25,19,51,臺中市,西屯區,0,0,0,7,,,50,,,,,,,,,,,,,,13,,,,,B01,,,1,,1,,,58,58,1,12,4,120.666675,24.171115,3
9506,66000,387130000C,(04)23274275,(04)23288582,2025,04,25,19,54,臺中市,北區,0,1,0,7,1,6,50,13,9,1,5,4,6,6,4,4,5,5,5,2,14,3,10,3,1,B03,7,2,3,19,1,6,,49,49,1,13,4,120.691613,24.160338,2
9507,66000,387130000C,(04)23274275,(04)23288582,2025,04,25,19,55,臺中市,大肚區,0,1,0,7,1,6,60,3,1,1,5,4,6,6,2,1,10,5,5,2,16,3,10,3,1,B03,7,9,1,8,2,6,,21,21,1,9,4,120.58282,24.168486,2
9508,66000,387130000C,(04)23274275,(04)23288582,2025,04,25,20,0,臺中市,南屯區,0,0,0,7,,,30,,,,,,,,,,,,,,14,,,,,B03,,,1,,2,,,49,49,1,12,4,120.644831,24.152403,3
9509,66000,387130000C,(04)23274275,(04)23288582,2025,04,25,20,0,臺中市,沙鹿區,0,1,0,6,1,6,50,13,9,1,5,4,6,6,4,4,9,5,5,2,16,3,10,3,1,B03,7,11,1,8,2,8,,45,45,1,11,4,120.579574,24.217581,2
9510,66000,387130000C,(04)23274275,(04)23288582,2025,04,25,20,0,臺中市,沙鹿區,0,0,0,7,,,50,,,,,,,,,,,,,,17,,,,,B03,,,1,,2,,,51,51,1,12,4,120.5581,24.231701,3
9511,66000,387130000C,(04)23274275,(04)23288582,2025,04,25,20,2,臺中市,中區,0,1,0,6,2,6,50,4,1,1,5,4,6,6,1,1,10,5,5,2,18,2,9,1,1,C03,7,9,1,10,2,12,,84,84,1,12,4,120.678458,24.141061,2
9512,66000,387130000C,(04)23274275,(04)23288582,2025,04,25,20,7,臺中市,北區,0,0,0,7,,,50,,,,,,,,,,,,,,17,,,,,B03,,,1,,2,,,14,14,1,13,4,120.670535,24.165778,3
9513,66000,387130000C,(04)23274275,(04)23288582,2025,04,25,20,10,臺中市,太平區,0,2,0,7,1,6,50,13,7,1,5,4,1,6,4,4,5,5,4,1,16,3,10,3,1,B01,7,11,1,4,2,8,,39,39,1,12,4,120.721612,24.1308,2
9514,66000,387130000C,(04)23274275,(04)23288582,2025,04,25,20,15,臺中市,南屯區,0,3,0,7,2,6,50,3,2,1,5,4,6,6,3,1,9,4,4,2,3,2,9,1,1,F03,7,9,7,21,2,11,,10,10,1,12,4,120.609824,24.137937,2
9515,66000,387130000C,(04)23274275,(04)23288582,2025,04,25,20,20,臺中市,南屯區,0,0,0,7,,,50,,,,,,,,,,,,,,13,,,,,B03,,,1,,1,,,7,7,1,12,4,120.617462,24.153571,3
9516,66000,387130000C,(04)23274275,(04)23288582,2025,04,25,20,28,臺中市,西屯區,0,1,0,7,1,6,40,3,1,1,5,4,6,6,2,1,10,5,5,2,18,2,9,6,4,F02,7,9,7,21,2,12,,84,84,1,13,4,120.609608,24.184261,2
9517,66000,387130000C,(04)23274275,(04)23288582,2025,04,25,20,29,臺中市,西區,0,0,0,7,,,50,,,,,,,,,,,,,,17,,,,,B03,,,1,,2,,,50,50,1,12,4,120.657486,24.141963,3
9518,66000,387130000C,(04)23274275,(04)23288582,2025,04,25,20,29,臺中市,東區,0,1,0,7,1,6,50,4,1,1,5,4,6,6,4,4,10,5,5,2,15,2,9,1,1,C03,7,9,1,10,2,12,,15,15,1,12,4,120.696462,24.149734,2
9519,66000,387130000C,(04)23274275,(04)23288582,2025,04,25,20,43,臺中市,北屯區,0,2,0,7,1,6,50,4,1,1,5,4,6,6,1,1,10,5,5,2,16,3,10,3,1,B03,7,6,1,8,2,5,,11,11,1,12,4,120.703725,24.174637,2
9520,66000,387130000C,(04)23274275,(04)23288582,2025,04,25,20,53,臺中市,北屯區,0,0,0,7,,,50,,,,,,,,,,,,,,17,,,,,,,,,,,,,119,119,1,,,120.697083,24.183337,4
9521,66000,387130000C,(04)23274275,(04)23288582,2025,04,25,20,55,臺中市,豐原區,0,0,0,7,,,60,,,,,,,,,,,,,,17,,,,,B03,,,1,,1,,,50,50,1,12,4,120.727667,24.239488,3
9522,66000,387130000C,(04)23274275,(04)23288582,2025,04,25,20,57,臺中市,北區,0,1,0,7,1,6,30,13,9,1,5,4,3,3,4,4,10,5,5,2,17,3,10,3,1,B03,7,1,3,19,2,1,,51,51,1,12,4,120.701326,24.157543,2
9523,66000,387130000C,(04)23274275,(04)23288582,2025,04,25,21,0,臺中市,大里區,0,0,0,7,,,40,,,,,,,,,,,,,,,,,,,B03,,,1,,2,,,84,84,1,13,4,120.710958,24.085204,3
9524,66000,387130000C,(04)23274275,(04)23288582,2025,04,25,21,3,臺中市,沙鹿區,0,0,0,7,,,50,,,,,,,,,,,,,,,,,,,B03,,,1,,2,,,40,40,1,6,4,120.568045,24.238617,3
9525,66000,387130000C,(04)23274275,(04)23288582,2025,04,25,21,5,臺中市,西屯區,0,1,0,7,1,6,40,4,1,1,5,4,6,6,2,1,10,5,5,2,16,3,10,3,1,B03,7,5,1,8,2,2,,47,47,1,12,4,120.633749,24.161646,2
9526,66000,387130000C,(04)23274275,(04)23288582,2025,04,25,21,7,臺中市,北區,0,2,0,7,1,6,50,4,1,1,5,4,6,6,1,1,1,3,5,2,13,2,8,2,1,C03,7,9,1,10,2,11,,59,59,1,12,4,120.668198,24.156453,2
9527,66000,387130000C,(04)23274275,(04)23288582,2025,04,25,21,9,臺中市,南區,0,0,0,7,,,50,,,,,,,,,,,,,,,,,,,H04,,,7,,10,,,96,96,1,12,5,120.673382,24.130362,4
9528,66000,387130000C,(04)23274275,(04)23288582,2025,04,25,21,20,臺中市,西屯區,0,0,0,7,,,50,,,,,,,,,,,,,,13,,,,,B12,,,1,,2,,,59,59,1,12,4,120.636049,24.164175,3
9529,66000,387130000C,(04)23274275,(04)23288582,2025,04,25,21,24,臺中市,大里區,0,1,0,6,1,6,50,13,9,1,5,4,6,6,4,4,5,5,5,2,16,3,10,3,1,B03,7,11,1,8,2,4,,45,45,1,12,4,120.67807,24.09453,2
9530,66000,387130000C,(04)23274275,(04)23288582,2025,04,25,21,25,臺中市,東區,0,0,0,7,,,50,,,,,,,,,,,,,,,,,,,B01,,,1,,1,,,7,7,1,12,4,120.687676,24.138151,3
9531,66000,387130000C,(04)23274275,(04)23288582,2025,04,25,21,25,臺中市,南屯區,0,0,0,7,,,50,,,,,,,,,,,,,,,,,,,B03,,,1,,2,,,40,40,2,13,4,120.644912,24.140091,3
9532,66000,387130000C,(04)23274275,(04)23288582,2025,04,25,21,31,臺中市,南屯區,0,1,0,7,2,6,50,4,1,1,5,4,6,6,2,1,9,4,3,2,13,3,10,3,1,B03,7,9,1,8,2,1,,84,84,1,12,4,120.608483,24.147118,2
9533,66000,387130000C,(04)23274275,(04)23288582,2025,04,25,21,31,臺中市,梧棲區,0,0,0,7,,,40,,,,,,,,,,,,,,12,,,,,B03,,,1,,1,,,1,1,1,5,4,120.538735,24.249352,3
9534,66000,387130000C,(04)23274275,(04)23288582,2025,04,25,21,34,臺中市,潭子區,0,1,0,7,1,6,50,3,1,1,5,4,6,6,4,4,5,5,5,1,18,2,7,2,1,C03,7,9,1,10,2,14,,43,43,1,13,4,120.701133,24.196106,2
9535,66000,387130000C,(04)23274275,(04)23288582,2025,04,25,21,35,臺中市,大雅區,0,1,0,7,1,6,30,4,1,1,5,4,6,6,1,1,10,5,5,1,17,2,9,1,1,C03,7,9,1,10,2,11,,7,7,1,13,4,120.631051,24.220061,2
9536,66000,387130000C,(04)23274275,(04)23288582,2025,04,25,21,40,臺中市,大肚區,0,0,0,6,,,50,,,,,,,,,,,,,,16,,,,,B03,,,1,,2,,,11,11,1,12,4,120.579036,24.168787,3
9537,66000,387130000C,(04)23274275,(04)23288582,2025,04,25,21,42,臺中市,中區,0,0,0,7,,,50,,,,,,,,,,,,,,,,,,,C03,,,3,,9,,,87,87,1,13,4,120.681031,24.142465,3
9538,66000,387130000C,(04)23274275,(04)23288582,2025,04,25,21,49,臺中市,北屯區,0,1,0,7,1,6,50,3,1,1,5,4,6,6,4,4,10,5,5,2,16,3,10,3,1,B03,7,6,1,8,2,5,,14,14,1,6,4,120.715106,24.176135,2
9539,66000,387130000C,(04)23274275,(04)23288582,2025,04,25,21,55,臺中市,大里區,0,0,0,7,,,50,,,,,,,,,,,,,,16,,,,,B03,,,1,,2,,,20,20,1,6,4,120.689894,24.088813,3
9540,66000,387130000C,(04)23274275,(04)23288582,2025,04,25,22,2,臺中市,北區,0,0,0,7,,,50,,,,,,,,,,,,,,13,,,,,B03,,,1,,1,,,7,7,1,13,4,120.682249,24.154562,3
9541,66000,387130000C,(04)23274275,(04)23288582,2025,04,25,22,23,臺中市,北區,0,0,0,7,,,50,,,,,,,,,,,,,,17,,,,,B03,,,1,,2,,,8,8,1,13,4,120.674238,24.146871,3
9542,66000,387130000C,(04)23274275,(04)23288582,2025,04,25,22,24,臺中市,北區,0,0,0,7,,,50,,,,,,,,,,,,,,17,,,,,B03,,,1,,2,,,8,8,1,13,4,120.675811,24.145533,3
9543,66000,387130000C,(04)23274275,(04)23288582,2025,04,25,22,25,臺中市,北區,0,2,0,7,1,6,50,4,2,1,5,4,6,6,1,1,5,4,5,2,17,3,10,5,1,B03,7,9,1,8,2,5,4,59,59,1,13,4,120.675965,24.145526,2
9544,66000,387130000C,(04)23274275,(04)23288582,2025,04,25,22,25,臺中市,南屯區,0,1,0,7,1,6,50,3,2,1,5,4,6,6,2,1,1,3,1,1,23,2,1,3,1,B03,7,9,1,8,2,8,,59,59,1,12,4,120.637321,24.118982,2
9545,66000,387130000C,(04)23274275,(04)23288582,2025,04,25,22,28,臺中市,南屯區,0,0,0,7,,,50,,,,,,,,,,,,,,,,,,,B03,,,1,,9,,,40,40,1,13,4,120.628609,24.140148,3
9546,66000,387130000C,(04)23274275,(04)23288582,2025,04,25,22,29,臺中市,潭子區,1,1,0,6,1,6,40,11,8,1,5,4,6,6,4,4,5,4,4,2,13,3,10,3,1,B12,7,9,1,6,2,1,,59,59,1,12,4,120.688851,24.211122,1
9547,66000,387130000C,(04)23274275,(04)23288582,2025,04,25,22,38,臺中市,西區,0,1,0,7,3,6,50,13,7,1,5,4,6,6,4,4,5,5,4,2,12,3,10,6,1,F01,7,15,7,21,2,12,,42,42,1,12,4,120.663075,24.156067,2
9548,66000,387130000C,(04)23274275,(04)23288582,2025,04,25,22,38,臺中市,西屯區,0,2,0,7,1,6,50,13,9,1,5,4,6,6,2,1,5,4,5,2,16,2,9,5,4,C03,7,8,1,10,2,13,,40,40,1,13,4,120.624633,24.185421,2
9549,66000,387130000C,(04)23274275,(04)23288582,2025,04,25,22,43,臺中市,東區,0,2,0,7,1,6,50,4,1,1,5,4,6,6,4,4,10,5,5,2,13,2,9,2,1,C03,7,9,1,10,2,11,14,7,7,1,12,4,120.690958,24.147372,2
9550,66000,387130000C,(04)23274275,(04)23288582,2025,04,25,23,0,臺中市,北屯區,0,0,0,7,,,50,,,,,,,,,,,,,,17,,,,,B03,,,1,,1,,,84,84,1,12,4,120.715184,24.171515,3
9551,66000,387130000C,(04)23274275,(04)23288582,2025,04,25,23,4,臺中市,大里區,0,1,0,6,1,6,50,13,9,1,5,4,6,6,4,4,5,4,5,1,17,3,10,3,1,B03,7,5,3,19,2,5,,84,84,1,12,4,120.688417,24.120121,2
9552,66000,387130000C,(04)23274275,(04)23288582,2025,04,25,23,30,臺中市,南區,0,1,0,7,1,6,50,4,1,1,5,4,6,6,3,1,10,5,5,2,17,3,10,3,1,B03,7,9,1,8,2,2,,20,20,1,12,4,120.652345,24.11456,2
9553,66000,387130000C,(04)23274275,(04)23288582,2025,04,25,23,34,臺中市,西屯區,0,0,0,7,,,50,,,,,,,,,,,,,,17,,,,,B03,,,1,,1,,,84,84,1,13,4,120.63761,24.180545,3
9554,66000,387130000C,(04)23274275,(04)23288582,2025,04,25,23,45,臺中市,西屯區,0,0,0,7,,,60,,,,,,,,,,,,,,13,,,,,B03,,,1,,2,,,84,84,1,13,4,120.650815,24.162038,3
9555,66000,387130000C,(04)23274275,(04)23288582,2025,04,26,0,4,臺中市,南屯區,0,0,0,7,,,50,,,,,,,,,,,,,,17,,,,,B12,,,1,,2,,,40,40,1,12,4,120.623316,24.151276,3
9556,66000,387130000C,(04)23274275,(04)23288582,2025,04,26,0,15,臺中市,南區,0,0,0,7,,,50,,,,,,,,,,,,,,,,,,,B03,,,1,,2,,,59,59,1,13,4,120.651198,24.121311,3
9557,66000,387130000C,(04)23274275,(04)23288582,2025,04,26,1,0,臺中市,南區,0,0,0,7,,,50,,,,,,,,,,,,,,17,,,,,,,,,,,,,119,119,1,,,120.65864,24.118003,3
9558,66000,387130000C,(04)23274275,(04)23288582,2025,04,26,1,12,臺中市,南屯區,0,0,0,7,,,50,,,,,,,,,,,,,,14,,,,,A11,,,1,,1,,,59,59,1,12,4,120.646487,24.149845,3
9559,66000,387130000C,(04)23274275,(04)23288582,2025,04,26,1,18,臺中市,西屯區,0,0,0,7,,,50,,,,,,,,,,,,,,12,,,,,B03,,,1,,2,,,84,84,1,13,4,120.65681,24.184602,3
9560,66000,387130000C,(04)23274275,(04)23288582,2025,04,26,1,25,臺中市,北區,0,0,0,7,,,50,,,,,,,,,,,,,,17,,,,,B03,,,1,,1,,,59,59,1,13,4,120.686576,24.14626,3
9561,66000,387130000C,(04)23274275,(04)23288582,2025,04,26,1,30,臺中市,東區,0,0,0,7,,,50,,,,,,,,,,,,,,17,3,10,1,1,C03,7,4,5,10,2,11,,84,84,1,12,4,120.684248,24.12637,3
9562,66000,387130000C,(04)23274275,(04)23288582,2025,04,26,1,38,臺中市,西屯區,0,1,0,7,1,6,50,11,9,1,5,4,6,6,4,4,10,5,5,2,18,2,9,5,4,C03,7,9,1,10,2,14,,82,82,1,13,4,120.661541,24.203443,2
9563,66000,387130000C,(04)23274275,(04)23288582,2025,04,26,2,10,臺中市,清水區,0,0,0,7,,,50,,,,,,,,,,,,,,,,,,,B03,,,1,,2,,,59,59,1,12,4,120.572915,24.269563,3
9564,66000,387130000C,(04)23274275,(04)23288582,2025,04,26,2,11,臺中市,大里區,0,2,0,7,1,6,50,4,1,1,5,4,6,6,1,1,5,4,5,1,15,2,9,2,1,C03,7,9,5,19,2,11,,21,21,1,13,4,120.690563,24.090073,2
9565,66000,387130000C,(04)23274275,(04)23288582,2025,04,26,2,23,臺中市,烏日區,0,0,0,7,,,50,,,,,,,,,,,,,,13,,,,,B03,,,1,,2,,,78,78,1,12,4,120.618885,24.10274,3
9566,66000,387130000C,(04)23274275,(04)23288582,2025,04,26,2,25,臺中市,西屯區,0,1,0,7,1,6,50,4,1,1,5,4,6,6,1,1,10,5,5,2,17,2,9,1,4,C03,7,6,1,10,2,11,,23,23,1,13,4,120.593044,24.183185,2
9567,66000,387130000C,(04)23274275,(04)23288582,2025,04,26,2,28,臺中市,南屯區,0,0,0,7,,,50,,,,,,,,,,,,,,,,,,,B02,,,1,,1,,,49,49,1,13,4,120.622349,24.149124,3
9568,66000,387130000C,(04)23274275,(04)23288582,2025,04,26,2,49,臺中市,龍井區,0,0,0,7,,,60,,,,,,,,,,,,,,,,,,,B03,,,1,,2,,,6,6,1,13,4,120.551819,24.215554,3
9569,66000,387130000C,(04)23274275,(04)23288582,2025,04,26,3,23,臺中市,西屯區,0,1,0,7,1,6,50,13,7,1,5,4,6,6,2,1,4,3,4,2,13,2,9,5,4,B03,7,9,1,8,2,1,,59,59,1,13,4,120.590375,24.174924,2
9570,66000,387130000C,(04)23274275,(04)23288582,2025,04,26,3,25,臺中市,霧峰區,0,0,0,7,,,40,,,,,,,,,,,,,,,,,,,B03,,,1,,2,,,59,59,1,13,4,120.703016,24.07078,3
9571,66000,387130000C,(04)23274275,(04)23288582,2025,04,26,3,28,臺中市,西屯區,0,0,0,7,,,50,,,,,,,,,,,,,,13,,,,,B03,,,1,,1,,,7,7,1,13,4,120.635426,24.172382,3
9572,66000,387130000C,(04)23274275,(04)23288582,2025,04,26,4,11,臺中市,南屯區,0,0,0,7,,,50,,,,,,,,,,,,,,,,,,,C03,,,1,,2,,,49,49,1,6,4,120.648149,24.129773,3
9573,66000,387130000C,(04)23274275,(04)23288582,2025,04,26,4,18,臺中市,梧棲區,0,0,0,7,,,30,,,,,,,,,,,,,,17,,,,,B03,,,,,1,,,87,87,1,6,4,120.556209,24.239436,3
9574,66000,387130000C,(04)23274275,(04)23288582,2025,04,26,4,52,臺中市,北區,0,1,0,7,2,6,30,13,9,1,5,4,6,6,4,4,10,5,5,2,8,3,10,5,4,B12,7,9,1,8,2,5,,8,8,1,13,4,120.680613,24.14774,2
9575,66000,387130000C,(04)23274275,(04)23288582,2025,04,26,5,20,臺中市,霧峰區,0,0,0,7,,,50,,,,,,,,,,,,,,17,,,,,B12,,,1,,1,,,8,8,1,6,4,120.694402,24.050104,3
9576,66000,387130000C,(04)23274275,(04)23288582,2025,04,26,5,36,臺中市,南屯區,0,1,0,7,1,6,50,4,1,1,5,4,6,6,2,1,1,2,1,2,10,2,9,5,4,C03,7,9,1,10,7,11,,39,39,1,13,4,120.62267,24.140394,2
9577,66000,387130000C,(04)23274275,(04)23288582,2025,04,26,6,44,臺中市,北區,0,0,0,7,,,30,,,,,,,,,,,,,,17,,,,,B03,,,1,,9,,,8,8,2,13,4,120.673248,24.172949,3
9578,66000,387130000C,(04)23274275,(04)23288582,2025,04,26,6,45,臺中市,北區,0,1,0,7,2,6,50,4,2,1,5,4,6,6,1,1,2,4,5,2,17,2,9,5,1,C03,7,9,1,10,2,14,,59,59,1,13,4,120.676347,24.163129,2
9579,66000,387130000C,(04)23274275,(04)23288582,2025,04,26,6,52,臺中市,沙鹿區,0,2,0,6,2,6,30,4,1,1,5,4,6,6,4,4,10,5,5,2,15,2,7,1,1,C03,7,9,1,10,2,14,,12,12,1,12,4,120.565138,24.250444,2
9580,66000,387130000C,(04)23274275,(04)23288582,2025,04,26,6,59,臺中市,東勢區,0,1,0,6,3,6,30,11,9,1,5,4,6,6,4,4,10,5,5,1,17,2,8,5,4,C03,7,9,1,10,2,11,12,84,84,1,13,4,120.883935,24.213426,2
9581,66000,387130000C,(04)23274275,(04)23288582,2025,04,26,7,2,臺中市,北屯區,0,1,0,6,2,6,40,3,4,1,5,4,6,6,2,1,1,4,4,2,13,3,10,1,1,C03,7,9,1,10,2,11,,54,54,1,6,4,120.661327,24.190592,2
9582,66000,387130000C,(04)23274275,(04)23288582,2025,04,26,7,8,臺中市,西屯區,0,1,0,6,2,6,60,4,1,1,5,4,6,6,1,1,10,5,5,2,16,3,10,5,4,B03,7,6,3,19,2,5,,25,25,1,12,4,120.656007,24.158718,2
9583,66000,387130000C,(04)23274275,(04)23288582,2025,04,26,7,17,臺中市,西屯區,0,0,0,7,,,50,,,,,,,,,,,,,,17,,,,,A11,,,1,,1,,,39,39,1,13,4,120.65778,24.197518,3
9584,66000,387130000C,(04)23274275,(04)23288582,2025,04,26,7,22,臺中市,霧峰區,0,1,0,7,2,6,50,13,7,1,5,4,6,6,4,4,1,4,4,1,23,2,9,1,1,C03,7,9,1,10,2,11,,59,59,1,12,4,120.693673,24.048868,2
9585,66000,387130000C,(04)23274275,(04)23288582,2025,04,26,7,39,臺中市,北屯區,0,1,0,7,2,6,50,13,9,1,5,4,6,6,4,4,9,4,5,2,18,2,9,6,1,F01,7,9,7,21,2,12,,84,84,1,6,4,120.743619,24.184084,2
9586,66000,387130000C,(04)23274275,(04)23288582,2025,04,26,7,39,臺中市,豐原區,0,2,0,6,2,6,50,3,1,1,5,4,6,6,1,1,5,5,5,1,12,2,9,5,4,C03,7,6,3,19,2,14,,48,48,1,13,4,120.724262,24.240514,2
9587,66000,387130000C,(04)23274275,(04)23288582,2025,04,26,7,41,臺中市,南屯區,0,1,0,5,2,6,50,3,1,1,4,4,6,6,1,1,10,5,5,2,18,2,9,2,1,C03,7,5,1,10,2,12,,59,59,1,12,4,120.587375,24.166847,2
9588,66000,387130000C,(04)23274275,(04)23288582,2025,04,26,7,44,臺中市,北屯區,0,1,0,6,3,6,50,3,2,1,5,4,6,6,4,4,5,5,4,2,13,3,10,1,1,C03,7,9,5,10,2,11,,7,7,1,12,4,120.690611,24.178017,2
9589,66000,387130000C,(04)23274275,(04)23288582,2025,04,26,8,6,臺中市,烏日區,0,1,0,6,2,6,30,13,9,1,4,4,6,6,4,4,10,5,5,2,10,3,10,3,1,B12,7,9,1,6,2,1,,41,41,1,6,4,120.646761,24.073071,2
9590,66000,387130000C,(04)23274275,(04)23288582,2025,04,26,8,7,臺中市,北屯區,0,1,0,5,3,6,30,4,1,1,4,4,6,6,4,4,10,5,5,2,16,3,10,3,1,B03,7,6,1,8,2,1,,12,12,1,6,4,120.680276,24.177906,2
9591,66000,387130000C,(04)23274275,(04)23288582,2025,04,26,8,20,臺中市,沙鹿區,0,1,0,5,2,6,40,3,8,1,4,4,6,6,1,1,1,3,4,2,17,3,10,2,1,C03,7,1,1,10,1,16,,51,51,1,12,4,120.567201,24.229137,2
9592,66000,387130000C,(04)23274275,(04)23288582,2025,04,26,8,23,臺中市,沙鹿區,0,1,0,6,2,6,40,13,8,1,5,4,6,6,4,4,5,4,4,2,17,3,10,3,1,B03,7,1,1,8,2,1,,51,51,1,13,4,120.560426,24.208991,2
9593,66000,387130000C,(04)23274275,(04)23288582,2025,04,26,8,25,臺中市,南屯區,0,1,0,5,3,6,50,13,9,1,4,4,6,6,4,4,5,2,5,2,18,2,9,1,1,C03,7,9,1,10,2,14,,59,59,1,12,4,120.642638,24.146872,2