序號,縣市別代碼,機關代碼,市話,傳真,年,月,日,時,分,縣市,區,死亡數量,受傷數量,2-30,天候,道路照明設備,道路類別,道路速限,道路型態,事故位置,路面鋪裝,路面狀態,路面缺陷,障礙物,視距,號誌種類,號誌動作,分向設施,快車道或一般車道間,快慢車道間,路面邊線,事故類型及型態,受傷程度,主要傷處,保護裝備,行動電話或功能裝置,當事者區分（類別）,車輛用途,當事者行動狀態,駕照狀態,駕照種類,飲酒情形,車輛撞擊部位最初,車輛撞擊部位其他,肇事因素個別,肇事因素主要,肇事逃逸,職業,共享經濟或外送平台,GPS座標X,GPS座標Y,事故類別
9705,66000,387130000C,(04)23274275,(04)23288582,2025,04,26,13,21,臺中市,北區,0,1,0,7,2,6,50,3,9,1,5,4,6,6,4,4,2,4,5,2,16,3,10,3,1,B03,7,5,1,8,2,8,4,20,20,1,13,4,120.691433,24.159142,2
9706,66000,387130000C,(04)23274275,(04)23288582,2025,04,26,13,21,臺中市,烏日區,0,0,0,7,2,6,50,3,1,1,5,4,6,6,1,1,1,4,1,2,23,3,10,3,1,A02,7,9,1,2,9,5,,84,84,1,6,4,120.618638,24.113628,3
9707,66000,387130000C,(04)23274275,(04)23288582,2025,04,26,13,26,臺中市,沙鹿區,0,0,0,7,,,50,,,,,,,,,,,,,,17,,,,,B03,,,1,,2,,,49,49,1,6,4,120.577197,24.223431,3
9708,66000,387130000C,(04)23274275,(04)23288582,2025,04,26,13,27,臺中市,沙鹿區,0,0,0,6,,,40,,,,,,,,,,,,,,,,,,,B03,,,1,,2,,,49,49,1,13,4,120.577519,24.223348,3
9709,66000,387130000C,(04)23274275,(04)23288582,2025,04,26,13,28,臺中市,太平區,0,2,0,7,3,6,30,13,9,1,5,4,6,6,4,4,10,5,5,2,11,2,9,2,1,C03,7,9,1,10,2,14,,41,41,1,12,4,120.709806,24.155763,2
9710,66000,387130000C,(04)23274275,(04)23288582,2025,04,26,13,30,臺中市,北屯區,0,0,0,7,,,50,,,,,,,,,,,,,,13,,,,,C03,,,1,,1,,,7,7,1,6,4,120.685,24.176004,4
9711,66000,387130000C,(04)23274275,(04)23288582,2025,04,26,13,33,臺中市,龍井區,0,0,0,7,,,70,,,,,,,,,,,,,,13,,,,,B03,,,1,,2,,,84,84,1,6,4,120.511283,24.222238,3
9712,66000,387130000C,(04)23274275,(04)23288582,2025,04,26,13,33,臺中市,梧棲區,0,0,0,7,,,50,,,,,,,,,,,,,,14,,,,,B03,,,1,,1,,,59,59,1,6,4,120.533467,24.260274,3
9713,66000,387130000C,(04)23274275,(04)23288582,2025,04,26,13,34,臺中市,中區,0,1,0,7,2,6,50,4,1,1,5,4,6,6,2,1,10,5,5,2,18,2,9,1,1,C03,7,9,1,10,2,14,,43,43,1,6,4,120.683678,24.141513,2
9714,66000,387130000C,(04)23274275,(04)23288582,2025,04,26,13,35,臺中市,潭子區,0,1,0,6,2,6,60,4,14,1,5,4,6,6,2,1,1,4,4,1,30,2,9,1,1,C03,7,5,3,19,2,11,,59,59,1,13,4,120.705154,24.21575,2
9715,66000,387130000C,(04)23274275,(04)23288582,2025,04,26,13,38,臺中市,西區,0,0,0,7,,,30,,,,,,,,,,,,,,,,,,,B03,,,2,,1,,,84,84,1,12,4,120.662421,24.135582,3
9716,66000,387130000C,(04)23274275,(04)23288582,2025,04,26,13,40,臺中市,北區,0,2,0,7,3,6,30,4,1,1,5,4,6,6,4,4,10,5,5,2,15,2,9,1,1,C03,7,9,1,10,2,15,,15,15,1,12,4,120.697473,24.160322,2
9717,66000,387130000C,(04)23274275,(04)23288582,2025,04,26,13,43,臺中市,南屯區,0,0,0,7,,,50,,,,,,,,,,,,,,12,,,,,B03,,,1,,2,,,59,59,1,12,4,120.639215,24.151274,3
9718,66000,387130000C,(04)23274275,(04)23288582,2025,04,26,13,45,臺中市,大雅區,0,1,0,7,1,6,50,4,1,1,5,4,6,6,1,1,5,4,5,1,17,2,9,5,1,F01,7,6,7,21,2,11,,48,48,1,13,4,120.645429,24.221915,2
9719,66000,387130000C,(04)23274275,(04)23288582,2025,04,26,13,47,臺中市,北區,0,1,0,7,2,6,50,4,1,1,5,4,6,6,4,4,10,5,5,2,17,2,9,1,1,C03,7,9,1,10,2,11,14,7,7,1,12,4,120.678731,24.158657,2
9720,66000,387130000C,(04)23274275,(04)23288582,2025,04,26,13,49,臺中市,沙鹿區,0,0,0,7,,,50,,,,,,,,,,,,,,,,,,,C03,,,1,,2,,,84,84,1,12,4,120.566739,24.225341,3
9721,66000,387130000C,(04)23274275,(04)23288582,2025,04,26,13,50,臺中市,西區,0,3,0,7,2,6,40,13,8,1,5,4,6,6,4,4,1,4,4,2,13,2,9,2,1,C03,7,9,1,10,2,11,,7,7,1,12,4,120.663544,24.139866,2
9722,66000,387130000C,(04)23274275,(04)23288582,2025,04,26,13,56,臺中市,豐原區,0,0,0,7,2,6,50,5,1,1,5,4,6,6,4,4,10,5,5,2,12,3,10,3,1,B03,7,15,1,8,2,6,,8,8,1,12,4,120.717913,24.251853,3
9723,66000,387130000C,(04)23274275,(04)23288582,2025,04,26,14,2,臺中市,清水區,0,1,0,7,2,6,40,13,9,1,5,4,6,6,4,4,8,3,4,1,17,3,10,3,1,A02,7,1,1,2,1,8,,51,51,1,12,4,120.585579,24.288439,2
9724,66000,387130000C,(04)23274275,(04)23288582,2025,04,26,14,3,臺中市,東區,0,0,0,7,,,50,,,,,,,,,,,,,,13,,,,,F03,,,7,,2,,,7,7,1,13,4,120.695488,24.147952,3
9725,66000,387130000C,(04)23274275,(04)23288582,2025,04,26,14,5,臺中市,西屯區,0,3,0,7,2,6,30,13,9,1,5,4,6,6,4,4,10,5,5,2,13,2,9,1,1,C03,7,9,1,10,2,11,12,7,7,1,12,4,120.660537,24.206919,2
9726,66000,387130000C,(04)23274275,(04)23288582,2025,04,26,14,15,臺中市,后里區,0,0,0,7,,,60,,,,,,,,,,,,,,13,,,,,B03,,,1,,1,,,7,7,1,6,4,120.723292,24.298459,4
9727,66000,387130000C,(04)23274275,(04)23288582,2025,04,26,14,16,臺中市,太平區,0,1,0,6,2,6,30,11,9,1,5,4,6,6,4,4,5,5,5,1,18,2,9,1,1,C03,7,5,1,10,2,12,,84,84,1,5,4,120.816692,24.09013,2
9728,66000,387130000C,(04)23274275,(04)23288582,2025,04,26,14,20,臺中市,北屯區,0,0,0,7,,,50,,,,,,,,,,,,,,14,,,,,B03,,,1,,1,,,49,49,1,12,4,120.678805,24.173497,3
9729,66000,387130000C,(04)23274275,(04)23288582,2025,04,26,14,24,臺中市,南屯區,0,0,0,7,,,50,,,,,,,,,,,,,,13,,,,,B03,,,1,,1,,,7,7,1,12,4,120.636109,24.149163,3
9730,66000,387130000C,(04)23274275,(04)23288582,2025,04,26,14,26,臺中市,北區,0,1,0,7,2,6,50,13,9,1,5,4,6,6,4,4,3,4,5,1,17,3,10,1,1,C03,7,1,1,10,2,14,,51,51,1,13,2,120.677971,24.163,2
9731,66000,387130000C,(04)23274275,(04)23288582,2025,04,26,14,36,臺中市,西屯區,0,0,0,7,,,50,,,,,,,,,,,,,,,,,,,B03,,,1,,1,,,59,59,1,13,4,120.645096,24.178816,3
9732,66000,387130000C,(04)23274275,(04)23288582,2025,04,26,14,40,臺中市,北屯區,0,0,0,7,,,50,,,,,,,,,,,,,,13,,,,,B03,,,1,,1,,,82,82,1,6,4,120.700441,24.178638,3
9733,66000,387130000C,(04)23274275,(04)23288582,2025,04,26,14,42,臺中市,烏日區,0,0,0,7,,,50,,,,,,,,,,,,,,14,,,,,B03,,,1,,2,,,49,49,1,12,4,120.602773,24.107859,3
9734,66000,387130000C,(04)23274275,(04)23288582,2025,04,26,14,42,臺中市,梧棲區,0,0,0,7,,,50,,,,,,,,,,,,,,13,,,,,B03,,,1,,2,,,84,84,1,6,4,120.541594,24.256945,3
9735,66000,387130000C,(04)23274275,(04)23288582,2025,04,26,14,44,臺中市,西屯區,0,0,0,7,,,30,,,,,,,,,,,,,,11,,,,,B03,,,1,,1,,,8,8,1,12,4,120.645658,24.18181,3
9736,66000,387130000C,(04)23274275,(04)23288582,2025,04,26,14,44,臺中市,烏日區,0,2,0,7,2,6,70,3,1,1,5,4,6,6,1,1,10,5,5,2,17,3,10,5,4,B03,7,5,1,8,2,6,,11,11,1,12,4,120.598333,24.111309,2
9737,66000,387130000C,(04)23274275,(04)23288582,2025,04,26,14,45,臺中市,豐原區,0,2,0,7,2,6,50,3,1,1,5,4,6,6,1,1,5,4,5,1,17,2,9,2,1,C03,7,6,1,10,2,14,,48,48,1,12,4,120.721127,24.269547,2
9738,66000,387130000C,(04)23274275,(04)23288582,2025,04,26,14,48,臺中市,北屯區,0,0,0,7,,,50,,,,,,,,,,,,,,17,,,,,B03,,,1,,1,,,59,59,1,6,4,120.697485,24.18287,3
9739,66000,387130000C,(04)23274275,(04)23288582,2025,04,26,14,49,臺中市,太平區,0,0,0,7,,,50,,,,,,,,,,,,,,14,,,,,B03,,,1,,2,,,49,49,1,12,4,120.705664,24.160295,3
9740,66000,387130000C,(04)23274275,(04)23288582,2025,04,26,14,50,臺中市,烏日區,0,0,0,7,,,50,,,,,,,,,,,,,,30,,,,,B13,,,1,,2,,,8,8,1,12,4,120.591557,24.1128,3
9741,66000,387130000C,(04)23274275,(04)23288582,2025,04,26,14,52,臺中市,北屯區,0,1,0,7,2,6,50,5,1,1,5,4,6,6,2,1,10,5,5,2,12,3,10,3,1,B03,7,5,1,8,2,2,,65,65,1,6,4,120.680496,24.196583,2
9742,66000,387130000C,(04)23274275,(04)23288582,2025,04,26,15,0,臺中市,西屯區,0,2,0,7,2,6,40,3,1,1,5,4,6,6,2,1,10,5,5,2,17,2,9,2,1,C03,7,5,1,10,2,11,,22,22,1,12,4,120.615369,24.183119,2
9743,66000,387130000C,(04)23274275,(04)23288582,2025,04,26,15,2,臺中市,北屯區,0,0,0,7,,,50,,,,,,,,,,,,,,12,,,,,C03,,,3,,1,,,7,7,1,13,4,120.701513,24.169817,3
9744,66000,387130000C,(04)23274275,(04)23288582,2025,04,26,15,7,臺中市,西區,0,0,0,7,,,50,,,,,,,,,,,,,,,,,,,C03,,,1,,1,,,84,84,1,12,4,120.655131,24.15079,3
9745,66000,387130000C,(04)23274275,(04)23288582,2025,04,26,15,8,臺中市,東區,0,0,0,7,,,50,,,,,,,,,,,,,,14,,,,,B03,,,1,,1,,,49,49,1,12,4,120.700175,24.132956,3
9746,66000,387130000C,(04)23274275,(04)23288582,2025,04,26,15,8,臺中市,西屯區,0,0,0,7,,,50,,,,,,,,,,,,,,17,,,,,C03,,,1,,2,,,87,87,1,13,4,120.645057,24.178934,3
9747,66000,387130000C,(04)23274275,(04)23288582,2025,04,26,15,11,臺中市,太平區,0,0,0,7,,,50,,,,,,,,,,,,,,13,,,,,B03,,,1,,2,,,84,84,1,12,4,120.719063,24.148928,3
9748,66000,387130000C,(04)23274275,(04)23288582,2025,04,26,15,11,臺中市,后里區,0,0,0,7,,,50,,,,,,,,,,,,,,30,,,,,B03,,,1,,1,,,59,59,1,12,4,120.710203,24.308892,3
9749,66000,387130000C,(04)23274275,(04)23288582,2025,04,26,15,16,臺中市,大雅區,0,0,0,7,1,6,50,13,9,1,5,4,6,6,4,4,5,4,5,1,17,,,,,B03,,,1,,9,,,50,50,1,13,4,120.653624,24.228965,3
9750,66000,387130000C,(04)23274275,(04)23288582,2025,04,26,15,17,臺中市,西區,0,1,0,7,2,6,40,13,7,1,5,4,6,6,4,4,5,5,4,2,17,2,9,2,1,C03,7,8,1,10,2,14,,40,40,1,12,4,120.666222,24.132024,2
9751,66000,387130000C,(04)23274275,(04)23288582,2025,04,26,15,20,臺中市,大雅區,0,1,0,6,3,6,40,3,2,1,4,4,6,6,4,4,1,3,4,1,30,2,9,5,4,F02,7,9,7,21,2,12,,84,84,1,12,4,120.63797,24.233347,2
9752,66000,387130000C,(04)23274275,(04)23288582,2025,04,26,15,20,臺中市,北屯區,0,0,0,7,,,50,,,,,,,,,,,,,,9,,,,,B03,,,1,8,1,,,42,42,1,12,4,120.696688,24.176987,3
9753,66000,387130000C,(04)23274275,(04)23288582,2025,04,26,15,20,臺中市,豐原區,0,1,0,6,2,6,50,3,2,1,5,4,6,6,1,1,5,5,4,2,13,3,10,5,4,B03,7,9,1,8,2,8,,58,58,1,13,4,120.700122,24.245959,2
9754,66000,387130000C,(04)23274275,(04)23288582,2025,04,26,15,23,臺中市,南區,0,0,0,7,,,50,,,,,,,,,,,,,,,,,,,B03,,,1,,2,,,84,84,1,12,4,120.666731,24.114148,3
9755,66000,387130000C,(04)23274275,(04)23288582,2025,04,26,15,25,臺中市,北屯區,0,0,0,7,,,50,,,,,,,,,,,,,,12,,,,,B03,,,1,,1,,,26,26,1,12,4,120.710719,24.18224,3
9756,66000,387130000C,(04)23274275,(04)23288582,2025,04,26,15,26,臺中市,東勢區,0,1,0,7,2,6,60,3,1,1,5,4,6,6,4,4,10,5,5,2,16,3,10,3,1,B12,7,6,1,8,2,4,,14,14,1,12,4,120.81103,24.281685,2
9757,66000,387130000C,(04)23274275,(04)23288582,2025,04,26,15,30,臺中市,北屯區,0,1,0,6,3,6,50,4,2,1,5,4,6,6,1,1,1,4,5,2,13,2,9,1,1,C03,7,9,5,10,2,11,,59,59,1,12,4,120.699163,24.175804,2
9758,66000,387130000C,(04)23274275,(04)23288582,2025,04,26,15,31,臺中市,南屯區,0,1,0,7,3,6,50,13,8,1,5,4,6,6,4,4,1,4,1,2,12,3,10,3,1,B03,7,5,1,8,2,5,,84,84,1,12,4,120.623453,24.144378,2
9759,66000,387130000C,(04)23274275,(04)23288582,2025,04,26,15,35,臺中市,南屯區,0,0,0,7,3,6,40,,7,1,5,4,6,6,4,4,5,5,4,2,12,,,,,B03,,,1,,2,,,51,51,1,12,4,120.64383,24.149423,3
9760,66000,387130000C,(04)23274275,(04)23288582,2025,04,26,15,41,臺中市,沙鹿區,0,0,0,5,,,60,,,,,,,,,,,,,,,,,,,B03,,,1,,2,,,84,84,1,12,4,120.580885,24.201174,3
9761,66000,387130000C,(04)23274275,(04)23288582,2025,04,26,15,43,臺中市,大里區,0,0,0,7,,,50,,,,,,,,,,,,,,,,,,,B03,,,1,,2,,,42,42,1,10,4,120.695737,24.09657,3
9762,66000,387130000C,(04)23274275,(04)23288582,2025,04,26,15,43,臺中市,大里區,0,1,0,6,3,6,50,3,2,1,5,4,6,6,4,4,10,5,5,2,16,3,10,3,1,B03,7,1,1,8,2,1,,51,51,1,13,4,120.675516,24.099889,2
9763,66000,387130000C,(04)23274275,(04)23288582,2025,04,26,15,47,臺中市,北區,0,0,0,7,,,50,,,,,,,,,,,,,,17,,,,,B03,,,1,,2,,,8,8,1,12,4,120.687886,24.150563,3
9764,66000,387130000C,(04)23274275,(04)23288582,2025,04,26,15,47,臺中市,東區,0,0,0,7,,,50,,,,,,,,,,,,,,,,,,,B03,,,1,,2,,,40,40,1,12,4,120.701435,24.125285,3
9765,66000,387130000C,(04)23274275,(04)23288582,2025,04,26,15,49,臺中市,北區,0,0,0,7,,,50,,,,,,,,,,,,,,17,,,,,B03,,,1,,1,,,51,51,1,13,4,120.675661,24.170681,3
9766,66000,387130000C,(04)23274275,(04)23288582,2025,04,26,15,49,臺中市,北區,0,0,0,7,,,30,,,,,,,,,,,,,,17,,,,,B03,,,1,,9,,,84,84,1,13,4,120.672204,24.172906,3
9767,66000,387130000C,(04)23274275,(04)23288582,2025,04,26,15,50,臺中市,龍井區,0,0,0,7,,,30,,,,,,,,,,,,,,13,,,,,,,,,,,,,,,,,,120.588574,24.181458,3
9768,66000,387130000C,(04)23274275,(04)23288582,2025,04,26,16,0,臺中市,北區,0,0,0,7,,,50,,,,,,,,,,,,,,17,,,,,B03,,,1,,9,,,8,8,2,13,4,120.68137,24.162954,3
9769,66000,387130000C,(04)23274275,(04)23288582,2025,04,26,16,1,臺中市,石岡區,0,0,0,7,,,70,,,,,,,,,,,,,,,,,,,A12,,,1,,2,,,7,7,1,12,4,120.7831,24.274748,3
9770,66000,387130000C,(04)23274275,(04)23288582,2025,04,26,16,13,臺中市,西區,0,0,0,7,,,50,,,,,,,,,,,,,,,,,,,B03,,,1,,1,,,51,51,1,12,4,120.668165,24.15317,3
9771,66000,387130000C,(04)23274275,(04)23288582,2025,04,26,16,17,臺中市,清水區,0,0,0,7,,,50,,,,,,,,,,,,,,12,,,,,B03,,,1,,1,,,14,14,1,12,4,120.570493,24.269389,3
9772,66000,387130000C,(04)23274275,(04)23288582,2025,04,26,16,20,臺中市,北屯區,0,0,0,7,,,50,,,,,,,,,,,,,,,,,,,B03,,,1,,1,,,84,84,1,12,4,120.69458,24.166046,3
9773,66000,387130000C,(04)23274275,(04)23288582,2025,04,26,16,20,臺中市,豐原區,0,0,0,7,,,30,,,,,,,,,,,,,,16,,,,,C03,,,1,,2,,,12,12,1,13,4,120.716343,24.231918,3
9774,66000,387130000C,(04)23274275,(04)23288582,2025,04,26,16,22,臺中市,太平區,0,1,0,7,1,6,50,3,2,1,5,4,6,6,4,4,10,5,5,1,16,3,10,3,1,B12,7,5,1,7,2,2,,14,14,1,6,4,120.731864,24.113622,2
9775,66000,387130000C,(04)23274275,(04)23288582,2025,04,26,16,27,臺中市,龍井區,0,2,0,6,2,6,60,4,1,1,5,4,6,6,1,1,10,5,5,2,15,2,9,2,1,C03,7,9,1,10,2,11,,21,21,1,5,4,120.577744,24.186533,2
9776,66000,387130000C,(04)23274275,(04)23288582,2025,04,26,16,33,臺中市,豐原區,0,2,0,7,2,6,50,4,1,1,5,4,6,6,2,1,5,4,5,1,16,3,10,5,4,B03,7,5,1,8,2,5,,84,84,1,12,4,120.720209,24.264161,2
9777,66000,387130000C,(04)23274275,(04)23288582,2025,04,26,16,34,臺中市,南屯區,0,1,0,6,2,6,50,13,9,1,5,4,6,6,4,4,5,5,5,2,17,2,7,2,1,C03,7,9,1,10,2,11,,84,84,1,12,4,120.642648,24.137626,2
9778,66000,387130000C,(04)23274275,(04)23288582,2025,04,26,16,35,臺中市,南屯區,0,1,0,7,2,6,50,4,1,1,5,4,6,6,4,4,5,5,4,2,15,3,10,2,1,C03,7,9,1,10,2,16,,12,12,1,12,4,120.653952,24.143828,2
9779,66000,387130000C,(04)23274275,(04)23288582,2025,04,26,16,35,臺中市,北屯區,0,0,0,7,,,30,,,,,,,,,,,,,,17,,,,,,,,,,,,,119,119,1,,,120.702575,24.167117,3
9780,66000,387130000C,(04)23274275,(04)23288582,2025,04,26,16,40,臺中市,豐原區,0,2,0,6,2,6,30,3,1,1,5,4,6,6,4,4,5,5,5,2,16,2,9,4,1,F01,7,6,7,21,1,11,,84,84,1,12,4,120.725754,24.240443,2
9781,66000,387130000C,(04)23274275,(04)23288582,2025,04,26,16,42,臺中市,豐原區,0,0,0,7,,,40,,,,,,,,,,,,,,23,,,,,B13,,,1,,2,,,84,84,1,13,4,120.718019,24.256939,3
9782,66000,387130000C,(04)23274275,(04)23288582,2025,04,26,16,43,臺中市,清水區,0,0,0,6,,,50,,,,,,,,,,,,,,,,,,,B03,,,1,,2,,,49,49,1,12,4,120.575239,24.271775,3
9783,66000,387130000C,(04)23274275,(04)23288582,2025,04,26,16,44,臺中市,烏日區,0,1,0,7,2,6,80,13,7,1,5,4,6,6,4,4,1,4,5,1,13,3,10,3,1,B03,7,9,1,8,2,1,,7,7,1,6,4,120.61118,24.100478,2
9784,66000,387130000C,(04)23274275,(04)23288582,2025,04,26,16,47,臺中市,龍井區,0,0,0,7,,,50,,,,,,,,,,,,,,15,,,,,B03,,,1,,2,,,20,20,1,6,4,120.546903,24.205278,3
9785,66000,387130000C,(04)23274275,(04)23288582,2025,04,26,16,52,臺中市,北區,0,0,0,7,,,50,,,,,,,,,,,,,,17,,,,,B01,,,1,,1,,,40,40,1,13,4,120.677526,24.151547,3
9786,66000,387130000C,(04)23274275,(04)23288582,2025,04,26,16,53,臺中市,北屯區,0,0,0,7,,,50,,,,,,,,,,,,,,11,,,,,B03,,,1,,2,,,8,8,1,6,4,120.698125,24.186558,3
9787,66000,387130000C,(04)23274275,(04)23288582,2025,04,26,16,54,臺中市,太平區,0,0,0,7,,,30,,,,,,,,,,,,,,,,,,,C03,,,1,,1,,,84,84,1,5,4,120.732864,24.143122,3
9788,66000,387130000C,(04)23274275,(04)23288582,2025,04,26,17,7,臺中市,南屯區,0,1,0,7,2,6,50,4,1,1,5,4,6,6,2,1,1,5,5,2,16,3,10,3,1,B03,7,5,1,10,2,5,,47,47,1,6,4,120.646541,24.132061,2
9789,66000,387130000C,(04)23274275,(04)23288582,2025,04,26,17,7,臺中市,大里區,0,0,0,7,2,6,40,4,4,1,5,4,6,6,1,1,1,2,5,1,12,,,,,C03,,,1,,2,,,84,84,1,13,4,120.664063,24.086774,3
9790,66000,387130000C,(04)23274275,(04)23288582,2025,04,26,17,8,臺中市,北屯區,0,0,0,7,,,50,,,,,,,,,,,,,,16,,,,,B03,,,1,,1,,,14,14,1,13,4,120.697014,24.17155,3
9791,66000,387130000C,(04)23274275,(04)23288582,2025,04,26,17,8,臺中市,沙鹿區,0,0,0,7,,,60,,,,,,,,,,,,,,,,,,,B03,,,1,,1,,,84,84,1,6,4,120.560237,24.241115,3
9792,66000,387130000C,(04)23274275,(04)23288582,2025,04,26,17,9,臺中市,南屯區,0,0,0,7,,,50,,,,,,,,,,,,,,17,,,,,C03,,,1,,10,,,87,87,1,12,4,120.605965,24.137404,3
9793,66000,387130000C,(04)23274275,(04)23288582,2025,04,26,17,12,臺中市,大里區,0,1,0,6,3,6,50,4,1,1,5,4,6,6,1,1,10,5,5,2,16,3,10,3,1,B03,7,5,1,8,2,2,,11,11,1,13,4,120.676121,24.114877,2
9794,66000,387130000C,(04)23274275,(04)23288582,2025,04,26,17,13,臺中市,西區,0,0,0,7,,,50,,,,,,,,,,,,,,13,,,,,C03,,,1,,1,,,7,7,1,12,4,120.657408,24.14668,3
9795,66000,387130000C,(04)23274275,(04)23288582,2025,04,26,17,13,臺中市,南屯區,0,0,0,7,3,6,40,13,8,1,5,4,6,6,4,4,5,5,4,2,17,,,,,B03,,,1,,1,,,77,77,1,12,4,120.635226,24.151481,3
9796,66000,387130000C,(04)23274275,(04)23288582,2025,04,26,17,14,臺中市,石岡區,0,0,0,7,,,30,,,,,,,,,,,,,,,,,,,C03,,,1,,2,,,84,84,1,12,4,120.783112,24.276087,3
9797,66000,387130000C,(04)23274275,(04)23288582,2025,04,26,17,15,臺中市,沙鹿區,0,0,0,7,,,60,,,,,,,,,,,,,,13,,,,,B03,,,1,,2,,,7,7,1,6,4,120.586322,24.250119,3
9798,66000,387130000C,(04)23274275,(04)23288582,2025,04,26,17,20,臺中市,大雅區,0,0,0,7,,,40,,,,,,,,,,,,,,,,,,,C03,,,1,,1,,,7,7,1,13,4,120.648921,24.217106,3
9799,66000,387130000C,(04)23274275,(04)23288582,2025,04,26,17,21,臺中市,龍井區,0,0,0,6,,,50,,,,,,,,,,,,,,16,,,,,C03,,,1,,1,,,11,11,1,6,4,120.584005,24.182112,4
9800,66000,387130000C,(04)23274275,(04)23288582,2025,04,26,17,26,臺中市,大雅區,0,0,0,7,,,30,,,,,,,,,,,,,,,,,,,B03,,,1,,1,,,12,12,1,12,4,120.626192,24.209551,3
9801,66000,387130000C,(04)23274275,(04)23288582,2025,04,26,17,27,臺中市,西屯區,0,0,0,7,,,40,,,,,,,,,,,,,,13,,,,,B12,,,1,,1,,,7,7,1,13,4,120.644251,24.194815,3
9802,66000,387130000C,(04)23274275,(04)23288582,2025,04,26,17,30,臺中市,北屯區,0,0,0,7,,,80,,,,,,,,,,,,,,12,,,,,B12,,,1,,2,,,40,40,1,12,4,120.720734,24.169314,3
9803,66000,387130000C,(04)23274275,(04)23288582,2025,04,26,17,30,臺中市,西屯區,0,3,0,7,2,6,70,3,1,1,5,4,6,6,2,1,10,5,5,2,16,2,9,2,1,C03,7,5,1,10,2,12,,47,47,1,13,4,120.614123,24.183851,2
9804,66000,387130000C,(04)23274275,(04)23288582,2025,04,26,17,33,臺中市,烏日區,0,1,0,7,2,6,50,3,1,1,5,4,6,6,4,4,10,5,5,2,17,3,10,3,1,B03,7,6,1,8,2,1,,12,12,1,6,4,120.628083,24.102926,2
9805,66000,387130000C,(04)23274275,(04)23288582,2025,04,26,17,36,臺中市,大里區,0,0,0,7,2,6,60,4,2,1,5,4,6,6,1,1,1,4,5,1,13,,,,,B03,,,1,,2,,,84,84,1,13,4,120.691197,24.100657,3
9806,66000,387130000C,(04)23274275,(04)23288582,2025,04,26,17,39,臺中市,霧峰區,0,0,0,6,,,50,,,,,,,,,,,,,,17,,,,,B03,,,1,,2,,,41,41,1,13,4,120.675248,24.064654,3
9807,66000,387130000C,(04)23274275,(04)23288582,2025,04,26,17,45,臺中市,東區,0,0,0,7,,,50,,,,,,,,,,,,,,17,,,,,B03,,,1,,1,,,85,85,1,12,4,120.701462,24.137704,4
9808,66000,387130000C,(04)23274275,(04)23288582,2025,04,26,17,45,臺中市,北屯區,0,0,0,7,,,30,,,,,,,,,,,,,,16,,,,,B03,,,1,8,2,,,14,14,1,12,4,120.710673,24.170521,3
9809,66000,387130000C,(04)23274275,(04)23288582,2025,04,26,17,46,臺中市,霧峰區,0,0,0,7,,,50,,,,,,,,,,,,,,,,,,,B03,,,1,,2,,,84,84,1,6,4,120.686662,24.053619,3
9810,66000,387130000C,(04)23274275,(04)23288582,2025,04,26,17,48,臺中市,石岡區,0,1,0,7,2,6,50,11,9,1,5,4,6,6,4,4,5,5,5,1,12,2,9,1,1,C03,7,15,5,10,9,11,,84,84,1,12,4,120.808643,24.257253,2
9811,66000,387130000C,(04)23274275,(04)23288582,2025,04,26,17,58,臺中市,東區,0,0,0,7,,,50,,,,,,,,,,,,,,,,,,,B01,,,1,,1,,,7,7,1,6,4,120.706613,24.148645,3
9812,66000,387130000C,(04)23274275,(04)23288582,2025,04,26,17,58,臺中市,北屯區,0,1,0,7,1,6,50,4,1,1,5,4,6,6,1,1,10,5,5,2,13,3,10,3,1,B03,7,5,1,8,2,1,,59,59,1,12,4,120.707139,24.19259,2
9813,66000,387130000C,(04)23274275,(04)23288582,2025,04,26,17,59,臺中市,南區,0,1,0,7,2,6,50,4,1,1,5,4,6,6,1,1,10,5,5,2,17,3,10,3,1,B03,7,6,1,8,2,2,,11,11,1,12,4,120.66251,24.127467,2
9814,66000,387130000C,(04)23274275,(04)23288582,2025,04,26,18,0,臺中市,北屯區,0,0,0,7,,,50,,,,,,,,,,,,,,,,,,,F03,,,7,,2,,,84,84,1,12,4,120.667608,24.190533,3
9815,66000,387130000C,(04)23274275,(04)23288582,2025,04,26,18,0,臺中市,北屯區,0,2,0,7,2,6,50,4,1,1,5,4,6,6,4,4,10,5,5,2,15,3,10,1,1,C03,7,9,1,10,2,11,,15,15,1,6,4,120.695527,24.175294,2
9816,66000,387130000C,(04)23274275,(04)23288582,2025,04,26,18,3,臺中市,西屯區,0,0,0,7,,,50,,,,,,,,,,,,,,12,,,,,C03,,,1,,1,,,8,8,1,12,4,120.646848,24.15703,3
9817,66000,387130000C,(04)23274275,(04)23288582,2025,04,26,18,5,臺中市,南屯區,0,1,0,7,2,6,40,3,1,1,5,4,6,6,4,4,9,5,5,1,17,3,10,1,1,C03,7,6,1,10,2,12,,14,14,1,12,4,120.610254,24.138631,2
9818,66000,387130000C,(04)23274275,(04)23288582,2025,04,26,18,6,臺中市,西屯區,0,0,0,7,,,50,,,,,,,,,,,,,,13,,,,,B03,,,1,,1,,,84,84,1,12,4,120.64386,24.171416,3