序號,縣市別代碼,機關代碼,市話,傳真,年,月,日,時,分,縣市,區,死亡數量,受傷數量,2-30,天候,道路照明設備,道路類別,道路速限,道路型態,事故位置,路面鋪裝,路面狀態,路面缺陷,障礙物,視距,號誌種類,號誌動作,分向設施,快車道或一般車道間,快慢車道間,路面邊線,事故類型及型態,受傷程度,主要傷處,保護裝備,行動電話或功能裝置,當事者區分（類別）,車輛用途,當事者行動狀態,駕照狀態,駕照種類,飲酒情形,車輛撞擊部位最初,車輛撞擊部位其他,肇事因素個別,肇事因素主要,肇事逃逸,職業,共享經濟或外送平台,GPS座標X,GPS座標Y,事故類別
10154,66000,387130000C,(04)23274275,(04)23288582,2025,04,27,19,29,臺中市,西屯區,0,0,0,7,,,50,,,,,,,,,,,,,,,,,,,C03,,,1,,1,,,11,11,1,12,4,120.642519,24.181538,3
10155,66000,387130000C,(04)23274275,(04)23288582,2025,04,27,19,30,臺中市,南區,0,0,0,7,,,50,,,,,,,,,,,,,,17,,,,,,,,,,,,,85,85,1,,,120.661476,24.121735,4
10156,66000,387130000C,(04)23274275,(04)23288582,2025,04,27,19,33,臺中市,北屯區,0,0,0,7,,,40,,,,,,,,,,,,,,13,,,,,B03,,,3,19,1,,,59,59,1,12,4,120.720528,24.168387,3
10157,66000,387130000C,(04)23274275,(04)23288582,2025,04,27,19,33,臺中市,太平區,0,2,0,6,1,6,50,4,2,1,5,4,6,6,1,1,5,5,4,2,16,2,8,1,1,C03,7,5,1,10,2,12,,84,84,1,6,4,120.716673,24.131489,2
10158,66000,387130000C,(04)23274275,(04)23288582,2025,04,27,19,37,臺中市,東區,0,2,0,7,1,6,50,4,9,1,5,4,6,6,2,1,5,5,5,2,16,3,10,5,4,C04,7,9,1,11,2,13,,84,84,1,6,4,120.689069,24.134083,2
10159,66000,387130000C,(04)23274275,(04)23288582,2025,04,27,19,39,臺中市,西屯區,0,1,0,7,1,6,70,13,7,1,5,4,6,6,4,4,1,4,1,2,17,3,10,5,4,A02,7,12,1,2,2,16,,84,84,1,13,4,120.625314,24.178205,2
10160,66000,387130000C,(04)23274275,(04)23288582,2025,04,27,19,40,臺中市,大里區,0,0,0,7,1,6,50,4,2,1,5,4,6,6,1,1,1,4,5,1,13,,,,,B03,,,1,,2,,,7,7,1,13,4,120.692159,24.100553,3
10161,66000,387130000C,(04)23274275,(04)23288582,2025,04,27,19,42,臺中市,東勢區,0,1,0,7,1,6,50,4,1,1,5,4,6,6,4,4,10,5,5,2,15,3,10,5,4,B03,7,9,1,8,2,8,,12,12,1,12,4,120.828337,24.255558,2
10162,66000,387130000C,(04)23274275,(04)23288582,2025,04,27,19,47,臺中市,清水區,0,1,0,7,1,6,60,13,7,1,5,4,6,6,1,1,1,4,4,1,13,3,10,3,1,B03,7,9,1,8,2,1,,59,59,1,12,4,120.552533,24.294823,2
10163,66000,387130000C,(04)23274275,(04)23288582,2025,04,27,19,52,臺中市,神岡區,0,3,0,7,3,6,30,4,1,1,5,4,6,6,4,4,5,5,5,2,15,2,9,1,1,C03,7,9,1,10,2,11,,15,15,1,13,4,120.660603,24.269936,2
10164,66000,387130000C,(04)23274275,(04)23288582,2025,04,27,19,56,臺中市,太平區,0,0,0,7,,,50,,,,,,,,,,,,,,11,,,,,B03,,,1,,9,,,8,8,1,12,4,120.717487,24.141992,3
10165,66000,387130000C,(04)23274275,(04)23288582,2025,04,27,19,58,臺中市,南屯區,0,0,0,7,,,50,,,,,,,,,,,,,,,,,,,B03,,,1,,2,,,49,49,1,12,4,120.649757,24.136898,3
10166,66000,387130000C,(04)23274275,(04)23288582,2025,04,27,20,2,臺中市,外埔區,0,0,0,7,1,6,30,3,2,1,5,4,6,6,4,4,5,5,5,1,14,3,10,3,1,B03,7,2,1,8,1,6,,49,49,1,12,4,120.661444,24.331567,3
10167,66000,387130000C,(04)23274275,(04)23288582,2025,04,27,20,8,臺中市,清水區,0,2,0,7,1,6,50,3,24,1,5,4,6,6,3,1,1,5,5,2,30,2,9,2,1,C03,7,15,1,10,2,14,,58,58,1,12,4,120.566713,24.27064,2
10168,66000,387130000C,(04)23274275,(04)23288582,2025,04,27,20,9,臺中市,大甲區,0,1,0,7,1,6,50,5,1,1,5,4,6,6,1,1,5,5,5,1,15,2,9,4,1,F01,7,9,7,21,2,12,,21,21,1,2,4,120.621976,24.344197,2
10169,66000,387130000C,(04)23274275,(04)23288582,2025,04,27,20,10,臺中市,南屯區,0,0,0,7,,,50,,,,,,,,,,,,,,,,,,,B03,,,1,,9,,,49,49,1,13,4,120.645145,24.153136,3
10170,66000,387130000C,(04)23274275,(04)23288582,2025,04,27,20,14,臺中市,大甲區,0,1,0,7,1,6,50,13,9,1,5,4,6,6,4,4,10,5,5,2,12,2,9,5,1,C03,7,9,1,10,8,11,,53,53,1,6,4,120.657917,24.392239,2
10171,66000,387130000C,(04)23274275,(04)23288582,2025,04,27,20,20,臺中市,沙鹿區,0,0,0,7,,,30,,,,,,,,,,,,,,,,,,,B03,,,1,,2,,,49,49,1,6,4,120.588794,24.219913,3
10172,66000,387130000C,(04)23274275,(04)23288582,2025,04,27,20,22,臺中市,北屯區,0,0,0,7,,,50,,,,,,,,,,,,,,13,,,,,B03,,,1,,1,,,7,7,1,12,4,120.721555,24.182255,3
10173,66000,387130000C,(04)23274275,(04)23288582,2025,04,27,20,29,臺中市,西區,0,0,0,7,,,50,,,,,,,,,,,,,,30,,,,,B03,,,1,,1,,,84,84,1,12,4,120.664288,24.148972,3
10174,66000,387130000C,(04)23274275,(04)23288582,2025,04,27,20,34,臺中市,西屯區,0,1,0,7,1,6,50,4,1,1,5,4,6,6,2,1,10,5,5,2,23,2,4,3,1,B03,7,6,1,8,2,8,,84,84,1,13,4,120.638905,24.158797,2
10175,66000,387130000C,(04)23274275,(04)23288582,2025,04,27,20,35,臺中市,南屯區,0,0,0,7,,,50,,,,,,,,,,,,,,17,,,,,B03,,,1,,2,,,84,84,1,12,4,120.626884,24.115825,3
10176,66000,387130000C,(04)23274275,(04)23288582,2025,04,27,20,37,臺中市,大里區,0,0,0,7,,,50,,,,,,,,,,,,,,13,,,,,B03,,,1,,2,,,7,7,1,13,4,120.71064,24.107893,3
10177,66000,387130000C,(04)23274275,(04)23288582,2025,04,27,20,45,臺中市,西屯區,0,1,0,7,1,6,50,3,1,1,5,4,6,6,4,4,10,5,5,2,13,3,10,3,1,B03,7,9,3,19,2,8,,59,59,1,13,4,120.645365,24.178095,2
10178,66000,387130000C,(04)23274275,(04)23288582,2025,04,27,20,48,臺中市,西屯區,0,0,0,7,,,50,,,,,,,,,,,,,,12,,,,,B03,,,1,,1,,,40,40,1,12,4,120.646454,24.164454,3
10179,66000,387130000C,(04)23274275,(04)23288582,2025,04,27,20,51,臺中市,清水區,0,0,0,7,,,50,,,,,,,,,,,,,,,,,,,B03,,,1,,2,,,49,49,1,12,4,120.591017,24.296267,3
10180,66000,387130000C,(04)23274275,(04)23288582,2025,04,27,20,52,臺中市,西屯區,0,0,0,7,,,50,,,,,,,,,,,,,,13,,,,,C03,,,1,,2,,,7,7,1,12,4,120.666023,24.174251,3
10181,66000,387130000C,(04)23274275,(04)23288582,2025,04,27,20,54,臺中市,大里區,0,3,0,7,1,6,40,4,1,1,5,4,6,6,1,1,10,5,5,2,17,2,9,1,1,C03,7,9,1,10,2,11,,7,7,1,13,4,120.689884,24.092757,2
10182,66000,387130000C,(04)23274275,(04)23288582,2025,04,27,20,55,臺中市,北屯區,0,1,0,7,1,6,50,5,1,1,5,4,6,6,4,4,10,5,5,2,16,3,10,3,1,B03,7,6,1,8,2,4,,20,20,1,12,4,120.704797,24.169239,2
10183,66000,387130000C,(04)23274275,(04)23288582,2025,04,27,20,57,臺中市,潭子區,0,0,0,7,,,50,,,,,,,,,,,,,,,,,,,B12,,,1,,2,,,49,49,1,13,4,120.676419,24.204206,3
10184,66000,387130000C,(04)23274275,(04)23288582,2025,04,27,21,6,臺中市,北區,0,0,0,7,1,6,50,3,2,1,5,4,6,6,4,4,10,4,5,2,17,3,10,5,1,F03,7,9,1,8,7,11,,59,59,1,12,4,120.696202,24.155735,3
10185,66000,387130000C,(04)23274275,(04)23288582,2025,04,27,21,11,臺中市,中區,0,2,0,7,1,6,50,3,1,1,5,4,6,6,1,1,5,4,4,2,3,2,9,2,1,C03,7,9,1,10,2,11,,84,84,1,12,4,120.679311,24.147979,2
10186,66000,387130000C,(04)23274275,(04)23288582,2025,04,27,21,37,臺中市,東區,0,1,0,7,1,6,50,3,2,1,5,4,6,6,2,1,1,2,4,2,13,3,10,3,1,B12,7,9,1,8,2,8,,59,59,1,12,4,120.690203,24.12893,2
10187,66000,387130000C,(04)23274275,(04)23288582,2025,04,27,21,41,臺中市,中區,0,1,0,7,1,6,50,4,1,1,5,4,6,6,1,1,10,5,5,2,16,3,10,5,4,B03,7,6,1,8,2,2,,11,11,1,13,4,120.678815,24.147178,2
10188,66000,387130000C,(04)23274275,(04)23288582,2025,04,27,21,43,臺中市,烏日區,0,0,0,6,,,50,,,,,,,,,,,,,,,,,,,B03,,,1,,2,,,8,8,1,9,4,120.614232,24.106696,3
10189,66000,387130000C,(04)23274275,(04)23288582,2025,04,27,21,44,臺中市,北區,0,0,0,7,,,50,,,,,,,,,,,,,,13,,,,,B03,,,1,,1,,,84,84,1,12,4,120.680749,24.163059,3
10190,66000,387130000C,(04)23274275,(04)23288582,2025,04,27,21,47,臺中市,潭子區,0,0,0,7,,,50,,,,,,,,,,,,,,,,,,,C03,,,1,,1,,,8,8,1,13,4,120.707202,24.200122,3
10191,66000,387130000C,(04)23274275,(04)23288582,2025,04,27,21,54,臺中市,沙鹿區,0,2,0,6,1,6,50,13,9,1,5,4,6,6,4,4,8,3,5,2,17,2,9,5,4,C03,7,6,1,10,2,14,,20,20,1,13,4,120.575635,24.226201,2
10192,66000,387130000C,(04)23274275,(04)23288582,2025,04,27,22,2,臺中市,北屯區,0,0,0,7,,,50,,,,,,,,,,,,,,13,,,,,B12,,,1,,1,,,59,59,1,13,4,120.671553,24.173934,3
10193,66000,387130000C,(04)23274275,(04)23288582,2025,04,27,22,6,臺中市,北屯區,0,1,0,6,1,6,50,4,1,1,5,4,6,6,1,1,10,5,5,2,15,2,9,5,4,C03,7,9,2,19,2,11,,21,21,1,12,4,120.724519,24.169472,2
10194,66000,387130000C,(04)23274275,(04)23288582,2025,04,27,22,12,臺中市,霧峰區,0,1,0,7,1,6,60,3,2,1,5,4,6,6,1,1,1,3,4,1,17,2,9,1,1,C03,7,9,1,10,2,11,,59,59,1,6,4,120.696173,24.018854,2
10195,66000,387130000C,(04)23274275,(04)23288582,2025,04,27,22,21,臺中市,西屯區,0,2,0,7,1,6,50,4,1,1,5,4,6,6,3,1,10,5,5,2,15,2,9,2,1,C03,7,9,1,10,2,11,,24,24,1,13,4,120.638376,24.177292,2
10196,66000,387130000C,(04)23274275,(04)23288582,2025,04,27,22,27,臺中市,西區,0,3,0,7,1,6,50,4,1,1,5,4,6,6,4,4,5,5,5,1,15,2,7,2,1,C03,7,9,1,10,2,11,,15,15,1,13,4,120.660215,24.149024,2
10197,66000,387130000C,(04)23274275,(04)23288582,2025,04,27,22,28,臺中市,沙鹿區,0,0,0,7,,,60,,,,,,,,,,,,,,13,,,,,B03,,,1,,1,,,7,7,1,6,4,120.597051,24.250335,3
10198,66000,387130000C,(04)23274275,(04)23288582,2025,04,27,22,41,臺中市,東區,0,2,0,7,1,6,50,13,9,1,5,4,6,6,4,4,9,5,5,2,12,2,9,2,1,C03,7,9,1,10,2,12,,7,7,1,6,4,120.685757,24.133606,2
10199,66000,387130000C,(04)23274275,(04)23288582,2025,04,27,22,58,臺中市,西區,0,0,0,7,,,30,,,,,,,,,,,,,,,,,,,B12,,,1,,1,,,59,59,1,12,4,120.661128,24.160284,3
10200,66000,387130000C,(04)23274275,(04)23288582,2025,04,27,23,3,臺中市,西屯區,0,2,0,7,2,6,50,13,7,1,5,4,6,6,4,4,9,5,4,2,16,3,10,3,4,B03,7,11,1,8,2,4,,84,84,1,12,4,120.591862,24.178278,2
10201,66000,387130000C,(04)23274275,(04)23288582,2025,04,27,23,12,臺中市,北區,0,3,0,7,1,6,50,4,1,1,5,4,6,6,3,1,5,5,5,2,15,2,9,1,1,C03,7,9,1,10,2,15,,24,24,1,12,4,120.683663,24.160335,2
10202,66000,387130000C,(04)23274275,(04)23288582,2025,04,27,23,26,臺中市,沙鹿區,0,0,0,6,,,50,,,,,,,,,,,,,,,,,,,B03,,,1,,2,,,49,49,1,13,4,120.562635,24.23739,3
10203,66000,387130000C,(04)23274275,(04)23288582,2025,04,27,23,28,臺中市,梧棲區,0,2,0,7,1,6,50,4,1,1,5,4,6,6,3,1,10,5,5,2,15,2,9,3,1,B03,7,9,1,8,2,1,,24,24,1,6,4,120.542156,24.240742,2
10204,66000,387130000C,(04)23274275,(04)23288582,2025,04,27,23,33,臺中市,北區,0,0,0,7,,,50,,,,,,,,,,,,,,12,,,,,C03,,,1,,1,,,87,87,2,12,4,120.68616,24.146227,3
10205,66000,387130000C,(04)23274275,(04)23288582,2025,04,27,23,41,臺中市,西屯區,0,0,0,7,,,60,,,,,,,,,,,,,,12,,,,,B03,,,1,,1,,,26,26,1,12,4,120.587928,24.192681,3
10206,66000,387130000C,(04)23274275,(04)23288582,2025,04,28,0,0,臺中市,北區,0,1,0,7,1,6,40,13,8,1,5,4,6,6,4,4,1,4,4,2,17,2,9,1,1,C03,7,9,1,10,2,12,,59,59,1,13,4,120.694715,24.157071,2
10207,66000,387130000C,(04)23274275,(04)23288582,2025,04,28,0,6,臺中市,西屯區,0,0,0,7,,,50,,,,,,,,,,,,,,13,,,,,C03,,,1,,1,,,7,7,1,13,4,120.618484,24.177855,3
10208,66000,387130000C,(04)23274275,(04)23288582,2025,04,28,0,50,臺中市,霧峰區,0,0,0,7,,,50,,,,,,,,,,,,,,,,,,,B03,,,1,,2,,,87,87,1,12,4,120.66177,24.055553,3
10209,66000,387130000C,(04)23274275,(04)23288582,2025,04,28,0,50,臺中市,烏日區,0,0,0,6,,,50,,,,,,,,,,,,,,,,,,,B03,,,1,,2,,,49,49,1,12,4,120.600575,24.110988,3
10210,66000,387130000C,(04)23274275,(04)23288582,2025,04,28,2,1,臺中市,大里區,0,0,0,7,,,50,,,,,,,,,,,,,,,,,,,B03,,,3,,2,,,55,55,1,12,4,120.693438,24.094045,3
10211,66000,387130000C,(04)23274275,(04)23288582,2025,04,28,2,20,臺中市,大雅區,0,0,0,5,,,60,,,,,,,,,,,,,,13,,,,,B03,,,1,,1,,,7,7,1,12,4,120.647789,24.220428,3
10212,66000,387130000C,(04)23274275,(04)23288582,2025,04,28,3,43,臺中市,北區,0,1,0,5,1,6,40,13,8,1,4,4,6,6,1,1,5,5,4,2,13,2,9,1,1,C03,7,9,3,19,2,11,,84,84,1,12,4,120.663774,24.162241,2
10213,66000,387130000C,(04)23274275,(04)23288582,2025,04,28,4,1,臺中市,西區,0,1,0,5,1,6,40,13,8,1,4,4,6,6,4,4,1,4,4,2,17,2,9,2,1,C03,7,9,1,10,9,11,,59,59,2,12,4,120.657579,24.145784,2
10214,66000,387130000C,(04)23274275,(04)23288582,2025,04,28,6,10,臺中市,大里區,1,0,0,5,2,6,50,4,1,1,4,4,6,6,1,1,10,5,5,2,2,3,10,3,1,B03,7,6,1,8,2,1,,10,10,1,12,4,120.681845,24.102716,1
10215,66000,387130000C,(04)23274275,(04)23288582,2025,04,28,6,14,臺中市,北屯區,0,0,0,5,,,50,,,,,,,,,,,,,,17,,,,,B03,,,5,,11,,,59,59,1,12,4,120.662795,24.188226,3
10216,66000,387130000C,(04)23274275,(04)23288582,2025,04,28,6,19,臺中市,大里區,0,0,0,7,,,50,,,,,,,,,,,,,,,,,,,C03,,,1,,2,,,7,7,1,12,4,120.684759,24.106866,3
10217,66000,387130000C,(04)23274275,(04)23288582,2025,04,28,6,53,臺中市,神岡區,0,1,0,5,1,6,40,13,9,1,4,4,6,6,4,4,10,5,5,1,17,2,9,1,4,C03,7,12,1,10,2,12,,7,7,1,12,4,120.674091,24.243629,2
10218,66000,387130000C,(04)23274275,(04)23288582,2025,04,28,6,55,臺中市,大里區,0,1,0,5,2,6,50,4,1,1,4,4,6,6,4,4,10,5,5,2,15,3,10,2,1,C03,7,9,1,10,2,12,,15,15,1,6,4,120.692738,24.089035,2
10219,66000,387130000C,(04)23274275,(04)23288582,2025,04,28,6,57,臺中市,神岡區,0,0,0,5,,,50,,,,,,,,,,,,,,13,,,,,B12,,,1,,1,,,59,59,1,13,4,120.668507,24.278909,3
10220,66000,387130000C,(04)23274275,(04)23288582,2025,04,28,7,1,臺中市,西屯區,0,1,0,5,2,6,50,4,2,1,4,4,6,6,1,1,5,5,4,2,18,2,9,5,4,C03,7,15,1,10,2,14,,59,59,1,13,4,120.634169,24.16351,2
10221,66000,387130000C,(04)23274275,(04)23288582,2025,04,28,7,2,臺中市,東區,0,1,0,5,2,6,50,4,1,1,4,4,6,6,1,1,10,5,5,2,13,3,10,3,1,B03,7,9,1,8,2,5,,7,7,1,12,4,120.697296,24.147958,2
10222,66000,387130000C,(04)23274275,(04)23288582,2025,04,28,7,5,臺中市,太平區,0,1,0,5,2,6,50,3,1,1,4,4,6,6,4,4,10,5,5,2,17,3,10,3,1,B03,7,6,1,8,2,8,,14,14,1,12,4,120.716297,24.116175,2
10223,66000,387130000C,(04)23274275,(04)23288582,2025,04,28,7,6,臺中市,龍井區,0,1,0,5,2,6,40,13,8,1,4,4,6,6,4,4,3,4,3,1,18,2,9,2,1,C03,7,9,1,10,2,14,,43,43,1,6,4,120.581612,24.188081,2
10224,66000,387130000C,(04)23274275,(04)23288582,2025,04,28,7,7,臺中市,太平區,0,2,0,5,3,6,30,3,9,1,4,4,6,6,4,4,10,5,5,2,16,2,9,2,1,C03,7,6,5,19,2,11,,12,12,1,12,4,120.702363,24.111228,2
10225,66000,387130000C,(04)23274275,(04)23288582,2025,04,28,7,9,臺中市,北區,0,1,0,5,2,6,40,13,8,1,4,4,6,6,4,4,1,4,4,2,18,2,9,1,1,C03,7,9,1,10,2,12,,84,84,1,12,4,120.699618,24.15952,2
10226,66000,387130000C,(04)23274275,(04)23288582,2025,04,28,7,9,臺中市,豐原區,0,0,0,5,,,50,,,,,,,,,,,,,,13,,,,,B03,,,1,,1,,,84,84,1,12,4,120.701696,24.249482,3
10227,66000,387130000C,(04)23274275,(04)23288582,2025,04,28,7,10,臺中市,沙鹿區,0,0,0,5,,,50,,,,,,,,,,,,,,17,,,,,B12,,,1,,2,,,8,8,1,6,4,120.562807,24.236011,3
10228,66000,387130000C,(04)23274275,(04)23288582,2025,04,28,7,14,臺中市,霧峰區,0,0,0,5,,,70,,,,,,,,,,,,,,,,,,,B03,,,1,,2,,,7,7,1,6,4,120.664014,24.078943,3
10229,66000,387130000C,(04)23274275,(04)23288582,2025,04,28,7,17,臺中市,北區,0,4,0,5,3,6,50,13,9,1,4,4,6,6,1,1,3,2,4,1,13,2,9,5,4,B03,7,9,1,8,2,1,,7,7,1,13,4,120.67676,24.156825,2
10230,66000,387130000C,(04)23274275,(04)23288582,2025,04,28,7,17,臺中市,北屯區,0,0,0,5,,,50,,,,,,,,,,,,,,13,,,,,B12,,,1,,1,,,59,59,1,12,4,120.727338,24.175656,3
10231,66000,387130000C,(04)23274275,(04)23288582,2025,04,28,7,23,臺中市,中區,0,1,0,5,2,6,50,4,1,1,4,4,6,6,2,1,10,5,5,2,16,3,10,5,1,B03,7,5,1,8,2,2,,11,11,1,6,4,120.677875,24.143777,2
10232,66000,387130000C,(04)23274275,(04)23288582,2025,04,28,7,24,臺中市,西屯區,0,0,0,5,,,30,,,,,,,,,,,,,,,,,,,B03,,,1,,1,,,58,58,1,13,4,120.643892,24.196792,3
10233,66000,387130000C,(04)23274275,(04)23288582,2025,04,28,7,25,臺中市,北屯區,0,0,0,5,,,50,,,,,,,,,,,,,,13,,,,,B03,,,1,,1,,,7,7,1,6,4,120.723366,24.181592,3
10234,66000,387130000C,(04)23274275,(04)23288582,2025,04,28,7,25,臺中市,和平區,0,1,0,5,2,6,30,3,1,1,4,4,6,6,3,1,10,5,5,2,17,3,10,3,1,B03,7,6,1,8,2,16,,11,11,1,6,4,120.999247,24.202609,2
10235,66000,387130000C,(04)23274275,(04)23288582,2025,04,28,7,29,臺中市,西屯區,0,0,0,5,,,30,,,,,,,,,,,,,,30,,,,,B03,,,1,,2,,,43,43,1,12,4,120.658236,24.20494,3
10236,66000,387130000C,(04)23274275,(04)23288582,2025,04,28,7,31,臺中市,西區,0,0,0,5,,,50,,,,,,,,,,,,,,,,,,,B03,,,1,,1,,,51,51,1,12,4,120.6775,24.137187,3
10237,66000,387130000C,(04)23274275,(04)23288582,2025,04,28,7,33,臺中市,大里區,0,1,0,5,2,6,40,4,1,1,4,4,6,6,4,4,10,5,5,1,16,3,10,1,1,C03,7,5,1,10,2,12,,84,84,1,12,4,120.687891,24.094591,2
10238,66000,387130000C,(04)23274275,(04)23288582,2025,04,28,7,34,臺中市,潭子區,0,1,0,6,3,6,0,13,12,1,4,4,6,6,4,4,1,4,4,1,17,3,10,3,1,B03,7,14,3,19,2,4,,76,76,1,13,4,120.687462,24.216279,2
10239,66000,387130000C,(04)23274275,(04)23288582,2025,04,28,7,35,臺中市,北區,0,0,0,5,,,50,,,,,,,,,,,,,,,,,,,B03,,,1,,1,,,7,7,1,12,4,120.678687,24.159177,3
10240,66000,387130000C,(04)23274275,(04)23288582,2025,04,28,7,35,臺中市,大甲區,0,1,0,5,2,6,50,4,1,1,4,4,6,6,1,1,10,5,5,2,3,3,10,3,1,B03,7,9,1,8,2,2,,10,10,1,6,4,120.622631,24.342402,2
10241,66000,387130000C,(04)23274275,(04)23288582,2025,04,28,7,36,臺中市,北區,0,0,0,5,,,50,,,,,,,,,,,,,,,,,,,B03,,,1,,1,,,7,7,1,12,4,120.678785,24.159186,4
10242,66000,387130000C,(04)23274275,(04)23288582,2025,04,28,7,36,臺中市,北區,0,1,0,5,2,6,30,13,9,1,4,4,6,6,4,4,10,5,5,2,16,3,10,3,1,B03,7,5,1,8,2,2,,20,20,1,12,4,120.674212,24.165189,2
10243,66000,387130000C,(04)23274275,(04)23288582,2025,04,28,7,36,臺中市,大里區,0,1,0,5,3,6,50,4,2,1,4,4,6,6,1,1,1,3,4,1,16,3,10,3,1,B03,7,5,1,8,2,6,,11,11,1,12,4,120.688743,24.081692,2
10244,66000,387130000C,(04)23274275,(04)23288582,2025,04,28,7,39,臺中市,南屯區,0,2,0,5,2,6,50,4,1,1,4,4,6,6,1,1,10,5,5,2,17,2,8,2,1,C03,7,5,1,10,2,12,,11,11,1,12,4,120.636216,24.134376,2
10245,66000,387130000C,(04)23274275,(04)23288582,2025,04,28,7,40,臺中市,大雅區,0,1,0,5,3,6,50,13,9,1,4,4,6,6,4,4,4,5,5,1,17,2,9,1,1,C03,7,9,1,10,2,12,,7,7,1,13,4,120.603177,24.219906,2
10246,66000,387130000C,(04)23274275,(04)23288582,2025,04,28,7,40,臺中市,東區,0,1,0,7,2,6,50,4,1,1,4,4,6,6,1,1,10,5,5,2,17,3,10,1,1,C03,7,9,1,10,1,16,,8,8,1,12,4,120.710405,24.140847,2
10247,66000,387130000C,(04)23274275,(04)23288582,2025,04,28,7,40,臺中市,大甲區,0,0,0,5,,,50,,,,,,,,,,,,,,13,,,,,B03,,,1,,2,,,7,7,1,12,4,120.611221,24.348278,3
10248,66000,387130000C,(04)23274275,(04)23288582,2025,04,28,7,41,臺中市,北屯區,0,0,0,5,,,50,,,,,,,,,,,,,,12,,,,,B03,,,1,,2,,,35,35,1,6,4,120.686482,24.196581,3
10249,66000,387130000C,(04)23274275,(04)23288582,2025,04,28,7,41,臺中市,西屯區,0,1,0,5,2,6,30,13,9,1,4,4,6,6,4,4,10,5,5,2,18,2,9,1,1,C03,7,9,1,10,2,16,,84,84,1,12,4,120.612812,24.16626,2
10250,66000,387130000C,(04)23274275,(04)23288582,2025,04,28,7,42,臺中市,北屯區,0,0,0,7,,,80,,,,,,,,,,,,,,,,,,,B03,,,1,,1,,,40,40,1,13,4,120.718145,24.160207,3
10251,66000,387130000C,(04)23274275,(04)23288582,2025,04,28,7,44,臺中市,南區,0,1,0,5,2,6,40,13,8,1,4,4,6,6,4,4,3,4,4,2,18,2,9,2,1,C03,7,9,1,10,2,14,,84,84,1,13,4,120.663189,24.12419,2
10252,66000,387130000C,(04)23274275,(04)23288582,2025,04,28,7,45,臺中市,北區,0,1,0,5,3,6,50,4,2,1,4,4,6,6,4,4,5,4,4,2,17,2,9,5,4,C03,7,1,1,10,2,12,,12,12,1,13,4,120.68321,24.158872,2
10253,66000,387130000C,(04)23274275,(04)23288582,2025,04,28,7,45,臺中市,神岡區,0,1,0,5,2,6,50,4,1,1,4,4,6,6,3,1,10,5,5,2,15,2,9,5,4,C03,7,9,1,10,2,12,,20,20,1,13,4,120.707216,24.260367,2
10254,66000,387130000C,(04)23274275,(04)23288582,2025,04,28,7,46,臺中市,北屯區,0,0,0,5,,,50,,,,,,,,,,,,,,13,,,,,B03,,,1,,1,,,7,7,1,6,4,120.69028,24.182434,3
10255,66000,387130000C,(04)23274275,(04)23288582,2025,04,28,7,47,臺中市,北屯區,0,1,0,7,3,6,50,13,7,1,5,4,6,6,4,4,5,5,4,2,18,2,9,1,1,C03,7,9,1,10,2,11,,84,84,1,12,4,120.684281,24.175992,2
10256,66000,387130000C,(04)23274275,(04)23288582,2025,04,28,7,47,臺中市,大里區,0,1,0,5,2,6,50,13,9,1,4,4,6,6,4,4,5,5,5,1,18,2,9,2,1,C03,7,9,1,10,2,12,,84,84,1,6,4,120.701747,24.096085,2
10257,66000,387130000C,(04)23274275,(04)23288582,2025,04,28,7,47,臺中市,清水區,0,0,0,6,,,70,,,,,,,,,,,,,,13,,,,,A41,,,1,,1,,,7,7,1,6,4,120.551849,24.29361,3
10258,66000,387130000C,(04)23274275,(04)23288582,2025,04,28,7,48,臺中市,北區,0,1,0,5,2,6,50,4,2,1,4,4,6,6,1,1,10,4,5,2,18,2,9,1,1,C03,7,9,1,10,2,12,,84,84,1,12,4,120.689527,24.146928,2
10259,66000,387130000C,(04)23274275,(04)23288582,2025,04,28,7,49,臺中市,南區,0,0,0,5,,,50,,,,,,,,,,,,,,17,,,,,B03,,,1,,1,,,84,84,1,12,4,120.669997,24.122365,3
10260,66000,387130000C,(04)23274275,(04)23288582,2025,04,28,7,53,臺中市,北屯區,0,0,0,5,,,50,,,,,,,,,,,,,,13,,,,,C03,,,1,,1,,,7,7,1,12,4,120.70365,24.175061,3
10261,66000,387130000C,(04)23274275,(04)23288582,2025,04,28,7,55,臺中市,潭子區,0,0,0,7,,,30,,,,,,,,,,,,,,14,,,,,B12,,,1,,1,,,49,49,1,13,4,120.715121,24.19087,3
10262,66000,387130000C,(04)23274275,(04)23288582,2025,04,28,7,55,臺中市,南區,0,1,0,5,3,6,50,4,1,1,4,4,6,6,4,4,10,5,5,2,18,2,8,5,4,C03,7,9,1,10,2,12,,84,84,1,12,4,120.683099,24.131563,2
10263,66000,387130000C,(04)23274275,(04)23288582,2025,04,28,7,57,臺中市,豐原區,0,2,0,5,2,6,50,4,1,1,4,4,6,6,1,1,5,5,4,2,12,2,8,5,4,C03,7,9,1,10,2,12,,84,84,1,13,4,120.705954,24.254439,2