序號,縣市別代碼,機關代碼,市話,傳真,年,月,日,時,分,縣市,區,死亡數量,受傷數量,2-30,天候,道路照明設備,道路類別,道路速限,道路型態,事故位置,路面鋪裝,路面狀態,路面缺陷,障礙物,視距,號誌種類,號誌動作,分向設施,快車道或一般車道間,快慢車道間,路面邊線,事故類型及型態,受傷程度,主要傷處,保護裝備,行動電話或功能裝置,當事者區分（類別）,車輛用途,當事者行動狀態,駕照狀態,駕照種類,飲酒情形,車輛撞擊部位最初,車輛撞擊部位其他,肇事因素個別,肇事因素主要,肇事逃逸,職業,共享經濟或外送平台,GPS座標X,GPS座標Y,事故類別
10373,66000,387130000C,(04)23274275,(04)23288582,2025,04,28,10,40,臺中市,大里區,0,0,0,5,,,30,,,,,,,,,,,,,,,,,,,B03,,,1,,2,,,43,43,1,12,4,120.679174,24.116497,3
10374,66000,387130000C,(04)23274275,(04)23288582,2025,04,28,10,40,臺中市,太平區,0,2,0,5,2,6,30,3,1,1,4,4,6,6,4,4,10,5,5,2,11,2,9,1,1,C03,7,9,1,10,2,14,,41,41,1,12,4,120.732368,24.109478,2
10375,66000,387130000C,(04)23274275,(04)23288582,2025,04,28,10,41,臺中市,大肚區,0,0,0,7,,,30,,,,,,,,,,,,,,15,,,,,C03,,,1,,2,,,20,20,1,6,4,120.544822,24.155872,3
10376,66000,387130000C,(04)23274275,(04)23288582,2025,04,28,10,47,臺中市,西屯區,0,1,0,5,2,6,40,13,8,1,4,4,6,6,4,4,1,4,1,2,17,3,10,5,4,B02,7,1,1,7,2,4,,51,51,1,12,4,120.624761,24.206697,2
10377,66000,387130000C,(04)23274275,(04)23288582,2025,04,28,10,48,臺中市,南區,0,0,0,5,,,50,,,,,,,,,,,,,,13,,,,,B03,,,1,,1,,,84,84,1,13,4,120.65048,24.120185,3
10378,66000,387130000C,(04)23274275,(04)23288582,2025,04,28,10,50,臺中市,南區,0,1,0,5,2,6,50,4,1,1,4,4,6,6,2,1,3,4,5,2,18,2,9,2,1,C03,7,9,1,10,2,12,,84,84,1,13,4,120.659927,24.110903,2
10379,66000,387130000C,(04)23274275,(04)23288582,2025,04,28,10,50,臺中市,西屯區,0,2,0,5,2,6,50,4,1,1,4,4,6,6,4,4,10,5,5,2,15,2,9,1,1,C03,7,9,1,10,1,11,,15,15,1,12,4,120.618585,24.175495,2
10380,66000,387130000C,(04)23274275,(04)23288582,2025,04,28,10,51,臺中市,西區,0,0,0,5,,,50,,,,,,,,,,,,,,,,,,,B03,,,1,,2,,,7,7,1,13,4,120.661176,24.150598,3
10381,66000,387130000C,(04)23274275,(04)23288582,2025,04,28,10,52,臺中市,大甲區,0,1,0,5,2,6,50,4,1,1,4,4,6,6,1,1,10,5,5,2,15,2,9,2,1,C03,7,9,1,10,2,12,,21,21,1,6,4,120.620102,24.350746,2
10382,66000,387130000C,(04)23274275,(04)23288582,2025,04,28,10,59,臺中市,西屯區,0,1,0,5,2,6,30,4,1,1,4,4,6,6,4,4,10,5,5,2,17,3,10,5,4,B12,7,5,1,8,2,16,,14,14,1,13,4,120.618093,24.162507,2
10383,66000,387130000C,(04)23274275,(04)23288582,2025,04,28,11,5,臺中市,南區,0,0,0,5,,,,,,,,,,,,,,,,,17,,,,,,,,,,,,,119,119,1,,,120.669344,24.117594,4
10384,66000,387130000C,(04)23274275,(04)23288582,2025,04,28,11,5,臺中市,西屯區,0,1,0,7,1,6,50,13,9,1,5,4,6,6,4,4,8,5,5,1,17,2,9,5,4,C03,7,1,1,10,2,12,,51,51,1,13,4,120.661308,24.16524,2
10385,66000,387130000C,(04)23274275,(04)23288582,2025,04,28,11,9,臺中市,梧棲區,0,0,0,5,,,40,,,,,,,,,,,,,,16,,,,,B03,,,1,,1,,,59,59,1,6,4,120.53503,24.249037,3
10386,66000,387130000C,(04)23274275,(04)23288582,2025,04,28,11,11,臺中市,西屯區,0,0,0,5,,,50,,,,,,,,,,,,,,17,,,,,A12,,,1,,1,,,68,68,1,13,4,120.596978,24.169662,3
10387,66000,387130000C,(04)23274275,(04)23288582,2025,04,28,11,12,臺中市,神岡區,0,0,0,5,,,40,,,,,,,,,,,,,,14,,,,,B12,,,,,2,,,49,49,1,12,4,120.656265,24.258691,3
10388,66000,387130000C,(04)23274275,(04)23288582,2025,04,28,11,20,臺中市,北區,0,0,0,5,,,50,,,,,,,,,,,,,,16,,,,,B12,,,1,,1,,,51,51,1,13,4,120.676718,24.167109,3
10389,66000,387130000C,(04)23274275,(04)23288582,2025,04,28,11,20,臺中市,東區,0,1,0,5,2,6,50,13,9,1,4,4,6,6,4,4,5,5,5,2,12,3,10,1,1,C03,7,9,1,10,2,14,,8,8,1,12,4,120.699444,24.147921,2
10390,66000,387130000C,(04)23274275,(04)23288582,2025,04,28,11,20,臺中市,西屯區,0,0,0,5,,,50,,,,,,,,,,,,,,,,,,,A31,,,1,,1,,,47,47,1,13,4,120.605379,24.154478,3
10391,66000,387130000C,(04)23274275,(04)23288582,2025,04,28,11,28,臺中市,北區,0,1,0,7,2,6,50,4,9,1,4,4,6,6,4,4,5,5,5,2,17,2,9,5,1,C03,7,9,1,10,2,13,,42,42,1,13,4,120.668656,24.171724,2
10392,66000,387130000C,(04)23274275,(04)23288582,2025,04,28,11,29,臺中市,東區,0,0,0,7,,,50,,,,,,,,,,,,,,17,,,,,B03,,,1,,2,,,84,84,1,12,4,120.687565,24.143022,3
10393,66000,387130000C,(04)23274275,(04)23288582,2025,04,28,11,30,臺中市,南屯區,0,0,0,7,,,40,,,,,,,,,,,,,,12,,,,,A12,,,1,,2,,,8,8,1,12,4,120.636929,24.146768,3
10394,66000,387130000C,(04)23274275,(04)23288582,2025,04,28,11,30,臺中市,大里區,0,1,0,6,3,6,50,13,7,1,4,4,6,6,4,4,1,4,4,1,13,3,10,1,1,C03,7,9,1,10,2,11,,59,59,1,12,4,120.663815,24.08611,2
10395,66000,387130000C,(04)23274275,(04)23288582,2025,04,28,11,32,臺中市,北屯區,0,1,0,5,2,6,40,13,7,1,4,4,6,6,4,4,5,5,4,2,17,3,10,3,1,B03,7,1,1,8,9,16,,85,85,1,13,4,120.681171,24.192627,2
10396,66000,387130000C,(04)23274275,(04)23288582,2025,04,28,11,35,臺中市,神岡區,0,0,0,7,,,50,,,,,,,,,,,,,,17,,,,,B03,,,1,,1,,,50,50,1,13,4,120.660222,24.257511,3
10397,66000,387130000C,(04)23274275,(04)23288582,2025,04,28,11,38,臺中市,東區,0,0,0,7,,,50,,,,,,,,,,,,,,12,,,,,C03,,,1,,1,,,40,40,1,13,4,120.701285,24.137121,3
10398,66000,387130000C,(04)23274275,(04)23288582,2025,04,28,11,39,臺中市,大里區,0,0,0,7,,,60,,,,,,,,,,,,,,,,,,,A11,,,1,,9,,,7,7,1,12,4,120.681612,24.104988,3
10399,66000,387130000C,(04)23274275,(04)23288582,2025,04,28,11,40,臺中市,北屯區,0,0,0,7,,,50,,,,,,,,,,,,,,,,,,,C03,,,1,,1,,,7,7,1,13,4,120.664102,24.185949,3
10400,66000,387130000C,(04)23274275,(04)23288582,2025,04,28,11,40,臺中市,西屯區,0,1,0,5,1,6,40,3,1,1,4,4,6,6,4,4,10,5,5,2,18,2,9,1,1,C03,7,9,1,10,9,14,,84,84,1,12,4,120.616987,24.181904,2
10401,66000,387130000C,(04)23274275,(04)23288582,2025,04,28,11,43,臺中市,北屯區,0,0,0,5,,,50,,,,,,,,,,,,,,17,,,,,B03,,,1,,1,,,58,58,1,6,4,120.696492,24.179845,3
10402,66000,387130000C,(04)23274275,(04)23288582,2025,04,28,11,43,臺中市,大里區,0,1,0,5,2,6,50,3,1,1,4,4,6,6,4,4,10,5,5,2,17,3,10,3,1,B03,7,6,1,8,2,1,,84,84,1,13,4,120.692394,24.091319,2
10403,66000,387130000C,(04)23274275,(04)23288582,2025,04,28,11,45,臺中市,大里區,0,0,0,5,,,80,,,,,,,,,,,,,,,,,,,B03,,,1,,2,,,84,84,1,12,4,120.695052,24.108523,3
10404,66000,387130000C,(04)23274275,(04)23288582,2025,04,28,11,45,臺中市,霧峰區,0,1,0,6,2,6,50,13,9,1,4,4,6,6,4,4,5,5,5,2,17,3,10,3,1,B03,7,6,1,8,2,16,,42,42,1,6,4,120.700019,24.067954,2
10405,66000,387130000C,(04)23274275,(04)23288582,2025,04,28,11,45,臺中市,烏日區,0,0,0,7,,,30,,,,,,,,,,,,,,15,,,,,C03,,,1,,2,,,15,15,1,6,4,120.648758,24.066942,3
10406,66000,387130000C,(04)23274275,(04)23288582,2025,04,28,11,46,臺中市,大里區,0,0,0,5,,,80,,,,,,,,,,,,,,,,,,,B03,,,1,,2,,,7,7,1,12,4,120.695197,24.108539,3
10407,66000,387130000C,(04)23274275,(04)23288582,2025,04,28,11,55,臺中市,大里區,0,1,0,6,3,6,50,11,7,1,4,4,6,6,4,4,1,4,4,2,17,3,10,3,1,B03,7,7,1,8,2,2,,20,20,1,12,4,120.687725,24.094825,2
10408,66000,387130000C,(04)23274275,(04)23288582,2025,04,28,11,56,臺中市,梧棲區,0,0,0,5,,,60,,,,,,,,,,,,,,12,,,,,A41,,,1,,2,,,8,8,1,12,4,120.524591,24.223089,3
10409,66000,387130000C,(04)23274275,(04)23288582,2025,04,28,11,58,臺中市,南屯區,0,0,0,5,,,50,,,,,,,,,,,,,,9,,,,,C03,,,1,,1,,,59,59,1,6,4,120.649697,24.148942,4
10410,66000,387130000C,(04)23274275,(04)23288582,2025,04,28,11,58,臺中市,北屯區,0,0,0,5,,,50,,,,,,,,,,,,,,,,,,,C03,,,1,,1,,,46,46,1,12,4,120.719412,24.176317,3
10411,66000,387130000C,(04)23274275,(04)23288582,2025,04,28,12,0,臺中市,中區,0,2,0,6,1,6,50,4,2,1,5,4,6,6,2,1,5,4,5,1,13,3,10,3,1,A02,7,1,1,2,2,5,,51,51,1,13,4,120.681796,24.144577,2
10412,66000,387130000C,(04)23274275,(04)23288582,2025,04,28,12,0,臺中市,大里區,0,1,0,5,3,6,50,4,2,1,4,4,6,6,1,1,5,5,5,1,18,2,9,1,1,C03,7,9,3,19,2,14,,43,43,1,12,4,120.701635,24.085979,2
10413,66000,387130000C,(04)23274275,(04)23288582,2025,04,28,12,0,臺中市,太平區,0,0,0,6,2,6,30,13,9,1,4,4,6,6,4,4,10,5,5,2,17,3,10,3,1,A12,7,9,1,1,2,8,,8,8,1,6,4,120.70723,24.154289,3
10414,66000,387130000C,(04)23274275,(04)23288582,2025,04,28,12,0,臺中市,大甲區,0,1,0,5,3,6,50,5,2,1,4,4,6,6,4,4,10,5,5,2,18,2,8,1,1,C03,7,9,3,19,2,14,,59,59,1,12,4,120.623259,24.344566,2
10415,66000,387130000C,(04)23274275,(04)23288582,2025,04,28,12,2,臺中市,西屯區,0,1,0,5,2,6,50,13,9,1,4,4,6,6,4,4,1,4,5,2,12,3,10,1,4,C03,7,7,1,10,2,12,,20,20,1,12,4,120.646478,24.16364,2
10416,66000,387130000C,(04)23274275,(04)23288582,2025,04,28,12,5,臺中市,大里區,0,1,0,5,2,6,50,3,1,1,4,4,6,6,4,4,10,5,5,2,14,3,10,3,1,B03,7,2,1,8,2,6,,49,49,1,6,4,120.700829,24.08847,2
10417,66000,387130000C,(04)23274275,(04)23288582,2025,04,28,12,5,臺中市,太平區,0,1,0,6,2,6,50,13,9,1,5,4,6,6,4,4,9,4,5,1,17,3,10,1,1,C03,7,9,1,10,2,15,,85,85,1,12,4,120.725323,24.144704,2
10418,66000,387130000C,(04)23274275,(04)23288582,2025,04,28,12,6,臺中市,南屯區,0,1,0,5,3,6,40,13,9,1,4,4,6,6,4,4,10,5,5,1,17,3,10,5,4,B13,7,2,1,8,2,5,,49,49,1,6,4,120.620215,24.136739,2
10419,66000,387130000C,(04)23274275,(04)23288582,2025,04,28,12,9,臺中市,太平區,0,1,0,6,3,6,50,13,9,1,5,4,6,6,4,4,5,5,5,1,18,2,9,2,1,C03,7,9,1,10,2,14,,84,84,1,12,4,120.724547,24.141045,2
10420,66000,387130000C,(04)23274275,(04)23288582,2025,04,28,12,9,臺中市,沙鹿區,0,0,0,5,,,1,,,,,,,,,,,,,,14,,,,,B12,,,1,,1,,,49,49,1,6,4,120.550092,24.217249,3
10421,66000,387130000C,(04)23274275,(04)23288582,2025,04,28,12,10,臺中市,北屯區,0,0,0,5,,,50,,,,,,,,,,,,,,12,,,,,B03,,,1,,2,,,35,35,1,12,4,120.686561,24.196487,3
10422,66000,387130000C,(04)23274275,(04)23288582,2025,04,28,12,17,臺中市,北屯區,0,0,0,7,,,50,,,,,,,,,,,,,,14,,,,,B03,,,1,,1,,,49,49,1,12,4,120.719341,24.174749,3
10423,66000,387130000C,(04)23274275,(04)23288582,2025,04,28,12,20,臺中市,北屯區,0,1,0,5,2,6,50,3,1,1,4,4,6,6,2,1,10,5,5,2,18,2,9,1,1,C03,7,12,1,10,2,12,,84,84,1,12,4,120.744086,24.185738,2
10424,66000,387130000C,(04)23274275,(04)23288582,2025,04,28,12,20,臺中市,神岡區,0,1,0,5,2,6,50,4,2,1,4,4,6,6,2,1,10,5,5,2,13,2,9,5,4,C03,7,9,1,10,2,11,14,59,59,1,13,4,120.698059,24.248559,2
10425,66000,387130000C,(04)23274275,(04)23288582,2025,04,28,12,27,臺中市,南屯區,0,1,0,5,2,6,50,4,2,1,4,4,6,6,2,1,1,4,5,2,17,2,9,2,1,C03,7,9,1,10,2,12,,84,84,1,12,4,120.622882,24.145285,2
10426,66000,387130000C,(04)23274275,(04)23288582,2025,04,28,12,27,臺中市,北屯區,0,0,0,7,,,50,,,,,,,,,,,,,,,,,,,B03,,,1,,2,,,49,49,1,13,4,120.676225,24.176607,3
10427,66000,387130000C,(04)23274275,(04)23288582,2025,04,28,12,28,臺中市,南區,0,1,0,6,2,6,50,4,1,1,4,4,6,6,1,1,9,4,4,2,13,2,9,2,1,C03,7,9,1,10,2,11,,7,7,1,13,4,120.663897,24.124894,2
10428,66000,387130000C,(04)23274275,(04)23288582,2025,04,28,12,28,臺中市,沙鹿區,0,0,0,5,,,50,,,,,,,,,,,,,,,,,,,B03,,,1,,1,,,59,59,1,6,4,120.560653,24.240296,3
10429,66000,387130000C,(04)23274275,(04)23288582,2025,04,28,12,30,臺中市,西區,0,1,0,6,2,6,50,4,1,1,5,4,6,6,4,4,10,5,5,2,15,3,10,3,1,B03,7,9,1,8,2,1,,15,15,1,12,4,120.664322,24.149036,2
10430,66000,387130000C,(04)23274275,(04)23288582,2025,04,28,12,31,臺中市,神岡區,0,0,0,5,,,50,,,,,,,,,,,,,,13,,,,,B12,,,1,,1,,,7,7,1,12,4,120.698667,24.248729,3
10431,66000,387130000C,(04)23274275,(04)23288582,2025,04,28,12,33,臺中市,霧峰區,0,0,0,5,,,30,,,,,,,,,,,,,,16,,,,,B03,,,1,,2,,,84,84,1,12,4,120.700487,24.063349,3
10432,66000,387130000C,(04)23274275,(04)23288582,2025,04,28,12,34,臺中市,南屯區,0,1,0,5,2,6,60,13,9,1,4,4,6,6,2,1,4,3,5,1,18,2,9,1,1,C03,7,9,1,10,2,16,,59,59,1,12,4,120.646639,24.147129,2
10433,66000,387130000C,(04)23274275,(04)23288582,2025,04,28,12,35,臺中市,烏日區,0,0,0,7,,,60,,,,,,,,,,,,,,12,,,,,B03,,,1,,1,,,40,40,1,6,4,120.637556,24.107794,3
10434,66000,387130000C,(04)23274275,(04)23288582,2025,04,28,12,38,臺中市,西區,0,0,0,7,,,30,,,,,,,,,,,,,,,,,,,C03,,,1,,1,,,49,49,1,6,4,120.665529,24.150186,3
10435,66000,387130000C,(04)23274275,(04)23288582,2025,04,28,12,38,臺中市,南屯區,0,1,0,5,2,6,50,4,1,1,4,4,6,6,4,4,5,4,4,2,17,3,10,3,1,B03,7,9,1,8,2,16,,12,12,1,12,4,120.638688,24.148775,2
10436,66000,387130000C,(04)23274275,(04)23288582,2025,04,28,12,38,臺中市,北屯區,0,1,0,5,2,6,50,4,1,1,4,4,6,6,1,1,10,5,5,2,16,3,10,3,1,B03,7,11,1,8,2,4,,45,45,1,6,4,120.681545,24.171111,2
10437,66000,387130000C,(04)23274275,(04)23288582,2025,04,28,12,40,臺中市,神岡區,0,0,0,7,,,50,,,,,,,,,,,,,,17,,,,,A12,,,1,,2,,,76,76,1,13,4,120.700503,24.27415,3
10438,66000,387130000C,(04)23274275,(04)23288582,2025,04,28,12,47,臺中市,太平區,0,0,0,5,2,6,50,3,2,1,4,4,6,6,4,4,5,5,5,2,17,3,10,3,1,B12,7,6,1,8,1,8,,48,48,1,6,4,120.714804,24.113161,3
10439,66000,387130000C,(04)23274275,(04)23288582,2025,04,28,12,50,臺中市,潭子區,0,0,0,5,,,40,,,,,,,,,,,,,,,,,,,B03,,,1,,2,,,49,49,1,13,4,120.704792,24.215174,3
10440,66000,387130000C,(04)23274275,(04)23288582,2025,04,28,12,52,臺中市,南屯區,0,1,0,5,2,6,40,13,8,1,4,4,6,6,2,1,5,5,5,2,13,2,9,2,1,C03,7,9,1,10,2,11,,84,84,1,13,4,120.612557,24.138414,2
10441,66000,387130000C,(04)23274275,(04)23288582,2025,04,28,12,57,臺中市,北區,0,0,0,7,,,30,,,,,,,,,,,,,,,,,,,B03,,,1,,2,,,45,45,1,12,4,120.683812,24.151871,3
10442,66000,387130000C,(04)23274275,(04)23288582,2025,04,28,12,59,臺中市,南屯區,0,1,0,5,3,6,50,13,8,1,4,4,6,6,4,4,5,5,4,2,17,3,10,5,4,B03,7,7,1,8,2,6,,40,40,1,6,4,120.634773,24.154719,2
10443,66000,387130000C,(04)23274275,(04)23288582,2025,04,28,13,0,臺中市,西屯區,0,0,0,7,,,50,,,,,,,,,,,,,,,,,,,B03,,,1,,2,,,47,47,1,12,4,120.638827,24.180171,3
10444,66000,387130000C,(04)23274275,(04)23288582,2025,04,28,13,0,臺中市,太平區,0,0,0,7,,,50,,,,,,,,,,,,,,,,,,,C03,,,1,,1,,,7,7,1,12,4,120.718665,24.127441,3
10445,66000,387130000C,(04)23274275,(04)23288582,2025,04,28,13,0,臺中市,烏日區,0,1,0,7,2,6,70,13,8,1,5,4,6,6,4,4,1,4,4,1,17,3,10,3,1,B03,7,7,1,8,2,16,,40,40,1,6,4,120.609573,24.107625,2
10446,66000,387130000C,(04)23274275,(04)23288582,2025,04,28,13,0,臺中市,大肚區,0,1,0,5,3,6,50,11,9,1,4,4,6,6,4,4,4,5,5,2,18,2,9,2,1,C03,7,5,1,10,2,14,,59,59,1,6,4,120.554793,24.150328,2
10447,66000,387130000C,(04)23274275,(04)23288582,2025,04,28,13,4,臺中市,太平區,0,0,0,5,,,30,,,,,,,,,,,,,,17,,,,,B03,,,1,,2,,,84,84,1,12,4,120.726581,24.149549,3
10448,66000,387130000C,(04)23274275,(04)23288582,2025,04,28,13,5,臺中市,西區,0,1,0,5,1,6,50,4,2,1,4,4,6,6,4,4,10,5,5,2,17,3,10,5,4,B03,7,9,1,8,2,7,,84,84,1,12,4,120.659606,24.147935,2
10449,66000,387130000C,(04)23274275,(04)23288582,2025,04,28,13,12,臺中市,西屯區,0,1,0,5,2,6,35,3,1,1,4,4,6,6,4,4,10,5,5,1,18,2,9,5,4,C03,7,6,1,10,2,14,,84,84,1,13,4,120.62851,24.172851,2
10450,66000,387130000C,(04)23274275,(04)23288582,2025,04,28,13,13,臺中市,北屯區,0,1,0,6,2,6,50,4,1,1,4,4,6,6,2,1,10,5,5,2,18,2,9,1,1,C03,7,9,1,10,2,14,,84,84,1,12,4,120.690347,24.176911,2
10451,66000,387130000C,(04)23274275,(04)23288582,2025,04,28,13,20,臺中市,新社區,0,1,0,6,2,6,50,3,1,1,4,4,6,6,3,1,10,5,5,2,18,2,9,1,4,C03,7,5,1,10,2,12,,84,84,1,12,4,120.810156,24.234394,2
10452,66000,387130000C,(04)23274275,(04)23288582,2025,04,28,13,23,臺中市,龍井區,0,0,0,5,,,50,,,,,,,,,,,,,,,,,,,B03,,,6,,11,,,7,7,1,12,4,120.523577,24.20626,3
10453,66000,387130000C,(04)23274275,(04)23288582,2025,04,28,13,25,臺中市,西屯區,0,1,0,7,1,6,50,13,9,1,5,4,1,6,4,4,8,4,5,1,9,3,10,5,4,A02,7,15,1,2,1,2,,74,74,1,12,4,120.645039,24.181572,2
10454,66000,387130000C,(04)23274275,(04)23288582,2025,04,28,13,27,臺中市,北屯區,0,1,0,5,2,6,50,5,1,1,4,4,6,6,2,1,10,5,5,2,13,2,9,5,4,C03,7,9,1,10,2,15,,82,82,1,12,4,120.690323,24.183587,2
10455,66000,387130000C,(04)23274275,(04)23288582,2025,04,28,13,29,臺中市,大雅區,0,0,0,7,,,50,,,,,,,,,,,,,,,,,,,A12,,,1,,1,,,73,73,1,12,4,120.650397,24.244013,3
10456,66000,387130000C,(04)23274275,(04)23288582,2025,04,28,13,35,臺中市,北屯區,0,0,0,5,,,30,,,,,,,,,,,,,,17,,,,,C03,,,1,,2,,,59,59,1,6,4,120.667634,24.181188,3
10457,66000,387130000C,(04)23274275,(04)23288582,2025,04,28,13,36,臺中市,太平區,0,0,0,7,,,50,,,,,,,,,,,,,,17,,,,,A12,,,1,,9,,,51,51,1,12,4,120.723007,24.120231,3
10458,66000,387130000C,(04)23274275,(04)23288582,2025,04,28,13,39,臺中市,西屯區,0,0,0,5,,,30,,,,,,,,,,,,,,11,,,,,B03,,,1,,2,,,56,56,1,13,4,120.650754,24.20213,3
10459,66000,387130000C,(04)23274275,(04)23288582,2025,04,28,13,40,臺中市,東勢區,0,0,0,5,,,50,,,,,,,,,,,,,,,,,,,B12,,,1,,1,,,84,84,1,12,4,120.823622,24.261824,3
10460,66000,387130000C,(04)23274275,(04)23288582,2025,04,28,13,44,臺中市,北區,0,1,0,5,2,6,30,3,2,1,4,4,6,6,4,4,10,5,5,2,16,2,7,1,1,C03,7,6,1,10,1,11,,14,14,1,12,4,120.679434,24.168199,2
10461,66000,387130000C,(04)23274275,(04)23288582,2025,04,28,13,45,臺中市,大里區,0,1,0,5,3,6,50,5,1,1,4,4,6,6,1,1,1,3,4,1,16,3,10,3,1,B03,7,5,1,16,2,5,,84,84,1,6,4,120.690508,24.092811,2
10462,66000,387130000C,(04)23274275,(04)23288582,2025,04,28,13,50,臺中市,梧棲區,0,0,0,5,,,50,,,,,,,,,,,,,,16,,,,,B03,,,1,,1,,,14,14,1,6,4,120.530684,24.25346,3
10463,66000,387130000C,(04)23274275,(04)23288582,2025,04,28,13,57,臺中市,西屯區,0,0,0,7,,,,,,,,,,,,,,,,,,,,,,,,,,,,,,109,109,1,,,120.654495,24.158476,4
10464,66000,387130000C,(04)23274275,(04)23288582,2025,04,28,13,59,臺中市,北區,0,0,0,5,,,50,,,,,,,,,,,,,,,,,,,B03,,,1,,2,,,51,51,1,13,4,120.67521,24.173211,3
10465,66000,387130000C,(04)23274275,(04)23288582,2025,04,28,14,4,臺中市,東區,0,1,0,5,3,6,40,4,1,1,4,4,6,6,1,1,10,5,5,2,13,2,7,2,1,C03,7,9,1,10,2,11,,84,84,1,13,4,120.70128,24.142716,2
10466,66000,387130000C,(04)23274275,(04)23288582,2025,04,28,14,5,臺中市,潭子區,0,1,0,5,2,6,50,4,2,1,4,4,6,6,1,1,5,5,5,1,18,2,8,2,1,C03,7,9,1,10,2,16,,59,59,1,13,4,120.673913,24.209079,2
10467,66000,387130000C,(04)23274275,(04)23288582,2025,04,28,14,7,臺中市,東區,0,0,0,5,,,50,,,,,,,,,,,,,,,,,,,A21,,,1,,9,,,84,84,1,6,4,120.710504,24.149626,3
10468,66000,387130000C,(04)23274275,(04)23288582,2025,04,28,14,9,臺中市,太平區,0,0,0,7,,,50,,,,,,,,,,,,,,,,,,,A04,,,1,,2,,,59,59,1,12,4,120.733768,24.145877,3
10469,66000,387130000C,(04)23274275,(04)23288582,2025,04,28,14,10,臺中市,北區,0,0,0,7,,,50,,,,,,,,,,,,,,,,,,,B03,,,1,,1,,,84,84,1,12,4,120.691488,24.159901,3
10470,66000,387130000C,(04)23274275,(04)23288582,2025,04,28,14,14,臺中市,東區,0,1,0,5,2,6,50,4,1,1,4,4,6,6,1,1,10,5,5,2,16,3,10,3,1,B03,7,5,5,19,2,2,,11,11,1,12,4,120.698033,24.147964,2
10471,66000,387130000C,(04)23274275,(04)23288582,2025,04,28,14,18,臺中市,太平區,0,1,0,5,3,6,30,4,1,1,4,4,6,6,4,4,10,5,5,2,15,3,10,3,1,B12,7,9,1,7,2,1,,12,12,1,6,4,120.726031,24.136363,2
10472,66000,387130000C,(04)23274275,(04)23288582,2025,04,28,14,23,臺中市,南區,0,0,0,7,,,50,,,,,,,,,,,,,,16,,,,,B11,,,1,,2,,,11,11,1,12,4,120.656372,24.134367,4
10473,66000,387130000C,(04)23274275,(04)23288582,2025,04,28,14,23,臺中市,南區,0,0,0,7,,,50,,,,,,,,,,,,,,13,,,,,B03,,,1,,2,,,7,7,1,13,4,120.652498,24.122127,3
10474,66000,387130000C,(04)23274275,(04)23288582,2025,04,28,14,26,臺中市,北屯區,0,0,0,7,,,80,,,,,,,,,,,,,,,,,,,B12,,,1,,1,,,84,84,1,12,4,120.71921,24.16267,3
10475,66000,387130000C,(04)23274275,(04)23288582,2025,04,28,14,30,臺中市,西屯區,0,0,0,6,,,30,,,,,,,,,,,,,,17,,,,,B03,,,1,,2,,,43,43,1,12,4,120.650901,24.171836,3
10476,66000,387130000C,(04)23274275,(04)23288582,2025,04,28,14,30,臺中市,沙鹿區,0,1,0,6,2,6,40,13,8,1,4,4,6,6,4,4,1,4,4,2,18,2,8,1,1,C03,7,9,1,10,2,14,,59,59,1,6,4,120.565049,24.254895,2
10477,66000,387130000C,(04)23274275,(04)23288582,2025,04,28,14,36,臺中市,太平區,0,0,0,6,2,6,50,13,9,1,4,4,6,6,4,4,5,5,5,2,17,3,10,3,1,B03,7,1,5,8,1,8,,51,51,1,6,4,120.719096,24.147133,3
10478,66000,387130000C,(04)23274275,(04)23288582,2025,04,28,14,40,臺中市,大雅區,0,0,0,7,,,30,,,,,,,,,,,,,,,,,,,B12,,,1,,2,,,87,87,1,12,4,120.662874,24.220505,3
10479,66000,387130000C,(04)23274275,(04)23288582,2025,04,28,14,45,臺中市,西區,0,0,0,6,,,50,,,,,,,,,,,,,,12,,,,,B03,,,1,,11,,,40,40,2,13,4,120.661699,24.150845,3
10480,66000,387130000C,(04)23274275,(04)23288582,2025,04,28,14,45,臺中市,北區,0,1,0,7,2,6,50,3,1,1,5,4,6,6,3,1,5,5,5,2,16,2,9,5,4,C03,7,6,3,19,2,14,,38,38,1,13,4,120.676202,24.15937,2
10481,66000,387130000C,(04)23274275,(04)23288582,2025,04,28,14,45,臺中市,大里區,0,2,0,6,2,6,50,5,1,1,4,4,6,6,1,2,10,4,5,2,17,2,9,2,1,C03,7,6,5,19,4,14,,84,84,1,6,4,120.70051,24.093814,2
10482,66000,387130000C,(04)23274275,(04)23288582,2025,04,28,14,47,臺中市,西區,0,1,0,7,1,6,50,4,1,1,5,4,6,6,1,1,10,5,5,1,17,3,10,5,4,B03,7,5,1,8,2,2,,87,87,1,12,4,120.674207,24.148426,2
10483,66000,387130000C,(04)23274275,(04)23288582,2025,04,28,14,49,臺中市,南屯區,0,1,0,6,2,6,50,4,1,1,4,4,6,6,2,1,3,4,4,2,12,3,10,3,1,B03,7,5,1,8,2,8,,11,11,1,12,4,120.634261,24.144182,2