序號,縣市別代碼,機關代碼,市話,傳真,年,月,日,時,分,縣市,區,死亡數量,受傷數量,2-30,天候,道路照明設備,道路類別,道路速限,道路型態,事故位置,路面鋪裝,路面狀態,路面缺陷,障礙物,視距,號誌種類,號誌動作,分向設施,快車道或一般車道間,快慢車道間,路面邊線,事故類型及型態,受傷程度,主要傷處,保護裝備,行動電話或功能裝置,當事者區分（類別）,車輛用途,當事者行動狀態,駕照狀態,駕照種類,飲酒情形,車輛撞擊部位最初,車輛撞擊部位其他,肇事因素個別,肇事因素主要,肇事逃逸,職業,共享經濟或外送平台,GPS座標X,GPS座標Y,事故類別
10705,66000,387130000C,(04)23274275,(04)23288582,2025,04,29,7,54,臺中市,北屯區,0,1,0,7,2,6,50,3,1,1,5,4,6,6,4,4,1,4,5,2,16,3,10,5,4,B12,7,5,1,8,2,4,,14,14,1,12,4,120.701388,24.180469,2
10706,66000,387130000C,(04)23274275,(04)23288582,2025,04,29,7,55,臺中市,南屯區,0,0,0,7,,,50,,,,,,,,,,,,,,13,,,,,B03,,,1,,1,,,7,7,1,12,4,120.650432,24.140381,3
10707,66000,387130000C,(04)23274275,(04)23288582,2025,04,29,7,55,臺中市,南屯區,0,0,0,7,,,50,,,,,,,,,,,,,,13,,,,,B12,,,1,,1,,,7,7,1,12,4,120.62267,24.140394,3
10708,66000,387130000C,(04)23274275,(04)23288582,2025,04,29,7,56,臺中市,大里區,0,2,0,7,2,6,50,4,1,1,5,4,6,6,4,4,10,5,5,2,17,2,9,2,1,C03,7,6,1,10,2,14,,20,20,1,6,4,120.699244,24.092258,2
10709,66000,387130000C,(04)23274275,(04)23288582,2025,04,29,7,57,臺中市,豐原區,0,2,0,7,3,6,50,4,1,1,5,4,6,6,2,1,5,5,4,2,15,2,9,1,1,C03,7,9,1,10,2,11,,21,21,1,12,4,120.716464,24.260541,2
10710,66000,387130000C,(04)23274275,(04)23288582,2025,04,29,7,58,臺中市,梧棲區,0,1,0,7,2,6,60,3,1,1,5,4,6,6,1,1,10,5,5,2,17,3,10,3,1,B03,7,6,1,8,2,16,,11,11,1,12,4,120.530405,24.221232,2
10711,66000,387130000C,(04)23274275,(04)23288582,2025,04,29,7,59,臺中市,南區,0,1,0,7,2,6,50,4,1,1,5,4,6,6,2,1,10,5,5,2,16,3,10,3,1,B03,7,6,1,8,1,2,,11,11,1,12,4,120.670156,24.112764,2
10712,66000,387130000C,(04)23274275,(04)23288582,2025,04,29,8,0,臺中市,潭子區,0,0,0,7,,,50,,,,,,,,,,,,,,12,,,,,C03,,,1,,1,,,8,8,1,13,4,120.688022,24.215939,3
10713,66000,387130000C,(04)23274275,(04)23288582,2025,04,29,8,5,臺中市,梧棲區,0,1,0,7,2,6,60,4,1,1,5,4,6,6,2,1,10,5,5,2,16,3,10,3,1,B03,7,5,1,8,2,5,,47,47,1,12,4,120.53486,24.246247,2
10714,66000,387130000C,(04)23274275,(04)23288582,2025,04,29,8,6,臺中市,沙鹿區,0,1,0,7,2,6,50,3,1,1,5,4,6,6,4,4,10,5,5,2,13,4,11,1,1,C03,7,9,1,10,2,11,,7,7,1,5,4,120.57416,24.228522,2
10715,66000,387130000C,(04)23274275,(04)23288582,2025,04,29,8,8,臺中市,潭子區,0,1,0,6,2,6,40,13,9,1,5,4,5,5,4,4,1,4,4,1,13,2,8,2,1,C03,7,9,1,10,2,11,,7,7,1,12,4,120.709417,24.233576,2
10716,66000,387130000C,(04)23274275,(04)23288582,2025,04,29,8,8,臺中市,大甲區,0,0,0,7,3,5,50,13,9,1,2,4,6,6,4,4,8,4,5,1,13,3,10,5,4,B03,7,9,1,8,1,1,,7,7,1,12,4,120.633713,24.344722,3
10717,66000,387130000C,(04)23274275,(04)23288582,2025,04,29,8,10,臺中市,南屯區,0,2,0,7,2,6,40,4,1,1,5,4,6,6,2,2,1,4,5,2,15,2,9,2,1,C03,7,9,1,10,2,11,,24,24,1,12,4,120.596491,24.153245,2
10718,66000,387130000C,(04)23274275,(04)23288582,2025,04,29,8,10,臺中市,太平區,0,0,0,7,,,50,,,,,,,,,,,,,,16,,,,,B03,,,1,,2,,,39,39,1,12,4,120.70643,24.12442,3
10719,66000,387130000C,(04)23274275,(04)23288582,2025,04,29,8,14,臺中市,西屯區,0,0,0,7,,,50,,,,,,,,,,,,,,13,,,,,B12,,,1,,1,,,84,84,1,13,4,120.629247,24.163799,3
10720,66000,387130000C,(04)23274275,(04)23288582,2025,04,29,8,15,臺中市,西屯區,0,0,0,7,,,50,,,,,,,,,,,,,,,,,,,B03,,,1,,1,,,7,7,1,12,4,120.61978,24.180941,3
10721,66000,387130000C,(04)23274275,(04)23288582,2025,04,29,8,15,臺中市,西屯區,0,0,0,7,,,50,,,,,,,,,,,,,,12,,,,,C03,,,1,,1,,,8,8,1,12,4,120.650941,24.157743,3
10722,66000,387130000C,(04)23274275,(04)23288582,2025,04,29,8,20,臺中市,潭子區,0,0,0,7,,,30,,,,,,,,,,,,,,12,,,,,B03,,,1,,1,,,8,8,1,13,4,120.7032,24.20065,3
10723,66000,387130000C,(04)23274275,(04)23288582,2025,04,29,8,20,臺中市,西屯區,0,0,0,7,,,50,,,,,,,,,,,,,,13,,,,,C03,,,1,,1,,,7,7,1,12,4,120.614668,24.179427,3
10724,66000,387130000C,(04)23274275,(04)23288582,2025,04,29,8,20,臺中市,沙鹿區,0,0,0,7,,,50,,,,,,,,,,,,,,11,,,,,B03,,,1,,2,,,84,84,1,12,4,120.566741,24.227114,3
10725,66000,387130000C,(04)23274275,(04)23288582,2025,04,29,8,22,臺中市,北區,0,1,0,7,2,6,40,4,2,1,5,4,6,6,1,1,2,4,4,2,16,3,10,3,1,B03,7,5,1,8,2,5,,11,11,1,11,4,120.685583,24.155927,2
10726,66000,387130000C,(04)23274275,(04)23288582,2025,04,29,8,22,臺中市,南屯區,0,0,0,7,,,50,,,,,,,,,,,,,,,,,,,B03,,,1,,2,,,14,14,1,12,4,120.650123,24.128518,3
10727,66000,387130000C,(04)23274275,(04)23288582,2025,04,29,8,24,臺中市,西區,0,0,0,7,,,50,,,,,,,,,,,,,,17,,,,,B03,,,1,,2,,,58,58,1,12,4,120.651504,24.145294,3
10728,66000,387130000C,(04)23274275,(04)23288582,2025,04,29,8,26,臺中市,南區,0,0,0,7,,,50,,,,,,,,,,,,,,13,,,,,B03,,,1,,1,,,84,84,1,13,4,120.657782,24.108938,3
10729,66000,387130000C,(04)23274275,(04)23288582,2025,04,29,8,29,臺中市,清水區,0,0,0,7,,,90,,,,,,,,,,,,,,12,,,,,B03,,,1,,2,,,7,7,1,13,4,120.56312,24.315978,3
10730,66000,387130000C,(04)23274275,(04)23288582,2025,04,29,8,32,臺中市,西區,0,1,0,7,2,6,50,13,9,1,5,4,6,6,4,4,9,5,5,2,18,2,9,1,1,C03,7,9,1,10,2,12,,43,43,1,6,4,120.673869,24.150084,2
10731,66000,387130000C,(04)23274275,(04)23288582,2025,04,29,8,40,臺中市,北區,0,2,0,7,3,6,50,4,2,1,5,4,6,6,1,1,5,4,5,2,17,2,9,5,4,C03,7,9,1,10,2,11,,21,21,1,13,4,120.669481,24.166726,2
10732,66000,387130000C,(04)23274275,(04)23288582,2025,04,29,8,42,臺中市,西屯區,0,1,0,7,2,6,50,4,1,1,5,4,6,6,2,1,1,4,1,2,12,2,9,5,4,C03,7,8,1,10,2,11,,2,2,1,13,4,120.626647,24.160056,2
10733,66000,387130000C,(04)23274275,(04)23288582,2025,04,29,8,44,臺中市,西區,0,1,0,7,1,6,50,4,1,1,5,4,6,6,4,4,5,5,5,2,17,2,9,5,4,C03,7,9,1,10,2,11,,84,84,1,12,4,120.6684,24.153074,2
10734,66000,387130000C,(04)23274275,(04)23288582,2025,04,29,8,45,臺中市,潭子區,0,2,0,7,2,6,50,3,1,1,5,4,6,6,1,1,10,5,5,1,15,2,8,2,1,C03,7,1,3,19,2,11,,51,51,1,12,4,120.710158,24.207951,2
10735,66000,387130000C,(04)23274275,(04)23288582,2025,04,29,8,46,臺中市,太平區,0,1,0,7,3,6,50,13,9,1,5,4,6,6,4,4,5,5,4,2,13,3,10,3,1,B03,7,9,1,10,2,1,,59,59,1,12,4,120.707907,24.159564,2
10736,66000,387130000C,(04)23274275,(04)23288582,2025,04,29,8,48,臺中市,大肚區,0,0,0,7,2,6,30,13,9,2,5,4,6,6,4,4,10,5,5,2,14,3,10,3,1,B03,7,2,1,8,2,4,,49,49,1,6,4,120.575593,24.172603,3
10737,66000,387130000C,(04)23274275,(04)23288582,2025,04,29,8,51,臺中市,北屯區,0,1,0,7,2,6,50,13,9,1,5,4,6,6,4,4,9,5,5,2,18,2,9,1,1,C03,7,9,1,10,1,12,,84,84,1,6,4,120.709164,24.180089,2
10738,66000,387130000C,(04)23274275,(04)23288582,2025,04,29,8,51,臺中市,西屯區,0,0,0,7,,,80,,,,,,,,,,,,,,,,,,,B03,,,1,,1,,,7,7,1,13,4,120.634948,24.179291,3
10739,66000,387130000C,(04)23274275,(04)23288582,2025,04,29,8,54,臺中市,霧峰區,0,1,0,7,2,6,50,4,1,1,5,4,6,6,4,4,10,5,5,2,12,2,9,2,1,C03,7,9,1,10,2,12,,84,84,1,6,4,120.698783,24.066213,2
10740,66000,387130000C,(04)23274275,(04)23288582,2025,04,29,8,56,臺中市,北屯區,0,1,0,7,1,6,50,13,7,1,5,4,6,6,4,4,3,4,4,2,13,2,9,1,1,C03,7,9,1,10,2,11,,84,84,1,13,4,120.686186,24.179651,2
10741,66000,387130000C,(04)23274275,(04)23288582,2025,04,29,8,56,臺中市,西屯區,0,0,0,7,,,60,,,,,,,,,,,,,,,,,,,B11,,,1,,1,,,7,7,1,12,4,120.637461,24.175243,3
10742,66000,387130000C,(04)23274275,(04)23288582,2025,04,29,8,57,臺中市,南屯區,0,1,0,7,2,6,30,3,1,1,5,4,6,6,4,4,10,5,5,2,16,3,10,2,1,C03,7,6,1,10,2,12,,14,14,1,13,4,120.613665,24.148248,2
10743,66000,387130000C,(04)23274275,(04)23288582,2025,04,29,8,58,臺中市,南屯區,0,0,0,7,,,50,,,,,,,,,,,,,,,,,,,B03,,,1,,2,,,59,59,1,12,4,120.616737,24.153384,3
10744,66000,387130000C,(04)23274275,(04)23288582,2025,04,29,9,2,臺中市,西屯區,0,1,0,7,2,6,50,4,1,1,5,4,6,6,1,1,5,5,5,2,16,3,10,3,1,B03,7,5,1,8,2,2,,47,47,1,12,4,120.644359,24.174696,2
10745,66000,387130000C,(04)23274275,(04)23288582,2025,04,29,9,5,臺中市,豐原區,0,2,0,7,1,6,50,4,1,1,5,4,6,6,1,1,5,4,4,2,17,2,9,1,1,C03,7,6,1,10,2,14,,48,48,1,6,4,120.71563,24.251408,2
10746,66000,387130000C,(04)23274275,(04)23288582,2025,04,29,9,9,臺中市,東區,0,1,0,7,2,6,50,3,1,1,5,4,6,6,1,1,10,5,5,2,16,3,10,3,1,B03,7,6,1,8,2,2,,11,11,1,12,4,120.699572,24.145331,2
10747,66000,387130000C,(04)23274275,(04)23288582,2025,04,29,9,11,臺中市,沙鹿區,0,0,0,7,,,50,,,,,,,,,,,,,,17,,,,,B12,,,1,,11,,,8,8,1,6,4,120.568431,24.22488,3
10748,66000,387130000C,(04)23274275,(04)23288582,2025,04,29,9,13,臺中市,西屯區,0,1,0,7,2,6,40,13,8,1,5,4,6,6,4,4,1,4,5,2,17,3,10,5,4,A02,7,7,1,2,1,16,,40,40,1,13,4,120.645588,24.165105,2
10749,66000,387130000C,(04)23274275,(04)23288582,2025,04,29,9,15,臺中市,西區,0,0,0,7,,,50,,,,,,,,,,,,,,17,,,,,C03,,,1,,1,,,84,84,1,12,2,120.660694,24.150638,3
10750,66000,387130000C,(04)23274275,(04)23288582,2025,04,29,9,17,臺中市,北屯區,0,0,0,7,,,50,,,,,,,,,,,,,,12,,,,,C03,,,1,,1,,,8,8,1,12,4,120.694117,24.164891,3
10751,66000,387130000C,(04)23274275,(04)23288582,2025,04,29,9,29,臺中市,豐原區,0,0,0,7,,,50,,,,,,,,,,,,,,13,,,,,B12,,,1,,2,,,56,56,1,12,4,120.751478,24.270954,3
10752,66000,387130000C,(04)23274275,(04)23288582,2025,04,29,9,34,臺中市,西屯區,0,0,0,7,,,50,,,,,,,,,,,,,,25,,,,,A11,,,1,,2,,,8,8,1,12,4,120.650879,24.166186,4
10753,66000,387130000C,(04)23274275,(04)23288582,2025,04,29,9,37,臺中市,霧峰區,0,0,0,7,,,40,,,,,,,,,,,,,,,,,,,B03,,,1,,2,,,7,7,1,13,4,120.699533,24.077863,3
10754,66000,387130000C,(04)23274275,(04)23288582,2025,04,29,9,42,臺中市,北屯區,0,0,0,7,,,50,,,,,,,,,,,,,,12,,,,,B03,,,1,,2,,,8,8,1,12,4,120.676136,24.200773,4
10755,66000,387130000C,(04)23274275,(04)23288582,2025,04,29,9,45,臺中市,南屯區,0,2,0,7,2,6,50,13,9,1,5,4,6,6,4,4,9,4,5,2,12,2,9,1,1,C03,7,9,1,10,2,14,,8,8,1,12,4,120.648167,24.123412,2
10756,66000,387130000C,(04)23274275,(04)23288582,2025,04,29,9,47,臺中市,梧棲區,0,2,0,7,2,6,50,3,1,1,5,4,6,6,4,4,10,5,5,2,15,2,9,1,1,F03,7,9,7,21,2,11,,12,12,1,12,4,120.537711,24.242736,2
10757,66000,387130000C,(04)23274275,(04)23288582,2025,04,29,9,48,臺中市,南區,0,1,0,7,3,6,40,13,7,1,5,4,6,6,4,4,9,4,4,2,17,3,10,5,4,B03,7,1,1,8,2,8,,51,51,1,12,4,120.664065,24.113589,2
10758,66000,387130000C,(04)23274275,(04)23288582,2025,04,29,9,49,臺中市,豐原區,0,1,0,7,1,6,50,5,1,1,5,4,6,6,1,1,1,4,4,1,17,3,10,1,4,C03,7,6,1,10,2,14,,84,84,1,12,4,120.709195,24.252817,2
10759,66000,387130000C,(04)23274275,(04)23288582,2025,04,29,9,52,臺中市,西屯區,0,0,0,7,,,50,,,,,,,,,,,,,,13,,,,,B03,,,1,,1,,,7,7,1,12,4,120.621613,24.186562,3
10760,66000,387130000C,(04)23274275,(04)23288582,2025,04,29,9,53,臺中市,神岡區,0,0,0,7,,,50,,,,,,,,,,,,,,13,,,,,B03,,,1,,2,,,59,59,1,13,4,120.695107,24.248232,3
10761,66000,387130000C,(04)23274275,(04)23288582,2025,04,29,9,55,臺中市,南區,0,2,0,7,2,6,50,4,1,1,5,4,6,6,4,4,5,5,4,2,13,2,9,2,1,C03,7,9,1,10,2,12,,84,84,1,13,4,120.664811,24.113723,2
10762,66000,387130000C,(04)23274275,(04)23288582,2025,04,29,9,55,臺中市,大里區,0,0,0,7,,,30,,,,,,,,,,,,,,,,,,,C03,,,1,,1,,,14,14,1,12,4,120.675824,24.087807,3
10763,66000,387130000C,(04)23274275,(04)23288582,2025,04,29,9,56,臺中市,西區,0,1,0,7,2,6,50,13,9,1,5,4,6,6,4,4,5,5,5,2,2,3,10,1,1,C03,7,9,1,10,2,11,,58,58,1,12,4,120.659568,24.147817,2
10764,66000,387130000C,(04)23274275,(04)23288582,2025,04,29,10,0,臺中市,太平區,0,0,0,7,,,50,,,,,,,,,,,,,,17,,,,,B12,,,1,,2,,,78,78,1,12,4,120.729866,24.155881,3
10765,66000,387130000C,(04)23274275,(04)23288582,2025,04,29,10,5,臺中市,北屯區,0,1,0,7,2,6,50,4,1,1,5,4,6,6,2,1,10,5,5,2,16,3,10,3,1,B03,7,5,1,8,2,2,,20,20,1,6,4,120.67965,24.172812,2
10766,66000,387130000C,(04)23274275,(04)23288582,2025,04,29,10,5,臺中市,北屯區,0,2,0,7,2,6,50,4,1,1,5,4,6,6,1,1,10,5,5,2,16,2,9,1,1,C03,7,9,1,10,2,11,,58,58,1,6,4,120.688004,24.174274,2
10767,66000,387130000C,(04)23274275,(04)23288582,2025,04,29,10,8,臺中市,南區,0,1,0,7,2,6,50,4,4,1,5,4,6,6,2,1,10,5,5,2,13,3,10,3,1,A11,7,9,1,3,2,5,,8,8,1,12,4,120.679389,24.118881,2
10768,66000,387130000C,(04)23274275,(04)23288582,2025,04,29,10,11,臺中市,大雅區,0,0,0,7,,,60,,,,,,,,,,,,,,,,,,,B03,,,1,,1,,,7,7,1,12,4,120.648436,24.218001,3
10769,66000,387130000C,(04)23274275,(04)23288582,2025,04,29,10,16,臺中市,中區,0,1,0,7,2,6,50,13,9,1,5,4,1,4,4,4,5,4,5,2,29,2,9,1,1,C03,7,9,1,10,2,14,,84,84,1,6,4,120.680572,24.141737,2
10770,66000,387130000C,(04)23274275,(04)23288582,2025,04,29,10,17,臺中市,霧峰區,0,2,0,7,2,6,40,13,9,1,5,4,6,6,4,4,10,5,5,2,17,2,7,2,1,C03,7,1,1,10,2,11,,51,51,1,12,4,120.696894,24.061272,2
10771,66000,387130000C,(04)23274275,(04)23288582,2025,04,29,10,20,臺中市,南屯區,0,1,0,7,2,6,50,5,1,1,5,4,6,6,1,1,10,5,5,2,17,3,10,3,1,B03,7,5,1,8,2,6,,84,84,1,12,4,120.654557,24.135258,2
10772,66000,387130000C,(04)23274275,(04)23288582,2025,04,29,10,20,臺中市,清水區,0,0,0,7,2,6,60,13,7,1,5,4,6,6,1,1,8,3,2,1,13,,,,,A12,,,1,,1,,,7,7,1,12,4,120.564734,24.271119,3
10773,66000,387130000C,(04)23274275,(04)23288582,2025,04,29,10,22,臺中市,北屯區,0,0,0,7,,,50,,,,,,,,,,,,,,23,,,,,B03,,,1,,2,,,59,59,1,12,4,120.686102,24.180218,3
10774,66000,387130000C,(04)23274275,(04)23288582,2025,04,29,10,25,臺中市,北屯區,0,0,0,7,,,50,,,,,,,,,,,,,,12,,,,,B03,,,1,,1,,,8,8,1,13,4,120.686271,24.191851,3
10775,66000,387130000C,(04)23274275,(04)23288582,2025,04,29,10,26,臺中市,南屯區,0,2,0,7,2,6,50,13,9,1,5,4,6,6,4,4,9,4,5,2,11,2,9,1,1,C03,7,11,1,10,2,12,,45,45,1,12,4,120.638832,24.142162,2
10776,66000,387130000C,(04)23274275,(04)23288582,2025,04,29,10,26,臺中市,西屯區,0,0,0,7,,,50,,,,,,,,,,,,,,17,,,,,B12,,,1,,1,,,50,50,1,13,4,120.628753,24.205347,3
10777,66000,387130000C,(04)23274275,(04)23288582,2025,04,29,10,29,臺中市,大肚區,0,1,0,7,3,6,30,13,9,1,5,4,6,6,4,4,10,5,5,1,11,3,10,3,1,B12,7,6,1,8,2,1,,20,20,1,6,4,120.53524,24.1713,2
10778,66000,387130000C,(04)23274275,(04)23288582,2025,04,29,10,30,臺中市,烏日區,0,1,0,7,2,6,50,13,8,1,5,4,6,6,4,4,1,4,4,1,18,2,9,1,1,C03,7,9,1,10,2,14,,84,84,1,6,4,120.635367,24.106711,2
10779,66000,387130000C,(04)23274275,(04)23288582,2025,04,29,10,38,臺中市,神岡區,0,0,0,7,,,50,,,,,,,,,,,,,,16,,,,,B12,,,1,,1,,,59,59,1,12,4,120.702897,24.277036,3
10780,66000,387130000C,(04)23274275,(04)23288582,2025,04,29,10,42,臺中市,西屯區,0,0,0,7,,,50,,,,,,,,,,,,,,,,,,,B03,,,1,,2,,,51,51,1,13,4,120.603811,24.185204,3
10781,66000,387130000C,(04)23274275,(04)23288582,2025,04,29,10,46,臺中市,烏日區,0,1,0,7,2,6,50,4,2,1,5,4,6,6,2,1,10,4,5,1,13,2,9,5,4,C03,7,8,1,10,2,14,,59,59,1,13,4,120.625772,24.110722,2
10782,66000,387130000C,(04)23274275,(04)23288582,2025,04,29,10,51,臺中市,西區,0,1,0,7,1,6,50,4,1,1,5,4,6,6,1,1,10,5,5,2,17,2,9,5,4,C03,7,9,1,10,2,12,,84,84,1,12,4,120.671994,24.135147,2
10783,66000,387130000C,(04)23274275,(04)23288582,2025,04,29,10,55,臺中市,北區,0,0,0,7,,,50,,,,,,,,,,,,,,12,,,,,B03,,,1,,2,,,8,8,1,13,4,120.686044,24.14636,3
10784,66000,387130000C,(04)23274275,(04)23288582,2025,04,29,10,57,臺中市,太平區,0,0,0,7,,,50,,,,,,,,,,,,,,13,,,,,C03,,,1,,1,,,7,7,1,12,4,120.700571,24.147974,3
10785,66000,387130000C,(04)23274275,(04)23288582,2025,04,29,10,58,臺中市,大里區,0,1,0,7,2,6,50,13,9,1,5,4,6,6,4,4,5,5,5,1,16,3,10,2,1,C03,7,6,1,10,2,14,,84,84,1,6,4,120.699423,24.089019,2
10786,66000,387130000C,(04)23274275,(04)23288582,2025,04,29,11,0,臺中市,大甲區,0,1,0,7,3,6,50,4,1,1,5,4,6,6,4,4,10,5,5,1,15,2,9,1,1,C03,7,9,1,10,2,11,,15,15,1,12,4,120.64426,24.405627,2
10787,66000,387130000C,(04)23274275,(04)23288582,2025,04,29,11,4,臺中市,梧棲區,0,0,0,7,,,50,,,,,,,,,,,,,,14,,,,,B03,,,1,,2,,,49,49,1,6,4,120.536724,24.260409,3
10788,66000,387130000C,(04)23274275,(04)23288582,2025,04,29,11,5,臺中市,潭子區,0,0,0,7,,,40,,,,,,,,,,,,,,,,,,,B03,,,1,,2,,,8,8,1,13,4,120.707498,24.201004,3
10789,66000,387130000C,(04)23274275,(04)23288582,2025,04,29,11,12,臺中市,大里區,0,0,0,7,,,30,,,,,,,,,,,,,,,,,,,C03,,,1,,2,,,14,14,1,13,4,120.696634,24.089109,3
10790,66000,387130000C,(04)23274275,(04)23288582,2025,04,29,11,16,臺中市,東區,0,1,0,7,2,6,50,5,1,1,5,4,6,6,1,1,10,5,5,2,16,2,9,1,1,C03,7,6,1,10,2,14,,25,25,1,12,4,120.693929,24.133105,2
10791,66000,387130000C,(04)23274275,(04)23288582,2025,04,29,11,17,臺中市,龍井區,0,0,0,7,2,6,50,4,2,1,5,4,6,6,2,1,1,2,1,2,13,3,10,3,1,B03,7,9,1,8,1,1,,56,56,1,6,4,120.585643,24.186015,3
10792,66000,387130000C,(04)23274275,(04)23288582,2025,04,29,11,19,臺中市,北區,0,0,0,7,,,50,,,,,,,,,,,,,,,,,,,B12,,,1,,1,,,8,8,1,12,4,120.684968,24.164854,3
10793,66000,387130000C,(04)23274275,(04)23288582,2025,04,29,11,20,臺中市,大里區,0,1,0,7,2,6,50,3,1,1,5,4,6,6,4,4,10,5,5,2,13,2,9,2,1,C03,7,9,1,10,2,14,,84,84,1,13,4,120.697408,24.094954,2
10794,66000,387130000C,(04)23274275,(04)23288582,2025,04,29,11,20,臺中市,梧棲區,0,1,0,7,2,6,40,4,1,1,5,4,6,6,4,4,10,5,5,2,16,3,10,3,1,B12,7,5,1,8,2,5,,11,11,1,12,4,120.52472,24.254396,2
10795,66000,387130000C,(04)23274275,(04)23288582,2025,04,29,11,21,臺中市,潭子區,0,0,0,7,,,50,,,,,,,,,,,,,,14,,,,,A31,,,1,,2,,,56,56,1,12,4,120.719179,24.210744,3
10796,66000,387130000C,(04)23274275,(04)23288582,2025,04,29,11,22,臺中市,神岡區,0,0,0,7,,,50,,,,,,,,,,,,,,13,,,,,B03,,,1,,2,,,59,59,1,13,4,120.696418,24.254456,3
10797,66000,387130000C,(04)23274275,(04)23288582,2025,04,29,11,24,臺中市,中區,0,0,0,7,,,50,,,,,,,,,,,,,,,,,,,B03,,,1,,1,,,49,49,1,12,4,120.682534,24.143102,3
10798,66000,387130000C,(04)23274275,(04)23288582,2025,04,29,11,25,臺中市,太平區,0,2,0,7,3,6,30,4,1,1,5,4,6,6,4,4,10,5,5,2,15,2,9,2,1,C03,7,9,1,10,2,11,,12,12,1,12,4,120.711724,24.151562,2
10799,66000,387130000C,(04)23274275,(04)23288582,2025,04,29,11,25,臺中市,大甲區,0,1,0,7,1,6,30,3,1,1,5,4,6,6,3,1,1,4,4,1,16,3,10,3,1,B12,7,6,1,8,2,7,,12,12,1,12,4,120.643191,24.421278,2
10800,66000,387130000C,(04)23274275,(04)23288582,2025,04,29,11,30,臺中市,北屯區,0,0,0,7,,,50,,,,,,,,,,,,,,12,,,,,B03,,,1,,2,,,59,59,1,12,4,120.706638,24.178217,3
10801,66000,387130000C,(04)23274275,(04)23288582,2025,04,29,11,32,臺中市,新社區,0,1,0,7,3,6,30,13,9,1,4,4,6,6,4,4,10,5,5,1,18,2,3,5,4,C03,7,9,1,10,2,14,,84,84,1,12,4,120.821238,24.21981,2
10802,66000,387130000C,(04)23274275,(04)23288582,2025,04,29,11,33,臺中市,大里區,0,0,0,7,,,50,,,,,,,,,,,,,,12,,,,,B02,,,1,,2,,,8,8,1,6,4,120.689778,24.116317,3
10803,66000,387130000C,(04)23274275,(04)23288582,2025,04,29,11,35,臺中市,東區,0,0,0,7,,,50,,,,,,,,,,,,,,13,,,,,A12,,,1,,1,,,84,84,1,12,4,120.710405,24.140847,3
10804,66000,387130000C,(04)23274275,(04)23288582,2025,04,29,11,37,臺中市,西區,0,0,0,7,,,50,,,,,,,,,,,,,,17,,,,,B13,,,1,,2,,,78,78,1,13,4,120.656765,24.144952,3
10805,66000,387130000C,(04)23274275,(04)23288582,2025,04,29,11,37,臺中市,南屯區,0,0,0,6,,,50,,,,,,,,,,,,,,,,,,,B03,,,1,,9,,,49,49,1,12,4,120.625623,24.113333,3
10806,66000,387130000C,(04)23274275,(04)23288582,2025,04,29,11,37,臺中市,西屯區,0,1,0,7,2,6,50,4,1,1,5,4,6,6,2,1,10,4,5,2,16,3,10,5,4,A12,7,5,1,2,2,2,,11,11,1,13,4,120.608771,24.155611,2
10807,66000,387130000C,(04)23274275,(04)23288582,2025,04,29,11,43,臺中市,北區,0,0,0,7,2,6,40,13,8,1,5,4,6,6,4,4,1,4,4,2,14,3,10,3,1,B03,7,2,1,8,2,3,,49,49,1,12,4,120.678411,24.151612,3
10808,66000,387130000C,(04)23274275,(04)23288582,2025,04,29,11,46,臺中市,東區,0,1,0,7,2,6,50,4,1,1,5,4,6,6,2,1,5,4,5,2,12,3,10,2,1,C03,7,9,1,10,2,13,,84,84,1,13,4,120.689186,24.142917,2
10809,66000,387130000C,(04)23274275,(04)23288582,2025,04,29,11,48,臺中市,西屯區,0,1,0,7,2,6,50,3,2,1,5,4,6,6,4,4,1,3,5,1,12,3,10,2,1,C03,7,9,1,9,2,14,,7,7,1,12,4,120.625804,24.181957,2
10810,66000,387130000C,(04)23274275,(04)23288582,2025,04,29,11,54,臺中市,大里區,0,0,0,7,,,50,,,,,,,,,,,,,,13,,,,,B03,,,3,,9,,,84,84,1,12,4,120.687697,24.085543,3
10811,66000,387130000C,(04)23274275,(04)23288582,2025,04,29,11,55,臺中市,南區,0,1,0,7,2,6,50,3,1,1,5,4,6,6,4,4,10,5,5,2,16,2,9,2,1,C03,7,4,1,10,2,11,12,1,1,1,12,4,120.646164,24.110961,2
10812,66000,387130000C,(04)23274275,(04)23288582,2025,04,29,12,0,臺中市,西屯區,0,0,0,7,,,50,,,,,,,,,,,,,,17,,,,,C03,,,1,,2,,,50,50,1,12,4,120.638176,24.181032,3
10813,66000,387130000C,(04)23274275,(04)23288582,2025,04,29,12,2,臺中市,太平區,0,0,0,7,,,50,,,,,,,,,,,,,,17,,,,,C03,,,5,,2,,,84,84,1,12,4,120.702003,24.148221,3
10814,66000,387130000C,(04)23274275,(04)23288582,2025,04,29,12,3,臺中市,西區,0,0,0,7,,,50,,,,,,,,,,,,,,,,,,,B03,,,1,,9,,,84,84,1,12,4,120.660304,24.149661,3
10815,66000,387130000C,(04)23274275,(04)23288582,2025,04,29,12,4,臺中市,神岡區,0,0,0,7,,,50,,,,,,,,,,,,,,24,,,,,A12,,,1,,2,,,84,84,1,12,4,120.656047,24.250347,3