序號,縣市別代碼,機關代碼,市話,傳真,年,月,日,時,分,縣市,區,死亡數量,受傷數量,2-30,天候,道路照明設備,道路類別,道路速限,道路型態,事故位置,路面鋪裝,路面狀態,路面缺陷,障礙物,視距,號誌種類,號誌動作,分向設施,快車道或一般車道間,快慢車道間,路面邊線,事故類型及型態,受傷程度,主要傷處,保護裝備,行動電話或功能裝置,當事者區分（類別）,車輛用途,當事者行動狀態,駕照狀態,駕照種類,飲酒情形,車輛撞擊部位最初,車輛撞擊部位其他,肇事因素個別,肇事因素主要,肇事逃逸,職業,共享經濟或外送平台,GPS座標X,GPS座標Y,事故類別
10816,66000,387130000C,(04)23274275,(04)23288582,2025,04,29,12,5,臺中市,北屯區,0,0,0,7,,,50,,,,,,,,,,,,,,17,,,,,A12,,,1,5,1,,,85,85,1,12,4,120.682419,24.201316,3
10817,66000,387130000C,(04)23274275,(04)23288582,2025,04,29,12,8,臺中市,北區,0,1,0,7,3,6,50,13,9,1,5,4,6,6,4,4,3,4,5,1,14,3,10,5,4,B01,7,2,1,4,2,3,,49,49,1,13,4,120.685079,24.151991,2
10818,66000,387130000C,(04)23274275,(04)23288582,2025,04,29,12,8,臺中市,梧棲區,0,0,0,7,,,50,,,,,,,,,,,,,,12,,,,,B12,,,1,,1,,,8,8,1,6,4,120.529736,24.254987,3
10819,66000,387130000C,(04)23274275,(04)23288582,2025,04,29,12,10,臺中市,大里區,0,1,0,7,2,6,50,4,1,1,5,4,6,6,2,1,5,5,5,1,16,2,8,1,1,C03,7,1,1,10,2,14,12,51,51,1,6,4,120.681096,24.115092,2
10820,66000,387130000C,(04)23274275,(04)23288582,2025,04,29,12,12,臺中市,西屯區,0,0,0,7,,,40,,,,,,,,,,,,,,14,,,,,B12,,,1,,1,,,49,49,1,13,4,120.660547,24.173388,3
10821,66000,387130000C,(04)23274275,(04)23288582,2025,04,29,12,13,臺中市,沙鹿區,0,0,0,7,,,50,,,,,,,,,,,,,,17,,,,,C03,,,1,,9,,,8,8,1,6,4,120.559327,24.235795,3
10822,66000,387130000C,(04)23274275,(04)23288582,2025,04,29,12,15,臺中市,龍井區,0,0,0,5,2,6,50,13,9,1,5,4,6,6,4,4,5,2,5,1,12,3,10,3,1,B03,7,4,1,8,1,2,,8,8,1,6,4,120.587338,24.181257,3
10823,66000,387130000C,(04)23274275,(04)23288582,2025,04,29,12,26,臺中市,豐原區,0,1,0,7,2,6,50,4,1,1,5,4,6,6,1,1,1,2,5,1,16,3,10,5,4,B03,7,6,1,6,2,8,,11,11,1,13,4,120.718917,24.243413,2
10824,66000,387130000C,(04)23274275,(04)23288582,2025,04,29,12,27,臺中市,霧峰區,0,0,0,7,,,50,,,,,,,,,,,,,,,,,,,C03,,,1,,1,,,7,7,1,13,4,120.686904,24.054043,3
10825,66000,387130000C,(04)23274275,(04)23288582,2025,04,29,12,30,臺中市,中區,0,0,0,7,,,50,,,,,,,,,,,,,,,,,,,B03,,,1,,1,,,84,84,1,6,4,120.677723,24.143965,3
10826,66000,387130000C,(04)23274275,(04)23288582,2025,04,29,12,31,臺中市,西屯區,0,2,0,7,2,6,30,3,1,1,5,4,6,6,4,4,10,5,5,2,16,2,9,1,1,C03,7,6,1,10,2,14,,12,12,1,13,4,120.636269,24.170119,2
10827,66000,387130000C,(04)23274275,(04)23288582,2025,04,29,12,36,臺中市,南區,0,1,0,7,2,6,50,4,1,1,5,4,6,6,4,4,10,5,5,2,15,2,9,1,1,C03,7,9,1,10,2,12,,15,15,1,12,4,120.654774,24.124504,2
10828,66000,387130000C,(04)23274275,(04)23288582,2025,04,29,12,40,臺中市,南屯區,0,0,0,7,,,50,,,,,,,,,,,,,,14,,,,,B03,,,1,,1,,,49,49,1,6,4,120.626061,24.148516,3
10829,66000,387130000C,(04)23274275,(04)23288582,2025,04,29,12,44,臺中市,太平區,0,0,0,7,2,6,50,,,,,,,,,,,,,,,,,,,B03,,,1,,1,2,,84,84,1,12,4,120.71637,24.144048,3
10830,66000,387130000C,(04)23274275,(04)23288582,2025,04,29,12,45,臺中市,烏日區,0,0,0,7,,,60,,,,,,,,,,,,,,9,,,,,A41,,,1,,1,,,85,85,1,6,4,120.648234,24.089927,3
10831,66000,387130000C,(04)23274275,(04)23288582,2025,04,29,12,53,臺中市,北區,0,1,0,7,2,6,30,4,2,1,5,4,6,6,4,4,10,5,5,2,17,3,10,3,1,B12,7,1,1,8,2,4,,51,51,1,13,4,120.674488,24.170722,2
10832,66000,387130000C,(04)23274275,(04)23288582,2025,04,29,12,53,臺中市,南屯區,0,0,0,7,,,50,,,,,,,,,,,,,,12,,,,,B03,,,1,,2,,,50,50,1,12,4,120.637143,24.142767,4
10833,66000,387130000C,(04)23274275,(04)23288582,2025,04,29,12,54,臺中市,東區,0,1,0,7,2,6,50,4,1,1,5,4,6,6,4,4,5,4,5,2,16,3,10,3,1,B03,7,5,1,8,2,4,,12,12,1,13,4,120.687323,24.141522,2
10834,66000,387130000C,(04)23274275,(04)23288582,2025,04,29,13,0,臺中市,南屯區,0,1,0,7,2,6,50,3,1,1,5,4,6,6,4,4,3,4,5,1,17,3,10,3,1,A12,7,5,1,3,2,8,,12,12,1,6,4,120.640289,24.149302,2
10835,66000,387130000C,(04)23274275,(04)23288582,2025,04,29,13,2,臺中市,西屯區,0,1,0,7,2,6,50,3,2,1,5,4,6,6,1,1,5,4,5,2,16,3,10,3,1,B03,7,11,5,19,2,4,,45,45,1,12,4,120.621499,24.186165,2
10836,66000,387130000C,(04)23274275,(04)23288582,2025,04,29,13,4,臺中市,北屯區,0,0,0,7,,,50,,,,,,,,,,,,,,17,,,,,C03,,,1,,2,,,58,58,1,6,4,120.69472,24.166269,3
10837,66000,387130000C,(04)23274275,(04)23288582,2025,04,29,13,12,臺中市,霧峰區,0,1,0,7,2,6,50,4,9,1,5,4,6,6,1,1,10,5,5,2,17,3,10,3,1,B03,7,5,1,8,2,2,,84,84,1,6,4,120.694288,24.066038,2
10838,66000,387130000C,(04)23274275,(04)23288582,2025,04,29,13,21,臺中市,大里區,0,2,0,7,2,6,50,4,1,1,5,4,6,6,4,4,10,5,5,2,15,2,9,2,1,C03,7,9,1,10,2,12,,15,15,1,6,4,120.713624,24.084654,2
10839,66000,387130000C,(04)23274275,(04)23288582,2025,04,29,13,22,臺中市,龍井區,0,0,0,7,2,6,50,4,2,1,5,4,6,6,4,4,5,2,5,1,12,3,10,3,1,B13,7,9,1,8,1,2,,84,84,1,6,4,120.583626,24.18098,3
10840,66000,387130000C,(04)23274275,(04)23288582,2025,04,29,13,39,臺中市,新社區,0,0,0,7,,,50,,,,,,,,,,,,,,13,,,,,B03,,,1,,2,,,7,7,1,13,4,120.806686,24.238265,3
10841,66000,387130000C,(04)23274275,(04)23288582,2025,04,29,13,47,臺中市,太平區,0,0,0,7,,,50,,,,,,,,,,,,,,17,,,,,C03,,,1,,2,,,84,84,1,12,4,120.716477,24.133588,3
10842,66000,387130000C,(04)23274275,(04)23288582,2025,04,29,13,48,臺中市,大安區,0,2,0,7,2,6,50,4,1,1,5,4,6,6,1,1,10,5,5,2,16,2,9,1,1,C03,7,9,3,19,2,12,11,21,21,1,6,4,120.586334,24.379545,2
10843,66000,387130000C,(04)23274275,(04)23288582,2025,04,29,13,51,臺中市,西區,0,0,0,7,,,50,,,,,,,,,,,,,,,,,,,B03,,,1,,1,,,49,49,1,12,4,120.655135,24.150315,3
10844,66000,387130000C,(04)23274275,(04)23288582,2025,04,29,13,56,臺中市,南區,0,0,0,7,,,50,,,,,,,,,,,,,,12,,,,,B03,,,1,,1,,,84,84,1,12,4,120.6702,24.118393,3
10845,66000,387130000C,(04)23274275,(04)23288582,2025,04,29,13,57,臺中市,西區,0,1,0,7,2,6,50,4,2,1,5,4,6,6,3,1,5,4,4,1,16,3,10,2,1,C03,7,6,1,10,2,14,,36,36,1,13,4,120.669804,24.148412,2
10846,66000,387130000C,(04)23274275,(04)23288582,2025,04,29,13,57,臺中市,清水區,0,0,0,7,2,6,60,4,1,1,5,4,6,6,1,3,8,3,4,1,12,,,,,B03,,,1,,1,,,8,8,1,12,4,120.548486,24.27851,3
10847,66000,387130000C,(04)23274275,(04)23288582,2025,04,29,14,3,臺中市,北屯區,0,0,0,7,,,40,,,,,,,,,,,,,,17,,,,,B03,,,1,,2,,,51,51,1,13,4,120.680353,24.183213,4
10848,66000,387130000C,(04)23274275,(04)23288582,2025,04,29,14,7,臺中市,南區,0,1,0,7,3,6,50,4,2,1,5,4,6,6,1,1,10,5,5,2,12,3,10,5,4,C03,7,15,1,10,2,14,,84,84,1,12,4,120.663897,24.124894,2
10849,66000,387130000C,(04)23274275,(04)23288582,2025,04,29,14,19,臺中市,北屯區,0,0,0,7,,,50,,,,,,,,,,,,,,13,,,,,C03,,,1,,1,,,84,84,1,12,4,120.685407,24.172252,3
10850,66000,387130000C,(04)23274275,(04)23288582,2025,04,29,14,20,臺中市,龍井區,0,0,0,7,,,30,,,,,,,,,,,,,,6,,,,,B12,,,1,,1,,,51,51,1,12,4,120.576877,24.181119,3
10851,66000,387130000C,(04)23274275,(04)23288582,2025,04,29,14,21,臺中市,東區,0,1,0,7,2,6,50,13,9,1,5,4,6,6,4,4,5,5,5,2,12,3,10,3,1,B03,7,1,1,8,2,8,,51,51,1,12,4,120.705121,24.135541,2
10852,66000,387130000C,(04)23274275,(04)23288582,2025,04,29,14,24,臺中市,北區,0,1,0,7,2,6,50,13,9,1,5,4,6,6,4,4,1,4,5,2,16,3,10,3,1,B03,7,5,1,8,2,2,,20,20,1,12,4,120.674891,24.163063,2
10853,66000,387130000C,(04)23274275,(04)23288582,2025,04,29,14,27,臺中市,南屯區,0,0,0,7,,,40,,,,,,,,,,,,,,14,,,,,B02,,,1,,1,,,49,49,1,6,4,120.628919,24.12275,3
10854,66000,387130000C,(04)23274275,(04)23288582,2025,04,29,14,31,臺中市,西屯區,0,0,0,7,,,50,,,,,,,,,,,,,,12,,,,,B03,,,1,,1,,,42,42,1,13,4,120.65069,24.175825,3
10855,66000,387130000C,(04)23274275,(04)23288582,2025,04,29,14,36,臺中市,南屯區,0,0,0,7,,,50,,,,,,,,,,,,,,,,,,,B03,,,1,,1,,,8,8,1,12,4,120.635422,24.146291,3
10856,66000,387130000C,(04)23274275,(04)23288582,2025,04,29,14,38,臺中市,北屯區,0,0,0,7,,,50,,,,,,,,,,,,,,30,,,,,A11,,,1,7,2,,,84,84,1,12,4,120.683435,24.199246,3
10857,66000,387130000C,(04)23274275,(04)23288582,2025,04,29,14,40,臺中市,北屯區,0,0,0,7,,,50,,,,,,,,,,,,,,17,,,,,,,,,,,,,119,119,1,,,120.706174,24.178203,3
10858,66000,387130000C,(04)23274275,(04)23288582,2025,04,29,14,50,臺中市,北屯區,0,0,0,7,,,30,,,,,,,,,,,,,,12,,,,,,,,,,,,,85,85,1,,,120.701524,24.169326,3
10859,66000,387130000C,(04)23274275,(04)23288582,2025,04,29,14,51,臺中市,東區,0,0,0,7,,,50,,,,,,,,,,,,,,12,,,,,B12,,,1,,1,,,84,84,1,13,4,120.699079,24.142117,3
10860,66000,387130000C,(04)23274275,(04)23288582,2025,04,29,14,55,臺中市,西區,0,0,0,7,,,50,,,,,,,,,,,,,,,,,,,B03,,,1,,2,,,84,84,1,6,4,120.666328,24.150963,3
10861,66000,387130000C,(04)23274275,(04)23288582,2025,04,29,14,58,臺中市,大甲區,0,0,0,7,,,50,,,,,,,,,,,,,,13,,,,,B03,,,1,,1,,,7,7,1,6,4,120.617183,24.347965,3
10862,66000,387130000C,(04)23274275,(04)23288582,2025,04,29,15,2,臺中市,神岡區,0,1,0,7,2,6,30,3,2,1,5,4,6,6,4,4,10,5,5,1,20,2,9,3,1,B03,7,9,1,8,2,5,,55,55,1,12,4,120.660271,24.277303,2
10863,66000,387130000C,(04)23274275,(04)23288582,2025,04,29,15,18,臺中市,大肚區,0,1,0,7,3,6,50,13,5,1,5,4,5,6,4,4,10,5,5,2,17,3,10,3,1,B03,7,13,1,8,2,4,,76,76,1,6,4,120.543976,24.15492,2
10864,66000,387130000C,(04)23274275,(04)23288582,2025,04,29,15,18,臺中市,龍井區,0,1,0,7,3,6,40,13,9,1,5,4,6,6,4,4,1,5,3,2,17,3,10,3,1,A41,7,1,1,1,2,4,,51,51,1,6,4,120.509757,24.219786,2
10865,66000,387130000C,(04)23274275,(04)23288582,2025,04,29,15,26,臺中市,豐原區,0,0,0,7,,,50,,,,,,,,,,,,,,,,,,,B03,,,1,,2,,,58,58,1,13,4,120.73685,24.26102,3
10866,66000,387130000C,(04)23274275,(04)23288582,2025,04,29,15,27,臺中市,大雅區,0,2,0,7,2,6,30,11,9,1,5,4,6,6,4,4,10,5,5,2,11,3,10,3,1,B12,7,9,1,6,2,8,,84,84,1,12,4,120.626864,24.209997,2
10867,66000,387130000C,(04)23274275,(04)23288582,2025,04,29,15,27,臺中市,北區,0,0,0,7,,,50,,,,,,,,,,,,,,13,,,,,C03,,,1,,1,,,7,7,1,13,4,120.683275,24.16328,3
10868,66000,387130000C,(04)23274275,(04)23288582,2025,04,29,15,27,臺中市,大里區,0,1,0,7,3,6,50,4,1,1,5,4,6,6,1,1,10,5,5,2,18,2,9,2,1,C03,7,6,1,10,2,14,,84,84,1,13,4,120.68181,24.109873,2
10869,66000,387130000C,(04)23274275,(04)23288582,2025,04,29,15,31,臺中市,西屯區,0,1,0,7,2,6,50,13,7,1,5,4,6,6,4,4,9,4,4,2,12,3,10,5,4,B03,7,1,1,8,2,8,,51,51,1,13,4,120.64703,24.173688,2
10870,66000,387130000C,(04)23274275,(04)23288582,2025,04,29,15,33,臺中市,北區,0,0,0,7,,,50,,,,,,,,,,,,,,17,,,,,B03,,,1,,2,,,7,7,1,13,4,120.686453,24.147272,3
10871,66000,387130000C,(04)23274275,(04)23288582,2025,04,29,15,34,臺中市,西區,0,0,0,7,,,50,,,,,,,,,,,,,,,,,,,B03,,,1,,1,,,49,49,1,12,4,120.664483,24.128919,3
10872,66000,387130000C,(04)23274275,(04)23288582,2025,04,29,15,38,臺中市,外埔區,0,1,0,7,2,6,50,11,14,1,5,4,6,6,4,4,5,4,4,1,17,2,9,1,1,C03,7,9,2,19,2,12,,84,84,1,12,4,120.64567,24.337443,2
10873,66000,387130000C,(04)23274275,(04)23288582,2025,04,29,15,40,臺中市,大雅區,0,0,0,7,,,30,,,,,,,,,,,,,,,,,,,B03,,,1,,2,,,49,49,1,13,4,120.647008,24.220241,3
10874,66000,387130000C,(04)23274275,(04)23288582,2025,04,29,15,43,臺中市,霧峰區,0,2,0,7,2,6,50,5,1,1,5,4,6,6,1,1,3,4,5,1,17,2,8,3,1,B03,7,5,1,8,2,1,,42,42,1,6,4,120.695877,24.012466,2
10875,66000,387130000C,(04)23274275,(04)23288582,2025,04,29,15,44,臺中市,北屯區,0,0,0,7,,,40,,,,,,,,,,,,,,,,,,,B03,,,1,,1,,,51,51,1,13,4,120.735417,24.160992,3
10876,66000,387130000C,(04)23274275,(04)23288582,2025,04,29,15,48,臺中市,沙鹿區,0,1,0,7,2,6,50,4,2,1,5,4,6,6,1,1,3,3,3,1,17,2,9,5,4,C03,7,9,1,10,2,14,,21,21,1,13,4,120.57118,24.241611,2
10877,66000,387130000C,(04)23274275,(04)23288582,2025,04,29,15,49,臺中市,北屯區,0,1,0,7,2,6,50,3,1,1,5,4,6,6,4,4,10,5,5,2,17,2,8,1,1,C03,7,1,1,10,2,14,,51,51,1,13,4,120.730357,24.175662,2
10878,66000,387130000C,(04)23274275,(04)23288582,2025,04,29,15,51,臺中市,北屯區,0,0,0,7,,,50,,,,,,,,,,,,,,12,,,,,B12,,,1,3,9,,,84,84,1,6,4,120.716856,24.166633,3
10879,66000,387130000C,(04)23274275,(04)23288582,2025,04,29,15,52,臺中市,南屯區,0,0,0,7,,,60,,,,,,,,,,,,,,13,,,,,B03,,,1,,1,,,59,59,1,12,4,120.639006,24.14175,3
10880,66000,387130000C,(04)23274275,(04)23288582,2025,04,29,15,52,臺中市,烏日區,0,1,0,7,2,6,50,3,1,1,5,4,6,6,4,4,1,4,4,1,12,3,10,3,1,B03,7,5,1,8,2,6,,11,11,1,6,4,120.631707,24.1097,2
10881,66000,387130000C,(04)23274275,(04)23288582,2025,04,29,15,55,臺中市,東區,0,1,0,7,3,6,50,4,1,1,5,4,6,6,2,1,1,5,5,2,13,2,8,2,1,C03,7,9,1,10,2,11,,7,7,1,13,4,120.69884,24.133011,2
10882,66000,387130000C,(04)23274275,(04)23288582,2025,04,29,15,56,臺中市,太平區,0,1,0,7,1,6,50,3,1,1,5,4,6,6,1,1,5,5,4,1,16,2,9,1,1,C03,7,9,1,10,2,11,,84,84,1,12,4,120.72179,24.131119,2
10883,66000,387130000C,(04)23274275,(04)23288582,2025,04,29,15,57,臺中市,大雅區,0,0,0,7,,,50,,,,,,,,,,,,,,13,,,,,C03,,,1,,1,,,7,7,1,12,4,120.654854,24.228701,4
10884,66000,387130000C,(04)23274275,(04)23288582,2025,04,29,15,59,臺中市,中區,0,0,0,7,,,50,,,,,,,,,,,,,,,,,,,B12,,,1,,2,,,84,84,1,6,4,120.674295,24.143669,3
10885,66000,387130000C,(04)23274275,(04)23288582,2025,04,29,15,59,臺中市,南區,0,1,0,7,3,6,30,4,1,1,5,4,6,6,1,1,10,5,5,2,3,3,10,1,1,C03,7,9,1,10,2,11,,10,10,1,6,4,120.681897,24.133974,2
10886,66000,387130000C,(04)23274275,(04)23288582,2025,04,29,16,0,臺中市,烏日區,0,2,0,7,2,6,30,4,1,1,5,4,6,6,4,4,10,5,5,2,15,2,9,1,1,C03,7,9,1,10,2,11,,15,15,1,6,4,120.634198,24.076004,2
10887,66000,387130000C,(04)23274275,(04)23288582,2025,04,29,16,0,臺中市,沙鹿區,0,0,0,7,,,40,,,,,,,,,,,,,,13,,,,,C03,,,1,,1,,,7,7,1,6,4,120.565909,24.238734,3
10888,66000,387130000C,(04)23274275,(04)23288582,2025,04,29,16,2,臺中市,中區,0,1,0,7,2,6,50,4,2,1,5,4,6,6,2,1,5,4,5,1,16,2,9,2,1,C04,7,6,1,10,2,14,,26,26,1,13,4,120.680994,24.14383,2
10889,66000,387130000C,(04)23274275,(04)23288582,2025,04,29,16,8,臺中市,大里區,0,1,0,7,2,6,50,13,9,1,5,4,6,6,4,4,10,2,5,1,17,3,10,3,1,B12,7,1,1,8,2,8,,51,51,1,12,4,120.666657,24.096162,2
10890,66000,387130000C,(04)23274275,(04)23288582,2025,04,29,16,9,臺中市,沙鹿區,0,1,0,7,2,6,50,13,9,1,5,4,6,6,4,4,8,3,5,2,17,2,9,5,4,C03,7,9,1,10,2,12,,84,84,1,13,4,120.575815,24.225766,2
10891,66000,387130000C,(04)23274275,(04)23288582,2025,04,29,16,10,臺中市,大里區,0,0,0,7,,,50,,,,,,,,,,,,,,14,,,,,A12,,,1,,2,,,49,49,1,12,4,120.669031,24.096915,3
10892,66000,387130000C,(04)23274275,(04)23288582,2025,04,29,16,13,臺中市,東區,0,1,0,7,3,6,50,13,9,1,5,4,6,6,4,4,5,5,5,2,17,3,10,5,4,B03,7,11,1,8,2,4,,45,45,1,6,4,120.689186,24.142917,2
10893,66000,387130000C,(04)23274275,(04)23288582,2025,04,29,16,15,臺中市,北屯區,0,0,0,7,,,40,,,,,,,,,,,,,,13,,,,,B03,,,1,,1,,,59,59,1,6,4,120.664103,24.201262,3
10894,66000,387130000C,(04)23274275,(04)23288582,2025,04,29,16,15,臺中市,霧峰區,0,1,0,7,2,6,40,13,7,1,5,4,6,6,4,4,5,5,4,2,17,3,10,3,1,B03,7,1,1,8,2,8,,51,51,1,5,4,120.68664,24.049196,2
10895,66000,387130000C,(04)23274275,(04)23288582,2025,04,29,16,18,臺中市,沙鹿區,0,0,0,7,,,50,,,,,,,,,,,,,,13,,,,,B03,,,1,,1,,,7,7,1,6,4,120.570752,24.243277,3
10896,66000,387130000C,(04)23274275,(04)23288582,2025,04,29,16,19,臺中市,北屯區,0,2,0,7,2,6,50,4,1,1,5,4,6,6,2,1,4,3,5,2,16,3,10,2,1,C03,7,6,1,10,2,14,12,85,85,1,13,2,120.69497,24.177748,2
10897,66000,387130000C,(04)23274275,(04)23288582,2025,04,29,16,20,臺中市,霧峰區,0,0,0,7,2,6,40,13,14,1,5,4,6,6,4,4,10,5,5,1,17,,,,,B03,,,1,,1,,,77,77,1,6,4,120.661989,24.066846,3
10898,66000,387130000C,(04)23274275,(04)23288582,2025,04,29,16,20,臺中市,太平區,0,1,0,7,3,6,50,13,9,1,5,4,6,6,4,4,5,4,5,2,12,3,10,5,4,A12,1,7,1,3,2,5,,40,40,1,12,4,120.705261,24.16033,2
10899,66000,387130000C,(04)23274275,(04)23288582,2025,04,29,16,23,臺中市,南屯區,0,0,0,7,,,50,,,,,,,,,,,,,,17,,,,,B12,,,1,,9,,,49,49,1,12,4,120.610287,24.135639,3
10900,66000,387130000C,(04)23274275,(04)23288582,2025,04,29,16,26,臺中市,南屯區,0,2,0,7,3,6,50,13,9,1,5,4,6,6,2,1,1,4,5,2,12,3,10,2,4,C03,7,5,1,10,2,14,,59,59,1,6,4,120.646632,24.143832,2
10901,66000,387130000C,(04)23274275,(04)23288582,2025,04,29,16,27,臺中市,西屯區,0,2,0,7,2,6,40,13,8,1,5,4,6,6,4,4,1,5,1,2,13,2,9,5,4,C03,7,9,1,10,2,11,,59,59,1,12,4,120.612839,24.184091,2
10902,66000,387130000C,(04)23274275,(04)23288582,2025,04,29,16,30,臺中市,南區,0,1,0,7,2,6,50,13,9,1,5,4,6,6,4,4,9,5,5,2,17,2,9,1,1,C03,7,9,1,10,2,11,,84,84,1,12,4,120.674516,24.131845,2
10903,66000,387130000C,(04)23274275,(04)23288582,2025,04,29,16,33,臺中市,烏日區,0,0,0,7,2,6,60,13,8,1,5,4,6,6,4,4,1,4,4,2,12,3,10,3,1,B03,7,1,1,8,2,1,,51,51,1,6,4,120.648515,24.110988,3
10904,66000,387130000C,(04)23274275,(04)23288582,2025,04,29,16,38,臺中市,南屯區,0,0,0,7,,,50,,,,,,,,,,,,,,,,,,,B03,,,1,,2,,,4,4,1,12,4,120.635075,24.151634,3
10905,66000,387130000C,(04)23274275,(04)23288582,2025,04,29,16,38,臺中市,大里區,0,1,0,7,3,6,50,13,9,1,5,4,6,6,4,4,1,4,5,1,17,3,10,3,1,B03,7,1,1,8,2,4,,51,51,1,13,4,120.686056,24.095802,2
10906,66000,387130000C,(04)23274275,(04)23288582,2025,04,29,16,38,臺中市,烏日區,0,1,0,7,2,6,60,13,7,1,5,4,6,6,4,4,1,4,4,1,13,2,9,5,4,C02,7,9,1,9,2,11,,59,59,1,13,4,120.648848,24.11115,2
10907,66000,387130000C,(04)23274275,(04)23288582,2025,04,29,16,39,臺中市,南屯區,0,1,0,7,2,6,50,13,9,1,5,4,6,6,4,4,9,4,5,1,18,2,9,4,1,F01,7,9,7,21,1,15,,59,59,1,4,4,120.610333,24.134225,2
10908,66000,387130000C,(04)23274275,(04)23288582,2025,04,29,16,41,臺中市,東區,0,1,0,7,3,6,50,13,9,1,5,4,6,6,4,4,10,5,5,2,17,3,10,3,1,B03,7,1,1,8,2,8,,51,51,1,6,4,120.702189,24.139122,2
10909,66000,387130000C,(04)23274275,(04)23288582,2025,04,29,16,46,臺中市,大里區,0,2,0,7,2,6,50,4,1,1,5,4,6,6,1,1,10,5,5,2,16,2,7,6,1,F01,7,6,7,21,1,14,,11,11,1,6,4,120.702731,24.088258,2
10910,66000,387130000C,(04)23274275,(04)23288582,2025,04,29,16,46,臺中市,霧峰區,0,3,0,7,3,6,40,13,9,1,5,4,6,6,4,4,10,4,5,1,12,2,9,1,1,C03,7,9,1,10,2,14,,84,84,1,5,4,120.714825,24.069717,2
10911,66000,387130000C,(04)23274275,(04)23288582,2025,04,29,16,47,臺中市,西屯區,0,0,0,7,,,40,,,,,,,,,,,,,,13,,,,,C03,,,1,,1,,,6,6,1,12,4,120.612494,24.184158,3
10912,66000,387130000C,(04)23274275,(04)23288582,2025,04,29,16,50,臺中市,西區,0,1,0,7,2,6,40,13,8,1,5,4,6,6,4,4,5,4,4,2,18,2,9,1,1,C03,7,9,1,10,2,14,,84,84,1,12,4,120.66957,24.138669,2
10913,66000,387130000C,(04)23274275,(04)23288582,2025,04,29,16,50,臺中市,豐原區,0,1,0,7,2,6,50,4,1,1,5,4,6,6,2,1,5,2,4,2,16,3,10,3,1,B03,7,5,1,8,2,5,,85,85,1,6,4,120.708866,24.245584,2
10914,66000,387130000C,(04)23274275,(04)23288582,2025,04,29,16,51,臺中市,西屯區,0,0,0,7,,,50,,,,,,,,,,,,,,13,,,,,B03,,,1,,1,,,84,84,1,13,4,120.641976,24.16333,3
10915,66000,387130000C,(04)23274275,(04)23288582,2025,04,29,16,53,臺中市,霧峰區,0,0,0,7,,,50,,,,,,,,,,,,,,,,,,,B03,,,1,,11,,,49,49,1,12,4,120.70077,24.062192,3
10916,66000,387130000C,(04)23274275,(04)23288582,2025,04,29,16,55,臺中市,西區,0,1,0,7,1,6,50,4,1,1,5,4,6,6,1,1,10,5,5,1,17,2,9,5,4,C03,7,9,1,10,2,14,,84,84,1,12,4,120.653889,24.150785,2
10917,66000,387130000C,(04)23274275,(04)23288582,2025,04,29,16,55,臺中市,沙鹿區,0,1,0,7,2,6,50,4,1,1,5,4,6,6,1,1,10,5,5,2,12,3,10,2,1,C03,7,9,1,10,2,15,,8,8,1,6,4,120.565141,24.244635,2
10918,66000,387130000C,(04)23274275,(04)23288582,2025,04,29,16,56,臺中市,南屯區,0,0,0,7,,,50,,,,,,,,,,,,,,12,,,,,B03,,,1,,1,,,39,39,1,6,4,120.637078,24.136504,3
10919,66000,387130000C,(04)23274275,(04)23288582,2025,04,29,16,56,臺中市,西屯區,0,1,0,7,1,6,50,4,1,1,5,4,6,6,2,1,10,5,5,2,16,3,10,3,1,B03,7,6,1,8,2,5,,11,11,1,12,4,120.620195,24.187171,2
10920,66000,387130000C,(04)23274275,(04)23288582,2025,04,29,16,59,臺中市,東區,0,0,0,7,,,50,,,,,,,,,,,,,,,,,,,B03,,,1,,2,,,47,47,1,13,4,120.707888,24.14902,3
10921,66000,387130000C,(04)23274275,(04)23288582,2025,04,29,16,59,臺中市,東勢區,0,0,0,7,,,50,,,,,,,,,,,,,,,,,,,B03,,,1,,1,,,50,50,1,13,4,120.830653,24.250269,3
10922,66000,387130000C,(04)23274275,(04)23288582,2025,04,29,17,0,臺中市,太平區,0,1,0,7,3,6,30,3,1,1,5,4,6,6,4,4,10,5,5,2,17,2,9,4,1,F01,7,6,7,21,2,11,,48,48,1,3,4,120.722833,24.123684,2
10923,66000,387130000C,(04)23274275,(04)23288582,2025,04,29,17,1,臺中市,太平區,0,0,0,7,,,40,,,,,,,,,,,,,,10,,,,,C03,,,1,,2,,,41,41,1,6,4,120.730781,24.110201,3
10924,66000,387130000C,(04)23274275,(04)23288582,2025,04,29,17,3,臺中市,北屯區,0,0,0,7,,,80,,,,,,,,,,,,,,,,,,,B03,,,1,,1,,,7,7,1,13,4,120.720802,24.169842,3
10925,66000,387130000C,(04)23274275,(04)23288582,2025,04,29,17,4,臺中市,豐原區,0,0,0,7,,,50,,,,,,,,,,,,,,13,,,,,B03,,,1,,2,,,84,84,1,12,4,120.722131,24.276861,3