序號,縣市別代碼,機關代碼,市話,傳真,年,月,日,時,分,縣市,區,死亡數量,受傷數量,2-30,天候,道路照明設備,道路類別,道路速限,道路型態,事故位置,路面鋪裝,路面狀態,路面缺陷,障礙物,視距,號誌種類,號誌動作,分向設施,快車道或一般車道間,快慢車道間,路面邊線,事故類型及型態,受傷程度,主要傷處,保護裝備,行動電話或功能裝置,當事者區分（類別）,車輛用途,當事者行動狀態,駕照狀態,駕照種類,飲酒情形,車輛撞擊部位最初,車輛撞擊部位其他,肇事因素個別,肇事因素主要,肇事逃逸,職業,共享經濟或外送平台,GPS座標X,GPS座標Y,事故類別
11258,66000,387130000C,(04)23274275,(04)23288582,2025,04,30,13,32,臺中市,太平區,0,3,0,7,2,6,30,4,1,1,5,4,1,6,4,4,10,5,5,2,17,2,9,5,4,C03,7,9,1,10,2,11,,12,12,1,6,4,120.724788,24.142272,2
11259,66000,387130000C,(04)23274275,(04)23288582,2025,04,30,13,34,臺中市,沙鹿區,0,0,0,7,,,50,,,,,,,,,,,,,,,,,,,B03,,,1,,2,,,51,51,1,6,4,120.565962,24.250007,3
11260,66000,387130000C,(04)23274275,(04)23288582,2025,04,30,13,36,臺中市,東區,0,1,0,7,1,6,50,3,1,1,5,4,6,6,4,4,9,4,5,2,18,2,9,1,1,C03,7,9,1,10,2,14,,84,84,1,12,2,120.69499,24.147945,2
11261,66000,387130000C,(04)23274275,(04)23288582,2025,04,30,13,41,臺中市,南屯區,0,1,0,7,2,6,50,3,1,1,5,4,6,6,2,1,9,4,5,2,11,3,10,3,1,B03,7,11,1,8,2,1,,45,45,1,12,4,120.613599,24.139002,2
11262,66000,387130000C,(04)23274275,(04)23288582,2025,04,30,13,47,臺中市,沙鹿區,0,0,0,7,,,1,,,,,,,,,,,,,,13,,,,,B13,,,1,,1,,,7,7,1,6,4,120.602122,24.248879,3
11263,66000,387130000C,(04)23274275,(04)23288582,2025,04,30,13,50,臺中市,南屯區,0,0,0,7,,,50,,,,,,,,,,,,,,17,,,,,B12,,,1,,1,,,11,11,1,12,4,120.648723,24.146782,3
11264,66000,387130000C,(04)23274275,(04)23288582,2025,04,30,13,53,臺中市,沙鹿區,0,0,0,7,,,50,,,,,,,,,,,,,,,,,,,B03,,,1,,2,,,51,51,2,13,4,120.57125,24.229797,3
11265,66000,387130000C,(04)23274275,(04)23288582,2025,04,30,13,57,臺中市,西屯區,0,2,0,7,2,6,40,4,1,1,5,4,6,6,1,1,10,5,5,2,13,2,8,5,1,C03,7,9,1,10,2,11,,7,7,1,12,4,120.649796,24.162755,2
11266,66000,387130000C,(04)23274275,(04)23288582,2025,04,30,14,2,臺中市,西屯區,0,1,0,7,2,6,50,4,1,1,5,4,6,6,2,1,10,5,5,2,12,3,10,3,1,B03,7,7,1,8,2,2,,35,35,1,12,4,120.623581,24.176904,2
11267,66000,387130000C,(04)23274275,(04)23288582,2025,04,30,14,3,臺中市,北屯區,0,1,0,7,3,6,50,4,1,1,5,4,6,6,3,1,10,5,5,2,15,3,10,3,1,B03,7,9,1,8,2,5,,24,24,1,13,4,120.688337,24.169186,2
11268,66000,387130000C,(04)23274275,(04)23288582,2025,04,30,14,5,臺中市,大里區,0,1,0,7,2,6,30,4,1,1,5,4,6,6,4,4,10,5,5,2,15,2,9,1,1,C03,7,9,1,10,2,12,,15,15,1,13,4,120.720542,24.085995,2
11269,66000,387130000C,(04)23274275,(04)23288582,2025,04,30,14,10,臺中市,西屯區,0,2,0,7,2,6,50,4,1,1,5,4,6,6,1,1,3,4,5,2,23,2,3,3,1,B03,7,6,1,8,2,8,,84,84,1,12,4,120.660972,24.1717,2
11270,66000,387130000C,(04)23274275,(04)23288582,2025,04,30,14,12,臺中市,西區,0,1,0,7,2,6,50,3,2,1,5,4,6,6,1,1,5,4,5,2,13,2,9,1,1,C03,7,7,1,10,2,11,,59,59,1,12,4,120.661765,24.14296,2
11271,66000,387130000C,(04)23274275,(04)23288582,2025,04,30,14,15,臺中市,東區,0,0,0,7,,,30,,,,,,,,,,,,,,15,,,,,B12,,,1,,2,,,12,12,1,12,4,120.705747,24.131229,3
11272,66000,387130000C,(04)23274275,(04)23288582,2025,04,30,14,19,臺中市,南屯區,0,1,0,7,2,6,60,3,1,1,5,4,6,6,4,4,6,4,5,1,18,2,9,1,1,C03,7,9,1,10,2,12,,84,84,1,12,4,120.641644,24.153689,2
11273,66000,387130000C,(04)23274275,(04)23288582,2025,04,30,14,19,臺中市,大肚區,0,1,0,7,2,6,50,13,9,1,5,4,6,6,4,4,9,5,5,1,16,3,10,3,1,B03,7,5,1,8,2,5,,8,8,1,6,4,120.580384,24.172219,2
11274,66000,387130000C,(04)23274275,(04)23288582,2025,04,30,14,21,臺中市,西區,0,2,0,7,3,6,40,4,1,1,5,4,6,6,2,1,10,5,5,2,17,2,9,1,1,C03,7,5,1,10,2,12,,84,84,1,13,4,120.670857,24.137521,2
11275,66000,387130000C,(04)23274275,(04)23288582,2025,04,30,14,21,臺中市,西屯區,0,0,0,7,,,50,,,,,,,,,,,,,,,,,,,B03,,,1,,1,,,7,7,1,13,4,120.663965,24.164434,4
11276,66000,387130000C,(04)23274275,(04)23288582,2025,04,30,14,27,臺中市,西區,0,1,0,7,1,6,50,4,1,1,5,4,6,6,4,4,10,5,5,1,17,2,9,5,4,C03,7,9,1,10,2,12,,12,12,1,12,4,120.663021,24.149034,2
11277,66000,387130000C,(04)23274275,(04)23288582,2025,04,30,14,27,臺中市,大里區,0,1,0,7,2,6,40,13,8,1,5,4,6,6,4,4,1,5,5,1,17,2,9,1,1,C03,7,9,1,10,2,12,,84,84,1,6,4,120.654071,24.089025,2
11278,66000,387130000C,(04)23274275,(04)23288582,2025,04,30,14,28,臺中市,西區,0,0,0,7,,,50,,,,,,,,,,,,,,,,,,,B03,,,1,,1,,,51,51,1,12,4,120.672853,24.136177,3
11279,66000,387130000C,(04)23274275,(04)23288582,2025,04,30,14,29,臺中市,南屯區,0,0,0,7,,,50,,,,,,,,,,,,,,17,,,,,B12,,,1,,1,,,8,8,1,6,4,120.615887,24.153446,3
11280,66000,387130000C,(04)23274275,(04)23288582,2025,04,30,14,29,臺中市,烏日區,0,0,0,7,,,30,,,,,,,,,,,,,,17,,,,,G03,,,1,,2,,,8,8,1,6,4,120.636321,24.097073,3
11281,66000,387130000C,(04)23274275,(04)23288582,2025,04,30,14,30,臺中市,豐原區,0,0,0,7,,,60,,,,,,,,,,,,,,12,,,,,B03,,,1,,1,,,8,8,1,6,4,120.712891,24.262203,4
11282,66000,387130000C,(04)23274275,(04)23288582,2025,04,30,14,31,臺中市,沙鹿區,0,1,0,7,2,6,50,4,1,1,5,4,6,6,1,1,10,5,5,2,17,2,9,2,1,C03,7,6,1,10,2,14,,36,36,1,6,4,120.575262,24.226652,2
11283,66000,387130000C,(04)23274275,(04)23288582,2025,04,30,14,34,臺中市,北屯區,0,0,0,7,,,60,,,,,,,,,,,,,,12,,,,,B03,,,1,,2,,,35,35,1,12,4,120.715149,24.164191,3
11284,66000,387130000C,(04)23274275,(04)23288582,2025,04,30,14,38,臺中市,北屯區,0,1,0,7,2,6,40,4,1,1,5,4,6,6,2,1,10,5,5,2,13,2,9,5,4,C03,7,9,1,10,2,11,,7,7,1,12,4,120.704454,24.164862,2
11285,66000,387130000C,(04)23274275,(04)23288582,2025,04,30,14,39,臺中市,烏日區,0,0,0,7,,,30,,,,,,,,,,,,,,10,,,,,B03,,,1,,1,,,84,84,1,6,4,120.606089,24.119301,3
11286,66000,387130000C,(04)23274275,(04)23288582,2025,04,30,14,41,臺中市,西屯區,0,1,0,7,2,6,30,3,2,1,5,4,6,6,4,4,10,5,5,2,16,2,8,1,1,C03,7,1,1,10,2,12,14,51,51,1,5,4,120.613625,24.180019,2
11287,66000,387130000C,(04)23274275,(04)23288582,2025,04,30,14,44,臺中市,北區,0,2,0,7,2,6,50,4,2,1,5,4,6,6,2,1,10,5,5,2,12,2,9,1,1,C03,7,9,1,10,2,11,,7,7,1,13,4,120.684855,24.159941,2
11288,66000,387130000C,(04)23274275,(04)23288582,2025,04,30,14,45,臺中市,大里區,0,2,0,7,3,6,50,3,2,1,5,4,6,6,4,4,10,5,5,1,13,2,9,5,4,C03,7,9,1,10,2,13,,7,7,1,13,4,120.666571,24.104696,2
11289,66000,387130000C,(04)23274275,(04)23288582,2025,04,30,14,45,臺中市,太平區,0,0,0,7,,,50,,,,,,,,,,,,,,,,,,,C03,,,1,,2,,,84,84,1,12,4,120.728409,24.11404,3
11290,66000,387130000C,(04)23274275,(04)23288582,2025,04,30,14,50,臺中市,西區,0,0,0,7,,,50,,,,,,,,,,,,,,9,,,,,A12,,,,,2,,,87,87,1,12,4,120.663128,24.14306,3
11291,66000,387130000C,(04)23274275,(04)23288582,2025,04,30,14,51,臺中市,北區,0,1,0,7,2,6,50,5,2,1,5,4,6,6,1,1,1,4,4,2,16,3,10,3,1,B03,7,5,1,8,2,5,,47,47,1,12,4,120.686497,24.155216,2
11292,66000,387130000C,(04)23274275,(04)23288582,2025,04,30,14,51,臺中市,太平區,0,1,0,7,3,6,30,11,9,1,5,4,6,6,4,4,5,5,5,1,18,2,9,2,1,C03,7,9,1,10,2,11,,84,84,1,12,4,120.780166,24.108774,2
11293,66000,387130000C,(04)23274275,(04)23288582,2025,04,30,14,51,臺中市,豐原區,0,0,0,7,,,50,,,,,,,,,,,,,,13,,,,,B03,,,1,,2,,,7,7,1,12,4,120.701878,24.2491,3
11294,66000,387130000C,(04)23274275,(04)23288582,2025,04,30,14,55,臺中市,東區,0,2,0,7,2,6,50,5,1,1,5,4,6,6,2,1,3,2,4,2,12,2,9,2,1,C03,7,9,1,10,2,11,,21,21,1,13,4,120.696196,24.140548,2
11295,66000,387130000C,(04)23274275,(04)23288582,2025,04,30,14,58,臺中市,豐原區,0,0,0,7,,,50,,,,,,,,,,,,,,12,,,,,C03,,,1,,9,,,84,84,1,12,4,120.70299,24.246839,3
11296,66000,387130000C,(04)23274275,(04)23288582,2025,04,30,15,0,臺中市,北區,0,0,0,7,,,30,,,,,,,,,,,,,,17,,,,,B12,,,1,,9,,,84,84,1,13,4,120.669392,24.16357,3
11297,66000,387130000C,(04)23274275,(04)23288582,2025,04,30,15,2,臺中市,北區,0,0,0,7,,,50,,,,,,,,,,,,,,17,,,,,B03,,,1,,1,,,40,40,1,13,4,120.677313,24.163417,3
11298,66000,387130000C,(04)23274275,(04)23288582,2025,04,30,15,3,臺中市,大里區,0,0,0,7,,,50,,,,,,,,,,,,,,13,,,,,B03,,,1,,2,,,61,61,1,13,4,120.679078,24.115589,3
11299,66000,387130000C,(04)23274275,(04)23288582,2025,04,30,15,10,臺中市,沙鹿區,0,1,0,7,2,6,50,13,7,1,5,4,6,6,4,4,8,3,1,1,17,2,9,5,4,C03,7,9,1,10,2,14,,59,59,1,13,4,120.565817,24.234023,2
11300,66000,387130000C,(04)23274275,(04)23288582,2025,04,30,15,12,臺中市,南屯區,0,1,0,7,2,6,40,4,1,1,5,4,6,6,4,4,8,3,1,1,17,3,10,3,1,B12,7,5,1,8,2,2,,85,85,1,12,4,120.62369,24.144698,2
11301,66000,387130000C,(04)23274275,(04)23288582,2025,04,30,15,19,臺中市,北屯區,0,0,0,7,,,50,,,,,,,,,,,,,,13,,,,,C03,,,1,,1,,,7,7,1,6,4,120.690641,24.177952,3
11302,66000,387130000C,(04)23274275,(04)23288582,2025,04,30,15,20,臺中市,西屯區,0,0,0,7,,,50,,,,,,,,,,,,,,17,,,,,B03,,,1,,1,,,59,59,1,12,4,120.665373,24.173982,3
11303,66000,387130000C,(04)23274275,(04)23288582,2025,04,30,15,25,臺中市,南區,0,0,0,7,,,50,,,,,,,,,,,,,,17,,,,,,,,,,,,,86,86,1,,,120.669834,24.117066,4
11304,66000,387130000C,(04)23274275,(04)23288582,2025,04,30,15,26,臺中市,北屯區,0,0,0,7,,,50,,,,,,,,,,,,,,13,,,,,B03,,,1,,1,,,7,7,1,12,4,120.692794,24.162343,3
11305,66000,387130000C,(04)23274275,(04)23288582,2025,04,30,15,36,臺中市,大里區,0,1,0,7,2,6,50,4,1,1,5,4,6,6,1,1,10,5,5,2,16,3,10,3,1,B03,7,9,1,8,2,1,,84,84,1,12,4,120.694597,24.111591,2
11306,66000,387130000C,(04)23274275,(04)23288582,2025,04,30,15,37,臺中市,北屯區,0,0,0,7,,,50,,,,,,,,,,,,,,11,,,,,B03,,,1,,1,,,8,8,1,13,4,120.699041,24.160688,3
11307,66000,387130000C,(04)23274275,(04)23288582,2025,04,30,15,37,臺中市,大里區,0,1,0,7,3,6,50,4,1,1,5,4,6,6,2,1,5,4,4,1,16,3,10,5,4,B03,7,6,1,8,2,5,,11,11,1,13,4,120.689973,24.110031,2
11308,66000,387130000C,(04)23274275,(04)23288582,2025,04,30,15,39,臺中市,南屯區,0,2,0,7,2,6,30,13,9,1,5,4,6,6,4,4,10,5,5,2,17,2,9,1,1,C03,7,6,1,10,2,14,,84,84,1,12,4,120.623834,24.113707,2
11309,66000,387130000C,(04)23274275,(04)23288582,2025,04,30,15,41,臺中市,潭子區,0,0,0,7,,,50,,,,,,,,,,,,,,,,,,,C03,,,1,,2,,,84,84,1,12,4,120.703197,24.207223,3
11310,66000,387130000C,(04)23274275,(04)23288582,2025,04,30,15,41,臺中市,西區,0,0,0,7,,,50,,,,,,,,,,,,,,13,,,,,B12,,,1,,1,,,84,84,1,12,4,120.659209,24.156901,3
11311,66000,387130000C,(04)23274275,(04)23288582,2025,04,30,15,45,臺中市,南屯區,0,0,0,7,,,40,,,,,,,,,,,,,,17,,,,,B03,,,1,,2,,,51,51,1,6,4,120.615445,24.146989,3
11312,66000,387130000C,(04)23274275,(04)23288582,2025,04,30,15,55,臺中市,霧峰區,0,0,0,7,,,50,,,,,,,,,,,,,,,,,,,C03,,,1,,2,,,8,8,1,5,4,120.715249,24.073183,3
11313,66000,387130000C,(04)23274275,(04)23288582,2025,04,30,15,58,臺中市,西區,0,0,0,7,,,50,,,,,,,,,,,,,,,,,,,C03,,,1,,2,,,12,12,1,13,4,120.655132,24.149292,3
11314,66000,387130000C,(04)23274275,(04)23288582,2025,04,30,16,7,臺中市,沙鹿區,0,2,0,7,2,6,30,11,9,1,5,4,6,6,4,4,10,5,5,2,17,2,9,5,4,C03,7,9,1,10,2,11,,8,8,1,13,4,120.578994,24.213974,2
11315,66000,387130000C,(04)23274275,(04)23288582,2025,04,30,16,7,臺中市,大安區,0,1,0,7,3,6,50,3,9,1,5,4,6,6,4,4,5,4,5,1,17,3,10,3,1,B03,7,6,1,8,2,6,,14,14,1,12,4,120.58573,24.346872,2
11316,66000,387130000C,(04)23274275,(04)23288582,2025,04,30,16,9,臺中市,北屯區,0,0,0,7,,,50,,,,,,,,,,,,,,,,,,,B03,,,1,,2,,,49,49,1,12,4,120.662248,24.196331,4
11317,66000,387130000C,(04)23274275,(04)23288582,2025,04,30,16,10,臺中市,東勢區,0,0,0,7,,,50,,,,,,,,,,,,,,,,,,,B12,,,1,,1,,,84,84,1,12,4,120.831827,24.247819,3
11318,66000,387130000C,(04)23274275,(04)23288582,2025,04,30,16,17,臺中市,南區,0,1,0,7,3,6,50,3,1,1,5,4,6,6,4,4,10,5,5,2,18,2,9,1,1,C03,7,15,3,19,2,12,,84,84,1,6,4,120.677226,24.133078,2
11319,66000,387130000C,(04)23274275,(04)23288582,2025,04,30,16,19,臺中市,西區,0,1,0,7,1,6,50,4,2,1,5,4,6,6,1,1,10,5,5,1,17,3,10,5,4,C03,7,14,1,10,2,13,,87,87,1,12,4,120.657257,24.150851,2
11320,66000,387130000C,(04)23274275,(04)23288582,2025,04,30,16,20,臺中市,大里區,0,1,0,7,3,6,50,13,9,1,5,4,6,6,4,4,5,5,5,1,3,3,10,6,5,H01,8,18,7,21,10,17,,98,98,1,13,5,120.686005,24.108304,2
11321,66000,387130000C,(04)23274275,(04)23288582,2025,04,30,16,21,臺中市,大雅區,0,0,0,7,,,50,,,,,,,,,,,,,,12,,,,,B03,,,1,,2,,,87,87,1,13,4,120.612548,24.210696,3
11322,66000,387130000C,(04)23274275,(04)23288582,2025,04,30,16,21,臺中市,大里區,0,0,0,7,,,30,,,,,,,,,,,,,,,,,,,B12,,,1,,1,,,49,49,1,6,4,120.677082,24.08097,3
11323,66000,387130000C,(04)23274275,(04)23288582,2025,04,30,16,29,臺中市,南屯區,0,0,0,7,,,40,,,,,,,,,,,,,,17,,,,,B03,,,1,,2,,,59,59,1,12,4,120.647674,24.14897,3
11324,66000,387130000C,(04)23274275,(04)23288582,2025,04,30,16,30,臺中市,清水區,0,0,0,7,,,50,,,,,,,,,,,,,,17,,,,,B03,,,1,,3,,,21,21,1,12,4,120.564102,24.277218,3
11325,66000,387130000C,(04)23274275,(04)23288582,2025,04,30,16,31,臺中市,大里區,0,1,0,7,2,6,50,13,9,1,5,4,6,6,4,4,5,5,5,1,12,2,9,2,1,C03,7,4,1,10,2,14,,1,1,1,6,4,120.685636,24.08953,2
11326,66000,387130000C,(04)23274275,(04)23288582,2025,04,30,16,38,臺中市,北屯區,0,1,0,7,2,6,50,4,2,1,5,4,6,6,2,1,10,5,5,2,16,3,10,3,1,B03,7,5,1,8,2,5,,84,84,1,12,4,120.66001,24.192768,2
11327,66000,387130000C,(04)23274275,(04)23288582,2025,04,30,16,47,臺中市,北區,0,2,0,7,2,6,40,13,8,1,5,4,6,6,4,4,5,5,4,2,17,2,9,5,4,C03,7,15,1,10,2,12,,84,84,1,13,4,120.678714,24.147913,2
11328,66000,387130000C,(04)23274275,(04)23288582,2025,04,30,16,48,臺中市,南屯區,0,1,0,7,2,6,60,4,1,1,5,4,6,6,1,1,5,3,5,1,16,3,10,3,1,B03,7,6,1,8,2,2,,11,11,1,12,4,120.634391,24.130035,2
11329,66000,387130000C,(04)23274275,(04)23288582,2025,04,30,16,52,臺中市,西屯區,0,0,0,7,,,60,,,,,,,,,,,,,,13,,,,,B03,,,1,,1,,,59,59,1,12,4,120.655942,24.159353,3
11330,66000,387130000C,(04)23274275,(04)23288582,2025,04,30,16,53,臺中市,大里區,0,0,0,7,,,50,,,,,,,,,,,,,,,,,,,B03,,,1,,2,,,84,84,1,6,4,120.706033,24.095557,3
11331,66000,387130000C,(04)23274275,(04)23288582,2025,04,30,16,53,臺中市,沙鹿區,0,0,0,7,,,50,,,,,,,,,,,,,,,,,,,C03,,,1,,1,,,7,7,1,6,2,120.565863,24.232527,3
11332,66000,387130000C,(04)23274275,(04)23288582,2025,04,30,16,55,臺中市,北屯區,0,1,0,7,2,6,50,3,1,1,5,4,6,6,3,1,10,5,5,2,18,2,9,1,1,C03,7,9,1,10,2,12,,85,85,1,13,4,120.720763,24.161541,2
11333,66000,387130000C,(04)23274275,(04)23288582,2025,04,30,16,56,臺中市,北區,0,0,0,7,,,50,,,,,,,,,,,,,,,,,,,B01,,,1,,1,,,7,7,1,12,4,120.686454,24.14735,3
11334,66000,387130000C,(04)23274275,(04)23288582,2025,04,30,17,0,臺中市,太平區,0,0,0,7,,,30,,,,,,,,,,,,,,17,,,,,B03,,,1,,2,,,84,84,1,12,4,120.725612,24.142031,3
11335,66000,387130000C,(04)23274275,(04)23288582,2025,04,30,17,0,臺中市,大肚區,0,2,0,7,2,6,30,4,1,1,5,4,6,6,4,4,10,5,5,2,15,2,9,2,1,C03,7,9,1,10,2,12,,15,15,1,6,4,120.544363,24.159171,2
11336,66000,387130000C,(04)23274275,(04)23288582,2025,04,30,17,1,臺中市,西屯區,0,0,0,7,,,50,,,,,,,,,,,,,,13,,,,,B01,,,1,,1,,,7,7,1,12,4,120.64429,24.171322,3
11337,66000,387130000C,(04)23274275,(04)23288582,2025,04,30,17,3,臺中市,北屯區,0,1,0,7,1,6,50,13,8,1,5,4,6,6,4,4,5,5,4,2,13,2,9,5,4,C03,7,9,1,10,2,11,,7,7,1,13,4,120.73101,24.170983,2
11338,66000,387130000C,(04)23274275,(04)23288582,2025,04,30,17,3,臺中市,大里區,0,2,0,7,2,6,50,4,1,1,5,4,6,6,1,1,5,4,5,1,10,2,8,1,1,C03,7,9,3,19,2,12,,21,21,1,5,4,120.691136,24.081575,2
11339,66000,387130000C,(04)23274275,(04)23288582,2025,04,30,17,5,臺中市,神岡區,0,0,0,7,,,60,,,,,,,,,,,,,,12,,,,,B03,,,1,,9,,,8,8,1,13,4,120.682777,24.246118,3
11340,66000,387130000C,(04)23274275,(04)23288582,2025,04,30,17,6,臺中市,大里區,0,1,0,7,2,6,30,3,1,1,5,4,6,6,4,4,10,5,5,2,16,3,10,1,1,C03,7,6,1,10,2,11,,12,12,1,12,4,120.707702,24.111535,2
11341,66000,387130000C,(04)23274275,(04)23288582,2025,04,30,17,7,臺中市,南區,0,0,0,7,,,50,,,,,,,,,,,,,,,,,,,B03,,,1,,2,,,8,8,1,6,4,120.671786,24.115935,3
11342,66000,387130000C,(04)23274275,(04)23288582,2025,04,30,17,9,臺中市,龍井區,0,2,0,7,2,6,30,4,1,1,5,4,6,6,4,4,10,5,5,2,15,2,9,2,1,C03,7,9,1,10,2,11,,39,39,1,5,4,120.587196,24.180541,2
11343,66000,387130000C,(04)23274275,(04)23288582,2025,04,30,17,11,臺中市,東區,0,0,0,7,,,50,,,,,,,,,,,,,,,,,,,C03,,,1,,1,,,7,7,1,6,4,120.684179,24.119168,3
11344,66000,387130000C,(04)23274275,(04)23288582,2025,04,30,17,16,臺中市,北屯區,0,1,0,7,2,6,50,4,2,1,5,4,6,6,1,1,4,3,4,2,16,2,9,2,1,C03,7,11,1,10,1,12,14,45,45,1,13,4,120.717741,24.180156,2
11345,66000,387130000C,(04)23274275,(04)23288582,2025,04,30,17,17,臺中市,大雅區,0,1,0,7,2,6,30,5,1,1,5,4,6,6,4,4,10,5,5,2,17,2,7,2,1,C02,7,9,3,19,2,11,,6,6,1,13,4,120.626421,24.20978,2
11346,66000,387130000C,(04)23274275,(04)23288582,2025,04,30,17,17,臺中市,西屯區,0,0,0,7,,,50,,,,,,,,,,,,,,16,,,,,B03,,,1,,1,,,21,21,1,13,4,120.644577,24.194363,3
11347,66000,387130000C,(04)23274275,(04)23288582,2025,04,30,17,17,臺中市,神岡區,0,1,0,7,1,6,50,4,1,1,5,4,6,6,1,1,5,4,4,2,16,3,10,5,4,B03,7,6,1,8,2,2,,11,11,1,12,4,120.658626,24.258922,2
11348,66000,387130000C,(04)23274275,(04)23288582,2025,04,30,17,19,臺中市,北屯區,0,0,0,7,,,30,,,,,,,,,,,,,,12,,,,,B03,,,1,,1,,,8,8,1,12,4,120.692045,24.178546,3
11349,66000,387130000C,(04)23274275,(04)23288582,2025,04,30,17,21,臺中市,北屯區,0,1,0,7,2,6,30,3,1,1,5,4,6,6,4,4,10,5,5,2,17,3,10,3,1,B12,7,5,1,8,2,8,,13,13,1,6,4,120.721429,24.177906,2
11350,66000,387130000C,(04)23274275,(04)23288582,2025,04,30,17,22,臺中市,西屯區,0,1,0,7,2,6,40,3,1,1,5,4,6,6,4,4,10,5,5,2,16,3,10,5,4,B03,7,5,1,8,2,5,,84,84,1,13,4,120.63829,24.169457,2
11351,66000,387130000C,(04)23274275,(04)23288582,2025,04,30,17,22,臺中市,大里區,0,1,0,7,3,6,50,4,1,1,5,4,6,6,1,1,10,5,5,2,16,3,10,3,1,B03,7,6,1,8,2,6,,11,11,1,13,4,120.679478,24.116407,2
11352,66000,387130000C,(04)23274275,(04)23288582,2025,04,30,17,22,臺中市,太平區,0,0,0,7,,,50,,,,,,,,,,,,,,17,,,,,B12,,,1,,9,,,78,78,1,6,4,120.716485,24.118953,3
11353,66000,387130000C,(04)23274275,(04)23288582,2025,04,30,17,23,臺中市,太平區,0,2,0,7,2,6,50,13,9,1,5,4,6,6,4,4,5,5,5,2,3,2,9,6,5,H01,8,18,7,21,10,17,,95,95,1,12,5,120.722421,24.157102,2
11354,66000,387130000C,(04)23274275,(04)23288582,2025,04,30,17,24,臺中市,南屯區,0,2,0,7,3,6,50,4,1,1,5,4,6,6,2,1,10,5,5,2,16,2,8,2,4,C02,7,6,1,9,2,12,,11,11,1,6,4,120.633935,24.159498,2
11355,66000,387130000C,(04)23274275,(04)23288582,2025,04,30,17,24,臺中市,烏日區,0,0,0,7,,,40,,,,,,,,,,,,,,30,,,,,B02,,,1,,2,,,59,59,1,13,4,120.618418,24.113089,3
11356,66000,387130000C,(04)23274275,(04)23288582,2025,04,30,17,26,臺中市,中區,0,0,0,7,,,50,,,,,,,,,,,,,,30,,,,,A04,,,1,,11,,,51,51,1,13,4,120.683624,24.13876,3
11357,66000,387130000C,(04)23274275,(04)23288582,2025,04,30,17,26,臺中市,北屯區,0,0,0,7,,,40,,,,,,,,,,,,,,,,,,,B03,,,6,,11,,,84,84,2,12,4,120.663916,24.189974,3
11358,66000,387130000C,(04)23274275,(04)23288582,2025,04,30,17,26,臺中市,豐原區,0,1,0,7,2,6,50,13,7,1,5,4,6,6,4,4,5,4,4,2,12,3,10,3,1,A05,7,9,1,6,2,2,,8,8,1,6,4,120.714662,24.245619,2
11359,66000,387130000C,(04)23274275,(04)23288582,2025,04,30,17,28,臺中市,后里區,0,0,0,7,,,50,,,,,,,,,,,,,,12,,,,,A41,,,1,,2,,,40,40,1,12,4,120.728319,24.325992,3
11360,66000,387130000C,(04)23274275,(04)23288582,2025,04,30,17,29,臺中市,西屯區,0,3,0,7,2,6,50,4,9,1,5,4,6,6,4,4,1,4,5,2,13,2,9,5,4,C03,7,9,1,10,2,11,,7,7,1,12,4,120.614713,24.18641,2
11361,66000,387130000C,(04)23274275,(04)23288582,2025,04,30,17,30,臺中市,烏日區,0,0,0,7,,,50,,,,,,,,,,,,,,17,,,,,B03,,,1,,2,,,87,87,1,6,4,120.619802,24.106406,3
11362,66000,387130000C,(04)23274275,(04)23288582,2025,04,30,17,31,臺中市,大里區,0,0,0,7,,,50,,,,,,,,,,,,,,17,,,,,B12,,,1,,2,,,84,84,1,6,4,120.698141,24.096561,3
11363,66000,387130000C,(04)23274275,(04)23288582,2025,04,30,17,33,臺中市,西屯區,0,1,0,7,2,6,30,4,1,1,5,4,6,6,4,4,10,5,5,2,15,2,9,5,4,C03,7,9,1,10,2,12,,15,15,1,12,4,120.616896,24.175072,2
11364,66000,387130000C,(04)23274275,(04)23288582,2025,04,30,17,34,臺中市,東區,0,1,0,7,3,6,50,4,1,1,5,4,6,6,4,4,10,5,5,2,15,2,9,2,1,F02,7,9,7,21,2,11,,15,15,1,12,4,120.688171,24.141013,2
11365,66000,387130000C,(04)23274275,(04)23288582,2025,04,30,17,38,臺中市,北屯區,0,1,0,7,2,6,30,13,9,1,5,4,6,3,4,4,10,5,5,2,6,2,9,6,5,H01,8,18,7,21,10,17,,98,98,1,13,5,120.71978,24.180926,2
11366,66000,387130000C,(04)23274275,(04)23288582,2025,04,30,17,39,臺中市,南屯區,0,1,0,7,1,6,50,13,9,1,5,4,6,6,4,4,1,4,5,2,12,3,10,5,4,B03,7,1,1,8,2,4,,51,51,1,13,4,120.598778,24.151143,2
11367,66000,387130000C,(04)23274275,(04)23288582,2025,04,30,17,39,臺中市,西屯區,0,0,0,7,,,50,,,,,,,,,,,,,,13,,,,,C03,,,1,,1,,,7,7,1,13,4,120.616643,24.180854,3
11368,66000,387130000C,(04)23274275,(04)23288582,2025,04,30,17,41,臺中市,潭子區,0,0,0,7,,,50,,,,,,,,,,,,,,,,,,,B03,,,1,,2,,,51,51,1,12,4,120.69203,24.225027,3