序號,縣市別代碼,機關代碼,市話,傳真,年,月,日,時,分,縣市,區,死亡數量,受傷數量,2-30,天候,道路照明設備,道路類別,道路速限,道路型態,事故位置,路面鋪裝,路面狀態,路面缺陷,障礙物,視距,號誌種類,號誌動作,分向設施,快車道或一般車道間,快慢車道間,路面邊線,事故類型及型態,受傷程度,主要傷處,保護裝備,行動電話或功能裝置,當事者區分（類別）,車輛用途,當事者行動狀態,駕照狀態,駕照種類,飲酒情形,車輛撞擊部位最初,車輛撞擊部位其他,肇事因素個別,肇事因素主要,肇事逃逸,職業,共享經濟或外送平台,GPS座標X,GPS座標Y,事故類別
11369,66000,387130000C,(04)23274275,(04)23288582,2025,04,30,17,41,臺中市,西區,0,0,0,7,,,50,,,,,,,,,,,,,,,,,,,B03,,,1,,2,,,84,84,1,12,4,120.661007,24.144309,3
11370,66000,387130000C,(04)23274275,(04)23288582,2025,04,30,17,48,臺中市,北屯區,0,1,0,7,1,6,40,13,8,1,5,4,6,6,4,4,5,5,4,2,17,3,10,5,4,B03,7,1,1,8,2,8,,51,51,1,13,4,120.731777,24.170778,2
11371,66000,387130000C,(04)23274275,(04)23288582,2025,04,30,17,49,臺中市,西屯區,0,0,0,7,,,50,,,,,,,,,,,,,,14,,,,,B12,,,1,,1,,,82,82,1,13,4,120.62503,24.178302,3
11372,66000,387130000C,(04)23274275,(04)23288582,2025,04,30,17,50,臺中市,西區,0,0,0,7,,,50,,,,,,,,,,,,,,,,,,,B03,,,1,,1,,,51,51,1,12,4,120.655218,24.153796,3
11373,66000,387130000C,(04)23274275,(04)23288582,2025,04,30,17,50,臺中市,南屯區,0,0,0,7,,,50,,,,,,,,,,,,,,17,,,,,C03,,,1,,1,,,7,7,1,12,5,120.646629,24.140096,3
11374,66000,387130000C,(04)23274275,(04)23288582,2025,04,30,17,55,臺中市,大里區,0,0,0,7,,,40,,,,,,,,,,,,,,,,,,,B12,,,1,,2,,,49,49,1,6,4,120.727505,24.09479,3
11375,66000,387130000C,(04)23274275,(04)23288582,2025,04,30,17,55,臺中市,太平區,0,1,0,7,3,6,40,4,1,1,5,4,6,6,1,1,10,5,5,2,13,3,10,2,1,C03,7,9,1,10,2,11,,59,59,1,12,4,120.71299,24.159064,2
11376,66000,387130000C,(04)23274275,(04)23288582,2025,04,30,17,56,臺中市,烏日區,0,2,0,7,2,6,60,4,1,1,5,4,6,6,1,1,10,5,5,2,13,2,9,2,1,C03,7,9,1,10,2,11,,7,7,1,6,4,120.618103,24.105702,2
11377,66000,387130000C,(04)23274275,(04)23288582,2025,04,30,18,1,臺中市,西屯區,0,0,0,7,,,50,,,,,,,,,,,,,,13,,,,,C03,,,1,,1,,,7,7,1,12,4,120.632545,24.170095,3
11378,66000,387130000C,(04)23274275,(04)23288582,2025,04,30,18,2,臺中市,神岡區,0,0,0,7,,,30,,,,,,,,,,,,,,12,,,,,B03,,,1,,2,,,7,7,1,13,4,120.659271,24.276788,3
11379,66000,387130000C,(04)23274275,(04)23288582,2025,04,30,18,4,臺中市,西屯區,0,0,0,7,,,50,,,,,,,,,,,,,,16,,,,,B03,,,1,,2,,,14,14,1,13,4,120.619545,24.175129,3
11380,66000,387130000C,(04)23274275,(04)23288582,2025,04,30,18,5,臺中市,南區,0,0,0,7,,,50,,,,,,,,,,,,,,,,,,,B02,,,1,,1,,,84,84,1,6,4,120.657287,24.11935,3
11381,66000,387130000C,(04)23274275,(04)23288582,2025,04,30,18,6,臺中市,龍井區,0,1,0,7,2,6,50,4,1,1,5,4,6,5,4,4,10,5,5,2,16,3,10,5,4,C03,7,11,1,9,2,13,,14,14,1,6,4,120.584695,24.183547,2
11382,66000,387130000C,(04)23274275,(04)23288582,2025,04,30,18,6,臺中市,東勢區,0,2,0,7,2,6,50,4,2,1,5,4,6,6,1,1,5,5,4,1,17,2,9,1,1,C03,7,6,1,10,2,11,,48,48,1,12,4,120.829267,24.258794,2
11383,66000,387130000C,(04)23274275,(04)23288582,2025,04,30,18,7,臺中市,西屯區,0,0,0,7,,,50,,,,,,,,,,,,,,17,,,,,B03,,,1,,1,,,45,45,1,13,4,120.64573,24.178808,3
11384,66000,387130000C,(04)23274275,(04)23288582,2025,04,30,18,7,臺中市,西屯區,0,0,0,7,,,50,,,,,,,,,,,,,,13,,,,,F02,,,1,,1,,,7,7,1,12,4,120.613874,24.17382,4
11385,66000,387130000C,(04)23274275,(04)23288582,2025,04,30,18,7,臺中市,太平區,0,1,0,7,2,6,50,18,20,2,5,4,6,6,3,1,5,5,5,2,8,3,10,3,1,B03,7,2,1,8,2,7,,49,49,1,6,4,120.728932,24.157157,2
11386,66000,387130000C,(04)23274275,(04)23288582,2025,04,30,18,10,臺中市,神岡區,0,0,0,7,,,50,,,,,,,,,,,,,,12,,,,,B03,,,1,,2,,,40,40,1,12,4,120.681758,24.249905,3
11387,66000,387130000C,(04)23274275,(04)23288582,2025,04,30,18,12,臺中市,太平區,0,2,0,7,2,6,50,3,1,1,5,4,6,6,4,4,10,5,5,2,17,2,9,2,1,C03,7,9,1,10,2,12,,84,84,1,12,4,120.700654,24.149206,2
11388,66000,387130000C,(04)23274275,(04)23288582,2025,04,30,18,14,臺中市,南屯區,0,1,0,7,3,6,40,4,1,1,5,4,6,6,4,4,10,5,5,2,15,2,9,2,4,C03,7,9,1,10,2,11,,15,15,1,6,4,120.637178,24.139771,2
11389,66000,387130000C,(04)23274275,(04)23288582,2025,04,30,18,15,臺中市,南屯區,0,1,0,7,1,6,60,4,1,1,5,4,6,6,2,1,4,3,5,1,17,3,10,3,1,B03,7,9,1,8,2,8,,21,21,1,12,4,120.643187,24.144015,2
11390,66000,387130000C,(04)23274275,(04)23288582,2025,04,30,18,17,臺中市,后里區,0,0,0,7,,,50,,,,,,,,,,,,,,13,,,,,B03,,,1,,2,,,7,7,1,12,4,120.727003,24.309295,3
11391,66000,387130000C,(04)23274275,(04)23288582,2025,04,30,18,20,臺中市,大里區,0,1,0,7,1,6,50,3,1,1,5,4,6,6,3,1,10,5,5,2,18,2,9,1,1,C03,7,6,1,10,2,14,,24,24,1,12,4,120.684334,24.116958,2
11392,66000,387130000C,(04)23274275,(04)23288582,2025,04,30,18,20,臺中市,龍井區,0,0,0,7,,,30,,,,,,,,,,,,,,,,,,,B03,,,1,,1,,,8,8,1,12,4,120.593087,24.181335,3
11393,66000,387130000C,(04)23274275,(04)23288582,2025,04,30,18,28,臺中市,西區,0,0,0,7,,,50,,,,,,,,,,,,,,,,,,,C03,,,1,,1,,,87,87,1,12,4,120.655532,24.151028,3
11394,66000,387130000C,(04)23274275,(04)23288582,2025,04,30,18,30,臺中市,西屯區,0,1,0,7,1,6,50,4,1,1,5,4,6,6,2,1,10,5,5,2,11,3,10,5,4,B03,7,5,1,8,2,8,,20,20,1,12,4,120.66314,24.178094,2
11395,66000,387130000C,(04)23274275,(04)23288582,2025,04,30,18,30,臺中市,沙鹿區,0,2,0,7,1,6,50,5,2,1,5,4,6,6,1,1,8,3,4,1,17,2,9,5,4,C03,7,6,1,10,2,11,,59,59,1,13,4,120.570758,24.216216,2
11396,66000,387130000C,(04)23274275,(04)23288582,2025,04,30,18,33,臺中市,南區,0,1,0,7,1,6,50,4,1,1,5,4,6,6,4,4,10,5,5,2,16,3,10,1,1,C03,7,5,1,10,2,13,,14,14,1,6,2,120.684226,24.130564,2
11397,66000,387130000C,(04)23274275,(04)23288582,2025,04,30,18,33,臺中市,北屯區,0,0,0,7,,,50,,,,,,,,,,,,,,17,,,,,C03,,,1,,1,,,84,84,1,12,4,120.69914,24.164145,3
11398,66000,387130000C,(04)23274275,(04)23288582,2025,04,30,18,34,臺中市,南屯區,0,0,0,7,,,50,,,,,,,,,,,,,,,,,,,B03,,,1,,2,,,84,84,1,12,4,120.638673,24.147832,3
11399,66000,387130000C,(04)23274275,(04)23288582,2025,04,30,18,35,臺中市,豐原區,0,1,0,7,1,6,60,5,1,1,5,4,6,6,2,1,1,4,5,2,17,3,10,1,4,C03,7,15,5,19,2,15,,84,84,1,12,4,120.703154,24.243006,2
11400,66000,387130000C,(04)23274275,(04)23288582,2025,04,30,18,37,臺中市,北屯區,0,1,0,7,1,6,50,3,1,1,5,4,6,6,4,4,1,4,3,1,12,3,10,3,1,B03,7,7,1,8,2,2,,84,84,1,6,4,120.721925,24.186777,2
11401,66000,387130000C,(04)23274275,(04)23288582,2025,04,30,18,38,臺中市,北區,0,0,0,7,,,30,,,,,,,,,,,,,,17,,,,,B03,,,1,,2,,,50,50,1,12,4,120.670398,24.168289,3
11402,66000,387130000C,(04)23274275,(04)23288582,2025,04,30,18,40,臺中市,西屯區,0,0,0,7,,,50,,,,,,,,,,,,,,17,,,,,B03,,,1,,1,,,51,51,1,13,4,120.64348,24.171011,3
11403,66000,387130000C,(04)23274275,(04)23288582,2025,04,30,18,40,臺中市,大甲區,0,0,0,7,,,40,,,,,,,,,,,,,,,,,,,C03,,,1,,1,,,7,7,1,12,4,120.644301,24.405156,3
11404,66000,387130000C,(04)23274275,(04)23288582,2025,04,30,18,41,臺中市,西區,0,1,0,7,1,6,50,4,1,1,5,4,6,6,1,1,5,4,4,2,15,3,10,2,1,C03,7,9,5,19,2,12,,21,21,1,12,4,120.662588,24.163371,2
11405,66000,387130000C,(04)23274275,(04)23288582,2025,04,30,18,51,臺中市,北區,0,1,0,7,2,6,30,4,1,1,5,4,6,6,4,4,10,5,5,2,15,2,9,5,4,C03,7,9,1,10,2,11,,15,15,1,13,4,120.681786,24.162143,2
11406,66000,387130000C,(04)23274275,(04)23288582,2025,04,30,18,53,臺中市,西區,0,1,0,7,1,6,50,5,2,1,5,4,6,6,4,4,5,4,5,1,12,2,9,2,1,C03,7,15,1,10,2,14,,84,84,1,13,4,120.64993,24.144453,2
11407,66000,387130000C,(04)23274275,(04)23288582,2025,04,30,18,55,臺中市,南區,0,0,0,7,,,50,,,,,,,,,,,,,,,,,,,B03,,,1,,1,,,7,7,1,6,4,120.66228,24.120862,3
11408,66000,387130000C,(04)23274275,(04)23288582,2025,04,30,18,55,臺中市,南屯區,0,0,0,7,,,50,,,,,,,,,,,,,,,,,,,B03,,,1,,1,,,7,7,1,13,4,120.636932,24.153588,3
11409,66000,387130000C,(04)23274275,(04)23288582,2025,04,30,18,57,臺中市,北屯區,0,1,0,7,1,6,40,13,8,1,5,4,6,6,4,4,1,5,5,1,17,2,9,1,1,C03,7,9,1,10,2,11,,59,59,1,6,4,120.721925,24.186777,2
11410,66000,387130000C,(04)23274275,(04)23288582,2025,04,30,19,0,臺中市,北區,0,2,0,7,1,6,50,13,9,1,5,4,6,6,4,4,1,4,5,2,13,3,10,3,1,B03,7,9,1,8,2,1,,7,7,1,12,4,120.68496,24.159746,2
11411,66000,387130000C,(04)23274275,(04)23288582,2025,04,30,19,10,臺中市,北區,0,2,0,7,1,6,50,4,1,1,5,4,6,6,1,1,1,4,4,2,13,2,9,1,1,C03,7,9,1,10,2,14,,7,7,1,12,4,120.673735,24.164806,2
11412,66000,387130000C,(04)23274275,(04)23288582,2025,04,30,19,10,臺中市,北區,0,2,0,7,1,6,50,5,2,1,5,4,6,6,2,1,10,5,5,2,13,2,9,1,1,C03,7,9,1,10,2,11,,7,7,1,13,4,120.673735,24.164806,2
11413,66000,387130000C,(04)23274275,(04)23288582,2025,04,30,19,10,臺中市,西屯區,0,0,0,7,,,40,,,,,,,,,,,,,,13,,,,,C03,,,1,,1,,,7,7,1,12,4,120.652996,24.160541,3
11414,66000,387130000C,(04)23274275,(04)23288582,2025,04,30,19,12,臺中市,西屯區,0,0,0,7,,,50,,,,,,,,,,,,,,12,,,,,B03,,,1,,2,,,8,8,1,13,4,120.617942,24.184332,3
11415,66000,387130000C,(04)23274275,(04)23288582,2025,04,30,19,13,臺中市,南區,0,0,0,7,,,50,,,,,,,,,,,,,,13,,,,,B03,,,1,,2,,,84,84,1,12,4,120.656961,24.125716,3
11416,66000,387130000C,(04)23274275,(04)23288582,2025,04,30,19,13,臺中市,西屯區,0,3,0,7,1,6,50,13,9,1,5,4,6,6,4,4,5,5,5,2,3,2,9,6,5,H01,8,16,7,21,1,17,,98,98,1,12,5,120.642383,24.179655,2
11417,66000,387130000C,(04)23274275,(04)23288582,2025,04,30,19,13,臺中市,清水區,0,0,0,7,,,50,,,,,,,,,,,,,,,,,,,,,,,,,,,40,40,1,,,120.575274,24.268058,3
11418,66000,387130000C,(04)23274275,(04)23288582,2025,04,30,19,15,臺中市,大雅區,0,0,0,7,,,50,,,,,,,,,,,,,,30,,,,,B12,,,1,,9,,,50,50,2,13,4,120.646757,24.219061,3
11419,66000,387130000C,(04)23274275,(04)23288582,2025,04,30,19,18,臺中市,太平區,0,2,0,7,1,6,50,3,7,1,5,4,6,6,3,1,5,5,4,1,3,2,9,6,5,H01,8,16,7,21,10,17,,95,95,1,12,5,120.733459,24.118488,2
11420,66000,387130000C,(04)23274275,(04)23288582,2025,04,30,19,19,臺中市,南屯區,0,1,0,7,1,6,50,3,2,1,5,4,6,6,4,4,5,2,5,2,12,2,9,5,4,C03,7,9,1,10,2,12,,8,8,1,13,4,120.649881,24.144511,2
11421,66000,387130000C,(04)23274275,(04)23288582,2025,04,30,19,20,臺中市,大雅區,0,2,0,7,1,6,70,13,8,1,5,4,6,6,4,4,1,3,4,1,13,2,9,1,1,C03,7,9,1,10,2,11,,7,7,1,13,4,120.632085,24.239069,2
11422,66000,387130000C,(04)23274275,(04)23288582,2025,04,30,19,21,臺中市,北屯區,0,0,0,7,,,50,,,,,,,,,,,,,,13,,,,,C03,,,1,,1,,,7,7,1,13,4,120.686016,24.181456,3
11423,66000,387130000C,(04)23274275,(04)23288582,2025,04,30,19,23,臺中市,南區,0,1,0,7,1,6,50,3,1,1,5,4,6,6,4,4,5,5,5,2,17,3,10,3,1,B03,7,5,1,8,2,8,,13,13,1,6,4,120.654891,24.127667,2
11424,66000,387130000C,(04)23274275,(04)23288582,2025,04,30,19,28,臺中市,南屯區,0,0,0,7,,,50,,,,,,,,,,,,,,14,,,,,B03,,,1,,2,,,49,49,1,12,4,120.612117,24.150284,3
11425,66000,387130000C,(04)23274275,(04)23288582,2025,04,30,19,29,臺中市,北屯區,0,0,0,7,,,50,,,,,,,,,,,,,,,,,,,B03,,,1,,1,,,40,40,1,13,4,120.66065,24.191436,3
11426,66000,387130000C,(04)23274275,(04)23288582,2025,04,30,19,34,臺中市,清水區,0,0,0,7,1,6,60,13,2,1,5,4,6,6,1,1,8,3,3,1,12,,,,,A22,,,1,,1,,,8,8,1,12,4,120.539977,24.288529,3
11427,66000,387130000C,(04)23274275,(04)23288582,2025,04,30,19,41,臺中市,西區,0,1,0,7,1,6,50,4,1,1,5,4,6,6,2,1,10,5,5,2,17,3,10,3,1,B03,7,6,1,8,2,1,,11,11,1,13,4,120.669784,24.13844,2
11428,66000,387130000C,(04)23274275,(04)23288582,2025,04,30,19,41,臺中市,霧峰區,0,0,0,7,,,30,,,,,,,,,,,,,,,,,,,B12,,,1,,2,,,8,8,1,6,4,120.657503,24.071993,3
11429,66000,387130000C,(04)23274275,(04)23288582,2025,04,30,19,45,臺中市,中區,0,0,0,7,,,50,,,,,,,,,,,,,,,,,,,B01,,,1,,2,,,84,84,1,12,4,120.684048,24.138466,3
11430,66000,387130000C,(04)23274275,(04)23288582,2025,04,30,19,47,臺中市,西區,0,0,0,7,,,50,,,,,,,,,,,,,,,,,,,C03,,,1,,1,,,85,85,1,12,4,120.656227,24.136593,3
11431,66000,387130000C,(04)23274275,(04)23288582,2025,04,30,19,52,臺中市,大雅區,0,0,0,7,,,60,,,,,,,,,,,,,,13,,,,,B03,,,1,,2,,,84,84,1,13,4,120.649384,24.215636,3
11432,66000,387130000C,(04)23274275,(04)23288582,2025,04,30,19,53,臺中市,西區,0,1,0,7,1,6,50,4,2,1,5,4,6,6,2,1,5,5,4,1,13,2,9,2,1,C03,7,7,2,19,2,11,,84,84,1,13,4,120.661685,24.135131,2
11433,66000,387130000C,(04)23274275,(04)23288582,2025,04,30,19,55,臺中市,西屯區,0,1,0,7,1,6,30,3,1,1,5,4,6,6,4,4,10,5,5,2,16,3,10,5,4,C03,7,6,1,10,2,14,,14,14,1,13,4,120.668576,24.176909,2
11434,66000,387130000C,(04)23274275,(04)23288582,2025,04,30,19,59,臺中市,豐原區,0,0,0,7,1,6,60,3,4,1,5,4,6,6,2,1,1,2,4,2,13,3,10,1,1,C03,7,12,1,10,2,11,,7,7,1,12,4,120.717146,24.263944,3
11435,66000,387130000C,(04)23274275,(04)23288582,2025,04,30,20,0,臺中市,西屯區,0,2,0,7,1,6,0,5,1,1,5,4,6,6,2,1,10,5,5,2,3,2,9,6,5,H01,8,16,7,21,10,17,,96,96,1,13,5,120.653941,24.155804,2
11436,66000,387130000C,(04)23274275,(04)23288582,2025,04,30,20,0,臺中市,西屯區,0,2,0,7,1,6,50,13,8,1,5,4,6,6,4,4,5,5,4,2,12,2,9,5,4,C03,7,5,1,10,2,12,,42,42,1,12,4,120.609498,24.185985,2
11437,66000,387130000C,(04)23274275,(04)23288582,2025,04,30,20,8,臺中市,西區,0,1,0,7,1,6,50,4,1,1,5,4,6,6,4,4,10,5,5,2,15,3,10,1,1,C03,7,9,1,10,2,12,,15,15,1,13,4,120.657903,24.145322,2
11438,66000,387130000C,(04)23274275,(04)23288582,2025,04,30,20,11,臺中市,大甲區,0,1,0,7,1,6,50,3,1,1,5,4,6,6,1,1,5,5,5,1,16,3,10,3,1,B03,7,6,1,8,2,8,,84,84,1,7,4,120.61714,24.34795,2
11439,66000,387130000C,(04)23274275,(04)23288582,2025,04,30,20,13,臺中市,潭子區,0,2,0,7,1,6,40,3,2,1,5,4,6,6,4,4,9,5,5,1,13,3,10,2,1,C03,7,9,1,10,2,11,,84,84,1,12,4,120.695282,24.20398,2
11440,66000,387130000C,(04)23274275,(04)23288582,2025,04,30,20,14,臺中市,南屯區,0,0,0,7,,,60,,,,,,,,,,,,,,17,,,,,B02,,,1,,2,,,85,85,1,12,4,120.634143,24.158223,4
11441,66000,387130000C,(04)23274275,(04)23288582,2025,04,30,20,15,臺中市,神岡區,0,0,0,7,,,50,,,,,,,,,,,,,,13,,,,,C03,,,1,,2,,,59,59,1,12,4,120.69951,24.264096,3
11442,66000,387130000C,(04)23274275,(04)23288582,2025,04,30,20,15,臺中市,豐原區,0,0,0,7,,,30,,,,,,,,,,,,,,14,,,,,,,,,,,,,119,119,1,,,120.733069,24.237043,3
11443,66000,387130000C,(04)23274275,(04)23288582,2025,04,30,20,18,臺中市,北區,0,0,0,7,,,50,,,,,,,,,,,,,,17,,,,,B03,,,1,,1,,,85,85,1,13,4,120.68466,24.157707,3
11444,66000,387130000C,(04)23274275,(04)23288582,2025,04,30,20,21,臺中市,北區,0,0,0,7,,,30,,,,,,,,,,,,,,17,,,,,B03,,,1,,1,,,84,84,1,13,4,120.666037,24.161283,3
11445,66000,387130000C,(04)23274275,(04)23288582,2025,04,30,20,29,臺中市,北屯區,0,0,0,7,,,50,,,,,,,,,,,,,,12,,,,,B03,,,1,,2,,,35,35,1,12,4,120.686612,24.20153,3
11446,66000,387130000C,(04)23274275,(04)23288582,2025,04,30,20,30,臺中市,烏日區,0,0,0,7,,,50,,,,,,,,,,,,,,17,,,,,C03,,,1,,2,,,8,8,1,5,4,120.617645,24.113703,3
11447,66000,387130000C,(04)23274275,(04)23288582,2025,04,30,20,46,臺中市,豐原區,0,0,0,7,2,6,50,13,8,1,5,4,6,6,4,4,5,5,4,2,17,3,10,1,1,C03,7,9,1,10,9,11,,56,56,1,12,4,120.723776,24.244571,3
11448,66000,387130000C,(04)23274275,(04)23288582,2025,04,30,20,48,臺中市,北區,0,0,0,7,,,50,,,,,,,,,,,,,,,,,,,B03,,,1,,1,,,7,7,1,12,4,120.683433,24.148486,3
11449,66000,387130000C,(04)23274275,(04)23288582,2025,04,30,20,49,臺中市,北屯區,0,1,0,7,1,6,30,4,1,1,5,4,6,6,4,4,10,5,5,2,16,3,10,3,1,B03,7,6,1,8,2,1,,14,14,1,12,4,120.668713,24.185975,2
11450,66000,387130000C,(04)23274275,(04)23288582,2025,04,30,20,55,臺中市,東區,0,0,0,7,,,50,,,,,,,,,,,,,,13,,,,,B03,,,1,,1,,,7,7,1,6,4,120.701504,24.14022,3
11451,66000,387130000C,(04)23274275,(04)23288582,2025,04,30,20,55,臺中市,南屯區,0,1,0,7,1,6,50,4,1,1,5,4,6,6,2,1,10,5,5,2,12,3,10,5,4,B03,7,7,1,8,2,6,,84,84,1,6,4,120.649991,24.13204,2
11452,66000,387130000C,(04)23274275,(04)23288582,2025,04,30,20,55,臺中市,太平區,0,3,0,7,1,6,30,4,1,1,5,4,6,6,3,1,10,5,5,2,17,2,9,1,1,C03,7,6,1,10,2,14,,24,24,1,5,4,120.723167,24.142117,2
11453,66000,387130000C,(04)23274275,(04)23288582,2025,04,30,21,3,臺中市,大里區,0,0,0,7,,,50,,,,,,,,,,,,,,14,,,,,A11,,,1,,2,,,84,84,1,6,4,120.671579,24.083997,3
11454,66000,387130000C,(04)23274275,(04)23288582,2025,04,30,21,3,臺中市,豐原區,0,1,0,7,1,6,30,13,9,1,5,4,6,6,4,4,10,5,5,1,30,2,1,3,1,B03,7,9,1,8,7,5,,53,53,1,13,4,120.707567,24.239645,2
11455,66000,387130000C,(04)23274275,(04)23288582,2025,04,30,21,10,臺中市,西區,0,0,0,7,,,50,,,,,,,,,,,,,,17,,,,,B03,,,1,,1,,,7,7,1,12,4,120.67256,24.141475,3
11456,66000,387130000C,(04)23274275,(04)23288582,2025,04,30,21,10,臺中市,大里區,0,0,0,7,,,50,,,,,,,,,,,,,,17,,,,,C03,,,1,,2,,,48,48,1,12,4,120.682628,24.100715,3
11457,66000,387130000C,(04)23274275,(04)23288582,2025,04,30,21,11,臺中市,北區,0,0,0,7,,,50,,,,,,,,,,,,,,13,,,,,B03,,,1,,1,,,59,59,1,12,4,120.672796,24.166791,3
11458,66000,387130000C,(04)23274275,(04)23288582,2025,04,30,21,15,臺中市,西屯區,0,0,0,7,,,50,,,,,,,,,,,,,,17,,,,,C03,,,1,,9,,,59,59,1,12,4,120.657875,24.168121,3
11459,66000,387130000C,(04)23274275,(04)23288582,2025,04,30,21,20,臺中市,大里區,0,0,0,7,,6,50,,,,,,,,,,,,,,17,,,,,B03,,,5,19,2,,,85,85,1,13,4,120.681138,24.10405,3
11460,66000,387130000C,(04)23274275,(04)23288582,2025,04,30,21,20,臺中市,沙鹿區,0,0,0,7,1,6,40,13,8,1,5,4,6,6,4,4,1,5,1,2,14,,,,,B03,,,1,,2,,,49,49,1,12,4,120.570374,24.200697,3
11461,66000,387130000C,(04)23274275,(04)23288582,2025,04,30,21,26,臺中市,豐原區,0,0,0,7,1,6,60,13,7,1,5,4,6,6,2,1,1,5,4,2,13,3,10,3,1,B03,7,9,1,8,2,11,,7,7,1,12,4,120.729995,24.243796,3
11462,66000,387130000C,(04)23274275,(04)23288582,2025,04,30,21,39,臺中市,西屯區,0,1,0,7,1,6,50,11,9,1,5,4,6,6,4,4,4,5,5,2,17,2,9,5,4,C03,7,9,1,10,2,11,,84,84,1,13,4,120.664841,24.168288,2
11463,66000,387130000C,(04)23274275,(04)23288582,2025,04,30,21,45,臺中市,北屯區,0,1,0,7,3,6,50,13,9,1,5,4,6,6,4,4,10,4,5,2,18,2,9,2,1,C03,7,9,1,10,2,12,,84,84,1,6,4,120.743498,24.182612,2
11464,66000,387130000C,(04)23274275,(04)23288582,2025,04,30,21,47,臺中市,西屯區,0,0,0,7,,,50,,,,,,,,,,,,,,13,,,,,B03,,,1,,1,,,59,59,1,13,4,120.657214,24.162633,4
11465,66000,387130000C,(04)23274275,(04)23288582,2025,04,30,21,50,臺中市,潭子區,0,0,0,7,,,50,,,,,,,,,,,,,,,,,,,B03,,,1,,2,,,21,21,1,12,4,120.707037,24.200278,3
11466,66000,387130000C,(04)23274275,(04)23288582,2025,04,30,21,52,臺中市,南屯區,0,1,0,7,1,6,50,13,9,1,5,4,6,6,4,4,3,5,5,2,12,3,10,3,1,B03,7,14,1,8,2,4,,76,76,1,12,4,120.639859,24.141856,2
11467,66000,387130000C,(04)23274275,(04)23288582,2025,04,30,21,55,臺中市,霧峰區,0,2,0,7,1,6,50,4,1,1,5,4,6,6,1,1,10,5,5,2,17,2,9,2,1,C03,7,6,1,10,2,11,,20,20,1,5,4,120.709285,24.080698,2
11468,66000,387130000C,(04)23274275,(04)23288582,2025,04,30,22,0,臺中市,北區,0,0,0,7,,,50,,,,,,,,,,,,,,,,,,,B03,,,1,,2,,,7,7,1,12,4,120.676283,24.157959,3
11469,66000,387130000C,(04)23274275,(04)23288582,2025,04,30,22,0,臺中市,北區,0,0,0,7,,,50,,,,,,,,,,,,,,17,,,,,B03,,,3,,1,,,49,49,1,12,4,120.673242,24.170322,3
11470,66000,387130000C,(04)23274275,(04)23288582,2025,04,30,22,0,臺中市,北屯區,0,0,0,7,,,50,,,,,,,,,,,,,,,,,,,B03,,,1,,9,,,84,84,1,12,4,120.68246,24.195168,3
11471,66000,387130000C,(04)23274275,(04)23288582,2025,04,30,22,11,臺中市,中區,0,4,0,7,1,6,50,5,1,1,5,4,6,6,1,1,10,5,5,2,12,2,9,2,1,C03,7,9,1,10,2,14,,7,7,1,12,4,120.682389,24.145813,2
11472,66000,387130000C,(04)23274275,(04)23288582,2025,04,30,22,12,臺中市,北區,0,0,0,7,,,50,,,,,,,,,,,,,,12,,,,,B03,,,1,,1,5,,84,84,1,12,4,120.678659,24.148794,3
11473,66000,387130000C,(04)23274275,(04)23288582,2025,04,30,22,25,臺中市,清水區,0,1,0,7,1,6,50,3,1,1,5,4,6,6,4,4,10,5,5,2,16,3,10,3,1,B03,7,5,1,8,2,2,,84,84,1,12,4,120.581703,24.268962,2
11474,66000,387130000C,(04)23274275,(04)23288582,2025,04,30,22,33,臺中市,東區,0,1,0,7,1,6,50,4,9,1,5,4,6,6,2,1,5,5,5,2,16,3,10,5,4,C03,7,5,1,10,2,13,,20,20,1,6,4,120.698033,24.147964,2
11475,66000,387130000C,(04)23274275,(04)23288582,2025,04,30,22,37,臺中市,豐原區,0,1,0,7,1,6,50,4,9,1,5,4,6,6,1,1,1,4,5,1,30,2,9,1,1,C03,7,9,1,10,2,11,,87,87,1,12,4,120.729258,24.276209,2
11476,66000,387130000C,(04)23274275,(04)23288582,2025,04,30,22,40,臺中市,西屯區,0,0,0,7,,,50,,,,,,,,,,,,,,16,,,,,B03,,,1,,1,,,42,42,1,12,4,120.640297,24.165504,3
11477,66000,387130000C,(04)23274275,(04)23288582,2025,04,30,22,51,臺中市,西屯區,0,1,0,7,1,6,40,13,8,1,5,4,6,6,4,4,1,5,1,2,16,3,10,5,4,B03,7,9,1,8,2,2,,84,84,1,13,4,120.619757,24.180631,2
11478,66000,387130000C,(04)23274275,(04)23288582,2025,04,30,23,6,臺中市,大里區,0,1,0,7,1,6,50,4,9,1,5,4,6,6,2,1,5,4,5,1,17,3,10,3,1,B03,7,1,1,8,2,1,,84,84,1,13,4,120.689353,24.106132,2
11479,66000,387130000C,(04)23274275,(04)23288582,2025,04,30,23,9,臺中市,南區,0,1,0,7,1,6,50,4,4,1,5,4,6,6,1,1,10,5,5,2,17,3,10,3,1,B03,7,9,5,19,9,2,,84,84,2,6,4,120.675235,24.126517